=== DVCH FULL BATTERY START 2026-09-09 14:43:17 ===

>>> STAGE: A_unittest_17  @ 14:43:18
    test_background_solver_preserves_finite_positive_expansion (tests.test_dvch.DVCHNumericalTests.test_background_solver_preserves_finite_positive_expansion) ... ok
    test_boltzmann_backend_calculates_source_and_background_tables (tests.test_dvch.DVCHNumericalTests.test_boltzmann_backend_calculates_source_and_background_tables) ... ok
    test_boltzmann_backend_rejects_incomplete_state (tests.test_dvch.DVCHNumericalTests.test_boltzmann_backend_rejects_incomplete_state) ... ok
    test_camb_background_provider_is_normalized_and_finite (tests.test_dvch.DVCHNumericalTests.test_camb_background_provider_is_normalized_and_finite) ... ok
    test_camb_fortran_module_contains_compiled_closure (tests.test_dvch.DVCHNumericalTests.test_camb_fortran_module_contains_compiled_closure) ... ok
    test_dvch_adiabatic_initial_conditions (tests.test_dvch.DVCHNumericalTests.test_dvch_adiabatic_initial_conditions) ... ok
    test_dvch_perturbation_closure_has_no_cdm_force (tests.test_dvch.DVCHNumericalTests.test_dvch_perturbation_closure_has_no_cdm_force) ... ok
    test_fiducial_background_is_normalized_at_zero_redshift (tests.test_dvch.DVCHNumericalTests.test_fiducial_background_is_normalized_at_zero_redshift) ... ok
    test_growth_background_is_finite_and_positive (tests.test_dvch.DVCHNumericalTests.test_growth_background_is_finite_and_positive) ... ok
    test_growth_output_has_expected_normalization (tests.test_dvch.DVCHNumericalTests.test_growth_output_has_expected_normalization) ... ok
    test_joint_fit_distance_modulus_is_finite (tests.test_dvch.DVCHNumericalTests.test_joint_fit_distance_modulus_is_finite) ... ok
    test_mcmc_convergence_diagnostic_is_exact_for_identical_chains (tests.test_dvch.DVCHNumericalTests.test_mcmc_convergence_diagnostic_is_exact_for_identical_chains) ... ok
    test_mcmc_likelihood_has_finite_valid_and_infinite_invalid_regions (tests.test_dvch.DVCHNumericalTests.test_mcmc_likelihood_has_finite_valid_and_infinite_invalid_regions) ... ok
    test_mcmc_posterior_matches_likelihood_for_valid_parameters (tests.test_dvch.DVCHNumericalTests.test_mcmc_posterior_matches_likelihood_for_valid_parameters) ... ok
    test_planck_preflight_records_missing_external_components (tests.test_dvch.DVCHNumericalTests.test_planck_preflight_records_missing_external_components) ... ok
    test_repository_contains_generated_mcmc_diagnostics (tests.test_dvch.DVCHNumericalTests.test_repository_contains_generated_mcmc_diagnostics) ... ok
    test_robustness_viability_rejects_invalid_results (tests.test_dvch.DVCHNumericalTests.test_robustness_viability_rejects_invalid_results) ... ok
    System.Management.Automation.RemoteException
    ----------------------------------------------------------------------
    Ran 17 tests in 5.034s
    System.Management.Automation.RemoteException
    OK
<<< STAGE DONE: A_unittest_17  exit=0  duration=8s

>>> STAGE: C1_double_slit  @ 14:43:26
    wavelength = 5e-07
    slit separation = 1e-07
    I0 = 1.2
    alpha = 0.012
    correction = 0.9988552
    chi2_red_standard = 0.9617988991592972
    chi2_red_dvch = 0.9658859181780273
    output = figures\dvch_double_slit.png
    csv = dvch_double_slit_intensities.csv
<<< STAGE DONE: C1_double_slit  exit=0  duration=6s

>>> STAGE: C2_relativistic_perturb  @ 14:43:32
    ============================================================
    DVCH Relativistic Perturbation Validation Status
    ============================================================
    Wrote dvch_relativistic_perturbation_status.json
    Wrote dvch_relativistic_perturbation_status.csv
    Figure saved: figures/dvch_relativistic_perturbation_validation_status.png
<<< STAGE DONE: C2_relativistic_perturb  exit=0  duration=6s

>>> STAGE: C3_cmb_readiness  @ 14:43:37
    ============================================================
    DVCH CMB/CLASS/CAMB MCMC Status
    ============================================================
    Wrote dvch_cmb_class_camb_mcmc_status.csv
    Figure saved: figures/dvch_cmb_class_camb_mcmc_status.png
<<< STAGE DONE: C3_cmb_readiness  exit=0  duration=5s

>>> STAGE: C4_planck_preflight  @ 14:43:42
    === DVCH Planck preflight ===
    
    Python  : 3.14.3 (tags/v3.14.3:323c59a, Feb  3 2026, 16:04:56) [MSC v.1944 64 bit (AMD64)]
    Platform: win32
    
    --- Core packages ---
    
    --- MCMC / sampling ---
    
    --- Boltzmann solvers ---
    
    --- Planck likelihoods ---
    
    --- DVCH local files ---
    
    PLANCK_DATA_DIR = (not set)
    
    === Summary ===
      camb (CAMB)                    OK
      camb_dvch_model.f90            OK
      classy (CLASS)                 NOT_INCLUDED_LOCALLY
      clik                           NOT_INCLUDED_LOCALLY
      cobaya                         OK
      corner                         OK
      dvch_boltzmann_backend.py      OK
      dvch_camb_background.py        OK
      dvch_full_mcmc_pipeline.py     OK
      dvch_mcmc_chains_full.csv      OK
      dvch_perturbations.py          OK
      dvch_planck2018_full.yaml      OK
      emcee                          OK
      getdist                        OK
      matplotlib                     OK
      mpi4py                         OK
      numpy                          OK
      pandas                         OK
      plancklens                     NOT_INCLUDED_LOCALLY
      scipy                          OK
    
    Report written to dvch_planck_preflight_report.json
<<< STAGE DONE: C4_planck_preflight  exit=0  duration=0s

>>> STAGE: C5_camb_background  @ 14:43:42
<<< STAGE DONE: C5_camb_background  exit=0  duration=1s

>>> STAGE: C6_boltzmann_backend  @ 14:43:43
    === DVCH Boltzmann source-table backend ===
    Generating DVCH background and source table...
    Background table : dvch_boltzmann_background.csv  (500 rows)
    Source table     : dvch_boltzmann_source_table.csv  (500 rows)
    Done.
<<< STAGE DONE: C6_boltzmann_backend  exit=0  duration=1s

>>> STAGE: C7_modified_solver  @ 14:43:44
    ============================================================
    DVCH Modified Linear Boltzmann Solver
    ============================================================
    sigma_8 = 0.8110
    S_8 = 0.8110
    f(z=0) = 1.0000
    f*sigma_8(z=0) = 0.8110
    Wrote dvch_boltzmann_modified_background.csv
    Wrote dvch_boltzmann_modified_growth.csv
    Wrote dvch_boltzmann_modified_matter_power.csv
    Wrote dvch_boltzmann_modified_summary.csv
    Figure saved: figures/dvch_modified_boltzmann_solver.png
<<< STAGE DONE: C7_modified_solver  exit=0  duration=10s

>>> STAGE: C8_growth_sigma8  @ 14:43:54
    ============================================================
    DVCH Growth Diagnostic
    ============================================================
    sigma_8_DVCH = 0.745420
    S_8_DVCH = 0.745420
    sigma_8_LCDM (ref) = 0.811
    S_8_LCDM (ref) = 0.811
    Growth ratio = 0.919137
    Wrote dvch_growth_sigma8_table.csv
    Wrote dvch_sigma8_s8_summary.csv
    Figure saved: figures/dvch_sigma8_global_comparison.png
<<< STAGE DONE: C8_growth_sigma8  exit=0  duration=12s

>>> STAGE: C9_robustness_scan  @ 14:44:06
    ============================================================
    DVCH Robustness Scan
    ============================================================
    Grid: 272 points, viable: 150, fraction: 0.551
    Wrote dvch_robustness_scan.csv and dvch_robustness_summary.csv
    Median z_t: 1.251
    Largest Qtilde: -3.12e-02
    Figure saved: figures/dvch_robustness_scan.png
<<< STAGE DONE: C9_robustness_scan  exit=0  duration=26s

>>> STAGE: C10_realdata_diagnostics  @ 14:44:31
    D:\DVCH13-1\dvch_realdata_diagnostics.py:25: SyntaxWarning: "\d" is an invalid escape sequence. Such sequences will not work in the future. Did you mean "\\d"? A raw string is also an option.
      r = \dddot{a}/a / H^3,  s = 1 - 3*r/(r + 1/2 * dH^2/da * ...)
    ============================================================
    DVCH Real-Data Diagnostics
    ============================================================
    z_t (DVCH) = 1.21093
    z_t (LCDM) = 0.67045
    Delta z_t = +0.54048
    Q_min [-0.95,2] = -0.566921
    Q_max [-0.95,2] = -0.095432
    Wrote dvch_realdata_diagnostics.csv
    Figure saved: figures/dvch_realdata_diagnostics.png
<<< STAGE DONE: C10_realdata_diagnostics  exit=0  duration=6s

>>> STAGE: C11_joint_realdata_fit  @ 14:44:37
    ============================================================
    DVCH Joint Real-Data Fit (Exploratory)
    ============================================================
    DVCH: Om=0.2762, H0=68.832, n=0.0715, chi2=96.9130
    LCDM: Om=0.2840, H0=69.491, chi2=97.3010
    Delta chi2 = -0.3879, Delta AIC = 1.6121, Delta BIC = 4.4243
    Wrote dvch_joint_realdata_fit_summary.csv
    Figure saved: figures/dvch_late_time_residuals.png
<<< STAGE DONE: C11_joint_realdata_fit  exit=0  duration=100s

>>> STAGE: C12_colab_demo  @ 14:46:17
    ============================================================
    DVCH Background Solver - Self-contained diagnostic
    ============================================================
    Parameters: Omega_m0=0.3, Omega_r0=9.0e-05, Omega_L0=0.6999, n=0.2, beta=1.0e-04, H0=69.03
    Wrote dvch_background_table.csv (500 rows)
    
    --- Diagnostic Summary ---
    E^2_min (z=0): 1.000000
    E^2 at z=1: 2.540364
    Omega_m(0) = 0.300000
    Omega_L(0) = 0.699910
    Qtilde(0) = -0.095432
    max Qtilde [0,5] = -0.095432
    min Qtilde [0,5] = -2.201349
    Transition redshift (DVCH) z_t = 1.21093
    Transition redshift (LCDM)  z_t = 0.67045
    All Qtilde < 0 on [0,5]: True
    
    Figure saved: figures/dvch_results_with_numbers.png
<<< STAGE DONE: C12_colab_demo  exit=0  duration=11s

>>> STAGE: B1_mcmc_convergence  @ 14:46:28
    ============================================================
    DVCH MCMC Convergence Diagnostic
    ============================================================
    Running chain 1/4...
      acceptance: 0.555
    Running chain 2/4...
      acceptance: 0.589
    Running chain 3/4...
      acceptance: 0.553
    Running chain 4/4...
      acceptance: 0.597
    max R_hat = 1.104
    min N_eff = 57
    Wrote dvch_mcmc_chains.csv
    Wrote dvch_mcmc_convergence_summary.csv
    Wrote dvch_mcmc_acceptance.csv
    Figure saved: figures/dvch_mcmc_convergence.png
<<< STAGE DONE: B1_mcmc_convergence  exit=0  duration=35s

>>> STAGE: B2_full_mcmc_pipeline  @ 14:47:03
    === DVCH full late-time MCMC pipeline ===
    Running emcee: 24 walkers x 2000 steps (burn-in 800)...
    System.Management.Automation.RemoteException
      0%|          | 0/2000 [00:00<?, ?it/s]
      0%|          | 1/2000 [00:00<07:25,  4.48it/s]
      0%|          | 2/2000 [00:00<05:09,  6.47it/s]
      0%|          | 3/2000 [00:00<04:21,  7.64it/s]
      0%|          | 4/2000 [00:00<04:23,  7.57it/s]
      0%|          | 5/2000 [00:00<04:22,  7.60it/s]
      0%|          | 6/2000 [00:00<04:25,  7.52it/s]
      0%|          | 7/2000 [00:00<04:25,  7.50it/s]
      0%|          | 8/2000 [00:01<04:17,  7.73it/s]
      0%|          | 9/2000 [00:01<04:10,  7.96it/s]
      0%|          | 10/2000 [00:01<04:06,  8.09it/s]
      1%|          | 11/2000 [00:01<04:39,  7.12it/s]
      1%|          | 12/2000 [00:01<04:24,  7.52it/s]
      1%|          | 13/2000 [00:01<04:22,  7.56it/s]
      1%|          | 14/2000 [00:01<04:13,  7.82it/s]
      1%|          | 15/2000 [00:02<04:16,  7.73it/s]
      1%|          | 16/2000 [00:02<04:25,  7.46it/s]
      1%|          | 17/2000 [00:02<05:06,  6.48it/s]
      1%|          | 18/2000 [00:02<04:42,  7.01it/s]
      1%|          | 19/2000 [00:02<04:17,  7.69it/s]
      1%|1         | 20/2000 [00:02<04:05,  8.06it/s]
      1%|1         | 21/2000 [00:02<04:10,  7.89it/s]
      1%|1         | 22/2000 [00:02<04:10,  7.88it/s]
      1%|1         | 23/2000 [00:03<04:05,  8.05it/s]
      1%|1         | 24/2000 [00:03<04:27,  7.38it/s]
      1%|1         | 25/2000 [00:03<04:55,  6.68it/s]
      1%|1         | 26/2000 [00:03<05:48,  5.66it/s]
      1%|1         | 27/2000 [00:03<05:38,  5.83it/s]
      1%|1         | 28/2000 [00:04<06:06,  5.38it/s]
      1%|1         | 29/2000 [00:04<06:10,  5.32it/s]
      2%|1         | 30/2000 [00:04<05:24,  6.07it/s]
      2%|1         | 31/2000 [00:04<04:48,  6.83it/s]
      2%|1         | 32/2000 [00:04<04:37,  7.10it/s]
      2%|1         | 33/2000 [00:04<04:26,  7.37it/s]
      2%|1         | 34/2000 [00:04<04:08,  7.92it/s]
      2%|1         | 35/2000 [00:04<03:56,  8.32it/s]
      2%|1         | 36/2000 [00:04<03:48,  8.58it/s]
      2%|1         | 38/2000 [00:05<03:28,  9.39it/s]
      2%|1         | 39/2000 [00:05<03:43,  8.76it/s]
      2%|2         | 40/2000 [00:05<03:49,  8.53it/s]
      2%|2         | 41/2000 [00:05<03:43,  8.77it/s]
      2%|2         | 43/2000 [00:05<03:37,  8.99it/s]
      2%|2         | 44/2000 [00:05<03:38,  8.94it/s]
      2%|2         | 45/2000 [00:05<03:34,  9.10it/s]
      2%|2         | 46/2000 [00:06<04:03,  8.03it/s]
      2%|2         | 47/2000 [00:06<05:14,  6.21it/s]
      2%|2         | 48/2000 [00:06<05:52,  5.53it/s]
      2%|2         | 49/2000 [00:06<05:31,  5.88it/s]
      2%|2         | 50/2000 [00:06<05:09,  6.29it/s]
      3%|2         | 51/2000 [00:07<04:46,  6.80it/s]
      3%|2         | 52/2000 [00:07<04:31,  7.17it/s]
      3%|2         | 53/2000 [00:07<04:27,  7.27it/s]
      3%|2         | 54/2000 [00:07<04:33,  7.12it/s]
      3%|2         | 55/2000 [00:07<04:42,  6.89it/s]
      3%|2         | 56/2000 [00:07<04:46,  6.78it/s]
      3%|2         | 57/2000 [00:07<04:51,  6.68it/s]
      3%|2         | 58/2000 [00:08<04:43,  6.86it/s]
      3%|2         | 59/2000 [00:08<04:46,  6.78it/s]
      3%|3         | 60/2000 [00:08<04:26,  7.28it/s]
      3%|3         | 61/2000 [00:08<04:07,  7.83it/s]
      3%|3         | 62/2000 [00:08<04:04,  7.94it/s]
      3%|3         | 63/2000 [00:08<03:52,  8.33it/s]
      3%|3         | 64/2000 [00:08<04:03,  7.95it/s]
      3%|3         | 65/2000 [00:08<03:58,  8.13it/s]
      3%|3         | 66/2000 [00:08<03:50,  8.40it/s]
      3%|3         | 67/2000 [00:09<03:51,  8.36it/s]
      3%|3         | 68/2000 [00:09<03:42,  8.67it/s]
      3%|3         | 69/2000 [00:09<03:47,  8.49it/s]
      4%|3         | 70/2000 [00:09<03:50,  8.39it/s]
      4%|3         | 72/2000 [00:09<03:37,  8.86it/s]
      4%|3         | 73/2000 [00:09<03:55,  8.19it/s]
      4%|3         | 74/2000 [00:09<03:57,  8.11it/s]
      4%|3         | 75/2000 [00:10<03:56,  8.13it/s]
      4%|3         | 76/2000 [00:10<04:01,  7.98it/s]
      4%|3         | 77/2000 [00:10<03:53,  8.24it/s]
      4%|3         | 78/2000 [00:10<03:49,  8.36it/s]
      4%|3         | 79/2000 [00:10<03:47,  8.43it/s]
      4%|4         | 80/2000 [00:10<03:41,  8.66it/s]
      4%|4         | 82/2000 [00:10<03:28,  9.22it/s]
      4%|4         | 84/2000 [00:11<03:24,  9.37it/s]
      4%|4         | 85/2000 [00:11<03:29,  9.15it/s]
      4%|4         | 86/2000 [00:11<03:35,  8.87it/s]
      4%|4         | 87/2000 [00:11<03:52,  8.22it/s]
      4%|4         | 88/2000 [00:11<03:48,  8.38it/s]
      4%|4         | 89/2000 [00:11<03:48,  8.36it/s]
      4%|4         | 90/2000 [00:11<03:56,  8.09it/s]
      5%|4         | 91/2000 [00:11<03:55,  8.09it/s]
      5%|4         | 92/2000 [00:12<03:53,  8.16it/s]
      5%|4         | 93/2000 [00:12<03:58,  7.98it/s]
      5%|4         | 94/2000 [00:12<04:03,  7.82it/s]
      5%|4         | 95/2000 [00:12<04:17,  7.40it/s]
      5%|4         | 96/2000 [00:12<04:24,  7.21it/s]
      5%|4         | 97/2000 [00:12<04:15,  7.46it/s]
      5%|4         | 98/2000 [00:12<04:16,  7.43it/s]
      5%|4         | 99/2000 [00:13<04:17,  7.38it/s]
      5%|5         | 100/2000 [00:13<04:20,  7.31it/s]
      5%|5         | 101/2000 [00:13<05:22,  5.88it/s]
      5%|5         | 102/2000 [00:13<05:25,  5.83it/s]
      5%|5         | 103/2000 [00:13<05:19,  5.94it/s]
      5%|5         | 104/2000 [00:13<05:12,  6.07it/s]
      5%|5         | 105/2000 [00:14<05:04,  6.21it/s]
      5%|5         | 106/2000 [00:14<06:04,  5.19it/s]
      5%|5         | 107/2000 [00:14<06:28,  4.87it/s]
      5%|5         | 108/2000 [00:14<05:46,  5.46it/s]
      5%|5         | 109/2000 [00:14<05:13,  6.03it/s]
      6%|5         | 110/2000 [00:14<04:50,  6.50it/s]
      6%|5         | 111/2000 [00:15<04:21,  7.23it/s]
      6%|5         | 112/2000 [00:15<04:29,  7.01it/s]
      6%|5         | 113/2000 [00:15<04:20,  7.24it/s]
      6%|5         | 114/2000 [00:15<04:32,  6.92it/s]
      6%|5         | 115/2000 [00:15<04:49,  6.50it/s]
      6%|5         | 116/2000 [00:15<04:46,  6.58it/s]
      6%|5         | 117/2000 [00:15<04:42,  6.66it/s]
      6%|5         | 118/2000 [00:16<05:00,  6.26it/s]
      6%|5         | 119/2000 [00:16<04:42,  6.65it/s]
      6%|6         | 120/2000 [00:16<04:29,  6.97it/s]
      6%|6         | 121/2000 [00:16<04:16,  7.32it/s]
      6%|6         | 122/2000 [00:16<04:01,  7.78it/s]
      6%|6         | 123/2000 [00:16<04:03,  7.72it/s]
      6%|6         | 124/2000 [00:16<04:08,  7.55it/s]
      6%|6         | 125/2000 [00:17<04:30,  6.92it/s]
      6%|6         | 126/2000 [00:17<05:08,  6.07it/s]
      6%|6         | 127/2000 [00:17<04:52,  6.41it/s]
      6%|6         | 128/2000 [00:17<04:27,  7.00it/s]
      6%|6         | 129/2000 [00:17<04:16,  7.29it/s]
      6%|6         | 130/2000 [00:17<04:01,  7.76it/s]
      7%|6         | 131/2000 [00:17<03:56,  7.90it/s]
      7%|6         | 132/2000 [00:18<04:04,  7.65it/s]
      7%|6         | 133/2000 [00:18<04:12,  7.41it/s]
      7%|6         | 134/2000 [00:18<04:07,  7.54it/s]
      7%|6         | 135/2000 [00:18<04:08,  7.51it/s]
      7%|6         | 136/2000 [00:18<04:19,  7.18it/s]
      7%|6         | 137/2000 [00:18<04:59,  6.22it/s]
      7%|6         | 138/2000 [00:18<04:47,  6.49it/s]
      7%|6         | 139/2000 [00:19<04:20,  7.14it/s]
      7%|7         | 141/2000 [00:19<03:54,  7.92it/s]
      7%|7         | 142/2000 [00:19<03:47,  8.18it/s]
      7%|7         | 143/2000 [00:19<03:38,  8.49it/s]
      7%|7         | 144/2000 [00:19<03:47,  8.17it/s]
      7%|7         | 145/2000 [00:19<03:41,  8.37it/s]
      7%|7         | 146/2000 [00:19<03:43,  8.31it/s]
      7%|7         | 147/2000 [00:19<03:42,  8.33it/s]
      7%|7         | 148/2000 [00:20<03:46,  8.19it/s]
      7%|7         | 149/2000 [00:20<03:52,  7.95it/s]
      8%|7         | 150/2000 [00:20<03:44,  8.23it/s]
      8%|7         | 151/2000 [00:20<03:52,  7.94it/s]
      8%|7         | 152/2000 [00:20<03:53,  7.91it/s]
      8%|7         | 153/2000 [00:20<03:57,  7.78it/s]
      8%|7         | 154/2000 [00:20<04:15,  7.21it/s]
      8%|7         | 155/2000 [00:21<04:20,  7.08it/s]
      8%|7         | 156/2000 [00:21<04:22,  7.04it/s]
      8%|7         | 157/2000 [00:21<04:24,  6.98it/s]
      8%|7         | 158/2000 [00:21<04:36,  6.65it/s]
      8%|7         | 159/2000 [00:21<04:51,  6.32it/s]
      8%|8         | 160/2000 [00:21<04:46,  6.42it/s]
      8%|8         | 161/2000 [00:21<04:24,  6.95it/s]
      8%|8         | 162/2000 [00:22<04:24,  6.94it/s]
      8%|8         | 163/2000 [00:22<04:15,  7.19it/s]
      8%|8         | 164/2000 [00:22<04:27,  6.85it/s]
      8%|8         | 165/2000 [00:22<04:26,  6.90it/s]
      8%|8         | 166/2000 [00:22<04:39,  6.56it/s]
      8%|8         | 167/2000 [00:22<04:40,  6.53it/s]
      8%|8         | 168/2000 [00:22<04:28,  6.83it/s]
      8%|8         | 169/2000 [00:23<04:23,  6.95it/s]
      8%|8         | 170/2000 [00:23<04:26,  6.87it/s]
      9%|8         | 171/2000 [00:23<04:23,  6.93it/s]
      9%|8         | 172/2000 [00:23<05:13,  5.83it/s]
      9%|8         | 173/2000 [00:23<05:31,  5.51it/s]
      9%|8         | 174/2000 [00:24<05:35,  5.45it/s]
      9%|8         | 175/2000 [00:24<06:20,  4.80it/s]
      9%|8         | 176/2000 [00:24<05:57,  5.11it/s]
      9%|8         | 177/2000 [00:24<05:17,  5.74it/s]
      9%|8         | 178/2000 [00:24<05:06,  5.95it/s]
      9%|8         | 179/2000 [00:24<04:55,  6.17it/s]
      9%|9         | 180/2000 [00:25<04:39,  6.50it/s]
      9%|9         | 181/2000 [00:25<04:39,  6.52it/s]
      9%|9         | 182/2000 [00:25<04:38,  6.54it/s]
      9%|9         | 183/2000 [00:25<04:57,  6.11it/s]
      9%|9         | 184/2000 [00:25<05:09,  5.86it/s]
      9%|9         | 185/2000 [00:25<05:08,  5.87it/s]
      9%|9         | 186/2000 [00:26<05:19,  5.67it/s]
      9%|9         | 187/2000 [00:26<05:26,  5.56it/s]
      9%|9         | 188/2000 [00:26<05:24,  5.59it/s]
      9%|9         | 189/2000 [00:26<05:24,  5.59it/s]
     10%|9         | 190/2000 [00:26<05:07,  5.89it/s]
     10%|9         | 191/2000 [00:26<04:54,  6.15it/s]
     10%|9         | 192/2000 [00:27<04:43,  6.39it/s]
     10%|9         | 193/2000 [00:27<04:34,  6.59it/s]
     10%|9         | 194/2000 [00:27<04:37,  6.50it/s]
     10%|9         | 195/2000 [00:27<04:24,  6.82it/s]
     10%|9         | 196/2000 [00:27<04:28,  6.72it/s]
     10%|9         | 197/2000 [00:27<04:27,  6.75it/s]
     10%|9         | 198/2000 [00:27<04:36,  6.53it/s]
     10%|9         | 199/2000 [00:28<04:36,  6.52it/s]
     10%|#         | 200/2000 [00:28<04:16,  7.03it/s]
     10%|#         | 201/2000 [00:28<04:34,  6.55it/s]
     10%|#         | 202/2000 [00:28<04:33,  6.57it/s]
     10%|#         | 203/2000 [00:28<04:43,  6.34it/s]
     10%|#         | 204/2000 [00:28<04:39,  6.44it/s]
     10%|#         | 205/2000 [00:29<04:49,  6.21it/s]
     10%|#         | 206/2000 [00:29<05:12,  5.73it/s]
     10%|#         | 207/2000 [00:29<05:05,  5.86it/s]
     10%|#         | 208/2000 [00:29<04:59,  5.99it/s]
     10%|#         | 209/2000 [00:29<04:58,  6.00it/s]
     10%|#         | 210/2000 [00:29<04:49,  6.18it/s]
     11%|#         | 211/2000 [00:30<04:57,  6.02it/s]
     11%|#         | 212/2000 [00:30<04:49,  6.17it/s]
     11%|#         | 213/2000 [00:30<04:52,  6.12it/s]
     11%|#         | 214/2000 [00:30<04:36,  6.45it/s]
     11%|#         | 215/2000 [00:30<04:41,  6.34it/s]
     11%|#         | 216/2000 [00:30<04:40,  6.37it/s]
     11%|#         | 217/2000 [00:30<04:47,  6.20it/s]
     11%|#         | 218/2000 [00:31<04:39,  6.37it/s]
     11%|#         | 219/2000 [00:31<04:27,  6.67it/s]
     11%|#1        | 220/2000 [00:31<04:34,  6.49it/s]
     11%|#1        | 221/2000 [00:31<04:30,  6.58it/s]
     11%|#1        | 222/2000 [00:31<04:20,  6.82it/s]
     11%|#1        | 223/2000 [00:31<04:18,  6.86it/s]
     11%|#1        | 224/2000 [00:32<04:26,  6.66it/s]
     11%|#1        | 225/2000 [00:32<04:23,  6.73it/s]
     11%|#1        | 226/2000 [00:32<04:25,  6.68it/s]
     11%|#1        | 227/2000 [00:32<04:26,  6.66it/s]
     11%|#1        | 228/2000 [00:32<04:38,  6.37it/s]
     11%|#1        | 229/2000 [00:32<04:31,  6.53it/s]
     12%|#1        | 230/2000 [00:32<04:21,  6.77it/s]
     12%|#1        | 231/2000 [00:33<04:35,  6.41it/s]
     12%|#1        | 232/2000 [00:33<04:51,  6.06it/s]
     12%|#1        | 233/2000 [00:33<05:35,  5.27it/s]
     12%|#1        | 234/2000 [00:33<05:05,  5.79it/s]
     12%|#1        | 235/2000 [00:33<04:40,  6.29it/s]
     12%|#1        | 236/2000 [00:33<04:45,  6.19it/s]
     12%|#1        | 237/2000 [00:34<04:43,  6.22it/s]
     12%|#1        | 238/2000 [00:34<04:36,  6.36it/s]
     12%|#1        | 239/2000 [00:34<04:39,  6.30it/s]
     12%|#2        | 240/2000 [00:34<04:59,  5.88it/s]
     12%|#2        | 241/2000 [00:34<04:52,  6.02it/s]
     12%|#2        | 242/2000 [00:34<04:54,  5.97it/s]
     12%|#2        | 243/2000 [00:35<04:37,  6.32it/s]
     12%|#2        | 244/2000 [00:35<04:36,  6.34it/s]
     12%|#2        | 245/2000 [00:35<04:29,  6.52it/s]
     12%|#2        | 246/2000 [00:35<04:25,  6.60it/s]
     12%|#2        | 247/2000 [00:35<04:18,  6.79it/s]
     12%|#2        | 248/2000 [00:35<04:30,  6.47it/s]
     12%|#2        | 249/2000 [00:36<04:37,  6.30it/s]
     12%|#2        | 250/2000 [00:36<04:37,  6.30it/s]
     13%|#2        | 251/2000 [00:36<04:39,  6.25it/s]
     13%|#2        | 252/2000 [00:36<04:39,  6.26it/s]
     13%|#2        | 253/2000 [00:36<04:30,  6.47it/s]
     13%|#2        | 254/2000 [00:36<04:46,  6.09it/s]
     13%|#2        | 255/2000 [00:36<04:38,  6.27it/s]
     13%|#2        | 256/2000 [00:37<04:39,  6.23it/s]
     13%|#2        | 257/2000 [00:37<04:44,  6.12it/s]
     13%|#2        | 258/2000 [00:37<04:44,  6.12it/s]
     13%|#2        | 259/2000 [00:37<04:35,  6.31it/s]
     13%|#3        | 260/2000 [00:37<04:40,  6.21it/s]
     13%|#3        | 261/2000 [00:37<04:40,  6.19it/s]
     13%|#3        | 262/2000 [00:38<04:38,  6.24it/s]
     13%|#3        | 263/2000 [00:38<04:38,  6.24it/s]
     13%|#3        | 264/2000 [00:38<04:36,  6.28it/s]
     13%|#3        | 265/2000 [00:38<04:43,  6.13it/s]
     13%|#3        | 266/2000 [00:38<04:34,  6.33it/s]
     13%|#3        | 267/2000 [00:38<04:36,  6.27it/s]
     13%|#3        | 268/2000 [00:39<04:40,  6.18it/s]
     13%|#3        | 269/2000 [00:39<04:44,  6.08it/s]
     14%|#3        | 270/2000 [00:39<04:24,  6.53it/s]
     14%|#3        | 271/2000 [00:39<05:09,  5.58it/s]
     14%|#3        | 272/2000 [00:39<05:19,  5.41it/s]
     14%|#3        | 273/2000 [00:40<05:41,  5.06it/s]
     14%|#3        | 274/2000 [00:40<06:11,  4.65it/s]
     14%|#3        | 275/2000 [00:40<05:45,  4.99it/s]
     14%|#3        | 276/2000 [00:40<05:23,  5.34it/s]
     14%|#3        | 277/2000 [00:40<05:20,  5.37it/s]
     14%|#3        | 278/2000 [00:40<05:21,  5.36it/s]
     14%|#3        | 279/2000 [00:41<05:32,  5.18it/s]
     14%|#4        | 280/2000 [00:41<05:42,  5.02it/s]
     14%|#4        | 281/2000 [00:41<05:20,  5.37it/s]
     14%|#4        | 282/2000 [00:41<05:01,  5.71it/s]
     14%|#4        | 283/2000 [00:41<05:05,  5.61it/s]
     14%|#4        | 284/2000 [00:42<05:14,  5.45it/s]
     14%|#4        | 285/2000 [00:42<05:14,  5.45it/s]
     14%|#4        | 286/2000 [00:42<05:26,  5.24it/s]
     14%|#4        | 287/2000 [00:42<05:39,  5.04it/s]
     14%|#4        | 288/2000 [00:42<05:35,  5.11it/s]
     14%|#4        | 289/2000 [00:43<06:00,  4.75it/s]
     14%|#4        | 290/2000 [00:43<05:40,  5.02it/s]
     15%|#4        | 291/2000 [00:43<06:22,  4.46it/s]
     15%|#4        | 292/2000 [00:43<07:07,  4.00it/s]
     15%|#4        | 293/2000 [00:44<06:43,  4.23it/s]
     15%|#4        | 294/2000 [00:44<06:22,  4.46it/s]
     15%|#4        | 295/2000 [00:44<06:18,  4.50it/s]
     15%|#4        | 296/2000 [00:44<06:28,  4.39it/s]
     15%|#4        | 297/2000 [00:45<07:06,  3.99it/s]
     15%|#4        | 298/2000 [00:45<06:59,  4.06it/s]
     15%|#4        | 299/2000 [00:45<07:07,  3.98it/s]
     15%|#5        | 300/2000 [00:45<06:50,  4.14it/s]
     15%|#5        | 301/2000 [00:45<06:28,  4.37it/s]
     15%|#5        | 302/2000 [00:46<06:24,  4.42it/s]
     15%|#5        | 303/2000 [00:46<06:30,  4.35it/s]
     15%|#5        | 304/2000 [00:46<06:01,  4.69it/s]
     15%|#5        | 305/2000 [00:46<06:51,  4.12it/s]
     15%|#5        | 306/2000 [00:47<07:12,  3.92it/s]
     15%|#5        | 307/2000 [00:47<06:47,  4.15it/s]
     15%|#5        | 308/2000 [00:47<06:12,  4.54it/s]
     15%|#5        | 309/2000 [00:47<05:42,  4.94it/s]
     16%|#5        | 310/2000 [00:47<05:33,  5.07it/s]
     16%|#5        | 311/2000 [00:48<05:20,  5.27it/s]
     16%|#5        | 312/2000 [00:48<05:20,  5.26it/s]
     16%|#5        | 313/2000 [00:48<05:08,  5.47it/s]
     16%|#5        | 314/2000 [00:48<04:44,  5.92it/s]
     16%|#5        | 315/2000 [00:48<05:04,  5.53it/s]
     16%|#5        | 316/2000 [00:48<05:03,  5.56it/s]
     16%|#5        | 317/2000 [00:49<04:53,  5.73it/s]
     16%|#5        | 318/2000 [00:49<04:55,  5.70it/s]
     16%|#5        | 319/2000 [00:49<04:41,  5.97it/s]
     16%|#6        | 320/2000 [00:49<04:35,  6.10it/s]
     16%|#6        | 321/2000 [00:49<04:16,  6.54it/s]
     16%|#6        | 322/2000 [00:49<04:08,  6.76it/s]
     16%|#6        | 323/2000 [00:50<04:09,  6.73it/s]
     16%|#6        | 324/2000 [00:50<04:22,  6.38it/s]
     16%|#6        | 325/2000 [00:50<04:40,  5.97it/s]
     16%|#6        | 326/2000 [00:50<04:28,  6.24it/s]
     16%|#6        | 327/2000 [00:50<04:22,  6.38it/s]
     16%|#6        | 328/2000 [00:50<05:21,  5.21it/s]
     16%|#6        | 329/2000 [00:51<05:04,  5.49it/s]
     16%|#6        | 330/2000 [00:51<04:49,  5.77it/s]
     17%|#6        | 331/2000 [00:51<04:42,  5.90it/s]
     17%|#6        | 332/2000 [00:51<04:45,  5.84it/s]
     17%|#6        | 333/2000 [00:51<04:42,  5.89it/s]
     17%|#6        | 334/2000 [00:51<04:48,  5.77it/s]
     17%|#6        | 335/2000 [00:52<04:35,  6.04it/s]
     17%|#6        | 336/2000 [00:52<04:56,  5.61it/s]
     17%|#6        | 337/2000 [00:52<04:36,  6.02it/s]
     17%|#6        | 338/2000 [00:52<04:39,  5.96it/s]
     17%|#6        | 339/2000 [00:52<04:28,  6.19it/s]
     17%|#7        | 340/2000 [00:52<04:24,  6.28it/s]
     17%|#7        | 341/2000 [00:53<04:30,  6.14it/s]
     17%|#7        | 342/2000 [00:53<04:15,  6.49it/s]
     17%|#7        | 343/2000 [00:53<04:08,  6.66it/s]
     17%|#7        | 344/2000 [00:53<04:16,  6.46it/s]
     17%|#7        | 345/2000 [00:53<04:02,  6.83it/s]
     17%|#7        | 346/2000 [00:53<04:07,  6.69it/s]
     17%|#7        | 347/2000 [00:53<03:50,  7.16it/s]
     17%|#7        | 348/2000 [00:54<04:17,  6.41it/s]
     17%|#7        | 349/2000 [00:54<04:49,  5.71it/s]
     18%|#7        | 350/2000 [00:54<04:38,  5.93it/s]
     18%|#7        | 351/2000 [00:54<04:27,  6.18it/s]
     18%|#7        | 352/2000 [00:54<04:31,  6.08it/s]
     18%|#7        | 353/2000 [00:54<04:18,  6.37it/s]
     18%|#7        | 354/2000 [00:55<04:15,  6.45it/s]
     18%|#7        | 355/2000 [00:55<04:18,  6.37it/s]
     18%|#7        | 356/2000 [00:55<04:23,  6.24it/s]
     18%|#7        | 357/2000 [00:55<04:23,  6.23it/s]
     18%|#7        | 358/2000 [00:55<04:17,  6.37it/s]
     18%|#7        | 359/2000 [00:55<04:12,  6.50it/s]
     18%|#8        | 360/2000 [00:56<04:28,  6.11it/s]
     18%|#8        | 361/2000 [00:56<04:49,  5.67it/s]
     18%|#8        | 362/2000 [00:56<05:06,  5.34it/s]
     18%|#8        | 363/2000 [00:56<04:57,  5.49it/s]
     18%|#8        | 364/2000 [00:56<05:08,  5.30it/s]
     18%|#8        | 365/2000 [00:57<05:12,  5.23it/s]
     18%|#8        | 366/2000 [00:57<04:41,  5.80it/s]
     18%|#8        | 367/2000 [00:57<04:33,  5.97it/s]
     18%|#8        | 368/2000 [00:57<04:32,  5.99it/s]
     18%|#8        | 369/2000 [00:57<04:27,  6.11it/s]
     18%|#8        | 370/2000 [00:57<04:25,  6.15it/s]
     19%|#8        | 371/2000 [00:58<04:18,  6.29it/s]
     19%|#8        | 372/2000 [00:58<04:30,  6.02it/s]
     19%|#8        | 373/2000 [00:58<04:16,  6.34it/s]
     19%|#8        | 374/2000 [00:58<04:25,  6.12it/s]
     19%|#8        | 375/2000 [00:58<04:39,  5.82it/s]
     19%|#8        | 376/2000 [00:58<04:43,  5.73it/s]
     19%|#8        | 377/2000 [00:59<04:58,  5.44it/s]
     19%|#8        | 378/2000 [00:59<04:52,  5.55it/s]
     19%|#8        | 379/2000 [00:59<04:40,  5.78it/s]
     19%|#9        | 380/2000 [00:59<04:45,  5.67it/s]
     19%|#9        | 381/2000 [00:59<04:32,  5.95it/s]
     19%|#9        | 382/2000 [01:00<05:30,  4.89it/s]
     19%|#9        | 383/2000 [01:00<06:00,  4.48it/s]
     19%|#9        | 384/2000 [01:00<05:50,  4.62it/s]
     19%|#9        | 385/2000 [01:00<05:17,  5.09it/s]
     19%|#9        | 386/2000 [01:00<05:13,  5.15it/s]
     19%|#9        | 387/2000 [01:01<05:03,  5.31it/s]
     19%|#9        | 388/2000 [01:01<04:51,  5.53it/s]
     19%|#9        | 389/2000 [01:01<04:38,  5.78it/s]
     20%|#9        | 390/2000 [01:01<04:38,  5.79it/s]
     20%|#9        | 391/2000 [01:01<04:34,  5.87it/s]
     20%|#9        | 392/2000 [01:01<04:24,  6.07it/s]
     20%|#9        | 393/2000 [01:01<04:24,  6.08it/s]
     20%|#9        | 394/2000 [01:02<04:37,  5.79it/s]
     20%|#9        | 395/2000 [01:02<04:52,  5.49it/s]
     20%|#9        | 396/2000 [01:02<05:27,  4.89it/s]
     20%|#9        | 397/2000 [01:02<05:14,  5.10it/s]
     20%|#9        | 398/2000 [01:02<05:08,  5.20it/s]
     20%|#9        | 399/2000 [01:03<05:11,  5.15it/s]
     20%|##        | 400/2000 [01:03<05:36,  4.75it/s]
     20%|##        | 401/2000 [01:03<05:51,  4.55it/s]
     20%|##        | 402/2000 [01:03<06:01,  4.42it/s]
     20%|##        | 403/2000 [01:04<06:32,  4.07it/s]
     20%|##        | 404/2000 [01:04<06:11,  4.30it/s]
     20%|##        | 405/2000 [01:04<05:31,  4.82it/s]
     20%|##        | 406/2000 [01:04<05:22,  4.94it/s]
     20%|##        | 407/2000 [01:05<05:41,  4.66it/s]
     20%|##        | 408/2000 [01:05<06:16,  4.23it/s]
     20%|##        | 409/2000 [01:05<05:54,  4.48it/s]
     20%|##        | 410/2000 [01:05<05:56,  4.46it/s]
     21%|##        | 411/2000 [01:05<05:24,  4.90it/s]
     21%|##        | 412/2000 [01:06<05:18,  4.99it/s]
     21%|##        | 413/2000 [01:06<05:13,  5.06it/s]
     21%|##        | 414/2000 [01:06<04:54,  5.38it/s]
     21%|##        | 415/2000 [01:06<04:39,  5.67it/s]
     21%|##        | 416/2000 [01:06<04:32,  5.81it/s]
     21%|##        | 417/2000 [01:06<04:21,  6.04it/s]
     21%|##        | 418/2000 [01:07<04:04,  6.47it/s]
     21%|##        | 419/2000 [01:07<03:58,  6.63it/s]
     21%|##1       | 420/2000 [01:07<04:06,  6.40it/s]
     21%|##1       | 421/2000 [01:07<04:07,  6.38it/s]
     21%|##1       | 422/2000 [01:07<03:58,  6.61it/s]
     21%|##1       | 423/2000 [01:07<03:59,  6.58it/s]
     21%|##1       | 424/2000 [01:07<03:51,  6.79it/s]
     21%|##1       | 425/2000 [01:08<03:58,  6.60it/s]
     21%|##1       | 426/2000 [01:08<03:51,  6.79it/s]
     21%|##1       | 427/2000 [01:08<03:54,  6.71it/s]
     21%|##1       | 428/2000 [01:08<03:45,  6.97it/s]
     21%|##1       | 429/2000 [01:08<03:38,  7.19it/s]
     22%|##1       | 430/2000 [01:08<03:33,  7.36it/s]
     22%|##1       | 431/2000 [01:08<03:35,  7.27it/s]
     22%|##1       | 432/2000 [01:09<03:28,  7.51it/s]
     22%|##1       | 433/2000 [01:09<03:28,  7.53it/s]
     22%|##1       | 434/2000 [01:09<03:30,  7.44it/s]
     22%|##1       | 435/2000 [01:09<03:30,  7.42it/s]
     22%|##1       | 436/2000 [01:09<03:39,  7.14it/s]
     22%|##1       | 437/2000 [01:09<03:47,  6.87it/s]
     22%|##1       | 438/2000 [01:09<03:44,  6.96it/s]
     22%|##1       | 439/2000 [01:10<04:03,  6.42it/s]
     22%|##2       | 440/2000 [01:10<04:12,  6.18it/s]
     22%|##2       | 441/2000 [01:10<04:20,  5.98it/s]
     22%|##2       | 442/2000 [01:10<04:00,  6.47it/s]
     22%|##2       | 443/2000 [01:10<03:55,  6.61it/s]
     22%|##2       | 444/2000 [01:10<03:54,  6.64it/s]
     22%|##2       | 445/2000 [01:10<03:43,  6.95it/s]
     22%|##2       | 446/2000 [01:11<03:36,  7.19it/s]
     22%|##2       | 447/2000 [01:11<03:26,  7.51it/s]
     22%|##2       | 448/2000 [01:11<03:20,  7.76it/s]
     22%|##2       | 449/2000 [01:11<03:25,  7.54it/s]
     22%|##2       | 450/2000 [01:11<03:33,  7.24it/s]
     23%|##2       | 451/2000 [01:11<03:43,  6.92it/s]
     23%|##2       | 452/2000 [01:11<03:35,  7.18it/s]
     23%|##2       | 453/2000 [01:12<03:42,  6.96it/s]
     23%|##2       | 454/2000 [01:12<03:53,  6.62it/s]
     23%|##2       | 455/2000 [01:12<03:54,  6.60it/s]
     23%|##2       | 456/2000 [01:12<03:53,  6.60it/s]
     23%|##2       | 457/2000 [01:12<04:15,  6.03it/s]
     23%|##2       | 458/2000 [01:12<05:06,  5.03it/s]
     23%|##2       | 459/2000 [01:13<05:22,  4.77it/s]
     23%|##3       | 460/2000 [01:13<05:22,  4.77it/s]
     23%|##3       | 461/2000 [01:13<04:52,  5.26it/s]
     23%|##3       | 462/2000 [01:13<04:50,  5.29it/s]
     23%|##3       | 463/2000 [01:13<04:56,  5.19it/s]
     23%|##3       | 464/2000 [01:14<04:34,  5.59it/s]
     23%|##3       | 465/2000 [01:14<04:34,  5.60it/s]
     23%|##3       | 466/2000 [01:14<04:31,  5.65it/s]
     23%|##3       | 467/2000 [01:14<04:25,  5.77it/s]
     23%|##3       | 468/2000 [01:14<04:40,  5.47it/s]
     23%|##3       | 469/2000 [01:15<04:37,  5.52it/s]
     24%|##3       | 470/2000 [01:15<04:27,  5.72it/s]
     24%|##3       | 471/2000 [01:15<04:33,  5.59it/s]
     24%|##3       | 472/2000 [01:15<04:37,  5.51it/s]
     24%|##3       | 473/2000 [01:15<04:26,  5.74it/s]
     24%|##3       | 474/2000 [01:15<04:56,  5.14it/s]
     24%|##3       | 475/2000 [01:16<04:33,  5.58it/s]
     24%|##3       | 476/2000 [01:16<04:23,  5.78it/s]
     24%|##3       | 477/2000 [01:16<04:08,  6.12it/s]
     24%|##3       | 478/2000 [01:16<04:13,  5.99it/s]
     24%|##3       | 479/2000 [01:16<04:17,  5.91it/s]
     24%|##4       | 480/2000 [01:16<03:59,  6.35it/s]
     24%|##4       | 481/2000 [01:17<04:03,  6.23it/s]
     24%|##4       | 482/2000 [01:17<03:56,  6.43it/s]
     24%|##4       | 483/2000 [01:17<04:02,  6.25it/s]
     24%|##4       | 484/2000 [01:17<04:03,  6.23it/s]
     24%|##4       | 485/2000 [01:17<04:11,  6.02it/s]
     24%|##4       | 486/2000 [01:17<04:09,  6.06it/s]
     24%|##4       | 487/2000 [01:18<04:15,  5.92it/s]
     24%|##4       | 488/2000 [01:18<04:21,  5.79it/s]
     24%|##4       | 489/2000 [01:18<04:20,  5.81it/s]
     24%|##4       | 490/2000 [01:18<04:24,  5.71it/s]
     25%|##4       | 491/2000 [01:18<04:22,  5.76it/s]
     25%|##4       | 492/2000 [01:18<04:17,  5.86it/s]
     25%|##4       | 493/2000 [01:19<04:16,  5.88it/s]
     25%|##4       | 494/2000 [01:19<04:03,  6.19it/s]
     25%|##4       | 495/2000 [01:19<04:12,  5.95it/s]
     25%|##4       | 496/2000 [01:19<04:12,  5.95it/s]
     25%|##4       | 497/2000 [01:19<04:05,  6.11it/s]
     25%|##4       | 498/2000 [01:19<04:25,  5.66it/s]
     25%|##4       | 499/2000 [01:20<04:31,  5.53it/s]
     25%|##5       | 500/2000 [01:20<04:29,  5.57it/s]
     25%|##5       | 501/2000 [01:20<04:20,  5.75it/s]
     25%|##5       | 502/2000 [01:20<04:46,  5.23it/s]
     25%|##5       | 503/2000 [01:20<04:43,  5.28it/s]
     25%|##5       | 504/2000 [01:21<04:20,  5.75it/s]
     25%|##5       | 505/2000 [01:21<04:17,  5.81it/s]
     25%|##5       | 506/2000 [01:21<04:10,  5.97it/s]
     25%|##5       | 507/2000 [01:21<04:10,  5.95it/s]
     25%|##5       | 508/2000 [01:21<04:09,  5.97it/s]
     25%|##5       | 509/2000 [01:21<04:28,  5.56it/s]
     26%|##5       | 510/2000 [01:22<04:47,  5.17it/s]
     26%|##5       | 511/2000 [01:22<05:09,  4.82it/s]
     26%|##5       | 512/2000 [01:22<04:55,  5.03it/s]
     26%|##5       | 513/2000 [01:22<04:33,  5.44it/s]
     26%|##5       | 514/2000 [01:22<04:28,  5.54it/s]
     26%|##5       | 515/2000 [01:22<04:00,  6.18it/s]
     26%|##5       | 516/2000 [01:23<03:48,  6.48it/s]
     26%|##5       | 517/2000 [01:23<04:01,  6.13it/s]
     26%|##5       | 518/2000 [01:23<03:47,  6.53it/s]
     26%|##5       | 519/2000 [01:23<03:53,  6.35it/s]
     26%|##6       | 520/2000 [01:23<04:07,  5.99it/s]
     26%|##6       | 521/2000 [01:23<04:06,  5.99it/s]
     26%|##6       | 522/2000 [01:24<04:05,  6.01it/s]
     26%|##6       | 523/2000 [01:24<04:08,  5.95it/s]
     26%|##6       | 524/2000 [01:24<04:15,  5.77it/s]
     26%|##6       | 525/2000 [01:24<04:19,  5.68it/s]
     26%|##6       | 526/2000 [01:24<03:59,  6.15it/s]
     26%|##6       | 527/2000 [01:24<04:00,  6.13it/s]
     26%|##6       | 528/2000 [01:25<03:52,  6.32it/s]
     26%|##6       | 529/2000 [01:25<04:00,  6.11it/s]
     26%|##6       | 530/2000 [01:25<03:54,  6.26it/s]
     27%|##6       | 531/2000 [01:25<03:37,  6.75it/s]
     27%|##6       | 532/2000 [01:25<03:47,  6.46it/s]
     27%|##6       | 533/2000 [01:25<04:10,  5.86it/s]
     27%|##6       | 534/2000 [01:26<04:07,  5.93it/s]
     27%|##6       | 535/2000 [01:26<04:20,  5.62it/s]
     27%|##6       | 536/2000 [01:26<04:12,  5.79it/s]
     27%|##6       | 537/2000 [01:26<04:01,  6.06it/s]
     27%|##6       | 538/2000 [01:26<03:48,  6.41it/s]
     27%|##6       | 539/2000 [01:26<04:07,  5.91it/s]
     27%|##7       | 540/2000 [01:27<04:08,  5.88it/s]
     27%|##7       | 541/2000 [01:27<03:48,  6.38it/s]
     27%|##7       | 542/2000 [01:27<03:46,  6.44it/s]
     27%|##7       | 543/2000 [01:27<03:36,  6.73it/s]
     27%|##7       | 544/2000 [01:27<03:32,  6.87it/s]
     27%|##7       | 545/2000 [01:27<03:48,  6.37it/s]
     27%|##7       | 546/2000 [01:28<04:05,  5.92it/s]
     27%|##7       | 547/2000 [01:28<04:03,  5.97it/s]
     27%|##7       | 548/2000 [01:28<04:01,  6.00it/s]
     27%|##7       | 549/2000 [01:28<04:08,  5.83it/s]
     28%|##7       | 550/2000 [01:28<04:02,  5.98it/s]
     28%|##7       | 551/2000 [01:28<04:19,  5.59it/s]
     28%|##7       | 552/2000 [01:29<04:19,  5.57it/s]
     28%|##7       | 553/2000 [01:29<05:09,  4.68it/s]
     28%|##7       | 554/2000 [01:29<04:44,  5.09it/s]
     28%|##7       | 555/2000 [01:29<04:26,  5.43it/s]
     28%|##7       | 556/2000 [01:29<04:11,  5.73it/s]
     28%|##7       | 557/2000 [01:29<04:01,  5.97it/s]
     28%|##7       | 558/2000 [01:30<03:52,  6.19it/s]
     28%|##7       | 559/2000 [01:30<03:53,  6.18it/s]
     28%|##8       | 560/2000 [01:30<03:45,  6.38it/s]
     28%|##8       | 561/2000 [01:30<03:33,  6.73it/s]
     28%|##8       | 562/2000 [01:30<03:28,  6.89it/s]
     28%|##8       | 563/2000 [01:30<03:19,  7.22it/s]
     28%|##8       | 564/2000 [01:30<03:23,  7.06it/s]
     28%|##8       | 565/2000 [01:31<03:39,  6.53it/s]
     28%|##8       | 566/2000 [01:31<03:56,  6.08it/s]
     28%|##8       | 567/2000 [01:31<04:00,  5.96it/s]
     28%|##8       | 568/2000 [01:31<03:54,  6.11it/s]
     28%|##8       | 569/2000 [01:31<03:57,  6.02it/s]
     28%|##8       | 570/2000 [01:31<03:48,  6.26it/s]
     29%|##8       | 571/2000 [01:32<03:39,  6.51it/s]
     29%|##8       | 572/2000 [01:32<03:36,  6.58it/s]
     29%|##8       | 573/2000 [01:32<03:37,  6.56it/s]
     29%|##8       | 574/2000 [01:32<03:44,  6.35it/s]
     29%|##8       | 575/2000 [01:32<03:34,  6.65it/s]
     29%|##8       | 576/2000 [01:32<03:30,  6.75it/s]
     29%|##8       | 577/2000 [01:33<03:38,  6.52it/s]
     29%|##8       | 578/2000 [01:33<03:37,  6.53it/s]
     29%|##8       | 579/2000 [01:33<03:37,  6.54it/s]
     29%|##9       | 580/2000 [01:33<03:21,  7.05it/s]
     29%|##9       | 581/2000 [01:33<03:36,  6.56it/s]
     29%|##9       | 582/2000 [01:33<03:47,  6.24it/s]
     29%|##9       | 583/2000 [01:33<03:32,  6.67it/s]
     29%|##9       | 584/2000 [01:34<03:33,  6.63it/s]
     29%|##9       | 585/2000 [01:34<03:25,  6.88it/s]
     29%|##9       | 586/2000 [01:34<03:43,  6.34it/s]
     29%|##9       | 587/2000 [01:34<03:54,  6.02it/s]
     29%|##9       | 588/2000 [01:34<04:10,  5.64it/s]
     29%|##9       | 589/2000 [01:35<04:32,  5.17it/s]
     30%|##9       | 590/2000 [01:35<04:35,  5.12it/s]
     30%|##9       | 591/2000 [01:35<04:41,  5.00it/s]
     30%|##9       | 592/2000 [01:35<04:34,  5.12it/s]
     30%|##9       | 593/2000 [01:35<04:41,  5.00it/s]
     30%|##9       | 594/2000 [01:36<04:45,  4.93it/s]
     30%|##9       | 595/2000 [01:36<04:23,  5.34it/s]
     30%|##9       | 596/2000 [01:36<04:15,  5.48it/s]
     30%|##9       | 597/2000 [01:36<04:10,  5.59it/s]
     30%|##9       | 598/2000 [01:36<04:09,  5.62it/s]
     30%|##9       | 599/2000 [01:36<04:27,  5.24it/s]
     30%|###       | 600/2000 [01:37<04:52,  4.79it/s]
     30%|###       | 601/2000 [01:37<04:52,  4.79it/s]
     30%|###       | 602/2000 [01:37<05:21,  4.35it/s]
     30%|###       | 603/2000 [01:37<05:53,  3.96it/s]
     30%|###       | 604/2000 [01:38<05:48,  4.00it/s]
     30%|###       | 605/2000 [01:38<06:09,  3.77it/s]
     30%|###       | 606/2000 [01:38<06:27,  3.60it/s]
     30%|###       | 607/2000 [01:38<05:34,  4.17it/s]
     30%|###       | 608/2000 [01:39<05:19,  4.35it/s]
     30%|###       | 609/2000 [01:39<05:16,  4.39it/s]
     30%|###       | 610/2000 [01:39<05:13,  4.44it/s]
     31%|###       | 611/2000 [01:39<06:01,  3.84it/s]
     31%|###       | 612/2000 [01:40<05:53,  3.93it/s]
     31%|###       | 613/2000 [01:40<06:11,  3.73it/s]
     31%|###       | 614/2000 [01:40<06:10,  3.74it/s]
     31%|###       | 615/2000 [01:41<06:06,  3.78it/s]
     31%|###       | 616/2000 [01:41<05:28,  4.21it/s]
     31%|###       | 617/2000 [01:41<05:20,  4.32it/s]
     31%|###       | 618/2000 [01:41<05:07,  4.50it/s]
     31%|###       | 619/2000 [01:41<04:45,  4.83it/s]
     31%|###1      | 620/2000 [01:41<04:35,  5.01it/s]
     31%|###1      | 621/2000 [01:42<04:29,  5.13it/s]
     31%|###1      | 622/2000 [01:42<04:29,  5.11it/s]
     31%|###1      | 623/2000 [01:42<04:37,  4.97it/s]
     31%|###1      | 624/2000 [01:42<04:31,  5.08it/s]
     31%|###1      | 625/2000 [01:42<04:30,  5.08it/s]
     31%|###1      | 626/2000 [01:43<04:17,  5.33it/s]
     31%|###1      | 627/2000 [01:43<04:03,  5.63it/s]
     31%|###1      | 628/2000 [01:43<04:19,  5.28it/s]
     31%|###1      | 629/2000 [01:43<05:14,  4.36it/s]
     32%|###1      | 630/2000 [01:44<05:01,  4.54it/s]
     32%|###1      | 631/2000 [01:44<04:40,  4.88it/s]
     32%|###1      | 632/2000 [01:44<04:16,  5.33it/s]
     32%|###1      | 633/2000 [01:44<04:00,  5.68it/s]
     32%|###1      | 634/2000 [01:44<04:16,  5.33it/s]
     32%|###1      | 635/2000 [01:44<04:15,  5.34it/s]
     32%|###1      | 636/2000 [01:45<04:16,  5.32it/s]
     32%|###1      | 637/2000 [01:45<04:12,  5.40it/s]
     32%|###1      | 638/2000 [01:45<04:04,  5.57it/s]
     32%|###1      | 639/2000 [01:45<04:20,  5.22it/s]
     32%|###2      | 640/2000 [01:45<04:14,  5.35it/s]
     32%|###2      | 641/2000 [01:45<03:48,  5.95it/s]
     32%|###2      | 642/2000 [01:46<03:44,  6.05it/s]
     32%|###2      | 643/2000 [01:46<03:53,  5.81it/s]
     32%|###2      | 644/2000 [01:46<03:48,  5.92it/s]
     32%|###2      | 645/2000 [01:46<03:48,  5.94it/s]
     32%|###2      | 646/2000 [01:46<04:22,  5.15it/s]
     32%|###2      | 647/2000 [01:47<04:01,  5.61it/s]
     32%|###2      | 648/2000 [01:47<03:49,  5.90it/s]
     32%|###2      | 649/2000 [01:47<03:49,  5.89it/s]
     32%|###2      | 650/2000 [01:47<04:04,  5.52it/s]
     33%|###2      | 651/2000 [01:47<04:09,  5.41it/s]
     33%|###2      | 652/2000 [01:47<03:59,  5.63it/s]
     33%|###2      | 653/2000 [01:48<04:11,  5.35it/s]
     33%|###2      | 654/2000 [01:48<04:09,  5.40it/s]
     33%|###2      | 655/2000 [01:48<03:52,  5.78it/s]
     33%|###2      | 656/2000 [01:48<03:35,  6.22it/s]
     33%|###2      | 657/2000 [01:48<03:27,  6.47it/s]
     33%|###2      | 658/2000 [01:48<03:13,  6.92it/s]
     33%|###2      | 659/2000 [01:48<03:17,  6.79it/s]
     33%|###3      | 660/2000 [01:49<03:17,  6.79it/s]
     33%|###3      | 661/2000 [01:49<03:45,  5.94it/s]
     33%|###3      | 662/2000 [01:49<03:45,  5.94it/s]
     33%|###3      | 663/2000 [01:49<03:36,  6.19it/s]
     33%|###3      | 664/2000 [01:49<03:32,  6.28it/s]
     33%|###3      | 665/2000 [01:49<03:28,  6.39it/s]
     33%|###3      | 666/2000 [01:50<03:39,  6.08it/s]
     33%|###3      | 667/2000 [01:50<03:48,  5.82it/s]
     33%|###3      | 668/2000 [01:50<03:44,  5.92it/s]
     33%|###3      | 669/2000 [01:50<03:38,  6.10it/s]
     34%|###3      | 670/2000 [01:50<03:27,  6.41it/s]
     34%|###3      | 671/2000 [01:50<03:25,  6.47it/s]
     34%|###3      | 672/2000 [01:51<03:26,  6.42it/s]
     34%|###3      | 673/2000 [01:51<03:36,  6.12it/s]
     34%|###3      | 674/2000 [01:51<03:25,  6.46it/s]
     34%|###3      | 675/2000 [01:51<03:20,  6.59it/s]
     34%|###3      | 676/2000 [01:51<03:03,  7.21it/s]
     34%|###3      | 677/2000 [01:51<03:19,  6.63it/s]
     34%|###3      | 678/2000 [01:52<03:22,  6.53it/s]
     34%|###3      | 679/2000 [01:52<03:22,  6.53it/s]
     34%|###4      | 680/2000 [01:52<03:25,  6.42it/s]
     34%|###4      | 681/2000 [01:52<03:12,  6.84it/s]
     34%|###4      | 682/2000 [01:52<03:20,  6.59it/s]
     34%|###4      | 683/2000 [01:52<03:17,  6.67it/s]
     34%|###4      | 684/2000 [01:52<03:27,  6.34it/s]
     34%|###4      | 685/2000 [01:53<03:18,  6.63it/s]
     34%|###4      | 686/2000 [01:53<03:32,  6.18it/s]
     34%|###4      | 687/2000 [01:53<03:56,  5.56it/s]
     34%|###4      | 688/2000 [01:53<03:56,  5.56it/s]
     34%|###4      | 689/2000 [01:53<03:54,  5.58it/s]
     34%|###4      | 690/2000 [01:53<03:32,  6.16it/s]
     35%|###4      | 691/2000 [01:54<03:29,  6.25it/s]
     35%|###4      | 692/2000 [01:54<03:38,  5.97it/s]
     35%|###4      | 693/2000 [01:54<03:29,  6.23it/s]
     35%|###4      | 694/2000 [01:54<03:35,  6.05it/s]
     35%|###4      | 695/2000 [01:54<03:47,  5.74it/s]
     35%|###4      | 696/2000 [01:55<03:56,  5.51it/s]
     35%|###4      | 697/2000 [01:55<04:08,  5.24it/s]
     35%|###4      | 698/2000 [01:55<04:06,  5.29it/s]
     35%|###4      | 699/2000 [01:55<04:01,  5.39it/s]
     35%|###5      | 700/2000 [01:55<03:44,  5.79it/s]
     35%|###5      | 701/2000 [01:55<03:38,  5.94it/s]
     35%|###5      | 702/2000 [01:56<03:33,  6.08it/s]
     35%|###5      | 703/2000 [01:56<03:45,  5.76it/s]
     35%|###5      | 704/2000 [01:56<03:49,  5.64it/s]
     35%|###5      | 705/2000 [01:56<03:56,  5.47it/s]
     35%|###5      | 706/2000 [01:56<03:54,  5.52it/s]
     35%|###5      | 707/2000 [01:57<04:04,  5.29it/s]
     35%|###5      | 708/2000 [01:57<03:45,  5.73it/s]
     35%|###5      | 709/2000 [01:57<03:47,  5.67it/s]
     36%|###5      | 710/2000 [01:57<03:57,  5.43it/s]
     36%|###5      | 711/2000 [01:57<03:55,  5.48it/s]
     36%|###5      | 712/2000 [01:57<03:56,  5.44it/s]
     36%|###5      | 713/2000 [01:58<04:01,  5.33it/s]
     36%|###5      | 714/2000 [01:58<03:48,  5.63it/s]
     36%|###5      | 715/2000 [01:58<03:39,  5.85it/s]
     36%|###5      | 716/2000 [01:58<03:43,  5.74it/s]
     36%|###5      | 717/2000 [01:58<03:49,  5.59it/s]
     36%|###5      | 718/2000 [01:58<03:54,  5.47it/s]
     36%|###5      | 719/2000 [01:59<03:59,  5.35it/s]
     36%|###6      | 720/2000 [01:59<03:56,  5.40it/s]
     36%|###6      | 721/2000 [01:59<03:47,  5.62it/s]
     36%|###6      | 722/2000 [01:59<03:30,  6.07it/s]
     36%|###6      | 723/2000 [01:59<03:20,  6.35it/s]
     36%|###6      | 724/2000 [01:59<03:23,  6.27it/s]
     36%|###6      | 725/2000 [02:00<03:27,  6.15it/s]
     36%|###6      | 726/2000 [02:00<03:25,  6.21it/s]
     36%|###6      | 727/2000 [02:00<03:20,  6.34it/s]
     36%|###6      | 728/2000 [02:00<03:18,  6.40it/s]
     36%|###6      | 729/2000 [02:00<03:12,  6.59it/s]
     36%|###6      | 730/2000 [02:00<03:15,  6.51it/s]
     37%|###6      | 731/2000 [02:01<03:07,  6.76it/s]
     37%|###6      | 732/2000 [02:01<03:20,  6.31it/s]
     37%|###6      | 733/2000 [02:01<03:35,  5.89it/s]
     37%|###6      | 734/2000 [02:01<03:27,  6.11it/s]
     37%|###6      | 735/2000 [02:01<03:43,  5.67it/s]
     37%|###6      | 736/2000 [02:01<03:41,  5.70it/s]
     37%|###6      | 737/2000 [02:02<03:58,  5.29it/s]
     37%|###6      | 738/2000 [02:02<03:55,  5.36it/s]
     37%|###6      | 739/2000 [02:02<03:45,  5.59it/s]
     37%|###7      | 740/2000 [02:02<03:27,  6.09it/s]
     37%|###7      | 741/2000 [02:02<03:29,  6.01it/s]
     37%|###7      | 742/2000 [02:02<03:18,  6.33it/s]
     37%|###7      | 743/2000 [02:03<03:16,  6.40it/s]
     37%|###7      | 744/2000 [02:03<03:03,  6.84it/s]
     37%|###7      | 745/2000 [02:03<03:04,  6.82it/s]
     37%|###7      | 746/2000 [02:03<03:11,  6.55it/s]
     37%|###7      | 747/2000 [02:03<03:09,  6.60it/s]
     37%|###7      | 748/2000 [02:03<03:12,  6.52it/s]
     37%|###7      | 749/2000 [02:03<03:25,  6.10it/s]
     38%|###7      | 750/2000 [02:04<03:23,  6.14it/s]
     38%|###7      | 751/2000 [02:04<03:31,  5.92it/s]
     38%|###7      | 752/2000 [02:04<03:31,  5.89it/s]
     38%|###7      | 753/2000 [02:04<03:15,  6.37it/s]
     38%|###7      | 754/2000 [02:04<03:10,  6.53it/s]
     38%|###7      | 755/2000 [02:04<03:23,  6.11it/s]
     38%|###7      | 756/2000 [02:05<03:28,  5.98it/s]
     38%|###7      | 757/2000 [02:05<03:14,  6.39it/s]
     38%|###7      | 758/2000 [02:05<03:27,  6.00it/s]
     38%|###7      | 759/2000 [02:05<03:37,  5.70it/s]
     38%|###8      | 760/2000 [02:05<03:28,  5.95it/s]
     38%|###8      | 761/2000 [02:05<03:18,  6.23it/s]
     38%|###8      | 762/2000 [02:06<03:05,  6.66it/s]
     38%|###8      | 763/2000 [02:06<03:27,  5.96it/s]
     38%|###8      | 764/2000 [02:06<03:28,  5.93it/s]
     38%|###8      | 765/2000 [02:06<03:30,  5.87it/s]
     38%|###8      | 766/2000 [02:06<03:26,  5.97it/s]
     38%|###8      | 767/2000 [02:06<03:24,  6.04it/s]
     38%|###8      | 768/2000 [02:07<03:24,  6.01it/s]
     38%|###8      | 769/2000 [02:07<03:14,  6.33it/s]
     38%|###8      | 770/2000 [02:07<03:22,  6.06it/s]
     39%|###8      | 771/2000 [02:07<03:37,  5.66it/s]
     39%|###8      | 772/2000 [02:07<03:32,  5.78it/s]
     39%|###8      | 773/2000 [02:08<03:43,  5.50it/s]
     39%|###8      | 774/2000 [02:08<03:37,  5.62it/s]
     39%|###8      | 775/2000 [02:08<03:31,  5.80it/s]
     39%|###8      | 776/2000 [02:08<03:18,  6.16it/s]
     39%|###8      | 777/2000 [02:08<02:59,  6.81it/s]
     39%|###8      | 778/2000 [02:08<03:03,  6.66it/s]
     39%|###8      | 779/2000 [02:08<02:59,  6.82it/s]
     39%|###9      | 780/2000 [02:09<02:59,  6.79it/s]
     39%|###9      | 781/2000 [02:09<03:10,  6.42it/s]
     39%|###9      | 782/2000 [02:09<03:27,  5.88it/s]
     39%|###9      | 783/2000 [02:09<03:27,  5.86it/s]
     39%|###9      | 784/2000 [02:09<03:13,  6.29it/s]
     39%|###9      | 785/2000 [02:09<03:00,  6.73it/s]
     39%|###9      | 786/2000 [02:10<03:15,  6.21it/s]
     39%|###9      | 787/2000 [02:10<03:14,  6.24it/s]
     39%|###9      | 788/2000 [02:10<03:26,  5.87it/s]
     39%|###9      | 789/2000 [02:10<03:15,  6.20it/s]
     40%|###9      | 790/2000 [02:10<03:06,  6.47it/s]
     40%|###9      | 791/2000 [02:10<03:16,  6.15it/s]
     40%|###9      | 792/2000 [02:11<03:39,  5.50it/s]
     40%|###9      | 793/2000 [02:11<03:38,  5.52it/s]
     40%|###9      | 794/2000 [02:11<03:43,  5.39it/s]
     40%|###9      | 795/2000 [02:11<03:31,  5.68it/s]
     40%|###9      | 796/2000 [02:11<03:36,  5.55it/s]
     40%|###9      | 797/2000 [02:12<04:02,  4.96it/s]
     40%|###9      | 798/2000 [02:12<04:25,  4.53it/s]
     40%|###9      | 799/2000 [02:12<04:40,  4.28it/s]
     40%|####      | 800/2000 [02:12<04:53,  4.09it/s]
     40%|####      | 801/2000 [02:13<04:44,  4.21it/s]
     40%|####      | 802/2000 [02:13<04:51,  4.10it/s]
     40%|####      | 803/2000 [02:13<04:27,  4.47it/s]
     40%|####      | 804/2000 [02:13<04:06,  4.85it/s]
     40%|####      | 805/2000 [02:13<04:00,  4.97it/s]
     40%|####      | 806/2000 [02:14<04:12,  4.73it/s]
     40%|####      | 807/2000 [02:14<04:31,  4.39it/s]
     40%|####      | 808/2000 [02:14<04:25,  4.50it/s]
     40%|####      | 809/2000 [02:14<04:37,  4.30it/s]
     40%|####      | 810/2000 [02:15<05:20,  3.71it/s]
     41%|####      | 811/2000 [02:15<05:05,  3.89it/s]
     41%|####      | 812/2000 [02:15<04:56,  4.00it/s]
     41%|####      | 813/2000 [02:15<04:56,  4.00it/s]
     41%|####      | 814/2000 [02:16<04:18,  4.58it/s]
     41%|####      | 815/2000 [02:16<03:55,  5.03it/s]
     41%|####      | 816/2000 [02:16<03:44,  5.27it/s]
     41%|####      | 817/2000 [02:16<03:17,  6.00it/s]
     41%|####      | 818/2000 [02:16<03:05,  6.39it/s]
     41%|####      | 819/2000 [02:16<02:50,  6.93it/s]
     41%|####1     | 820/2000 [02:16<02:51,  6.87it/s]
     41%|####1     | 821/2000 [02:17<02:58,  6.59it/s]
     41%|####1     | 822/2000 [02:17<02:57,  6.64it/s]
     41%|####1     | 823/2000 [02:17<02:53,  6.79it/s]
     41%|####1     | 824/2000 [02:17<02:51,  6.86it/s]
     41%|####1     | 825/2000 [02:17<03:02,  6.45it/s]
     41%|####1     | 826/2000 [02:17<03:36,  5.41it/s]
     41%|####1     | 827/2000 [02:18<03:26,  5.68it/s]
     41%|####1     | 828/2000 [02:18<03:17,  5.93it/s]
     41%|####1     | 829/2000 [02:18<03:06,  6.29it/s]
     42%|####1     | 830/2000 [02:18<03:03,  6.38it/s]
     42%|####1     | 831/2000 [02:18<03:19,  5.86it/s]
     42%|####1     | 832/2000 [02:18<03:11,  6.11it/s]
     42%|####1     | 833/2000 [02:18<03:04,  6.33it/s]
     42%|####1     | 834/2000 [02:19<03:23,  5.72it/s]
     42%|####1     | 835/2000 [02:19<03:21,  5.78it/s]
     42%|####1     | 836/2000 [02:19<03:28,  5.58it/s]
     42%|####1     | 837/2000 [02:19<03:23,  5.72it/s]
     42%|####1     | 838/2000 [02:19<03:16,  5.91it/s]
     42%|####1     | 839/2000 [02:20<03:16,  5.92it/s]
     42%|####2     | 840/2000 [02:20<03:27,  5.59it/s]
     42%|####2     | 841/2000 [02:20<03:24,  5.65it/s]
     42%|####2     | 842/2000 [02:20<03:30,  5.50it/s]
     42%|####2     | 843/2000 [02:20<03:32,  5.44it/s]
     42%|####2     | 844/2000 [02:21<03:41,  5.21it/s]
     42%|####2     | 845/2000 [02:21<03:36,  5.34it/s]
     42%|####2     | 846/2000 [02:21<03:34,  5.37it/s]
     42%|####2     | 847/2000 [02:21<03:26,  5.58it/s]
     42%|####2     | 848/2000 [02:21<03:23,  5.67it/s]
     42%|####2     | 849/2000 [02:21<03:29,  5.51it/s]
     42%|####2     | 850/2000 [02:22<03:36,  5.31it/s]
     43%|####2     | 851/2000 [02:22<03:30,  5.45it/s]
     43%|####2     | 852/2000 [02:22<03:32,  5.39it/s]
     43%|####2     | 853/2000 [02:22<03:23,  5.62it/s]
     43%|####2     | 854/2000 [02:22<03:34,  5.33it/s]
     43%|####2     | 855/2000 [02:23<03:38,  5.23it/s]
     43%|####2     | 856/2000 [02:23<03:31,  5.40it/s]
     43%|####2     | 857/2000 [02:23<03:28,  5.47it/s]
     43%|####2     | 858/2000 [02:23<03:36,  5.28it/s]
     43%|####2     | 859/2000 [02:23<03:32,  5.38it/s]
     43%|####3     | 860/2000 [02:23<03:17,  5.76it/s]
     43%|####3     | 861/2000 [02:24<03:23,  5.61it/s]
     43%|####3     | 862/2000 [02:24<03:45,  5.04it/s]
     43%|####3     | 863/2000 [02:24<03:29,  5.42it/s]
     43%|####3     | 864/2000 [02:24<03:15,  5.82it/s]
     43%|####3     | 865/2000 [02:24<03:24,  5.56it/s]
     43%|####3     | 866/2000 [02:25<03:16,  5.78it/s]
     43%|####3     | 867/2000 [02:25<03:09,  5.97it/s]
     43%|####3     | 868/2000 [02:25<03:05,  6.10it/s]
     43%|####3     | 869/2000 [02:25<03:07,  6.04it/s]
     44%|####3     | 870/2000 [02:25<03:13,  5.83it/s]
     44%|####3     | 871/2000 [02:25<03:07,  6.01it/s]
     44%|####3     | 872/2000 [02:25<02:56,  6.37it/s]
     44%|####3     | 873/2000 [02:26<02:52,  6.52it/s]
     44%|####3     | 874/2000 [02:26<02:53,  6.50it/s]
     44%|####3     | 875/2000 [02:26<03:07,  6.00it/s]
     44%|####3     | 876/2000 [02:26<03:09,  5.92it/s]
     44%|####3     | 877/2000 [02:26<03:04,  6.09it/s]
     44%|####3     | 878/2000 [02:26<02:58,  6.30it/s]
     44%|####3     | 879/2000 [02:27<03:16,  5.70it/s]
     44%|####4     | 880/2000 [02:27<03:14,  5.76it/s]
     44%|####4     | 881/2000 [02:27<03:17,  5.66it/s]
     44%|####4     | 882/2000 [02:27<03:18,  5.64it/s]
     44%|####4     | 883/2000 [02:27<03:20,  5.58it/s]
     44%|####4     | 884/2000 [02:28<03:08,  5.93it/s]
     44%|####4     | 885/2000 [02:28<03:07,  5.95it/s]
     44%|####4     | 886/2000 [02:28<03:05,  6.00it/s]
     44%|####4     | 887/2000 [02:28<02:55,  6.34it/s]
     44%|####4     | 888/2000 [02:28<02:59,  6.20it/s]
     44%|####4     | 889/2000 [02:28<02:52,  6.43it/s]
     44%|####4     | 890/2000 [02:28<02:45,  6.71it/s]
     45%|####4     | 891/2000 [02:29<02:38,  6.98it/s]
     45%|####4     | 892/2000 [02:29<02:46,  6.66it/s]
     45%|####4     | 893/2000 [02:29<03:00,  6.14it/s]
     45%|####4     | 894/2000 [02:29<03:13,  5.73it/s]
     45%|####4     | 895/2000 [02:29<03:13,  5.71it/s]
     45%|####4     | 896/2000 [02:29<03:08,  5.87it/s]
     45%|####4     | 897/2000 [02:30<03:04,  5.98it/s]
     45%|####4     | 898/2000 [02:30<02:48,  6.55it/s]
     45%|####4     | 899/2000 [02:30<02:46,  6.60it/s]
     45%|####5     | 900/2000 [02:30<02:54,  6.29it/s]
     45%|####5     | 901/2000 [02:30<02:42,  6.77it/s]
     45%|####5     | 902/2000 [02:30<02:59,  6.11it/s]
     45%|####5     | 903/2000 [02:31<03:10,  5.76it/s]
     45%|####5     | 904/2000 [02:31<03:17,  5.56it/s]
     45%|####5     | 905/2000 [02:31<03:04,  5.95it/s]
     45%|####5     | 906/2000 [02:31<03:05,  5.91it/s]
     45%|####5     | 907/2000 [02:31<03:00,  6.07it/s]
     45%|####5     | 908/2000 [02:31<03:06,  5.84it/s]
     45%|####5     | 909/2000 [02:32<03:15,  5.59it/s]
     46%|####5     | 910/2000 [02:32<03:08,  5.79it/s]
     46%|####5     | 911/2000 [02:32<02:59,  6.07it/s]
     46%|####5     | 912/2000 [02:32<02:52,  6.29it/s]
     46%|####5     | 913/2000 [02:32<02:51,  6.34it/s]
     46%|####5     | 914/2000 [02:32<02:53,  6.28it/s]
     46%|####5     | 915/2000 [02:33<02:55,  6.17it/s]
     46%|####5     | 916/2000 [02:33<02:55,  6.16it/s]
     46%|####5     | 917/2000 [02:33<03:05,  5.83it/s]
     46%|####5     | 918/2000 [02:33<02:54,  6.19it/s]
     46%|####5     | 919/2000 [02:33<02:42,  6.64it/s]
     46%|####6     | 920/2000 [02:33<02:44,  6.56it/s]
     46%|####6     | 921/2000 [02:33<02:38,  6.82it/s]
     46%|####6     | 922/2000 [02:34<02:36,  6.87it/s]
     46%|####6     | 923/2000 [02:34<02:42,  6.65it/s]
     46%|####6     | 924/2000 [02:34<02:50,  6.31it/s]
     46%|####6     | 925/2000 [02:34<02:49,  6.33it/s]
     46%|####6     | 926/2000 [02:34<02:54,  6.17it/s]
     46%|####6     | 927/2000 [02:34<02:53,  6.19it/s]
     46%|####6     | 928/2000 [02:35<02:54,  6.13it/s]
     46%|####6     | 929/2000 [02:35<02:59,  5.95it/s]
     46%|####6     | 930/2000 [02:35<02:50,  6.27it/s]
     47%|####6     | 931/2000 [02:35<02:47,  6.37it/s]
     47%|####6     | 932/2000 [02:35<02:50,  6.27it/s]
     47%|####6     | 933/2000 [02:35<02:35,  6.84it/s]
     47%|####6     | 934/2000 [02:36<02:41,  6.60it/s]
     47%|####6     | 935/2000 [02:36<02:54,  6.11it/s]
     47%|####6     | 936/2000 [02:36<02:56,  6.01it/s]
     47%|####6     | 937/2000 [02:36<02:51,  6.19it/s]
     47%|####6     | 938/2000 [02:36<02:47,  6.34it/s]
     47%|####6     | 939/2000 [02:36<02:50,  6.23it/s]
     47%|####6     | 940/2000 [02:36<02:40,  6.60it/s]
     47%|####7     | 941/2000 [02:37<02:47,  6.33it/s]
     47%|####7     | 942/2000 [02:37<02:50,  6.19it/s]
     47%|####7     | 943/2000 [02:37<02:38,  6.65it/s]
     47%|####7     | 944/2000 [02:37<02:41,  6.53it/s]
     47%|####7     | 945/2000 [02:37<02:43,  6.46it/s]
     47%|####7     | 946/2000 [02:37<02:48,  6.27it/s]
     47%|####7     | 947/2000 [02:38<02:45,  6.36it/s]
     47%|####7     | 948/2000 [02:38<02:36,  6.71it/s]
     47%|####7     | 949/2000 [02:38<02:37,  6.66it/s]
     48%|####7     | 950/2000 [02:38<02:47,  6.28it/s]
     48%|####7     | 951/2000 [02:38<02:39,  6.59it/s]
     48%|####7     | 952/2000 [02:38<02:37,  6.67it/s]
     48%|####7     | 953/2000 [02:39<02:48,  6.22it/s]
     48%|####7     | 954/2000 [02:39<02:39,  6.56it/s]
     48%|####7     | 955/2000 [02:39<02:45,  6.31it/s]
     48%|####7     | 956/2000 [02:39<02:49,  6.18it/s]
     48%|####7     | 957/2000 [02:39<02:46,  6.28it/s]
     48%|####7     | 958/2000 [02:39<02:43,  6.38it/s]
     48%|####7     | 959/2000 [02:39<02:31,  6.86it/s]
     48%|####8     | 960/2000 [02:40<02:29,  6.97it/s]
     48%|####8     | 961/2000 [02:40<02:32,  6.84it/s]
     48%|####8     | 962/2000 [02:40<02:35,  6.67it/s]
     48%|####8     | 963/2000 [02:40<02:30,  6.88it/s]
     48%|####8     | 964/2000 [02:40<02:35,  6.68it/s]
     48%|####8     | 965/2000 [02:40<02:33,  6.75it/s]
     48%|####8     | 966/2000 [02:40<02:24,  7.13it/s]
     48%|####8     | 967/2000 [02:41<02:47,  6.17it/s]
     48%|####8     | 968/2000 [02:41<03:04,  5.60it/s]
     48%|####8     | 969/2000 [02:41<03:02,  5.66it/s]
     48%|####8     | 970/2000 [02:41<02:59,  5.74it/s]
     49%|####8     | 971/2000 [02:41<03:08,  5.46it/s]
     49%|####8     | 972/2000 [02:42<03:26,  4.97it/s]
     49%|####8     | 973/2000 [02:42<03:14,  5.28it/s]
     49%|####8     | 974/2000 [02:42<02:56,  5.80it/s]
     49%|####8     | 975/2000 [02:42<03:02,  5.62it/s]
     49%|####8     | 976/2000 [02:42<02:58,  5.74it/s]
     49%|####8     | 977/2000 [02:42<03:01,  5.64it/s]
     49%|####8     | 978/2000 [02:43<03:16,  5.20it/s]
     49%|####8     | 979/2000 [02:43<03:30,  4.85it/s]
     49%|####9     | 980/2000 [02:43<03:24,  4.98it/s]
     49%|####9     | 981/2000 [02:43<03:23,  5.00it/s]
     49%|####9     | 982/2000 [02:43<03:05,  5.50it/s]
     49%|####9     | 983/2000 [02:44<03:10,  5.33it/s]
     49%|####9     | 984/2000 [02:44<03:12,  5.28it/s]
     49%|####9     | 985/2000 [02:44<03:02,  5.57it/s]
     49%|####9     | 986/2000 [02:44<02:49,  5.99it/s]
     49%|####9     | 987/2000 [02:44<02:42,  6.23it/s]
     49%|####9     | 988/2000 [02:45<03:02,  5.54it/s]
     49%|####9     | 989/2000 [02:45<02:46,  6.08it/s]
     50%|####9     | 990/2000 [02:45<02:47,  6.03it/s]
     50%|####9     | 991/2000 [02:45<02:46,  6.07it/s]
     50%|####9     | 992/2000 [02:45<03:05,  5.43it/s]
     50%|####9     | 993/2000 [02:45<03:09,  5.32it/s]
     50%|####9     | 994/2000 [02:46<02:58,  5.62it/s]
     50%|####9     | 995/2000 [02:46<02:48,  5.96it/s]
     50%|####9     | 996/2000 [02:46<02:56,  5.69it/s]
     50%|####9     | 997/2000 [02:46<02:52,  5.81it/s]
     50%|####9     | 998/2000 [02:46<03:02,  5.50it/s]
     50%|####9     | 999/2000 [02:46<03:13,  5.17it/s]
     50%|#####     | 1000/2000 [02:47<03:02,  5.49it/s]
     50%|#####     | 1001/2000 [02:47<02:51,  5.82it/s]
     50%|#####     | 1002/2000 [02:47<02:49,  5.88it/s]
     50%|#####     | 1003/2000 [02:47<02:57,  5.63it/s]
     50%|#####     | 1004/2000 [02:47<02:46,  5.97it/s]
     50%|#####     | 1005/2000 [02:47<02:42,  6.14it/s]
     50%|#####     | 1006/2000 [02:48<02:43,  6.07it/s]
     50%|#####     | 1007/2000 [02:48<02:41,  6.16it/s]
     50%|#####     | 1008/2000 [02:48<02:39,  6.21it/s]
     50%|#####     | 1009/2000 [02:48<02:31,  6.56it/s]
     50%|#####     | 1010/2000 [02:48<02:29,  6.62it/s]
     51%|#####     | 1011/2000 [02:48<02:26,  6.74it/s]
     51%|#####     | 1012/2000 [02:49<02:28,  6.66it/s]
     51%|#####     | 1013/2000 [02:49<02:29,  6.59it/s]
     51%|#####     | 1014/2000 [02:49<02:35,  6.34it/s]
     51%|#####     | 1015/2000 [02:49<02:25,  6.78it/s]
     51%|#####     | 1016/2000 [02:49<02:26,  6.71it/s]
     51%|#####     | 1017/2000 [02:49<02:18,  7.09it/s]
     51%|#####     | 1018/2000 [02:49<02:30,  6.53it/s]
     51%|#####     | 1019/2000 [02:50<02:31,  6.49it/s]
     51%|#####1    | 1020/2000 [02:50<02:38,  6.17it/s]
     51%|#####1    | 1021/2000 [02:50<02:40,  6.12it/s]
     51%|#####1    | 1022/2000 [02:50<02:35,  6.30it/s]
     51%|#####1    | 1023/2000 [02:50<02:38,  6.17it/s]
     51%|#####1    | 1024/2000 [02:50<02:24,  6.74it/s]
     51%|#####1    | 1025/2000 [02:50<02:19,  6.99it/s]
     51%|#####1    | 1026/2000 [02:51<02:12,  7.36it/s]
     51%|#####1    | 1027/2000 [02:51<02:26,  6.65it/s]
     51%|#####1    | 1028/2000 [02:51<02:22,  6.84it/s]
     51%|#####1    | 1029/2000 [02:51<02:36,  6.21it/s]
     52%|#####1    | 1030/2000 [02:51<02:35,  6.24it/s]
     52%|#####1    | 1031/2000 [02:51<02:39,  6.09it/s]
     52%|#####1    | 1032/2000 [02:52<02:29,  6.47it/s]
     52%|#####1    | 1033/2000 [02:52<02:24,  6.68it/s]
     52%|#####1    | 1034/2000 [02:52<02:22,  6.80it/s]
     52%|#####1    | 1035/2000 [02:52<02:23,  6.71it/s]
     52%|#####1    | 1036/2000 [02:52<02:23,  6.70it/s]
     52%|#####1    | 1037/2000 [02:52<02:29,  6.44it/s]
     52%|#####1    | 1038/2000 [02:52<02:24,  6.64it/s]
     52%|#####1    | 1039/2000 [02:53<02:22,  6.75it/s]
     52%|#####2    | 1040/2000 [02:53<02:26,  6.56it/s]
     52%|#####2    | 1041/2000 [02:53<02:33,  6.23it/s]
     52%|#####2    | 1042/2000 [02:53<02:37,  6.07it/s]
     52%|#####2    | 1043/2000 [02:53<02:37,  6.08it/s]
     52%|#####2    | 1044/2000 [02:53<02:35,  6.15it/s]
     52%|#####2    | 1045/2000 [02:54<02:43,  5.86it/s]
     52%|#####2    | 1046/2000 [02:54<02:53,  5.50it/s]
     52%|#####2    | 1047/2000 [02:54<02:33,  6.19it/s]
     52%|#####2    | 1048/2000 [02:54<02:33,  6.20it/s]
     52%|#####2    | 1049/2000 [02:54<02:47,  5.69it/s]
     52%|#####2    | 1050/2000 [02:55<02:43,  5.81it/s]
     53%|#####2    | 1051/2000 [02:55<02:37,  6.03it/s]
     53%|#####2    | 1052/2000 [02:55<02:40,  5.91it/s]
     53%|#####2    | 1053/2000 [02:55<02:31,  6.25it/s]
     53%|#####2    | 1054/2000 [02:55<02:36,  6.03it/s]
     53%|#####2    | 1055/2000 [02:55<02:40,  5.88it/s]
     53%|#####2    | 1056/2000 [02:56<02:42,  5.82it/s]
     53%|#####2    | 1057/2000 [02:56<02:45,  5.69it/s]
     53%|#####2    | 1058/2000 [02:56<02:55,  5.36it/s]
     53%|#####2    | 1059/2000 [02:56<02:47,  5.63it/s]
     53%|#####3    | 1060/2000 [02:56<02:47,  5.62it/s]
     53%|#####3    | 1061/2000 [02:56<02:46,  5.64it/s]
     53%|#####3    | 1062/2000 [02:57<02:48,  5.55it/s]
     53%|#####3    | 1063/2000 [02:57<02:46,  5.61it/s]
     53%|#####3    | 1064/2000 [02:57<02:44,  5.68it/s]
     53%|#####3    | 1065/2000 [02:57<02:41,  5.80it/s]
     53%|#####3    | 1066/2000 [02:57<02:37,  5.93it/s]
     53%|#####3    | 1067/2000 [02:57<02:38,  5.88it/s]
     53%|#####3    | 1068/2000 [02:58<02:27,  6.32it/s]
     53%|#####3    | 1069/2000 [02:58<02:23,  6.47it/s]
     54%|#####3    | 1070/2000 [02:58<02:28,  6.25it/s]
     54%|#####3    | 1071/2000 [02:58<02:21,  6.57it/s]
     54%|#####3    | 1072/2000 [02:58<02:17,  6.74it/s]
     54%|#####3    | 1073/2000 [02:58<02:16,  6.81it/s]
     54%|#####3    | 1074/2000 [02:58<02:12,  6.98it/s]
     54%|#####3    | 1075/2000 [02:59<02:09,  7.16it/s]
     54%|#####3    | 1076/2000 [02:59<02:17,  6.74it/s]
     54%|#####3    | 1077/2000 [02:59<02:22,  6.46it/s]
     54%|#####3    | 1078/2000 [02:59<02:21,  6.53it/s]
     54%|#####3    | 1079/2000 [02:59<02:19,  6.62it/s]
     54%|#####4    | 1080/2000 [02:59<02:14,  6.86it/s]
     54%|#####4    | 1081/2000 [03:00<02:25,  6.30it/s]
     54%|#####4    | 1082/2000 [03:00<02:36,  5.86it/s]
     54%|#####4    | 1083/2000 [03:00<02:33,  5.95it/s]
     54%|#####4    | 1084/2000 [03:00<02:39,  5.75it/s]
     54%|#####4    | 1085/2000 [03:00<02:46,  5.48it/s]
     54%|#####4    | 1086/2000 [03:00<02:42,  5.63it/s]
     54%|#####4    | 1087/2000 [03:01<02:35,  5.87it/s]
     54%|#####4    | 1088/2000 [03:01<02:23,  6.34it/s]
     54%|#####4    | 1089/2000 [03:01<02:28,  6.15it/s]
     55%|#####4    | 1090/2000 [03:01<02:36,  5.82it/s]
     55%|#####4    | 1091/2000 [03:01<02:34,  5.90it/s]
     55%|#####4    | 1092/2000 [03:01<02:37,  5.76it/s]
     55%|#####4    | 1093/2000 [03:02<02:49,  5.36it/s]
     55%|#####4    | 1094/2000 [03:02<02:42,  5.56it/s]
     55%|#####4    | 1095/2000 [03:02<02:33,  5.88it/s]
     55%|#####4    | 1096/2000 [03:02<02:27,  6.11it/s]
     55%|#####4    | 1097/2000 [03:02<02:21,  6.39it/s]
     55%|#####4    | 1098/2000 [03:02<02:14,  6.70it/s]
     55%|#####4    | 1099/2000 [03:03<02:11,  6.87it/s]
     55%|#####5    | 1100/2000 [03:03<02:17,  6.53it/s]
     55%|#####5    | 1101/2000 [03:03<02:15,  6.63it/s]
     55%|#####5    | 1102/2000 [03:03<02:13,  6.75it/s]
     55%|#####5    | 1103/2000 [03:03<02:17,  6.54it/s]
     55%|#####5    | 1104/2000 [03:03<02:04,  7.18it/s]
     55%|#####5    | 1105/2000 [03:03<02:03,  7.22it/s]
     55%|#####5    | 1106/2000 [03:04<02:11,  6.82it/s]
     55%|#####5    | 1107/2000 [03:04<02:28,  6.01it/s]
     55%|#####5    | 1108/2000 [03:04<02:41,  5.52it/s]
     55%|#####5    | 1109/2000 [03:04<02:28,  6.01it/s]
     56%|#####5    | 1110/2000 [03:04<02:29,  5.96it/s]
     56%|#####5    | 1111/2000 [03:04<02:35,  5.71it/s]
     56%|#####5    | 1112/2000 [03:05<02:40,  5.52it/s]
     56%|#####5    | 1113/2000 [03:05<02:46,  5.33it/s]
     56%|#####5    | 1114/2000 [03:05<02:34,  5.75it/s]
     56%|#####5    | 1115/2000 [03:05<02:35,  5.68it/s]
     56%|#####5    | 1116/2000 [03:05<02:31,  5.83it/s]
     56%|#####5    | 1117/2000 [03:06<02:32,  5.79it/s]
     56%|#####5    | 1118/2000 [03:06<02:34,  5.70it/s]
     56%|#####5    | 1119/2000 [03:06<02:31,  5.83it/s]
     56%|#####6    | 1120/2000 [03:06<02:31,  5.79it/s]
     56%|#####6    | 1121/2000 [03:06<02:30,  5.82it/s]
     56%|#####6    | 1122/2000 [03:06<02:38,  5.54it/s]
     56%|#####6    | 1123/2000 [03:07<02:42,  5.40it/s]
     56%|#####6    | 1124/2000 [03:07<02:50,  5.14it/s]
     56%|#####6    | 1125/2000 [03:07<02:40,  5.44it/s]
     56%|#####6    | 1126/2000 [03:07<02:27,  5.92it/s]
     56%|#####6    | 1127/2000 [03:07<02:25,  6.00it/s]
     56%|#####6    | 1128/2000 [03:07<02:24,  6.01it/s]
     56%|#####6    | 1129/2000 [03:08<02:33,  5.66it/s]
     56%|#####6    | 1130/2000 [03:08<02:37,  5.51it/s]
     57%|#####6    | 1131/2000 [03:08<02:29,  5.82it/s]
     57%|#####6    | 1132/2000 [03:08<02:34,  5.62it/s]
     57%|#####6    | 1133/2000 [03:08<02:26,  5.92it/s]
     57%|#####6    | 1134/2000 [03:09<02:22,  6.07it/s]
     57%|#####6    | 1135/2000 [03:09<02:22,  6.08it/s]
     57%|#####6    | 1136/2000 [03:09<02:13,  6.48it/s]
     57%|#####6    | 1137/2000 [03:09<02:07,  6.78it/s]
     57%|#####6    | 1138/2000 [03:09<02:08,  6.70it/s]
     57%|#####6    | 1139/2000 [03:09<02:09,  6.64it/s]
     57%|#####6    | 1140/2000 [03:09<02:12,  6.51it/s]
     57%|#####7    | 1141/2000 [03:10<02:13,  6.41it/s]
     57%|#####7    | 1142/2000 [03:10<02:28,  5.76it/s]
     57%|#####7    | 1143/2000 [03:10<02:30,  5.71it/s]
     57%|#####7    | 1144/2000 [03:10<02:24,  5.94it/s]
     57%|#####7    | 1145/2000 [03:10<02:08,  6.65it/s]
     57%|#####7    | 1146/2000 [03:10<02:01,  7.04it/s]
     57%|#####7    | 1147/2000 [03:11<02:07,  6.68it/s]
     57%|#####7    | 1148/2000 [03:11<01:59,  7.15it/s]
     57%|#####7    | 1149/2000 [03:11<02:15,  6.26it/s]
     57%|#####7    | 1150/2000 [03:11<02:12,  6.43it/s]
     58%|#####7    | 1151/2000 [03:11<02:15,  6.27it/s]
     58%|#####7    | 1152/2000 [03:11<02:23,  5.92it/s]
     58%|#####7    | 1153/2000 [03:11<02:16,  6.22it/s]
     58%|#####7    | 1154/2000 [03:12<02:38,  5.32it/s]
     58%|#####7    | 1155/2000 [03:12<02:30,  5.60it/s]
     58%|#####7    | 1156/2000 [03:12<02:23,  5.86it/s]
     58%|#####7    | 1157/2000 [03:12<02:24,  5.85it/s]
     58%|#####7    | 1158/2000 [03:12<02:25,  5.80it/s]
     58%|#####7    | 1159/2000 [03:13<02:25,  5.77it/s]
     58%|#####8    | 1160/2000 [03:13<02:29,  5.63it/s]
     58%|#####8    | 1161/2000 [03:13<02:40,  5.24it/s]
     58%|#####8    | 1162/2000 [03:13<02:36,  5.36it/s]
     58%|#####8    | 1163/2000 [03:13<03:08,  4.44it/s]
     58%|#####8    | 1164/2000 [03:14<03:11,  4.36it/s]
     58%|#####8    | 1165/2000 [03:14<03:05,  4.51it/s]
     58%|#####8    | 1166/2000 [03:14<03:03,  4.54it/s]
     58%|#####8    | 1167/2000 [03:14<03:06,  4.46it/s]
     58%|#####8    | 1168/2000 [03:15<02:51,  4.85it/s]
     58%|#####8    | 1169/2000 [03:15<02:37,  5.28it/s]
     58%|#####8    | 1170/2000 [03:15<03:02,  4.54it/s]
     59%|#####8    | 1171/2000 [03:15<03:05,  4.47it/s]
     59%|#####8    | 1172/2000 [03:15<02:49,  4.89it/s]
     59%|#####8    | 1173/2000 [03:16<02:43,  5.06it/s]
     59%|#####8    | 1174/2000 [03:16<02:31,  5.46it/s]
     59%|#####8    | 1175/2000 [03:16<02:33,  5.37it/s]
     59%|#####8    | 1176/2000 [03:16<02:39,  5.17it/s]
     59%|#####8    | 1177/2000 [03:16<02:52,  4.76it/s]
     59%|#####8    | 1178/2000 [03:17<03:21,  4.07it/s]
     59%|#####8    | 1179/2000 [03:17<03:08,  4.36it/s]
     59%|#####8    | 1180/2000 [03:17<02:59,  4.57it/s]
     59%|#####9    | 1181/2000 [03:17<02:46,  4.92it/s]
     59%|#####9    | 1182/2000 [03:17<02:32,  5.36it/s]
     59%|#####9    | 1183/2000 [03:18<02:26,  5.59it/s]
     59%|#####9    | 1184/2000 [03:18<02:18,  5.89it/s]
     59%|#####9    | 1185/2000 [03:18<02:17,  5.92it/s]
     59%|#####9    | 1186/2000 [03:18<02:07,  6.37it/s]
     59%|#####9    | 1187/2000 [03:18<02:00,  6.73it/s]
     59%|#####9    | 1188/2000 [03:18<02:00,  6.72it/s]
     59%|#####9    | 1189/2000 [03:18<01:55,  7.05it/s]
     60%|#####9    | 1190/2000 [03:19<02:00,  6.72it/s]
     60%|#####9    | 1191/2000 [03:19<02:04,  6.52it/s]
     60%|#####9    | 1192/2000 [03:19<02:03,  6.55it/s]
     60%|#####9    | 1193/2000 [03:19<01:53,  7.14it/s]
     60%|#####9    | 1194/2000 [03:19<01:56,  6.93it/s]
     60%|#####9    | 1195/2000 [03:19<01:50,  7.31it/s]
     60%|#####9    | 1196/2000 [03:19<01:49,  7.34it/s]
     60%|#####9    | 1197/2000 [03:20<01:50,  7.27it/s]
     60%|#####9    | 1198/2000 [03:20<01:53,  7.07it/s]
     60%|#####9    | 1199/2000 [03:20<01:45,  7.62it/s]
     60%|######    | 1200/2000 [03:20<01:51,  7.19it/s]
     60%|######    | 1201/2000 [03:20<01:58,  6.77it/s]
     60%|######    | 1202/2000 [03:20<02:06,  6.33it/s]
     60%|######    | 1203/2000 [03:20<02:04,  6.39it/s]
     60%|######    | 1204/2000 [03:21<02:03,  6.47it/s]
     60%|######    | 1205/2000 [03:21<02:11,  6.04it/s]
     60%|######    | 1206/2000 [03:21<02:13,  5.93it/s]
     60%|######    | 1207/2000 [03:21<02:09,  6.12it/s]
     60%|######    | 1208/2000 [03:21<02:09,  6.09it/s]
     60%|######    | 1209/2000 [03:21<02:13,  5.93it/s]
     60%|######    | 1210/2000 [03:22<02:28,  5.31it/s]
     61%|######    | 1211/2000 [03:22<02:28,  5.33it/s]
     61%|######    | 1212/2000 [03:22<02:31,  5.18it/s]
     61%|######    | 1213/2000 [03:22<02:28,  5.30it/s]
     61%|######    | 1214/2000 [03:22<02:37,  4.99it/s]
     61%|######    | 1215/2000 [03:23<02:29,  5.26it/s]
     61%|######    | 1216/2000 [03:23<02:25,  5.39it/s]
     61%|######    | 1217/2000 [03:23<02:15,  5.76it/s]
     61%|######    | 1218/2000 [03:23<02:05,  6.23it/s]
     61%|######    | 1219/2000 [03:23<02:05,  6.21it/s]
     61%|######1   | 1220/2000 [03:23<02:06,  6.17it/s]
     61%|######1   | 1221/2000 [03:24<01:58,  6.59it/s]
     61%|######1   | 1222/2000 [03:24<02:04,  6.23it/s]
     61%|######1   | 1223/2000 [03:24<01:58,  6.58it/s]
     61%|######1   | 1224/2000 [03:24<01:56,  6.65it/s]
     61%|######1   | 1225/2000 [03:24<01:54,  6.75it/s]
     61%|######1   | 1226/2000 [03:24<02:08,  6.00it/s]
     61%|######1   | 1227/2000 [03:25<02:21,  5.47it/s]
     61%|######1   | 1228/2000 [03:25<02:21,  5.47it/s]
     61%|######1   | 1229/2000 [03:25<02:22,  5.42it/s]
     62%|######1   | 1230/2000 [03:25<02:16,  5.65it/s]
     62%|######1   | 1231/2000 [03:25<02:12,  5.79it/s]
     62%|######1   | 1232/2000 [03:25<02:06,  6.05it/s]
     62%|######1   | 1233/2000 [03:26<02:13,  5.74it/s]
     62%|######1   | 1234/2000 [03:26<02:18,  5.51it/s]
     62%|######1   | 1235/2000 [03:26<02:20,  5.45it/s]
     62%|######1   | 1236/2000 [03:26<02:21,  5.39it/s]
     62%|######1   | 1237/2000 [03:26<02:10,  5.84it/s]
     62%|######1   | 1238/2000 [03:26<02:02,  6.20it/s]
     62%|######1   | 1239/2000 [03:27<02:12,  5.73it/s]
     62%|######2   | 1240/2000 [03:27<02:17,  5.52it/s]
     62%|######2   | 1241/2000 [03:27<02:14,  5.63it/s]
     62%|######2   | 1242/2000 [03:27<02:03,  6.11it/s]
     62%|######2   | 1243/2000 [03:27<02:03,  6.11it/s]
     62%|######2   | 1244/2000 [03:27<01:59,  6.34it/s]
     62%|######2   | 1245/2000 [03:28<02:02,  6.14it/s]
     62%|######2   | 1246/2000 [03:28<01:57,  6.40it/s]
     62%|######2   | 1247/2000 [03:28<01:57,  6.41it/s]
     62%|######2   | 1248/2000 [03:28<01:49,  6.90it/s]
     62%|######2   | 1249/2000 [03:28<01:46,  7.06it/s]
     62%|######2   | 1250/2000 [03:28<01:46,  7.02it/s]
     63%|######2   | 1251/2000 [03:29<01:58,  6.33it/s]
     63%|######2   | 1252/2000 [03:29<02:06,  5.90it/s]
     63%|######2   | 1253/2000 [03:29<02:01,  6.13it/s]
     63%|######2   | 1254/2000 [03:29<02:06,  5.91it/s]
     63%|######2   | 1255/2000 [03:29<02:01,  6.14it/s]
     63%|######2   | 1257/2000 [03:29<01:54,  6.51it/s]
     63%|######2   | 1258/2000 [03:30<01:54,  6.47it/s]
     63%|######2   | 1259/2000 [03:30<02:00,  6.14it/s]
     63%|######3   | 1260/2000 [03:30<02:01,  6.11it/s]
     63%|######3   | 1261/2000 [03:30<02:08,  5.74it/s]
     63%|######3   | 1262/2000 [03:30<02:17,  5.38it/s]
     63%|######3   | 1263/2000 [03:31<02:09,  5.71it/s]
     63%|######3   | 1264/2000 [03:31<02:06,  5.84it/s]
     63%|######3   | 1265/2000 [03:31<02:07,  5.78it/s]
     63%|######3   | 1266/2000 [03:31<02:11,  5.56it/s]
     63%|######3   | 1267/2000 [03:31<02:19,  5.25it/s]
     63%|######3   | 1268/2000 [03:32<02:21,  5.16it/s]
     63%|######3   | 1269/2000 [03:32<02:20,  5.21it/s]
     64%|######3   | 1270/2000 [03:32<02:12,  5.51it/s]
     64%|######3   | 1271/2000 [03:32<02:12,  5.50it/s]
     64%|######3   | 1272/2000 [03:32<02:12,  5.48it/s]
     64%|######3   | 1273/2000 [03:32<02:18,  5.26it/s]
     64%|######3   | 1274/2000 [03:33<02:20,  5.16it/s]
     64%|######3   | 1275/2000 [03:33<02:33,  4.74it/s]
     64%|######3   | 1276/2000 [03:33<02:24,  5.01it/s]
     64%|######3   | 1277/2000 [03:33<02:24,  4.99it/s]
     64%|######3   | 1278/2000 [03:33<02:25,  4.98it/s]
     64%|######3   | 1279/2000 [03:34<02:26,  4.93it/s]
     64%|######4   | 1280/2000 [03:34<02:24,  4.98it/s]
     64%|######4   | 1281/2000 [03:34<02:11,  5.46it/s]
     64%|######4   | 1282/2000 [03:34<02:00,  5.96it/s]
     64%|######4   | 1283/2000 [03:34<01:58,  6.07it/s]
     64%|######4   | 1284/2000 [03:34<01:57,  6.07it/s]
     64%|######4   | 1285/2000 [03:35<01:57,  6.07it/s]
     64%|######4   | 1286/2000 [03:35<01:50,  6.45it/s]
     64%|######4   | 1287/2000 [03:35<01:48,  6.57it/s]
     64%|######4   | 1288/2000 [03:35<01:49,  6.52it/s]
     64%|######4   | 1289/2000 [03:35<01:48,  6.55it/s]
     64%|######4   | 1290/2000 [03:35<01:51,  6.36it/s]
     65%|######4   | 1291/2000 [03:36<01:55,  6.16it/s]
     65%|######4   | 1292/2000 [03:36<01:57,  6.02it/s]
     65%|######4   | 1293/2000 [03:36<01:57,  6.04it/s]
     65%|######4   | 1294/2000 [03:36<01:59,  5.90it/s]
     65%|######4   | 1295/2000 [03:36<01:54,  6.13it/s]
     65%|######4   | 1296/2000 [03:36<01:53,  6.19it/s]
     65%|######4   | 1297/2000 [03:37<01:47,  6.52it/s]
     65%|######4   | 1298/2000 [03:37<01:42,  6.82it/s]
     65%|######4   | 1299/2000 [03:37<01:49,  6.41it/s]
     65%|######5   | 1300/2000 [03:37<01:48,  6.45it/s]
     65%|######5   | 1301/2000 [03:37<01:59,  5.87it/s]
     65%|######5   | 1302/2000 [03:37<02:05,  5.57it/s]
     65%|######5   | 1303/2000 [03:38<01:56,  5.96it/s]
     65%|######5   | 1304/2000 [03:38<01:53,  6.11it/s]
     65%|######5   | 1305/2000 [03:38<01:59,  5.79it/s]
     65%|######5   | 1306/2000 [03:38<02:01,  5.70it/s]
     65%|######5   | 1307/2000 [03:38<02:06,  5.49it/s]
     65%|######5   | 1308/2000 [03:38<02:03,  5.61it/s]
     65%|######5   | 1309/2000 [03:39<01:59,  5.78it/s]
     66%|######5   | 1310/2000 [03:39<01:50,  6.23it/s]
     66%|######5   | 1311/2000 [03:39<01:50,  6.22it/s]
     66%|######5   | 1312/2000 [03:39<01:45,  6.51it/s]
     66%|######5   | 1313/2000 [03:39<01:46,  6.44it/s]
     66%|######5   | 1314/2000 [03:39<01:46,  6.46it/s]
     66%|######5   | 1315/2000 [03:40<01:51,  6.12it/s]
     66%|######5   | 1316/2000 [03:40<01:50,  6.21it/s]
     66%|######5   | 1317/2000 [03:40<01:50,  6.17it/s]
     66%|######5   | 1318/2000 [03:40<01:48,  6.31it/s]
     66%|######5   | 1319/2000 [03:40<01:52,  6.05it/s]
     66%|######6   | 1320/2000 [03:40<01:52,  6.04it/s]
     66%|######6   | 1321/2000 [03:40<01:44,  6.50it/s]
     66%|######6   | 1322/2000 [03:41<01:44,  6.49it/s]
     66%|######6   | 1323/2000 [03:41<01:51,  6.05it/s]
     66%|######6   | 1324/2000 [03:41<01:49,  6.17it/s]
     66%|######6   | 1325/2000 [03:41<01:51,  6.05it/s]
     66%|######6   | 1326/2000 [03:41<01:51,  6.07it/s]
     66%|######6   | 1327/2000 [03:41<01:50,  6.10it/s]
     66%|######6   | 1328/2000 [03:42<01:52,  5.99it/s]
     66%|######6   | 1329/2000 [03:42<01:58,  5.68it/s]
     66%|######6   | 1330/2000 [03:42<01:59,  5.60it/s]
     67%|######6   | 1331/2000 [03:42<02:00,  5.54it/s]
     67%|######6   | 1332/2000 [03:42<02:03,  5.42it/s]
     67%|######6   | 1333/2000 [03:43<02:02,  5.45it/s]
     67%|######6   | 1334/2000 [03:43<02:13,  4.98it/s]
     67%|######6   | 1335/2000 [03:43<02:18,  4.79it/s]
     67%|######6   | 1336/2000 [03:43<02:15,  4.89it/s]
     67%|######6   | 1337/2000 [03:43<02:13,  4.98it/s]
     67%|######6   | 1338/2000 [03:44<02:23,  4.63it/s]
     67%|######6   | 1339/2000 [03:44<02:21,  4.67it/s]
     67%|######7   | 1340/2000 [03:44<02:17,  4.80it/s]
     67%|######7   | 1341/2000 [03:44<02:39,  4.13it/s]
     67%|######7   | 1342/2000 [03:45<02:38,  4.15it/s]
     67%|######7   | 1343/2000 [03:45<02:38,  4.14it/s]
     67%|######7   | 1344/2000 [03:45<02:31,  4.34it/s]
     67%|######7   | 1345/2000 [03:45<02:16,  4.81it/s]
     67%|######7   | 1346/2000 [03:45<02:04,  5.27it/s]
     67%|######7   | 1347/2000 [03:46<02:00,  5.42it/s]
     67%|######7   | 1348/2000 [03:46<01:54,  5.72it/s]
     67%|######7   | 1349/2000 [03:46<01:55,  5.62it/s]
     68%|######7   | 1350/2000 [03:46<01:51,  5.81it/s]
     68%|######7   | 1351/2000 [03:46<01:45,  6.14it/s]
     68%|######7   | 1352/2000 [03:46<01:36,  6.73it/s]
     68%|######7   | 1353/2000 [03:46<01:33,  6.95it/s]
     68%|######7   | 1354/2000 [03:47<01:34,  6.84it/s]
     68%|######7   | 1355/2000 [03:47<01:36,  6.71it/s]
     68%|######7   | 1356/2000 [03:47<01:35,  6.73it/s]
     68%|######7   | 1357/2000 [03:47<01:55,  5.54it/s]
     68%|######7   | 1358/2000 [03:47<01:52,  5.69it/s]
     68%|######7   | 1359/2000 [03:48<01:54,  5.59it/s]
     68%|######8   | 1360/2000 [03:48<01:52,  5.71it/s]
     68%|######8   | 1361/2000 [03:48<01:52,  5.70it/s]
     68%|######8   | 1362/2000 [03:48<01:50,  5.79it/s]
     68%|######8   | 1363/2000 [03:48<01:49,  5.84it/s]
     68%|######8   | 1364/2000 [03:48<01:50,  5.78it/s]
     68%|######8   | 1365/2000 [03:49<01:46,  5.96it/s]
     68%|######8   | 1366/2000 [03:49<01:45,  5.99it/s]
     68%|######8   | 1367/2000 [03:49<01:46,  5.92it/s]
     68%|######8   | 1368/2000 [03:49<01:45,  5.99it/s]
     68%|######8   | 1369/2000 [03:49<01:45,  5.96it/s]
     68%|######8   | 1370/2000 [03:49<01:41,  6.18it/s]
     69%|######8   | 1371/2000 [03:50<01:50,  5.69it/s]
     69%|######8   | 1372/2000 [03:50<02:02,  5.12it/s]
     69%|######8   | 1373/2000 [03:50<02:27,  4.26it/s]
     69%|######8   | 1374/2000 [03:50<02:14,  4.66it/s]
     69%|######8   | 1375/2000 [03:51<02:23,  4.36it/s]
     69%|######8   | 1376/2000 [03:51<02:52,  3.63it/s]
     69%|######8   | 1377/2000 [03:51<02:38,  3.92it/s]
     69%|######8   | 1378/2000 [03:51<02:23,  4.34it/s]
     69%|######8   | 1379/2000 [03:52<02:35,  4.00it/s]
     69%|######9   | 1380/2000 [03:52<02:49,  3.66it/s]
     69%|######9   | 1381/2000 [03:52<02:57,  3.48it/s]
     69%|######9   | 1382/2000 [03:52<02:48,  3.68it/s]
     69%|######9   | 1383/2000 [03:53<02:31,  4.07it/s]
     69%|######9   | 1384/2000 [03:53<02:25,  4.24it/s]
     69%|######9   | 1385/2000 [03:53<02:09,  4.74it/s]
     69%|######9   | 1386/2000 [03:53<01:59,  5.15it/s]
     69%|######9   | 1387/2000 [03:53<01:53,  5.41it/s]
     69%|######9   | 1388/2000 [03:54<01:57,  5.19it/s]
     69%|######9   | 1389/2000 [03:54<01:58,  5.16it/s]
     70%|######9   | 1390/2000 [03:54<02:10,  4.68it/s]
     70%|######9   | 1391/2000 [03:54<02:00,  5.03it/s]
     70%|######9   | 1392/2000 [03:54<01:57,  5.17it/s]
     70%|######9   | 1393/2000 [03:54<01:44,  5.80it/s]
     70%|######9   | 1394/2000 [03:55<01:48,  5.60it/s]
     70%|######9   | 1396/2000 [03:55<01:32,  6.52it/s]
     70%|######9   | 1397/2000 [03:55<01:35,  6.31it/s]
     70%|######9   | 1398/2000 [03:55<01:42,  5.89it/s]
     70%|######9   | 1399/2000 [03:55<01:37,  6.17it/s]
     70%|#######   | 1400/2000 [03:56<01:37,  6.17it/s]
     70%|#######   | 1401/2000 [03:56<01:35,  6.30it/s]
     70%|#######   | 1402/2000 [03:56<01:36,  6.20it/s]
     70%|#######   | 1403/2000 [03:56<01:33,  6.38it/s]
     70%|#######   | 1404/2000 [03:56<01:31,  6.55it/s]
     70%|#######   | 1405/2000 [03:56<01:25,  6.93it/s]
     70%|#######   | 1406/2000 [03:56<01:25,  6.97it/s]
     70%|#######   | 1407/2000 [03:57<01:32,  6.41it/s]
     70%|#######   | 1408/2000 [03:57<01:38,  6.01it/s]
     70%|#######   | 1409/2000 [03:57<01:49,  5.41it/s]
     70%|#######   | 1410/2000 [03:57<02:04,  4.73it/s]
     71%|#######   | 1411/2000 [03:58<02:12,  4.44it/s]
     71%|#######   | 1412/2000 [03:58<02:04,  4.72it/s]
     71%|#######   | 1413/2000 [03:58<02:07,  4.62it/s]
     71%|#######   | 1414/2000 [03:58<01:57,  4.99it/s]
     71%|#######   | 1415/2000 [03:58<01:48,  5.39it/s]
     71%|#######   | 1416/2000 [03:59<01:52,  5.19it/s]
     71%|#######   | 1417/2000 [03:59<01:51,  5.24it/s]
     71%|#######   | 1418/2000 [03:59<01:59,  4.87it/s]
     71%|#######   | 1419/2000 [03:59<02:10,  4.44it/s]
     71%|#######1  | 1420/2000 [03:59<02:11,  4.40it/s]
     71%|#######1  | 1421/2000 [04:00<02:20,  4.13it/s]
     71%|#######1  | 1422/2000 [04:00<02:14,  4.30it/s]
     71%|#######1  | 1423/2000 [04:00<01:58,  4.89it/s]
     71%|#######1  | 1424/2000 [04:00<01:45,  5.48it/s]
     71%|#######1  | 1425/2000 [04:00<01:36,  5.95it/s]
     71%|#######1  | 1426/2000 [04:01<01:40,  5.72it/s]
     71%|#######1  | 1427/2000 [04:01<01:59,  4.80it/s]
     71%|#######1  | 1428/2000 [04:01<01:55,  4.93it/s]
     71%|#######1  | 1429/2000 [04:01<01:58,  4.83it/s]
     72%|#######1  | 1430/2000 [04:02<02:04,  4.59it/s]
     72%|#######1  | 1431/2000 [04:02<02:01,  4.70it/s]
     72%|#######1  | 1432/2000 [04:02<01:57,  4.82it/s]
     72%|#######1  | 1433/2000 [04:02<01:50,  5.12it/s]
     72%|#######1  | 1434/2000 [04:02<01:52,  5.05it/s]
     72%|#######1  | 1435/2000 [04:02<01:45,  5.33it/s]
     72%|#######1  | 1436/2000 [04:03<01:46,  5.27it/s]
     72%|#######1  | 1437/2000 [04:03<01:44,  5.40it/s]
     72%|#######1  | 1438/2000 [04:03<01:36,  5.84it/s]
     72%|#######1  | 1439/2000 [04:03<01:34,  5.95it/s]
     72%|#######2  | 1440/2000 [04:03<01:33,  5.99it/s]
     72%|#######2  | 1441/2000 [04:03<01:33,  5.98it/s]
     72%|#######2  | 1442/2000 [04:04<01:34,  5.90it/s]
     72%|#######2  | 1443/2000 [04:04<01:32,  6.02it/s]
     72%|#######2  | 1444/2000 [04:04<01:30,  6.15it/s]
     72%|#######2  | 1445/2000 [04:04<01:32,  6.02it/s]
     72%|#######2  | 1446/2000 [04:04<01:31,  6.05it/s]
     72%|#######2  | 1447/2000 [04:04<01:29,  6.17it/s]
     72%|#######2  | 1448/2000 [04:05<01:27,  6.31it/s]
     72%|#######2  | 1449/2000 [04:05<01:22,  6.66it/s]
     72%|#######2  | 1450/2000 [04:05<01:26,  6.36it/s]
     73%|#######2  | 1451/2000 [04:05<01:25,  6.40it/s]
     73%|#######2  | 1452/2000 [04:05<01:36,  5.68it/s]
     73%|#######2  | 1453/2000 [04:05<01:34,  5.77it/s]
     73%|#######2  | 1454/2000 [04:06<01:38,  5.54it/s]
     73%|#######2  | 1455/2000 [04:06<01:40,  5.41it/s]
     73%|#######2  | 1456/2000 [04:06<01:39,  5.44it/s]
     73%|#######2  | 1457/2000 [04:06<01:36,  5.64it/s]
     73%|#######2  | 1458/2000 [04:06<01:31,  5.91it/s]
     73%|#######2  | 1459/2000 [04:06<01:28,  6.12it/s]
     73%|#######3  | 1460/2000 [04:07<01:35,  5.63it/s]
     73%|#######3  | 1461/2000 [04:07<01:39,  5.40it/s]
     73%|#######3  | 1462/2000 [04:07<01:33,  5.77it/s]
     73%|#######3  | 1463/2000 [04:07<01:35,  5.64it/s]
     73%|#######3  | 1464/2000 [04:07<01:35,  5.62it/s]
     73%|#######3  | 1465/2000 [04:08<01:45,  5.05it/s]
     73%|#######3  | 1466/2000 [04:08<01:50,  4.85it/s]
     73%|#######3  | 1467/2000 [04:08<01:42,  5.18it/s]
     73%|#######3  | 1468/2000 [04:08<01:37,  5.43it/s]
     73%|#######3  | 1469/2000 [04:08<01:29,  5.91it/s]
     74%|#######3  | 1470/2000 [04:08<01:28,  5.99it/s]
     74%|#######3  | 1471/2000 [04:09<01:29,  5.92it/s]
     74%|#######3  | 1472/2000 [04:09<01:23,  6.35it/s]
     74%|#######3  | 1473/2000 [04:09<01:25,  6.18it/s]
     74%|#######3  | 1474/2000 [04:09<01:20,  6.52it/s]
     74%|#######3  | 1475/2000 [04:09<01:21,  6.44it/s]
     74%|#######3  | 1476/2000 [04:09<01:23,  6.28it/s]
     74%|#######3  | 1477/2000 [04:10<01:25,  6.08it/s]
     74%|#######3  | 1478/2000 [04:10<01:23,  6.25it/s]
     74%|#######3  | 1479/2000 [04:10<01:19,  6.56it/s]
     74%|#######4  | 1480/2000 [04:10<01:19,  6.54it/s]
     74%|#######4  | 1481/2000 [04:10<01:18,  6.63it/s]
     74%|#######4  | 1482/2000 [04:10<01:12,  7.15it/s]
     74%|#######4  | 1483/2000 [04:10<01:13,  7.07it/s]
     74%|#######4  | 1484/2000 [04:11<01:17,  6.69it/s]
     74%|#######4  | 1485/2000 [04:11<01:20,  6.38it/s]
     74%|#######4  | 1486/2000 [04:11<01:21,  6.31it/s]
     74%|#######4  | 1487/2000 [04:11<01:16,  6.68it/s]
     74%|#######4  | 1488/2000 [04:11<01:20,  6.35it/s]
     74%|#######4  | 1489/2000 [04:11<01:24,  6.04it/s]
     74%|#######4  | 1490/2000 [04:12<01:27,  5.81it/s]
     75%|#######4  | 1491/2000 [04:12<01:33,  5.43it/s]
     75%|#######4  | 1492/2000 [04:12<01:35,  5.32it/s]
     75%|#######4  | 1493/2000 [04:12<01:37,  5.21it/s]
     75%|#######4  | 1494/2000 [04:12<01:35,  5.29it/s]
     75%|#######4  | 1495/2000 [04:13<01:34,  5.34it/s]
     75%|#######4  | 1496/2000 [04:13<01:29,  5.60it/s]
     75%|#######4  | 1497/2000 [04:13<01:56,  4.31it/s]
     75%|#######4  | 1498/2000 [04:13<01:57,  4.27it/s]
     75%|#######4  | 1499/2000 [04:14<01:54,  4.39it/s]
     75%|#######5  | 1500/2000 [04:14<01:48,  4.60it/s]
     75%|#######5  | 1501/2000 [04:14<01:44,  4.78it/s]
     75%|#######5  | 1502/2000 [04:14<01:41,  4.91it/s]
     75%|#######5  | 1503/2000 [04:14<01:41,  4.89it/s]
     75%|#######5  | 1504/2000 [04:15<01:44,  4.73it/s]
     75%|#######5  | 1505/2000 [04:15<01:40,  4.93it/s]
     75%|#######5  | 1506/2000 [04:15<01:38,  4.99it/s]
     75%|#######5  | 1507/2000 [04:15<01:37,  5.08it/s]
     75%|#######5  | 1508/2000 [04:15<01:33,  5.27it/s]
     75%|#######5  | 1509/2000 [04:16<01:35,  5.15it/s]
     76%|#######5  | 1510/2000 [04:16<01:33,  5.26it/s]
     76%|#######5  | 1511/2000 [04:16<01:27,  5.60it/s]
     76%|#######5  | 1512/2000 [04:16<01:57,  4.16it/s]
     76%|#######5  | 1513/2000 [04:16<01:50,  4.41it/s]
     76%|#######5  | 1514/2000 [04:17<01:35,  5.07it/s]
     76%|#######5  | 1515/2000 [04:17<01:30,  5.36it/s]
     76%|#######5  | 1516/2000 [04:17<01:33,  5.17it/s]
     76%|#######5  | 1517/2000 [04:17<01:32,  5.22it/s]
     76%|#######5  | 1518/2000 [04:17<01:29,  5.36it/s]
     76%|#######5  | 1519/2000 [04:17<01:28,  5.46it/s]
     76%|#######6  | 1520/2000 [04:18<01:24,  5.66it/s]
     76%|#######6  | 1521/2000 [04:18<01:19,  5.99it/s]
     76%|#######6  | 1522/2000 [04:18<01:14,  6.45it/s]
     76%|#######6  | 1523/2000 [04:18<01:10,  6.76it/s]
     76%|#######6  | 1524/2000 [04:18<01:17,  6.15it/s]
     76%|#######6  | 1525/2000 [04:18<01:22,  5.73it/s]
     76%|#######6  | 1526/2000 [04:19<01:25,  5.52it/s]
     76%|#######6  | 1527/2000 [04:19<01:26,  5.49it/s]
     76%|#######6  | 1528/2000 [04:19<01:28,  5.32it/s]
     76%|#######6  | 1529/2000 [04:19<01:24,  5.57it/s]
     76%|#######6  | 1530/2000 [04:19<01:22,  5.68it/s]
     77%|#######6  | 1531/2000 [04:19<01:22,  5.72it/s]
     77%|#######6  | 1532/2000 [04:20<01:20,  5.83it/s]
     77%|#######6  | 1533/2000 [04:20<01:20,  5.79it/s]
     77%|#######6  | 1534/2000 [04:20<01:21,  5.75it/s]
     77%|#######6  | 1535/2000 [04:20<01:22,  5.61it/s]
     77%|#######6  | 1536/2000 [04:20<01:21,  5.69it/s]
     77%|#######6  | 1537/2000 [04:21<01:18,  5.87it/s]
     77%|#######6  | 1538/2000 [04:21<01:18,  5.85it/s]
     77%|#######6  | 1539/2000 [04:21<01:15,  6.11it/s]
     77%|#######7  | 1540/2000 [04:21<01:24,  5.43it/s]
     77%|#######7  | 1541/2000 [04:21<01:21,  5.64it/s]
     77%|#######7  | 1542/2000 [04:21<01:15,  6.08it/s]
     77%|#######7  | 1543/2000 [04:22<01:17,  5.88it/s]
     77%|#######7  | 1544/2000 [04:22<01:28,  5.14it/s]
     77%|#######7  | 1545/2000 [04:22<01:32,  4.94it/s]
     77%|#######7  | 1546/2000 [04:22<01:31,  4.95it/s]
     77%|#######7  | 1547/2000 [04:22<01:27,  5.20it/s]
     77%|#######7  | 1548/2000 [04:23<01:30,  5.01it/s]
     77%|#######7  | 1549/2000 [04:23<01:27,  5.13it/s]
     78%|#######7  | 1550/2000 [04:23<01:20,  5.58it/s]
     78%|#######7  | 1551/2000 [04:23<01:17,  5.77it/s]
     78%|#######7  | 1552/2000 [04:23<01:14,  6.00it/s]
     78%|#######7  | 1553/2000 [04:23<01:11,  6.25it/s]
     78%|#######7  | 1554/2000 [04:24<01:11,  6.21it/s]
     78%|#######7  | 1555/2000 [04:24<01:36,  4.59it/s]
     78%|#######7  | 1556/2000 [04:24<01:34,  4.72it/s]
     78%|#######7  | 1557/2000 [04:24<01:30,  4.88it/s]
     78%|#######7  | 1558/2000 [04:24<01:27,  5.03it/s]
     78%|#######7  | 1559/2000 [04:25<01:26,  5.10it/s]
     78%|#######8  | 1560/2000 [04:25<01:26,  5.06it/s]
     78%|#######8  | 1561/2000 [04:25<01:26,  5.05it/s]
     78%|#######8  | 1562/2000 [04:25<01:20,  5.45it/s]
     78%|#######8  | 1563/2000 [04:25<01:18,  5.55it/s]
     78%|#######8  | 1564/2000 [04:26<01:25,  5.12it/s]
     78%|#######8  | 1565/2000 [04:26<01:18,  5.53it/s]
     78%|#######8  | 1566/2000 [04:26<01:17,  5.61it/s]
     78%|#######8  | 1567/2000 [04:26<01:14,  5.82it/s]
     78%|#######8  | 1568/2000 [04:26<01:14,  5.81it/s]
     78%|#######8  | 1569/2000 [04:26<01:15,  5.72it/s]
     78%|#######8  | 1570/2000 [04:27<01:14,  5.79it/s]
     79%|#######8  | 1571/2000 [04:27<01:14,  5.77it/s]
     79%|#######8  | 1572/2000 [04:27<01:16,  5.61it/s]
     79%|#######8  | 1573/2000 [04:27<01:17,  5.51it/s]
     79%|#######8  | 1574/2000 [04:27<01:21,  5.24it/s]
     79%|#######8  | 1575/2000 [04:28<01:22,  5.15it/s]
     79%|#######8  | 1576/2000 [04:28<01:21,  5.22it/s]
     79%|#######8  | 1577/2000 [04:28<01:19,  5.30it/s]
     79%|#######8  | 1578/2000 [04:28<01:18,  5.38it/s]
     79%|#######8  | 1579/2000 [04:28<01:23,  5.02it/s]
     79%|#######9  | 1580/2000 [04:29<01:24,  4.98it/s]
     79%|#######9  | 1581/2000 [04:29<01:17,  5.43it/s]
     79%|#######9  | 1582/2000 [04:29<01:15,  5.51it/s]
     79%|#######9  | 1583/2000 [04:29<01:13,  5.66it/s]
     79%|#######9  | 1584/2000 [04:29<01:12,  5.73it/s]
     79%|#######9  | 1585/2000 [04:29<01:12,  5.74it/s]
     79%|#######9  | 1586/2000 [04:30<01:10,  5.84it/s]
     79%|#######9  | 1587/2000 [04:30<01:20,  5.15it/s]
     79%|#######9  | 1588/2000 [04:30<01:18,  5.26it/s]
     79%|#######9  | 1589/2000 [04:30<01:18,  5.22it/s]
     80%|#######9  | 1590/2000 [04:30<01:14,  5.53it/s]
     80%|#######9  | 1591/2000 [04:31<01:23,  4.88it/s]
     80%|#######9  | 1592/2000 [04:31<01:22,  4.93it/s]
     80%|#######9  | 1593/2000 [04:31<01:22,  4.96it/s]
     80%|#######9  | 1594/2000 [04:31<01:14,  5.42it/s]
     80%|#######9  | 1595/2000 [04:31<01:11,  5.64it/s]
     80%|#######9  | 1596/2000 [04:31<01:10,  5.73it/s]
     80%|#######9  | 1597/2000 [04:32<01:09,  5.79it/s]
     80%|#######9  | 1598/2000 [04:32<01:06,  6.02it/s]
     80%|#######9  | 1599/2000 [04:32<01:03,  6.34it/s]
     80%|########  | 1600/2000 [04:32<01:08,  5.86it/s]
     80%|########  | 1601/2000 [04:32<01:06,  6.02it/s]
     80%|########  | 1602/2000 [04:32<01:10,  5.61it/s]
     80%|########  | 1603/2000 [04:33<01:18,  5.08it/s]
     80%|########  | 1604/2000 [04:33<01:27,  4.55it/s]
     80%|########  | 1605/2000 [04:33<01:17,  5.07it/s]
     80%|########  | 1606/2000 [04:33<01:12,  5.45it/s]
     80%|########  | 1607/2000 [04:33<01:10,  5.56it/s]
     80%|########  | 1608/2000 [04:34<01:06,  5.89it/s]
     80%|########  | 1609/2000 [04:34<01:17,  5.04it/s]
     80%|########  | 1610/2000 [04:34<01:19,  4.92it/s]
     81%|########  | 1611/2000 [04:34<01:17,  5.04it/s]
     81%|########  | 1612/2000 [04:34<01:08,  5.63it/s]
     81%|########  | 1613/2000 [04:35<01:13,  5.25it/s]
     81%|########  | 1614/2000 [04:35<01:11,  5.43it/s]
     81%|########  | 1615/2000 [04:35<01:11,  5.35it/s]
     81%|########  | 1616/2000 [04:35<01:07,  5.72it/s]
     81%|########  | 1617/2000 [04:35<01:14,  5.13it/s]
     81%|########  | 1618/2000 [04:36<01:14,  5.11it/s]
     81%|########  | 1619/2000 [04:36<01:17,  4.94it/s]
     81%|########1 | 1620/2000 [04:36<01:13,  5.15it/s]
     81%|########1 | 1621/2000 [04:36<01:11,  5.33it/s]
     81%|########1 | 1622/2000 [04:36<01:12,  5.20it/s]
     81%|########1 | 1623/2000 [04:37<01:09,  5.39it/s]
     81%|########1 | 1624/2000 [04:37<01:05,  5.76it/s]
     81%|########1 | 1625/2000 [04:37<01:03,  5.93it/s]
     81%|########1 | 1626/2000 [04:37<01:05,  5.73it/s]
     81%|########1 | 1627/2000 [04:37<01:03,  5.88it/s]
     81%|########1 | 1628/2000 [04:37<01:01,  6.06it/s]
     81%|########1 | 1629/2000 [04:38<01:01,  6.03it/s]
     82%|########1 | 1630/2000 [04:38<01:17,  4.75it/s]
     82%|########1 | 1631/2000 [04:38<01:10,  5.22it/s]
     82%|########1 | 1632/2000 [04:38<01:09,  5.26it/s]
     82%|########1 | 1633/2000 [04:38<01:07,  5.41it/s]
     82%|########1 | 1634/2000 [04:39<01:07,  5.44it/s]
     82%|########1 | 1635/2000 [04:39<01:03,  5.75it/s]
     82%|########1 | 1636/2000 [04:39<00:58,  6.24it/s]
     82%|########1 | 1637/2000 [04:39<00:59,  6.14it/s]
     82%|########1 | 1638/2000 [04:39<00:56,  6.39it/s]
     82%|########1 | 1639/2000 [04:39<00:55,  6.55it/s]
     82%|########2 | 1640/2000 [04:39<00:55,  6.48it/s]
     82%|########2 | 1641/2000 [04:40<00:58,  6.15it/s]
     82%|########2 | 1642/2000 [04:40<01:08,  5.21it/s]
     82%|########2 | 1643/2000 [04:40<01:09,  5.11it/s]
     82%|########2 | 1644/2000 [04:40<01:08,  5.20it/s]
     82%|########2 | 1645/2000 [04:40<01:11,  4.95it/s]
     82%|########2 | 1646/2000 [04:41<01:11,  4.97it/s]
     82%|########2 | 1647/2000 [04:41<01:08,  5.15it/s]
     82%|########2 | 1648/2000 [04:41<01:02,  5.65it/s]
     82%|########2 | 1649/2000 [04:41<00:58,  5.95it/s]
     82%|########2 | 1650/2000 [04:41<00:56,  6.22it/s]
     83%|########2 | 1651/2000 [04:41<00:55,  6.25it/s]
     83%|########2 | 1652/2000 [04:42<00:50,  6.93it/s]
     83%|########2 | 1653/2000 [04:42<00:54,  6.38it/s]
     83%|########2 | 1654/2000 [04:42<00:57,  6.05it/s]
     83%|########2 | 1655/2000 [04:42<00:58,  5.88it/s]
     83%|########2 | 1656/2000 [04:42<01:00,  5.67it/s]
     83%|########2 | 1657/2000 [04:43<01:09,  4.94it/s]
     83%|########2 | 1658/2000 [04:43<01:06,  5.14it/s]
     83%|########2 | 1659/2000 [04:43<01:07,  5.02it/s]
     83%|########2 | 1660/2000 [04:43<01:03,  5.38it/s]
     83%|########3 | 1661/2000 [04:43<01:10,  4.78it/s]
     83%|########3 | 1662/2000 [04:44<01:09,  4.87it/s]
     83%|########3 | 1663/2000 [04:44<01:03,  5.27it/s]
     83%|########3 | 1664/2000 [04:44<01:00,  5.58it/s]
     83%|########3 | 1665/2000 [04:44<01:07,  4.96it/s]
     83%|########3 | 1666/2000 [04:44<01:07,  4.95it/s]
     83%|########3 | 1667/2000 [04:44<01:02,  5.35it/s]
     83%|########3 | 1668/2000 [04:45<00:58,  5.68it/s]
     83%|########3 | 1669/2000 [04:45<00:56,  5.89it/s]
     84%|########3 | 1670/2000 [04:45<00:53,  6.17it/s]
     84%|########3 | 1671/2000 [04:45<00:51,  6.38it/s]
     84%|########3 | 1672/2000 [04:45<00:50,  6.52it/s]
     84%|########3 | 1673/2000 [04:45<00:52,  6.18it/s]
     84%|########3 | 1674/2000 [04:46<00:55,  5.92it/s]
     84%|########3 | 1675/2000 [04:46<00:58,  5.60it/s]
     84%|########3 | 1676/2000 [04:46<01:07,  4.83it/s]
     84%|########3 | 1677/2000 [04:46<01:01,  5.28it/s]
     84%|########3 | 1678/2000 [04:46<00:58,  5.55it/s]
     84%|########3 | 1679/2000 [04:47<00:58,  5.51it/s]
     84%|########4 | 1680/2000 [04:47<00:59,  5.36it/s]
     84%|########4 | 1681/2000 [04:47<01:00,  5.31it/s]
     84%|########4 | 1682/2000 [04:47<01:02,  5.11it/s]
     84%|########4 | 1683/2000 [04:47<00:58,  5.43it/s]
     84%|########4 | 1684/2000 [04:47<00:58,  5.42it/s]
     84%|########4 | 1685/2000 [04:48<00:59,  5.33it/s]
     84%|########4 | 1686/2000 [04:48<01:01,  5.14it/s]
     84%|########4 | 1687/2000 [04:48<00:57,  5.42it/s]
     84%|########4 | 1688/2000 [04:48<00:54,  5.72it/s]
     84%|########4 | 1689/2000 [04:48<00:56,  5.55it/s]
     84%|########4 | 1690/2000 [04:49<00:58,  5.29it/s]
     85%|########4 | 1691/2000 [04:49<00:57,  5.34it/s]
     85%|########4 | 1692/2000 [04:49<00:58,  5.25it/s]
     85%|########4 | 1693/2000 [04:49<00:53,  5.76it/s]
     85%|########4 | 1694/2000 [04:49<00:47,  6.42it/s]
     85%|########4 | 1695/2000 [04:49<00:46,  6.58it/s]
     85%|########4 | 1696/2000 [04:50<00:46,  6.49it/s]
     85%|########4 | 1697/2000 [04:50<00:46,  6.46it/s]
     85%|########4 | 1698/2000 [04:50<00:48,  6.28it/s]
     85%|########4 | 1699/2000 [04:50<00:45,  6.62it/s]
     85%|########5 | 1700/2000 [04:50<00:46,  6.39it/s]
     85%|########5 | 1701/2000 [04:50<00:45,  6.64it/s]
     85%|########5 | 1702/2000 [04:50<00:46,  6.44it/s]
     85%|########5 | 1703/2000 [04:51<00:45,  6.53it/s]
     85%|########5 | 1704/2000 [04:51<00:53,  5.50it/s]
     85%|########5 | 1705/2000 [04:51<00:56,  5.24it/s]
     85%|########5 | 1706/2000 [04:51<00:53,  5.50it/s]
     85%|########5 | 1707/2000 [04:51<00:55,  5.25it/s]
     85%|########5 | 1708/2000 [04:52<00:53,  5.49it/s]
     85%|########5 | 1709/2000 [04:52<00:54,  5.29it/s]
     86%|########5 | 1710/2000 [04:52<00:55,  5.24it/s]
     86%|########5 | 1711/2000 [04:52<00:50,  5.68it/s]
     86%|########5 | 1712/2000 [04:52<00:47,  6.06it/s]
     86%|########5 | 1713/2000 [04:52<00:42,  6.73it/s]
     86%|########5 | 1714/2000 [04:53<00:41,  6.92it/s]
     86%|########5 | 1715/2000 [04:53<00:41,  6.82it/s]
     86%|########5 | 1716/2000 [04:53<00:39,  7.17it/s]
     86%|########5 | 1717/2000 [04:53<00:39,  7.14it/s]
     86%|########5 | 1718/2000 [04:53<00:37,  7.48it/s]
     86%|########5 | 1719/2000 [04:53<00:36,  7.65it/s]
     86%|########6 | 1720/2000 [04:53<00:39,  7.12it/s]
     86%|########6 | 1721/2000 [04:53<00:39,  7.15it/s]
     86%|########6 | 1722/2000 [04:54<00:40,  6.93it/s]
     86%|########6 | 1723/2000 [04:54<00:43,  6.37it/s]
     86%|########6 | 1724/2000 [04:54<00:47,  5.78it/s]
     86%|########6 | 1725/2000 [04:54<00:48,  5.65it/s]
     86%|########6 | 1726/2000 [04:54<00:50,  5.42it/s]
     86%|########6 | 1727/2000 [04:55<00:50,  5.40it/s]
     86%|########6 | 1728/2000 [04:55<00:52,  5.16it/s]
     86%|########6 | 1729/2000 [04:55<00:54,  4.97it/s]
     86%|########6 | 1730/2000 [04:55<00:49,  5.41it/s]
     87%|########6 | 1731/2000 [04:55<00:51,  5.23it/s]
     87%|########6 | 1732/2000 [04:56<01:02,  4.27it/s]
     87%|########6 | 1733/2000 [04:56<01:01,  4.36it/s]
     87%|########6 | 1734/2000 [04:56<01:00,  4.38it/s]
     87%|########6 | 1735/2000 [04:56<00:55,  4.77it/s]
     87%|########6 | 1736/2000 [04:56<00:51,  5.10it/s]
     87%|########6 | 1737/2000 [04:57<00:49,  5.29it/s]
     87%|########6 | 1738/2000 [04:57<00:46,  5.62it/s]
     87%|########6 | 1739/2000 [04:57<00:46,  5.66it/s]
     87%|########7 | 1740/2000 [04:57<00:48,  5.38it/s]
     87%|########7 | 1741/2000 [04:57<00:47,  5.49it/s]
     87%|########7 | 1742/2000 [04:58<00:46,  5.52it/s]
     87%|########7 | 1743/2000 [04:58<00:55,  4.62it/s]
     87%|########7 | 1744/2000 [04:58<00:52,  4.88it/s]
     87%|########7 | 1745/2000 [04:58<00:50,  5.08it/s]
     87%|########7 | 1746/2000 [04:58<00:48,  5.27it/s]
     87%|########7 | 1747/2000 [04:59<00:45,  5.55it/s]
     87%|########7 | 1748/2000 [04:59<00:47,  5.26it/s]
     87%|########7 | 1749/2000 [04:59<00:45,  5.57it/s]
     88%|########7 | 1750/2000 [04:59<00:43,  5.77it/s]
     88%|########7 | 1751/2000 [04:59<00:43,  5.73it/s]
     88%|########7 | 1752/2000 [04:59<00:43,  5.70it/s]
     88%|########7 | 1753/2000 [05:00<00:41,  5.90it/s]
     88%|########7 | 1754/2000 [05:00<00:41,  5.90it/s]
     88%|########7 | 1755/2000 [05:00<00:41,  5.89it/s]
     88%|########7 | 1756/2000 [05:00<00:41,  5.90it/s]
     88%|########7 | 1757/2000 [05:00<00:39,  6.11it/s]
     88%|########7 | 1758/2000 [05:00<00:39,  6.06it/s]
     88%|########7 | 1759/2000 [05:01<00:39,  6.07it/s]
     88%|########8 | 1760/2000 [05:01<00:40,  5.93it/s]
     88%|########8 | 1761/2000 [05:01<00:40,  5.89it/s]
     88%|########8 | 1762/2000 [05:01<00:41,  5.74it/s]
     88%|########8 | 1763/2000 [05:01<00:41,  5.70it/s]
     88%|########8 | 1764/2000 [05:01<00:39,  5.93it/s]
     88%|########8 | 1765/2000 [05:02<00:38,  6.03it/s]
     88%|########8 | 1766/2000 [05:02<00:38,  6.02it/s]
     88%|########8 | 1767/2000 [05:02<00:35,  6.47it/s]
     88%|########8 | 1768/2000 [05:02<00:35,  6.50it/s]
     88%|########8 | 1769/2000 [05:02<00:33,  6.89it/s]
     88%|########8 | 1770/2000 [05:02<00:33,  6.91it/s]
     89%|########8 | 1771/2000 [05:02<00:32,  6.99it/s]
     89%|########8 | 1772/2000 [05:03<00:32,  7.03it/s]
     89%|########8 | 1773/2000 [05:03<00:34,  6.52it/s]
     89%|########8 | 1774/2000 [05:03<00:33,  6.80it/s]
     89%|########8 | 1775/2000 [05:03<00:32,  6.96it/s]
     89%|########8 | 1776/2000 [05:03<00:33,  6.78it/s]
     89%|########8 | 1777/2000 [05:03<00:33,  6.69it/s]
     89%|########8 | 1778/2000 [05:03<00:32,  6.87it/s]
     89%|########8 | 1779/2000 [05:04<00:32,  6.70it/s]
     89%|########9 | 1780/2000 [05:04<00:34,  6.46it/s]
     89%|########9 | 1781/2000 [05:04<00:36,  5.92it/s]
     89%|########9 | 1782/2000 [05:04<00:39,  5.59it/s]
     89%|########9 | 1783/2000 [05:04<00:38,  5.62it/s]
     89%|########9 | 1784/2000 [05:05<00:37,  5.82it/s]
     89%|########9 | 1785/2000 [05:05<00:34,  6.22it/s]
     89%|########9 | 1786/2000 [05:05<00:34,  6.25it/s]
     89%|########9 | 1787/2000 [05:05<00:32,  6.53it/s]
     89%|########9 | 1788/2000 [05:05<00:32,  6.47it/s]
     89%|########9 | 1789/2000 [05:05<00:32,  6.59it/s]
     90%|########9 | 1790/2000 [05:05<00:33,  6.32it/s]
     90%|########9 | 1791/2000 [05:06<00:32,  6.45it/s]
     90%|########9 | 1792/2000 [05:06<00:34,  6.06it/s]
     90%|########9 | 1793/2000 [05:06<00:34,  6.00it/s]
     90%|########9 | 1794/2000 [05:06<00:35,  5.87it/s]
     90%|########9 | 1795/2000 [05:06<00:35,  5.78it/s]
     90%|########9 | 1796/2000 [05:06<00:35,  5.71it/s]
     90%|########9 | 1797/2000 [05:07<00:34,  5.90it/s]
     90%|########9 | 1798/2000 [05:07<00:34,  5.86it/s]
     90%|########9 | 1799/2000 [05:07<00:35,  5.69it/s]
     90%|######### | 1800/2000 [05:07<00:37,  5.28it/s]
     90%|######### | 1801/2000 [05:07<00:38,  5.20it/s]
     90%|######### | 1802/2000 [05:08<00:40,  4.92it/s]
     90%|######### | 1803/2000 [05:08<00:40,  4.90it/s]
     90%|######### | 1804/2000 [05:08<00:38,  5.06it/s]
     90%|######### | 1805/2000 [05:08<00:37,  5.18it/s]
     90%|######### | 1806/2000 [05:08<00:34,  5.63it/s]
     90%|######### | 1807/2000 [05:09<00:34,  5.66it/s]
     90%|######### | 1808/2000 [05:09<00:33,  5.77it/s]
     90%|######### | 1809/2000 [05:09<00:33,  5.71it/s]
     90%|######### | 1810/2000 [05:09<00:34,  5.45it/s]
     91%|######### | 1811/2000 [05:09<00:35,  5.31it/s]
     91%|######### | 1812/2000 [05:09<00:35,  5.23it/s]
     91%|######### | 1813/2000 [05:10<00:36,  5.09it/s]
     91%|######### | 1814/2000 [05:10<00:35,  5.21it/s]
     91%|######### | 1815/2000 [05:10<00:34,  5.43it/s]
     91%|######### | 1816/2000 [05:10<00:33,  5.49it/s]
     91%|######### | 1817/2000 [05:10<00:32,  5.65it/s]
     91%|######### | 1818/2000 [05:11<00:33,  5.42it/s]
     91%|######### | 1819/2000 [05:11<00:35,  5.07it/s]
     91%|#########1| 1820/2000 [05:11<00:36,  5.00it/s]
     91%|#########1| 1821/2000 [05:11<00:35,  5.04it/s]
     91%|#########1| 1822/2000 [05:11<00:35,  5.05it/s]
     91%|#########1| 1823/2000 [05:12<00:35,  4.93it/s]
     91%|#########1| 1824/2000 [05:12<00:34,  5.06it/s]
     91%|#########1| 1825/2000 [05:12<00:36,  4.81it/s]
     91%|#########1| 1826/2000 [05:12<00:37,  4.70it/s]
     91%|#########1| 1827/2000 [05:12<00:36,  4.80it/s]
     91%|#########1| 1828/2000 [05:13<00:33,  5.06it/s]
     91%|#########1| 1829/2000 [05:13<00:34,  5.02it/s]
     92%|#########1| 1830/2000 [05:13<00:33,  5.03it/s]
     92%|#########1| 1831/2000 [05:13<00:39,  4.32it/s]
     92%|#########1| 1832/2000 [05:14<00:36,  4.55it/s]
     92%|#########1| 1833/2000 [05:14<00:35,  4.67it/s]
     92%|#########1| 1834/2000 [05:14<00:36,  4.57it/s]
     92%|#########1| 1835/2000 [05:14<00:32,  5.04it/s]
     92%|#########1| 1836/2000 [05:14<00:31,  5.23it/s]
     92%|#########1| 1837/2000 [05:14<00:28,  5.68it/s]
     92%|#########1| 1838/2000 [05:15<00:29,  5.55it/s]
     92%|#########1| 1839/2000 [05:15<00:27,  5.78it/s]
     92%|#########2| 1840/2000 [05:15<00:28,  5.56it/s]
     92%|#########2| 1841/2000 [05:15<00:32,  4.88it/s]
     92%|#########2| 1842/2000 [05:15<00:30,  5.20it/s]
     92%|#########2| 1843/2000 [05:16<00:36,  4.33it/s]
     92%|#########2| 1844/2000 [05:16<00:31,  4.95it/s]
     92%|#########2| 1845/2000 [05:16<00:28,  5.36it/s]
     92%|#########2| 1846/2000 [05:16<00:27,  5.62it/s]
     92%|#########2| 1847/2000 [05:16<00:27,  5.57it/s]
     92%|#########2| 1848/2000 [05:17<00:25,  5.87it/s]
     92%|#########2| 1849/2000 [05:17<00:24,  6.05it/s]
     92%|#########2| 1850/2000 [05:17<00:25,  5.84it/s]
     93%|#########2| 1851/2000 [05:17<00:25,  5.77it/s]
     93%|#########2| 1852/2000 [05:17<00:24,  5.96it/s]
     93%|#########2| 1853/2000 [05:17<00:24,  5.92it/s]
     93%|#########2| 1854/2000 [05:18<00:24,  5.86it/s]
     93%|#########2| 1855/2000 [05:18<00:24,  6.02it/s]
     93%|#########2| 1856/2000 [05:18<00:26,  5.43it/s]
     93%|#########2| 1857/2000 [05:18<00:25,  5.57it/s]
     93%|#########2| 1858/2000 [05:18<00:24,  5.91it/s]
     93%|#########2| 1859/2000 [05:18<00:22,  6.31it/s]
     93%|#########3| 1860/2000 [05:19<00:21,  6.37it/s]
     93%|#########3| 1861/2000 [05:19<00:21,  6.34it/s]
     93%|#########3| 1862/2000 [05:19<00:21,  6.31it/s]
     93%|#########3| 1863/2000 [05:19<00:21,  6.39it/s]
     93%|#########3| 1864/2000 [05:19<00:20,  6.54it/s]
     93%|#########3| 1865/2000 [05:19<00:20,  6.72it/s]
     93%|#########3| 1866/2000 [05:19<00:19,  6.97it/s]
     93%|#########3| 1867/2000 [05:20<00:19,  6.95it/s]
     93%|#########3| 1868/2000 [05:20<00:19,  6.64it/s]
     93%|#########3| 1869/2000 [05:20<00:19,  6.81it/s]
     94%|#########3| 1870/2000 [05:20<00:18,  6.98it/s]
     94%|#########3| 1871/2000 [05:20<00:17,  7.34it/s]
     94%|#########3| 1872/2000 [05:20<00:17,  7.28it/s]
     94%|#########3| 1873/2000 [05:20<00:18,  6.82it/s]
     94%|#########3| 1874/2000 [05:21<00:19,  6.59it/s]
     94%|#########3| 1875/2000 [05:21<00:18,  6.65it/s]
     94%|#########3| 1876/2000 [05:21<00:18,  6.86it/s]
     94%|#########3| 1877/2000 [05:21<00:18,  6.48it/s]
     94%|#########3| 1878/2000 [05:21<00:18,  6.75it/s]
     94%|#########3| 1879/2000 [05:21<00:17,  6.78it/s]
     94%|#########3| 1880/2000 [05:21<00:17,  6.67it/s]
     94%|#########4| 1881/2000 [05:22<00:18,  6.40it/s]
     94%|#########4| 1882/2000 [05:22<00:17,  6.73it/s]
     94%|#########4| 1883/2000 [05:22<00:17,  6.80it/s]
     94%|#########4| 1884/2000 [05:22<00:16,  6.88it/s]
     94%|#########4| 1885/2000 [05:22<00:17,  6.70it/s]
     94%|#########4| 1886/2000 [05:22<00:16,  7.00it/s]
     94%|#########4| 1887/2000 [05:22<00:16,  7.04it/s]
     94%|#########4| 1888/2000 [05:23<00:16,  6.92it/s]
     94%|#########4| 1889/2000 [05:23<00:17,  6.49it/s]
     94%|#########4| 1890/2000 [05:23<00:17,  6.44it/s]
     95%|#########4| 1891/2000 [05:23<00:17,  6.36it/s]
     95%|#########4| 1892/2000 [05:23<00:16,  6.41it/s]
     95%|#########4| 1893/2000 [05:23<00:16,  6.48it/s]
     95%|#########4| 1894/2000 [05:24<00:16,  6.48it/s]
     95%|#########4| 1895/2000 [05:24<00:16,  6.20it/s]
     95%|#########4| 1896/2000 [05:24<00:16,  6.19it/s]
     95%|#########4| 1897/2000 [05:24<00:16,  6.30it/s]
     95%|#########4| 1898/2000 [05:24<00:16,  6.03it/s]
     95%|#########4| 1899/2000 [05:24<00:16,  6.27it/s]
     95%|#########5| 1900/2000 [05:25<00:16,  6.11it/s]
     95%|#########5| 1901/2000 [05:25<00:16,  6.10it/s]
     95%|#########5| 1902/2000 [05:25<00:15,  6.24it/s]
     95%|#########5| 1903/2000 [05:25<00:14,  6.72it/s]
     95%|#########5| 1904/2000 [05:25<00:14,  6.52it/s]
     95%|#########5| 1905/2000 [05:25<00:14,  6.45it/s]
     95%|#########5| 1906/2000 [05:26<00:15,  6.25it/s]
     95%|#########5| 1907/2000 [05:26<00:15,  5.92it/s]
     95%|#########5| 1908/2000 [05:26<00:15,  6.11it/s]
     95%|#########5| 1909/2000 [05:26<00:14,  6.11it/s]
     96%|#########5| 1910/2000 [05:26<00:14,  6.32it/s]
     96%|#########5| 1911/2000 [05:26<00:13,  6.37it/s]
     96%|#########5| 1912/2000 [05:26<00:14,  6.22it/s]
     96%|#########5| 1913/2000 [05:27<00:14,  6.05it/s]
     96%|#########5| 1914/2000 [05:27<00:13,  6.24it/s]
     96%|#########5| 1915/2000 [05:27<00:13,  6.18it/s]
     96%|#########5| 1916/2000 [05:27<00:13,  6.39it/s]
     96%|#########5| 1917/2000 [05:27<00:12,  6.55it/s]
     96%|#########5| 1918/2000 [05:27<00:12,  6.41it/s]
     96%|#########5| 1919/2000 [05:28<00:12,  6.60it/s]
     96%|#########6| 1920/2000 [05:28<00:12,  6.61it/s]
     96%|#########6| 1921/2000 [05:28<00:11,  6.66it/s]
     96%|#########6| 1922/2000 [05:28<00:10,  7.11it/s]
     96%|#########6| 1923/2000 [05:28<00:11,  6.86it/s]
     96%|#########6| 1924/2000 [05:28<00:10,  6.97it/s]
     96%|#########6| 1925/2000 [05:28<00:11,  6.57it/s]
     96%|#########6| 1926/2000 [05:29<00:12,  5.78it/s]
     96%|#########6| 1927/2000 [05:29<00:13,  5.51it/s]
     96%|#########6| 1928/2000 [05:29<00:12,  5.64it/s]
     96%|#########6| 1929/2000 [05:29<00:12,  5.87it/s]
     96%|#########6| 1930/2000 [05:29<00:11,  5.92it/s]
     97%|#########6| 1931/2000 [05:30<00:14,  4.88it/s]
     97%|#########6| 1932/2000 [05:30<00:13,  5.00it/s]
     97%|#########6| 1933/2000 [05:30<00:12,  5.37it/s]
     97%|#########6| 1934/2000 [05:30<00:11,  5.68it/s]
     97%|#########6| 1935/2000 [05:30<00:11,  5.76it/s]
     97%|#########6| 1936/2000 [05:30<00:10,  6.02it/s]
     97%|#########6| 1937/2000 [05:31<00:10,  6.23it/s]
     97%|#########6| 1938/2000 [05:31<00:09,  6.43it/s]
     97%|#########6| 1939/2000 [05:31<00:09,  6.26it/s]
     97%|#########7| 1940/2000 [05:31<00:09,  6.61it/s]
     97%|#########7| 1941/2000 [05:31<00:09,  6.52it/s]
     97%|#########7| 1942/2000 [05:31<00:09,  6.26it/s]
     97%|#########7| 1943/2000 [05:32<00:08,  6.40it/s]
     97%|#########7| 1944/2000 [05:32<00:10,  5.23it/s]
     97%|#########7| 1945/2000 [05:32<00:09,  5.79it/s]
     97%|#########7| 1946/2000 [05:32<00:09,  5.59it/s]
     97%|#########7| 1947/2000 [05:32<00:09,  5.62it/s]
     97%|#########7| 1948/2000 [05:32<00:09,  5.51it/s]
     97%|#########7| 1949/2000 [05:33<00:09,  5.52it/s]
     98%|#########7| 1950/2000 [05:33<00:09,  5.09it/s]
     98%|#########7| 1951/2000 [05:33<00:09,  5.01it/s]
     98%|#########7| 1952/2000 [05:33<00:09,  5.28it/s]
     98%|#########7| 1953/2000 [05:33<00:08,  5.36it/s]
     98%|#########7| 1954/2000 [05:34<00:08,  5.22it/s]
     98%|#########7| 1955/2000 [05:34<00:08,  5.34it/s]
     98%|#########7| 1956/2000 [05:34<00:08,  5.22it/s]
     98%|#########7| 1957/2000 [05:34<00:07,  5.40it/s]
     98%|#########7| 1958/2000 [05:34<00:07,  5.35it/s]
     98%|#########7| 1959/2000 [05:35<00:07,  5.36it/s]
     98%|#########8| 1960/2000 [05:35<00:07,  5.34it/s]
     98%|#########8| 1961/2000 [05:35<00:07,  5.17it/s]
     98%|#########8| 1962/2000 [05:35<00:07,  5.37it/s]
     98%|#########8| 1963/2000 [05:35<00:07,  5.28it/s]
     98%|#########8| 1964/2000 [05:36<00:07,  4.76it/s]
     98%|#########8| 1965/2000 [05:36<00:08,  4.22it/s]
     98%|#########8| 1966/2000 [05:36<00:08,  4.07it/s]
     98%|#########8| 1967/2000 [05:36<00:07,  4.43it/s]
     98%|#########8| 1968/2000 [05:37<00:06,  4.91it/s]
     98%|#########8| 1969/2000 [05:37<00:06,  5.16it/s]
     98%|#########8| 1970/2000 [05:37<00:05,  5.42it/s]
     99%|#########8| 1971/2000 [05:37<00:05,  5.38it/s]
     99%|#########8| 1972/2000 [05:37<00:05,  5.41it/s]
     99%|#########8| 1973/2000 [05:37<00:05,  5.22it/s]
     99%|#########8| 1974/2000 [05:38<00:04,  5.70it/s]
     99%|#########8| 1975/2000 [05:38<00:04,  5.68it/s]
     99%|#########8| 1976/2000 [05:38<00:04,  5.58it/s]
     99%|#########8| 1977/2000 [05:38<00:04,  5.45it/s]
     99%|#########8| 1978/2000 [05:38<00:04,  5.45it/s]
     99%|#########8| 1979/2000 [05:39<00:04,  5.19it/s]
     99%|#########9| 1980/2000 [05:39<00:03,  5.46it/s]
     99%|#########9| 1981/2000 [05:39<00:03,  5.39it/s]
     99%|#########9| 1982/2000 [05:39<00:03,  5.52it/s]
     99%|#########9| 1983/2000 [05:39<00:03,  5.56it/s]
     99%|#########9| 1984/2000 [05:39<00:02,  5.58it/s]
     99%|#########9| 1985/2000 [05:40<00:02,  5.10it/s]
     99%|#########9| 1986/2000 [05:40<00:02,  4.97it/s]
     99%|#########9| 1987/2000 [05:40<00:02,  5.27it/s]
     99%|#########9| 1988/2000 [05:40<00:02,  5.80it/s]
     99%|#########9| 1989/2000 [05:40<00:01,  5.88it/s]
    100%|#########9| 1990/2000 [05:40<00:01,  5.87it/s]
    100%|#########9| 1991/2000 [05:41<00:01,  5.83it/s]
    100%|#########9| 1992/2000 [05:41<00:01,  5.74it/s]
    100%|#########9| 1993/2000 [05:41<00:01,  5.54it/s]
    100%|#########9| 1994/2000 [05:41<00:01,  5.28it/s]
    100%|#########9| 1995/2000 [05:41<00:00,  5.38it/s]
    100%|#########9| 1996/2000 [05:42<00:00,  5.30it/s]
    100%|#########9| 1997/2000 [05:42<00:00,  5.79it/s]
    100%|#########9| 1998/2000 [05:42<00:00,  5.37it/s]
    100%|#########9| 1999/2000 [05:42<00:00,  5.63it/s]
    100%|##########| 2000/2000 [05:42<00:00,  5.08it/s]
    100%|##########| 2000/2000 [05:42<00:00,  5.83it/s]
    The chain is shorter than 50 times the integrated autocorrelation time for 4 parameter(s). Use this estimate with caution and run a longer chain!
    N/50 = 40;
    tau: [71.3592111  62.86563491 93.99092211 52.23418764]
    The chain is shorter than 50 times the integrated autocorrelation time for 4 parameter(s). Use this estimate with caution and run a longer chain!
    N/50 = 40;
    tau: [71.3592111  62.86563491 93.99092211 52.23418764]
    Effective samples (after burn-in + thin=26): 1104
    R-hat : [1.04505325 1.04211959 1.09382052 1.05828671]
    ESS   : [403 458 306 551]
    Acceptance fraction: 0.497
    
    === Information criteria ===
    chi2 best  : 28.03  (n_data = 43)
    AIC        : 36.03
    BIC        : 43.07
    
    === Outputs written ===
      dvch_mcmc_chains_full.csv      (1104 samples)
      dvch_mcmc_full_summary.csv
      dvch_mcmc_full_convergence.csv
      dvch_mcmc_full_evidence.csv
      figures/dvch_full_mcmc_corner.png
      figures/dvch_full_mcmc_traces.png
    
    Done.
<<< STAGE DONE: B2_full_mcmc_pipeline  exit=0  duration=355s

=== DVCH FULL BATTERY END 2026-09-09 14:52:58 ===
