Om,n,beta,H0,log_posterior
0.3485559870101571,0.041496932526574826,0.37880017397383703,68.80173840732186,-20.642355663456662
0.29428295522517006,0.15333608996129908,0.3187848018114464,68.67499612167092,-14.718173236841242
0.30764157947135345,0.07295731978539112,0.1410144152169103,68.33992159314882,-15.640512578539148
0.2973321567811501,0.16539404051995477,0.5144435629221935,69.05100316087862,-14.695915808990005
0.2889870274138609,0.07519467567912272,0.7795700004249247,71.03172556288001,-18.062961117036394
0.2818154899136406,0.3460633991368099,0.8361982573509995,68.3023964323133,-15.18012189070487
0.3209095599070736,0.15088217981059457,0.8958674281444388,69.06449706604734,-15.635505829542582
0.29193146601455305,0.293610530313684,0.15474162442930608,66.86537873998746,-16.026513549552696
0.3135359655735108,0.26634057066700245,0.4009307471397209,67.57493265541902,-15.611717427491557
0.27675856331727766,0.29967035723031404,0.7078643390223057,68.99868332126458,-16.68712306342417
0.2883506812767037,0.36041761419909846,0.7858769764217727,68.01158455590648,-15.093571905305636
0.31614703447994663,0.49654041535917814,0.9062782778975534,66.2520436434106,-17.322246427252715
0.3100824525101823,0.25649093759624103,0.5160542724075365,67.83282299980341,-14.850517384519462
0.28733108028712767,0.10739395880910427,0.013846508484599784,67.94964857216227,-14.651839971641927
0.32928036494661117,0.22848030144494214,0.9002256341478665,67.74091889112086,-17.748327053591204
0.2789834056144382,0.15230718164431833,0.35659684191019597,69.2947916417954,-15.447653414832383
0.3166031264773111,0.013333396557235658,0.43112335031137505,69.51063930375038,-16.420161926161352
0.3216351476096849,0.2070214303403978,0.9076598604052262,68.40456488842686,-15.678500413805459
0.2844229766242169,0.11819542529605101,0.08131982177262653,68.54825195788081,-14.133741519140473
0.27946318004665627,0.11157397467673372,0.17016874403527937,69.48198489531183,-15.297959276581416
0.28094690874081607,0.28605477933007695,0.9330677133199873,69.28359512913546,-16.341462445155774
0.2770547756807914,0.08159955625549042,0.13363941504258436,69.70312265797341,-15.197944419568426
0.24897057452817767,0.21196170337465864,0.008714862929844113,67.81968298406416,-14.861180437735218
0.2808370944170647,0.2683839687875706,0.11139451964320338,66.75221412857334,-15.711793935405645
0.321882536537439,0.2379641962095653,0.5822849591116818,67.88506432510582,-15.523841871936545
0.28357027736716733,0.3664358171532659,0.42823592337160343,67.04625018722987,-15.38003323121309
0.2882931395064563,0.23155178382973382,0.2239660223498153,67.56026423014306,-15.212207638924184
0.2971863470741288,0.42231196376377533,0.974010641126675,67.65660745644968,-16.31885074921812
0.26080680536804085,0.177950314146525,0.05336449883175336,68.4456990571183,-14.976485576401522
0.2828330689197373,0.12638176329328643,0.25514223794732205,69.92762560079667,-18.718424063295085
0.3183265322266671,0.13236156882969036,0.8664496836502107,69.5542429468152,-16.429773598419697
0.2895737213919708,0.3609214562521402,0.39727372249475995,67.04444730765958,-15.30250472828981
0.31302922833165125,0.2754148986324433,0.37770135291588347,67.08821078322211,-15.648873054692476
0.2868007008352083,0.34059112360169747,0.9216397136266156,68.2640147903296,-14.89789446771107
0.2821115644699869,0.4372767149173088,0.70742609555954,67.1412115107583,-15.499189535257486
0.30718198481633113,0.3528472285759223,0.501952825007599,66.58833262118735,-16.686289060330612
0.2966520633087933,0.06515690526915116,0.048387817868626615,68.52678361521176,-14.400197674412452
0.2991217316560235,0.05344100993819339,0.18192070149405115,68.98634720736509,-15.391285355419587
0.3029319836381206,0.2526919358178934,0.4992217703442593,67.61461501231086,-16.359300266471713
0.26711071265832986,0.28719618548412756,0.16957462872406037,67.49641743992439,-15.426589399394546
0.29223216021283777,0.08367957191764128,0.31763443152189974,69.4073480506215,-15.267494879886247
0.32711087386570237,0.1281109460590846,0.8816990736302119,69.06580054552238,-16.215518850368294
0.2936453985685726,0.14643874946254792,0.38239383644604225,69.01957805998742,-14.679016734337752
0.2762361722413198,0.18538415171797357,0.8463742147564657,70.23497241378067,-17.106679103131377
0.2927702891528494,0.1704612043868603,0.6273035726596283,69.75136173791789,-16.3160571868171
0.298226405239669,0.009673043047045055,0.3696954918940091,70.28571722216901,-15.481004457346012
0.2522172535014474,0.21954023405405332,0.04492228002979168,67.78569446635713,-15.295212949549141
0.3014923293516387,0.2704200747648662,0.22123295565734477,67.06150417756594,-15.289820629874741
0.29522482846263265,0.3966735011660002,0.6561990798656955,67.54821543821161,-17.032656198157113
0.3017281599134856,0.25747907712236867,0.7876573410884999,68.80472406131005,-15.419159579529373
0.29266036003747475,0.1372689496566207,0.03138550005831303,67.89394252197093,-14.94092665663157
0.28026802249655064,0.2652396240322821,0.544257688245035,68.77608377287407,-15.391913886566662
0.2776921702608274,0.21226992933409009,0.15756023747547454,67.71902338716654,-15.507268549526176
0.31265564356600356,0.20982711785752556,0.8964793235733215,68.93731772840441,-15.22451464015523
0.2863640004258289,0.21426553468537557,0.6273435797754168,68.99700672996163,-15.200179763781831
0.2696936505769602,0.3760137484967209,0.20672361817006743,66.87474539194933,-17.88916045571851
0.26824887103244505,0.4259350849061791,0.9187495985868481,68.06624395506493,-16.629775432249374
0.3108335463985125,0.28786755271746445,0.8730482282811904,67.99228550590082,-14.912578190027693
0.30652086696338643,0.30643248316546934,0.5318630971592437,67.41818622913812,-14.966662337627046
0.3117178384441758,0.1345779925604763,0.28011300026298747,68.3609630982584,-14.870718469040613
0.2912956500838307,0.48308697639703074,0.6011039409895864,66.11212730582473,-16.3891900590308
0.31204162458453955,0.06371278339972661,0.2498872464367804,68.68945993280984,-15.931905268640012
0.3117413805028541,0.18644825681601862,0.49463743746782385,68.24461071605425,-15.166235778127506
0.27253484001546635,0.43862067030638063,0.49826676518113255,67.08048836431466,-16.87060301940314
0.28816050962180123,0.06898212350057922,0.08405991890864402,69.09746453930406,-14.207268446517888
0.31435217908625784,0.23023622907939173,0.8766151068979907,68.60958793252034,-15.049700289394389
0.3088088978245118,0.22950246531494062,0.8982106853874663,68.18694248364177,-17.389257990777924
0.26446247788307703,0.20607900856080794,0.24997404697805892,68.87627033833483,-15.971376448013123
0.29708776449520596,0.09528844179616888,0.3835059674172645,69.69612765373718,-15.129498680824387
0.28862349910065316,0.1357964152804198,0.44577434002467037,69.6129480853459,-15.129635740664586
0.27250753824276086,0.3669067227805594,0.35126922906893243,67.2524546541971,-15.785736375402651
0.2927838463178127,0.18749309789317387,0.21460219005848657,68.40783070021685,-14.992227913354881
0.2785228592171582,0.422496284111778,0.9124145185388015,68.13893717201262,-17.836767015875687
0.30744015243894607,0.17303380192315948,0.7889683443635487,69.61847519680661,-17.113558731779662
0.28955085658571594,0.2617936412037223,0.3436990268699879,67.72134174358236,-14.892371591100595
0.2991058036650353,0.24732726805268268,0.8148167205542162,68.75029303357259,-14.662665104717785
0.2860708725293266,0.24776643812687763,0.055107901033929374,66.5232140253538,-16.000605938218115
0.31384634298819175,0.18017825515988783,0.7537118523749328,68.91818452764744,-15.10522040041523
0.29547311250969527,0.20760167488680967,0.7317711973185907,69.12699947055458,-14.818112613371568
0.2960153452638129,0.28957993779327973,0.42246034836024204,67.87350303218457,-15.132614510089372
0.30261102292169695,0.22913711878783805,0.8301977118347024,68.47557082566664,-15.725447015710015
0.3172653547320922,0.41252792707057906,0.935351388460361,66.68298499074079,-16.21611981517971
0.2986629176899052,0.18638258630936314,0.15881564383674457,67.58895982604407,-14.875373273144415
0.3324809017429041,0.024355052108270298,0.14579182138582258,68.53281148071935,-17.297233946845083
0.2973723983954117,0.4761557341785331,0.7684065392647025,66.22784730329916,-16.418289727630853
0.311673566685935,0.13019149013800135,0.3094844681701241,68.14494213963418,-16.311595861844832
0.3156609667835233,0.08397321987591877,0.41848844968891774,69.26706410073473,-15.479642028885934
0.3088140614529905,0.32618971573524835,0.7118714939072309,67.46519571374148,-15.033465888656169
0.27471792155649283,0.23154441115558164,0.32717640128503106,68.47789363947948,-15.289937634425039
0.3219430304027214,0.10936685136495897,0.7777581466615359,69.58498257646006,-16.939473176785715
0.3046709485647077,0.21869440207819824,0.7096031900673073,68.5499530886505,-14.847010917821937
0.33627006487074607,0.26888757079811376,0.6171224102482407,67.09622023427428,-17.3757757815509
0.3021155201052974,0.054037094803323166,0.17295125587736984,69.4983038512454,-15.642294369517485
0.28843749308655986,0.17259638807863573,0.29882136830260936,69.11795324187003,-15.826537174739236
0.26920394844763174,0.4327532619926001,0.49694832830700875,66.93503415892668,-16.198949864397385
0.27349703428589195,0.32121125695767844,0.48392158322972106,68.36137397111712,-16.41879133329219
0.32162684913828754,0.32230708552074194,0.9310168566815509,67.4782156268488,-15.632701460235419
0.29167326770152996,0.11942957923999734,0.5056726925884301,69.67804119017165,-15.1297223874219
0.2864137715606867,0.23621985343117644,0.14809669517825036,67.61581789344402,-14.970781532699336
0.3141693867077132,0.38054325833575114,0.996297343566416,67.31292271479687,-15.284334397447317
0.32784986108079756,0.4672934423797914,0.8531145242703868,65.40894259771761,-21.977223888181644
0.3031035303799394,0.08231271057270229,0.30827383692519805,68.87115658978365,-16.179703525955567
0.29937990720672425,0.2447011622987352,0.8824806026978268,68.74733806875882,-14.729841403296378
0.29253689724503684,0.20168685216019025,0.2792140216922842,68.53247828735837,-15.190766903845306
0.2827530014873878,0.3090424488221065,0.9872198407084749,68.4887159362982,-15.93565701927498
0.31545219502914684,0.3202617202200759,0.6430577959347804,67.18971185172745,-15.595086439379404
0.2957360484665008,0.24771639465520517,0.08776069069297954,66.57681255639933,-15.985689875335988
0.32683025434178675,0.026234776971712587,0.4485956401345652,69.1363619634424,-16.892076836061676
0.31528188769676835,0.37079361659014737,0.9622752904781299,67.20985913795093,-15.466141031265488
0.29882742872598084,0.058942687282874176,0.05759397088731888,68.7470766455756,-14.474673955260014
0.3152268432336831,0.03567903451864746,0.8288802541983449,69.99933407488601,-16.39037343951403
0.2821251409115075,0.03501979217598594,0.1761756718688523,70.76690592440181,-19.92567422807349
0.29494464281302013,0.38736683125630367,0.7522507336500762,67.9041720139049,-17.646015099900136
0.3098096494459396,0.16947344891001342,0.6487276027641105,68.96425950902966,-14.905756812897037
0.307895910211186,0.02759895670787932,0.9773672359886942,70.8497409004723,-17.140397571634438
0.31822991830691827,0.33816237503160274,0.6020945551045288,67.4036232715574,-17.096573520199364
0.3053579211579273,0.012410422065977755,0.307466068840989,70.00596230085186,-15.365247191114953
0.28412891723808503,0.09019271834097808,0.2848199472129872,69.49085631816686,-15.56676211372456
0.2781096162283867,0.49755848256494756,0.5499056507757953,65.94315219995427,-17.14368654671478
0.3114238593930689,0.11766995018903115,0.41011409317199027,69.13573215978712,-15.37547106816016
0.3123661805746054,0.16498228745847704,0.13868634071487645,67.86438854547914,-16.617884981098374
0.25406161478334965,0.15298134721040926,0.032359316776667146,68.76554964610987,-15.081492786522183
0.2858879293627002,0.037066598172552284,0.3142322359951067,70.15269430558861,-15.786739971254352
0.2962539026588155,0.23976072317749494,0.9948501572313835,69.00390008279481,-14.878216521207387
0.3146872027824242,0.19082870957548537,0.5551841842346646,68.59660787973172,-15.2708587466138
0.3069432741788271,0.18176072306549293,0.8174997168783846,68.76292965129329,-15.974067819357014
0.29531545184659885,0.3336690511802019,0.9650906638493804,68.15419773132179,-14.653366983202286
0.30404270821575496,0.2650449379137024,0.3636467227892368,67.59733269238961,-14.86421182062685
0.29022987212862944,0.4172600094988852,0.904138321502109,67.72595211861135,-15.984356354530815
0.310834536902981,0.48687107031244037,0.8927200741218378,66.23720664932816,-16.463694864012595
0.290961404721824,0.2546671077042588,0.09808658254530536,66.9155134398839,-15.602356953844383
0.3306542881415514,0.04433701087373577,0.5425425458500199,68.78119762229522,-18.657928382909894
0.28739346622550666,0.1370959774004208,0.767805367220102,69.74411972018474,-16.62537343551849
0.2860220368725019,0.23402135901007634,0.17065998768322524,68.03046228807277,-16.353263586673563
0.3010517102199233,0.0702040031242055,0.9065741995725921,70.12007617430545,-16.49935637390296
0.28771526442734124,0.14711806598833116,0.22356109247489472,68.99630130833954,-14.842078444713
0.304621382209791,0.27617058626468094,0.713395978845027,68.22253481737877,-14.674973707568403
0.3157764494396763,0.18216446237240455,0.6786278245761077,68.71270047028733,-15.11112966153917
0.29708294716780786,0.25355427841358913,0.5987436800391899,68.5671575817234,-14.874127064468407
0.301290712857891,0.05761039306206257,0.5400647016224303,69.59413399841995,-17.242242047116093
0.31038934887965847,0.015250688516971776,0.29996037014991295,69.72755085883252,-15.330000540583478
0.2573093727716128,0.130191417416937,0.002971713264363185,69.02692638385989,-15.70946288203409
0.3027264919766106,0.25609477263372427,0.3093858276804234,67.60992471375994,-14.964048664948729
0.3123345790768376,0.034551564248147176,0.6332432403668299,70.29371828816461,-16.54476355084564
0.27966266255539624,0.2984067502081213,0.4299833280729366,68.14769319093202,-15.23962911069449
0.27994496235255295,0.14962809871424215,0.18311016741927558,68.80029934277698,-14.574459951609116
0.28581204133260124,0.17313105698675826,0.5341167099938977,69.45389229962962,-15.199397313351948
0.29018517259566146,0.30851474726794953,0.9759661313141614,68.45370310082383,-14.915428581627413
0.2978215006851773,0.3478230167132863,0.9678695498360361,67.88932332425857,-14.72156981737786
0.3149945797143674,0.030960970549304738,0.934671574893559,70.29515730410318,-16.426012114529986
0.28124776018395536,0.23756459581428255,0.8906778261375906,69.25011480789092,-15.881979466617494
0.3066526322134299,0.27117893728141246,0.34902547539416245,67.19044775459123,-15.352782405408941
0.28379047345714875,0.42177039036980024,0.7039027425410338,67.33509531213542,-15.495669404710117
0.3046741293749929,0.35223938656840537,0.7652812870468765,67.37882579080117,-15.021363486435977
0.2946557368211121,0.25302971344525477,0.1387768643016691,66.94443949797164,-15.276116770700469
0.3400408258955492,0.17524153271458337,0.933119963673971,68.10122189302521,-17.90628564014503
0.2909974777570843,0.031592318476290834,0.42776128905074473,70.13298156177186,-16.58441567424584
0.28380209867435396,0.23403173371273883,0.40106584024181363,68.38029455935738,-14.946302765859537
0.28200005490263985,0.08399299395771764,0.16464750637713946,69.22621057937766,-15.070842098168866
0.30302552021011064,0.08565653131593765,0.31195077511511893,69.45463234761151,-15.104251173830956
0.2626825222680773,0.24776809471987654,0.30898290324615274,68.72426779540518,-16.324559500791196
0.3218238269859377,0.24291738454186013,0.9302162100331284,68.06357084596573,-15.80772059784238
0.2712832058989966,0.23470885188169316,0.40647754869647684,69.07080640936337,-16.140692695812117
0.31492653387021613,0.08790944763517011,0.5190922196630082,69.1368309834566,-15.576727989878306
0.2853396177244063,0.13282024777533993,0.39291288115478107,69.90297566735656,-16.45229149734144
0.29469807137700155,0.1590019384575395,0.49837124685798095,69.15164166670648,-14.766218253813864
0.3281061796250071,0.16537455302565787,0.5470900564072948,68.42541618805004,-16.28724257561999
0.25929868752049895,0.5977860748548371,0.8842910121099464,65.92828635347414,-18.030437637298277
0.26948090705355915,0.18862008536983194,0.47874342642797607,69.81636764569602,-16.98033594437722
0.26179453751304926,0.14964061731131525,0.028951874593729388,68.68864042487209,-14.942128034335083
0.2904972242815786,0.09288028077316626,0.23074471683174014,69.32699857086656,-14.554041616126538
0.30516230869468813,0.2180478725226517,0.24614389431503442,67.71436705083065,-14.958039260118772
0.2937404356706309,0.4765518289081961,0.9439201146619083,66.86637462684942,-15.502850026624346
0.2802784039889733,0.21278428738328536,0.7720055886029469,69.5278716318533,-15.791885020963269
0.2902618075710639,0.3420648870693775,0.7535897948542756,67.60872970967601,-15.832630985218557
0.30376326391287245,0.08524790735260926,0.21896721577287548,68.75634661923353,-14.890184247043686
0.2915613316860849,0.27953079427011635,0.5498288465221308,68.47047523660319,-15.452947749329892
0.32742919182838637,0.02815024622557799,0.15906859961184272,68.57595906373332,-16.43405079260395
0.29997075395301154,0.1072529698589299,0.32139531885953304,68.84220779783156,-15.477005933091059
0.3254230290213235,0.1944694837631754,0.9724183944274352,68.4005453465741,-16.25679070744067
0.28223386523945476,0.22541936797319329,0.49773047834932294,68.96003600843223,-15.122196605494565
0.2813338679819694,0.22616791268480566,0.16350611087511796,68.12983051239887,-15.713070643466441
0.2899088571244711,0.3428994879248243,0.634533919937243,67.87763177485832,-14.992092916246454
0.318787556104524,0.23679494598338968,0.46201069491449553,67.64187030984785,-15.406154235683433
0.24710022467510717,0.19967318650402457,0.0537120949324678,68.80677398061405,-17.450470627958953
0.2811212921714858,0.4125696673260419,0.6326795726491559,66.95707767223509,-16.057863232400987
0.2812786969274355,0.18032687646771398,0.5937990654617085,69.39354540384457,-15.8450300383063
0.32107669692704416,0.031051309692334383,0.8257245342298287,70.01897332319591,-16.559904612275016
0.2686340922321292,0.022715500165029018,0.1402447560345812,70.46063683001267,-16.274032232966057
0.3161492346525636,0.10227114996297065,0.49046564460638215,68.94941723260484,-15.441232615373766
0.2711156647990393,0.4398864002615897,0.8318659258617299,67.29357516039194,-16.36693108537508
0.3032319531830811,0.35113757672430196,0.8183057569041028,67.44395078215983,-15.104587413569437
0.2912574440868892,0.13641709321275747,0.312813569056183,68.93084958078035,-14.80371498309056
0.2670393006439527,0.19983386154580202,0.09941297359072637,68.17770335214887,-14.809505207049465
0.3055736136321781,0.016846352451047736,0.4089123696047714,69.98622951131227,-15.494957456687953
0.2852501454061386,0.27263684731314985,0.32870957360815756,68.174169001019,-15.831094841702678
0.30072646027662087,0.19863409628759537,0.7040379102426303,69.11635656327934,-14.890691404643134
0.300455074167708,0.287260281759014,0.9224168376337271,68.2412625982658,-14.950604248326353
0.26161304352112336,0.41112814257938746,0.5645567691751074,67.13902403977404,-18.136379985836562
0.30846319310733566,0.00749638340239453,0.055046186375134365,69.09718425457505,-15.309167221531114
0.32933423906809545,0.31181622443809587,0.8680836413811088,67.2472259687886,-16.50119265865477
0.3167650196411375,0.18467613491955892,0.3227419432737264,67.68550461493624,-15.654890128249388
0.29443087605977225,0.28511021969741035,0.801628703953848,68.23138258209612,-15.156969952852643
0.305987686983242,0.23057212029958035,0.786984247436438,68.46605058781998,-14.999018673843516
0.28202680097217964,0.08282071634559018,0.6581743283302696,70.66480889834324,-16.69193035184303
0.3012001930948256,0.4128201349514711,0.4851878483464881,66.6734795998756,-16.636656810195888
0.32098261317171245,0.11167149995312631,0.8040070831367178,69.2136832078098,-15.853343478533452
0.3072168878059852,0.16355934601006594,0.10006788100955555,67.10790504313587,-16.576298596058557
0.2575483823094242,0.15080041150331017,0.050830164844118425,68.94703915223108,-15.42905701963841
0.2781423718090865,0.37686738394507124,0.9965679405372044,68.3036105511351,-15.4840335530759
0.28865628770012397,0.1577462754749515,0.6773809192681379,69.55253172649456,-15.531417265365734
0.30374940651144555,0.14087241081291024,0.8354831582786977,69.25477721803462,-16.165180228178613
0.27563445846812035,0.15031669825297747,0.5065736045835807,70.06509991000286,-16.53176693450996
0.3013202871630235,0.08326282164777986,0.6108307866194702,70.18747216521528,-16.037126909867535
0.26276524664059797,0.10783481931659203,0.009251235030204419,68.9114980586532,-14.321882396799987
0.27813255160629025,0.2923546024356153,0.3934287114072258,67.95036342408405,-15.106724063066213
0.3098883566669255,0.2461369422667881,0.47378469090042596,67.81067234219086,-14.866043244204906
0.29013109391163794,0.22955560890189405,0.44208774936368755,68.81585472988705,-15.601363307971598
0.3089217408795216,0.05286811335776201,0.2415238375725795,69.10252533960407,-14.949174964213507
0.3013528857515432,0.21642293510442603,0.62604682563975,68.90924709993317,-15.117505324252054
0.30544403538460646,0.12245471499083982,0.7754416730446648,70.08681954924108,-17.110458829845435
0.31228983274078576,0.11078131699651728,0.8762942717147868,69.46971607984221,-15.743001129132162
0.28397147540086753,0.42692818914513603,0.894748687824007,67.30843175257594,-15.35076223803951
0.3018932787699026,0.04962537994173649,0.11841700649489939,69.15023211148264,-14.748071713216259
0.32123698568699083,0.2543786471884921,0.5304566546271112,67.41115651077426,-15.94987617730717
0.27674800677056133,0.3102127195340574,0.3944342684795311,67.88572594912984,-15.20979626123618
0.30150756945897206,0.40466131330006383,0.6094587501474085,66.70452259487591,-15.547556961194458
0.3339102752610058,0.2830688415787485,0.9565498754192769,67.3743103396486,-17.25481104774807
0.3132554840235984,0.22406503982666626,0.8244399346064245,69.1544966961746,-18.35428877263925
0.3066002941575846,0.3980988687059164,0.6597703930247117,66.78105488628572,-15.539814423516143
0.28288749640770006,0.2416020982889614,0.3284195735082426,67.85502897519187,-16.15767091682725
0.3105569689905957,0.05083614001718859,0.1282080467612334,68.21941760763079,-17.510972267032805
0.2757211713705519,0.19150908819781026,0.16209475725421402,68.32877123814954,-14.65240085004264
0.2957841185280002,0.14269229744955586,0.6221264675606712,69.75548444563023,-15.458520268249567
0.3034581898497803,0.08726588013769448,0.6723564170575699,69.96291262614187,-15.422751641986116
0.3059778520383992,0.2676273453106689,0.986526433550922,68.4931543379863,-14.703045450660598
0.2973195016688013,0.04012563442830337,0.34149232283751985,69.8355248008286,-15.251192329579926
0.2986812858839162,0.26888115468688356,0.8560556438376062,68.6952468044801,-14.770147710927851
0.27941271024442055,0.2163641771584081,0.21641923271694696,68.17453952243882,-14.670505300202286
0.2651475189029067,0.1346198868290975,0.3019867325743627,69.81577911878784,-16.87061637820823
0.2854687509484621,0.33632922244616026,0.29218937949820867,67.24517971492816,-15.968387147553006
0.2915738771534201,0.30452306145108,0.6421502701929795,68.36331527763174,-15.338626899888368
0.30394506115870595,0.04945023150656047,0.19648720561880278,69.13344797825008,-14.748077483120285
0.32385852070887367,0.26260506025690106,0.8183836955514469,67.78288373942254,-15.767910641843766
0.3082522052051028,0.16091150672284554,0.7259012379349403,69.47702749822236,-15.999862250589773
0.3127764455613288,0.1544783399248183,0.9545473696359896,69.23374113633652,-15.33300548944379
0.2627520118174137,0.4148973688869868,0.8616070924531991,67.92659054666194,-16.810697515681852
0.3205047900961159,0.16703786685332908,0.32590139794339146,67.79267396193097,-15.788788635808267
0.302571393420241,0.23222078261036877,0.3120797185916725,67.78101610942213,-14.677713234112968
0.27356711153528906,0.16451333201311147,0.07249453910868889,68.37776782061462,-14.535714240715363
0.3071609272542212,0.24127487679429543,0.7687540797962278,68.79034797204066,-15.540753545794134
0.30299447658571615,0.4467257459493735,0.5883153474396425,65.92208684967376,-17.606640066757674
0.2984399734419985,0.3915633120713149,0.45275734423710023,66.46798912951314,-15.910520815070115
0.3417460346438056,0.23256473086289403,0.9485184123980499,67.83874044494358,-17.530464357082703
0.2756472490560436,0.13930541849245426,0.16298674246375922,69.16349867917828,-15.050617099623503
0.30726941676432074,0.28955373538778906,0.5554180371830684,67.37652056007384,-15.746505708499939
0.271712863717358,0.12163435064480899,0.09041704950842934,68.86493363356888,-14.632410593866219
0.27110053603224443,0.09775095853238545,0.28293172802618605,70.230488724263,-16.562446138170838
0.29887455666897456,0.1662560070695615,0.8280329484771484,69.41179879661821,-15.107887064716277
0.3047438895168283,0.0719737896137338,0.5179545428989798,69.14380439712413,-18.747167937019174
0.2822245178280003,0.08179549340034699,0.19061868948030072,69.59138053981643,-14.814744882213141
0.2787569033178615,0.24521444293438213,0.2614874886430394,68.07781239624912,-14.816680839323059
0.28851631030258335,0.19250917870082995,0.11080676261026667,67.77765258525471,-14.535847364536673
0.28906223664656455,0.21729741199374006,0.688756420021825,69.24587331940788,-15.139368859513612
0.3041519291725492,0.061793509830225246,0.30758257190060745,69.73140038695624,-15.642581823150048
0.2884478580247207,0.30718479760673983,0.338320905720447,67.62161510693952,-15.343984348959005
0.3119990119395879,0.23596577724618034,0.47062699315409473,68.12347544856857,-15.397000977623707
0.3102261063115355,0.1742288698391654,0.7280501507296372,68.91456522612056,-14.952214409384306
0.2841772601224351,0.2055771809212597,0.6186306498578173,69.52706198167026,-15.911841979696272
0.3111489280975678,0.194216232004646,0.8913573830588176,68.7085561011202,-15.52144430142612
0.2788173225004126,0.3259462520184081,0.7587555265692474,68.56161203530624,-15.568900940489026
0.2944880945848461,0.20331620411854065,0.243669519796279,67.66751205408346,-15.838567012434593
0.3188145764373514,0.37341947858111924,0.777957592167162,67.16057389055595,-16.118655110890632
0.24851868409623837,0.17393293351251732,0.04254853728587632,68.76225138180752,-15.775772796392591
0.2961823783711439,0.26707058318410043,0.7576902143235552,68.89486307049202,-15.88030884577724
0.28578208077491984,0.37071863551607054,0.5697987177852419,67.49794014117147,-15.126816505093446
0.2683453812431913,0.07818911123588618,0.017998820967466043,69.28546960127882,-14.452823589770984
0.32642839655292627,0.25274731112549814,0.7690413485355203,67.83790050481421,-15.838880272528598
0.3040758434051879,0.16471342089936877,0.4237995269066892,68.98141602642555,-15.289650491019898
0.3044562415538797,0.25870846461672,0.4090795270680674,67.58333075639885,-14.928292872318139
0.2644164389037084,0.2123767651306393,0.006684835314392158,67.4617596578684,-14.986387507221835
0.2608138631743,0.042771270889816915,0.39443329894529694,71.39660421934929,-19.67359936141472
0.3008396215005262,0.06914605112150016,0.8494060742581506,70.18965438432349,-16.058420686983165
0.30526112147547446,0.15438527997403578,0.35749552550039077,68.4079899720021,-14.987322831623157
0.2607466751898541,0.3656555793729855,0.689558624578226,68.2631839983112,-17.039292880100753
0.28682525758833693,0.03407461813500151,0.03684995342160735,69.17352183051855,-14.15887318658413
0.27621012516766885,0.19350512844965953,0.035683356668462896,67.70557024173422,-14.934387768170787
0.2783400632251821,0.3513838962536166,0.4239171073583996,67.04851526418483,-16.75661866763492
0.32172414134984545,0.1009675294198521,0.33503354127636853,68.64129685409021,-15.602424170276262
0.27157082018250045,0.24357841002169822,0.1480856476790236,67.46057900678876,-15.768010749809871
0.31013610039639455,0.2361199150309945,0.2627377583832964,67.40789823554609,-15.27336579572135
0.3002318280954788,0.06233184475633266,0.7020558544459655,70.54216576825813,-16.468614255154506
0.2786843636770024,0.333972330626607,0.6293479384417301,68.32786441519875,-15.736367943791732
0.32733707878319224,0.22764678473550048,0.9277351793449623,68.0332493785304,-16.31005506525888
0.2827645959747845,0.23449535896656679,0.583024421241149,68.98659305177465,-15.151613341743957
0.28001415942987523,0.17085578741577678,0.0563673247814136,68.11238159502889,-14.949325193339094
0.32041064326491026,0.5264866539274005,0.6119921861258661,65.48369021620613,-20.365087679872243
0.24056074784657155,0.37720600893675205,0.10484314260197392,66.3524533403067,-17.544306906803662
0.28923397463351286,0.3472914423884823,0.8779037770259608,68.30403482720266,-15.242265749368743
0.3003789635264567,0.44665626947878273,0.9751328315219582,67.07260035406755,-15.324889552635254
0.26954615958228917,0.06318143336591298,0.050639999777008726,69.59785208400183,-14.717619460518844
0.2966093198192242,0.14741025089310367,0.45251582732608564,69.10031019918831,-14.715920399394427
0.28776103484007515,0.37856763180214825,0.8062432841624823,68.1775009298903,-16.970814967580512
0.3223563676923913,0.2951859922399516,0.7280785455884103,67.50203865589822,-15.645771654392243
0.2622336331357008,0.3413927182572213,0.12997938631964323,66.60309991970435,-16.184817589597376
0.2812218786426904,0.038735260427131935,0.07991001775076398,69.85705254966545,-15.066470723760194
0.30255274327931836,0.25884804973657255,0.8543163801483329,68.54948715689896,-14.633086675011288
0.316956151086542,0.04369962563017554,0.6365936408598806,69.7312661371069,-15.982004314362944
0.28051523734204714,0.1856631413378978,0.903646320462959,70.0029591020911,-16.259778387054325
0.2871705251495681,0.06350177710928363,0.19330274583522714,69.54217891862865,-14.73537118465452
0.29575851710693773,0.24058626021603685,0.41642978447565915,67.82431852129339,-15.586208390948299
0.3068737282697067,0.036908707358486115,0.38078953828212797,69.64347107869311,-15.351074597919592
0.3181100492457018,0.20720565959696252,0.39881089818219956,67.9529672418038,-15.417744739648667
0.2689068977493591,0.17461633259460319,0.20886577043135318,68.65227104816768,-16.335791920997657
0.2655215557915834,0.11214044461458972,0.1438983466876927,69.72374932466612,-15.998372885410545
0.289477436018527,0.09971588346752697,0.1124121174267807,69.1303151954752,-15.322756173955582
0.2604877503650277,0.40628976000343014,0.8472201321760281,68.09117878324115,-17.066782392560206
0.33317615080819174,0.2306984359808662,0.8822093118137085,67.79576067100864,-16.935427164824986
0.2700586364594115,0.23104257281311308,0.9862744219761035,70.60717782791079,-21.947471965461304
0.2617209127717263,0.3465708991301177,0.27185170482431287,67.02100604725464,-17.213006095919535
0.2717630784945951,0.4363422041581679,0.3313347228043786,66.25335994921505,-16.634964305334424
0.2758710987852775,0.30346221229458187,0.3557713716051609,67.50145508230939,-16.190357426900263
0.2540045359077775,0.4048453094898085,0.5326616945247928,67.76541847882791,-17.53054368112256
0.29636275457243727,0.3336515936844938,0.9086199958765213,68.11189583313349,-14.648539024029372
0.29650719420407023,0.03969574780806301,0.05593027724390698,68.88407778313127,-14.357500512546535
0.2736535422381047,0.2861957392897386,0.7089316430768858,68.98129052935008,-16.00190020955341
0.289196188964356,0.2754292258185301,0.21937638273018448,67.50924604239938,-15.426910054359464
0.30436593425379616,0.1877881382769469,0.5256868050924431,68.60716680660406,-14.68118630022091
0.2629129056212053,0.31660415599468683,0.2281951742334144,67.25863471658207,-16.39423434366049
0.3024625522377745,0.03608537352609309,0.33167134063872017,69.84417544878632,-15.08400535806726
0.2908939091885526,0.31839949423475244,0.997134507462047,68.32670315668081,-14.960355489364126
0.2939947969210715,0.32610849412981074,0.6057905144545668,67.83652800140732,-14.775727498948717
0.29144251642257013,0.15950847951022412,0.8689464875221421,69.7697464379931,-15.495772025517772
0.30405204934931573,0.12306152416463796,0.19757604292330092,68.84125324696535,-15.882768873681052
0.2988001904541823,0.13588817068036713,0.19921532968095879,68.34679661456707,-14.547728782704665
0.2910247489915292,0.31156162724010816,0.9100386846619566,68.36286479784911,-14.797092612915364
0.29866364149072405,0.20269506097777207,0.9082323711301326,69.01056395362171,-15.436567193597272
0.270065661613223,0.27431475673722155,0.1500406708313189,67.4893394558866,-15.224439793758187
0.28802422994844445,0.10391526039429039,0.24780274100088337,69.33228694984194,-14.639108537843153
0.28307152132367563,0.04644495998804733,0.12029873293542749,69.29809492705317,-15.673875564573947
0.3092488326776679,0.35844573770131605,0.9927211427931085,67.44694993111302,-15.211657573446745
0.31724169631081467,0.233511198679224,0.7871856018561354,68.23295953722894,-15.169602856293373
0.2927870018681981,0.10938552310046815,0.5487367302757946,69.99785798824273,-15.498908254820021
0.277709996034159,0.20009322096978982,0.10291855656257617,67.73251872384125,-14.649692574793711
0.3030514934066818,0.25714743037423266,0.6348978580029321,68.07967941160318,-14.873521364895407
0.2684174137449638,0.23820813839422278,0.03369484083717861,66.8689196058923,-15.510073545770892
0.28222605479679197,0.29844462160234925,0.4874739786289069,67.87486976912768,-15.359780384998711
0.31342963032212134,0.34945065849228996,0.6011086231726189,66.78645453529451,-16.18232113212896
0.2899753651546285,0.03436491713981815,0.018113950559073166,68.88194834979728,-14.302123915728387
0.283385610538179,0.1536463748905275,0.49769056031900843,69.79958156626657,-15.791572465412685
0.2827121268010444,0.24868672517118984,0.19445368775781435,67.47674042536909,-14.96301356922039
0.305457474191116,0.20376456275297994,0.5556642668888557,68.82117744409844,-15.274333966664692
0.275727377846744,0.25278705489155806,0.5582179300853678,68.82510413062124,-15.636983418229125
0.3147410872706757,0.014237800940281639,0.2118827097485535,69.17749227080608,-15.452027720003036
0.2904005095904671,0.29747783017036544,0.6508632484190731,68.06097228893552,-14.92457979434499
0.2747486950191407,0.457754535481752,0.8932629144216678,67.69840359551799,-17.060051131001167
0.2926172171085573,0.08302717438468629,0.802611970520016,70.38506228747853,-16.051238604852596
0.2679484617885384,0.43058271014379,0.4700478623368278,67.2048531102413,-17.1256682453147
0.3100257536784852,0.11182634030438282,0.42675826898166747,68.66777690036498,-16.286518997384082
0.30736561790763306,0.38121854441569075,0.7651778154738272,66.86322370785095,-16.077330039382733
0.2946983406634038,0.25628732749601557,0.9745427069609085,68.76818178690844,-15.056163403197518
0.27845642925996494,0.37251752257196835,0.6304401942189501,67.841161583305,-15.502200476809408
0.28226317069564566,0.008323963801593448,0.0754229574222115,70.45951148105931,-17.433814174496437
0.2929692869648317,0.1856760733429006,0.2909227671719369,68.09633321193446,-15.594996568827586
0.2921180808570445,0.10236904783310222,0.5732604452872356,69.63466333634726,-16.389147391657275
0.3142078829824866,0.25960123655335215,0.9418983423428453,68.30202759763849,-14.958204061397304
0.25664627627849534,0.29862404400566556,0.4953907473627228,68.80835484171286,-17.603030622319622
0.27762668996931783,0.3558873616340028,0.37803592880680836,67.16479738004087,-15.4744986979664
0.3075440962275724,0.13566043048762177,0.06123262555480081,67.54604523344156,-15.458850987899263
0.2733856056436406,0.23658970651900094,0.09096446601063596,67.22538731500798,-15.255494243289085
0.291994695915859,0.06791925807402249,0.07763323666319055,68.92094966229713,-14.18662248052836
0.2886867439342928,0.37179310486347283,0.5874635379587713,67.388336508653,-15.008336951113495
0.2874553866897481,0.06786845205713868,0.05186362041959258,68.80362941185966,-14.154260538940207
0.2889510129039786,0.35427177383611785,0.7243127380756974,68.18356156481488,-16.217509740196157
0.2841967106989106,0.2963042978399773,0.1520071002067649,66.9179114958942,-15.536663778949297
0.31400900349998634,0.26590618902785534,0.8326321616183147,67.9573099878343,-15.344775643747752
0.26467546813550225,0.277854492443389,0.38520847171971206,68.2491521170906,-16.796420891172286
0.2883586522493532,0.10089303071144853,0.24893703035500414,69.28397537968922,-14.698169103853145
0.29477710818464087,0.2583299421521566,0.7366653996360387,68.46432986680912,-14.887817897005238
0.2864497218549765,0.4142135153677683,0.7806209429405041,67.20658908415054,-15.31437810424001
0.2886010720048636,0.17129188974600715,0.7992649584072771,69.72146134997479,-15.459005059946376
0.2975230677000062,0.43020386627506146,0.8080574324459566,66.97737214012776,-15.235387275811622
0.3049044947597329,0.10231267227305868,0.44070363735664514,69.08193796403658,-15.416175204723686
0.32072670746799914,0.15711490205054995,0.6735561935400982,68.64055198932527,-15.55360530740093
0.2818720545434158,0.3191281307442664,0.4637067268927252,67.44896940398706,-16.272177038447367
0.2603649379973483,0.12155865391944101,0.08658607963204401,69.2741558581362,-15.497821572022055
0.2789611471830491,0.17611823740211,0.6226121935271491,69.67139782711037,-15.949532942445142
0.304616392894831,0.23096814428783224,0.3777161740816826,67.87428818910075,-14.671641052199021
0.29579287126065057,0.1536619495568637,0.7115661615224491,69.54858749905446,-15.082204698805727
0.29307178600812844,0.1439406993424471,0.9779638886959654,70.13540751844097,-15.775726365008818
0.2978414434661566,0.04816380181556046,0.3491763602090968,70.24764833099829,-16.30467758378352
0.2939935271597156,0.4018025889434341,0.5075805564241258,66.63262824073337,-15.641719052461085
0.2966016765632144,0.386361921552384,0.3141082100869737,65.78016685498777,-18.61518439655053
0.24383547509046183,0.21776992643379015,0.001146051645758428,68.06440539835637,-15.99267448492491
0.30632658770304383,0.27321503151355125,0.5085916560290841,67.61860874151095,-14.980789613777196
0.2785350695512065,0.246119966540473,0.45868626517433725,68.39490922025206,-15.914842789726274
0.28860515600337855,0.13714868758927423,0.0901922610361991,68.09130987551212,-14.438296642018146
0.29140367043701,0.34067446847551275,0.43389695441052856,67.2817670607259,-14.992961439751726
0.30775853901618117,0.2739673710867642,0.238970165610077,66.75831059930006,-15.878038135506976
0.2922717230489432,0.4676609469051543,0.8249176640237245,66.47875559789907,-16.226760111688712
0.24197888422059938,0.2615231836353413,0.08021688708141875,68.15684079836709,-17.47934401225376
0.28587695302983185,0.011927478957748705,0.04131101603151388,69.56397388088747,-14.26346873122307
0.29417719799075936,0.3656663144839687,0.8656440279593995,67.71610155175753,-14.766390338327781
0.266824300074829,0.4448566520257839,0.30829035155787815,65.84313226929623,-18.18630545891092
0.2831557004041511,0.039160639149788776,0.10054936924806152,69.26277130903802,-15.756346716436651
0.2954706216772514,0.20389967788137534,0.3982016208354848,68.68119691632067,-14.799687550980618
0.3390130107164517,0.02422543263115487,0.7775157207970619,69.17549801590039,-18.681425705549927
0.3219817224026761,0.005115113438994373,0.19384900463054164,69.28099380374661,-16.29867668397597
0.2893396446430733,0.3794348646842567,0.890155766579297,67.56667685598948,-15.311176352535147
0.2749740128321769,0.393558462972847,0.6141795781060679,67.23413236483306,-16.39353078324893
0.3169218315291821,0.1985055759900875,0.7784477351579895,68.71845170806542,-15.239838996766023
0.3027592018963232,0.13766004444848395,0.2793511838700554,68.71169730393694,-14.552874666587718
0.31849411558813284,0.1799379439419937,0.5570279658496251,68.62547479768345,-15.62644464321245
0.29580683255626733,0.42644223775765416,0.868371588983254,67.11577054538623,-15.096451380960167
0.30086840746053106,0.14731309906894063,0.5844604969759957,69.25073764625935,-14.833714801379367
0.2807815717018917,0.21195209782983998,0.10665290425525868,67.7799676921638,-14.700116995564875
0.27428491319951426,0.3381264944838229,0.17772424923910313,66.73012186995562,-15.82323856953744
0.2864600819250771,0.17617193276964266,0.07598930586965569,67.82056741120073,-14.486219878956312
0.30827932616363074,0.4586598651273322,0.6019907965248443,66.28255663953063,-17.130558613735545
0.3163599680749829,0.2689983005534865,0.8362701210932614,67.7587595634276,-16.053142369007844
0.30806266508306923,0.10951270218064861,0.2522923677979215,68.44302068304411,-15.201749417737092
0.27449926332442554,0.4300323623499901,0.3200383429890655,66.44983484173233,-16.935392872261357
0.26164274827243966,0.6649167272711373,0.7602925317141166,64.95703798013105,-19.472590235140103
0.2916805809809244,0.31159791453624786,0.8800881587064016,68.6487456142373,-15.41842050702195
0.2772508246636625,0.2636771812956193,0.32887427087580057,67.97415294096322,-15.300363677823551
0.28212304469998656,0.00728231192287096,0.02741474481056222,69.68365235731765,-14.289475280098305
0.26844460309803736,0.5073647484919368,0.6161496913259518,66.32751892483846,-16.83649508137808
0.292585464706761,0.1009475950972159,0.016457124275043422,67.94794117092465,-14.699163308613711
0.28279694929739124,0.043778438608013434,0.03279057380109008,69.07445760251531,-14.272033176149458
0.28284076636307764,0.30505186797733713,0.5582950321952957,67.76017687027154,-16.474541589196136
0.3160238197481342,0.10431765880853211,0.6652361344626958,69.1303521292895,-15.841903640743306
0.28371524443192353,0.00419247489171326,0.02342727126739197,69.71439201677673,-14.362526855390264
0.2745105713239004,0.48512573729421443,0.7435855910799407,66.8648689388884,-16.094146983064018
0.2842332914323614,0.3015339854281994,0.6152122580569951,67.9171194194131,-16.117538441528612
0.3113806968504048,0.27884643842027385,0.9355355089997799,68.52234008590136,-15.62066627102451
0.2937045676068457,0.20772728679374983,0.2768697487945368,68.00178788030094,-14.622960586564034
0.2954245812466424,0.03538294667571551,0.20904542203768461,69.95853640127095,-15.34792877608127
0.2731450274279631,0.3045973064650353,0.8800650022256314,68.88488030815323,-16.08934442908708
0.3003884252356084,0.3387758782836462,0.9039822514123556,67.67238189081232,-15.268619527920878
0.28096443728285836,0.1642475962532261,0.0628654351097136,67.95527036732459,-14.278485735492767
0.2776027126140626,0.45832422808735257,0.8105958092739599,66.91411251617862,-16.130017147180183
0.2941832476732708,0.21523521831550707,0.18948206392720723,67.58253955142268,-14.696750067577662
0.27890100303997756,0.3347302763074157,0.35265650777259405,67.49805378471355,-15.360541188675343
0.30786463637686445,0.2980094134108024,0.9431147033411398,67.93677682126777,-15.189651239706109
0.31644142991579344,0.08126564100673184,0.2947150431960537,69.18210759758543,-16.403203950733197
0.2852677458771444,0.3649093279491636,0.7461450729928167,67.94639021436859,-15.11916205378134
0.28306588112338543,0.321187891410487,0.6981333133256603,68.12711869978254,-15.146004934755638
0.3088232857564349,0.2537846556940385,0.6749348152832041,68.29004256613375,-14.812285306888196
0.27012198862169795,0.2509237667105493,0.26675903688126,68.30241660996992,-15.3717556529026
0.28648761077517987,0.011595340135780494,0.18410191608555226,70.45738156654372,-15.856981018287303
0.27677331286550194,0.13126296076830718,0.04626104907535422,68.4610949198895,-14.1800829668063
0.298316634807026,0.11155583130280257,0.033110905139889485,67.68948070649792,-15.226221044155508
0.27409100039708356,0.12695626992633718,0.06076970593651265,68.38583869008079,-14.774531470530306
0.2999040326264665,0.05182940855992596,0.7525188296389589,70.46435309917088,-15.954193670197366
0.33990708408826653,0.09815953220439193,0.8360396922459463,68.4987408234648,-18.94198106273218
0.27401986410761625,0.06989415111318231,0.035959317475414365,68.78649081636881,-15.753332820493114
0.28655395471702233,0.3271213133497891,0.7454321523873206,68.08692270252614,-14.931409153143727
0.31210484339091893,0.15180472279515012,0.9961643723445242,69.17704859285989,-15.73223013520878
0.30461604238030116,0.24008228919161373,0.9903661293443331,68.8681769476242,-14.767153210479373
0.2873412022620092,0.49642382128717,0.4632830909668352,65.55677705726988,-17.604067274622594
0.28762153985621014,0.026741526872618437,0.5394567466114764,70.83714835119873,-16.455036569226003
0.30301133995238944,0.3526155944469791,0.7549568456664772,67.7748240214374,-15.430221884427082
0.3107433542935927,0.3206904790688781,0.8812364913903868,67.4232199904888,-16.32207005134687
0.2712772038096086,0.2922897297361192,0.2287276450895886,67.33178307233098,-15.870808540440663
0.28747598091338156,0.3043989319365722,0.32096805786695226,66.91429946391378,-17.25536604110993
0.3095056646844479,0.22057961875123316,0.27247232275833716,67.47338190082723,-15.119958695569625
0.27793203905990777,0.4693013719737156,0.6699560074673897,67.06157335690975,-16.837394229468284
0.32820597938876944,0.20137369989055365,0.9134383784100901,68.22384386749458,-16.40269980937634
0.2644720363585765,0.4022645338177643,0.1474442135039527,66.14129342667282,-17.989383672621834
0.2773508956740039,0.2520534631517512,0.7094957236264207,69.06297304278105,-15.73758771951423
0.2981091022261806,0.19092408590662546,0.583002291834688,69.08595343236978,-14.854454226229462
0.31400845606687505,0.23865559064965347,0.656520118344126,68.43036605711512,-15.596844991857145
0.2854012565860239,0.08976439638364489,0.40950197322451404,69.96764189496385,-15.498005032243471
0.2758530497891951,0.08188765392032646,0.16303011394000444,69.50113236665028,-15.291397728302872
0.25540137975027927,0.18123717064300665,0.00836951051947376,68.01585253040733,-14.500582724733674
0.29484991540698785,0.2563751468241089,0.6086048964583146,68.10036694253577,-15.654027808442187
0.28267309679469443,0.17238537928334574,0.12192826115734945,68.06079250611721,-14.446443107524303
0.26252915145088374,0.37273590581946847,0.9559557224544588,68.78741110364082,-17.434065755878432
0.3298807157676258,0.1576847963747692,0.48614052060378105,67.79806285024755,-17.565161129669466
0.26462442475444425,0.21562754291684788,0.07395029305814552,67.79230698416896,-14.824558480799576
0.3163949525163112,0.42602581533257966,0.5144531844734417,66.22281628018837,-17.569894817579456
0.3082710001518573,0.13982750462186996,0.848955370520813,69.56227521210673,-15.269872706760973
0.31772249433866945,0.26611120376911157,0.8976577172177767,68.05779796361165,-15.19840638769125
0.27898399595744994,0.27467657496507036,0.25369373975385134,67.6169059985706,-14.970122615353667
0.30325331021490015,0.06845932104755542,0.5116948740934257,70.26399000905333,-16.94816863586438
0.3022036482425576,0.3244509978286774,0.7166557547688597,67.78701986938178,-14.709986231124883
0.32916629292824684,0.19802275529818059,0.46559071061584045,67.52298559952288,-16.88040833122744
0.2977395661214287,0.37658798775070895,0.6013802252689358,66.93263740283531,-15.516020483400336
0.3054216081729612,0.408476568009304,0.5864270744507103,66.2183128413272,-17.389522291552943
0.28469000193597693,0.36168561179645936,0.36669106248751676,67.11194378948235,-15.496430149752246
0.2894810363123651,0.34045894661835896,0.8702184750238124,68.03808430813355,-14.882039970702644
0.28663116596800153,0.4112144838460041,0.821054307104468,67.17180821912943,-15.749895406022011
0.2781760665850711,0.2912100051961721,0.182091455830255,67.3354000252047,-15.363933415311426
0.29955744356949565,0.17995987574324362,0.39677014203417094,68.90386639987076,-15.24135295346141
0.2976868222224616,0.15144606155824902,0.6846161487851846,69.36781430666643,-15.128602343943607
0.3235633349940941,0.39030195439555704,0.6842384689105352,66.78604860231877,-17.11008165801759
0.29338415873527224,0.07672202723391588,0.2280838524172803,69.74216250270455,-15.70315249770959
0.3078298936753725,0.106220528962473,0.44728567865967106,69.05292014179001,-15.136130079438242
0.25549815069599985,0.16139397081149381,0.021436980914000398,68.34221829002199,-14.741332010027282
0.27937125557343145,0.16995145014131266,0.35749830390649945,69.43347295775024,-15.638959938152714
0.3306612998373106,0.27052851854975524,0.7737032884225477,67.67030272856937,-16.328869355105613
0.2641589309853136,0.5378723807358395,0.9246794343706297,67.22547733749558,-19.06853324898223
0.32021162385830554,0.055556110570408324,0.39315844884689727,69.0306356661373,-15.91764861688257
0.2658163851417891,0.23936266900047853,0.1761417605936103,67.83060874508332,-16.090818798128232
0.2734755849810486,0.429061996906257,0.701960507180228,67.42084485162856,-15.819621186833666
0.29082002030083365,0.21473160671348318,0.5372783387252682,68.61668007105735,-15.130341798143851
0.2890088988510689,0.23489704791044386,0.7573042543789696,69.04394242158287,-14.968553222855267
0.2739280791822708,0.17929289833685533,0.2212667234578557,68.8116732705075,-15.025963945270865
0.3184200188166605,0.2518421922750625,0.5073881290408151,68.07018877009598,-16.99080962564731
0.29079221866661403,0.342268746803612,0.852353437361185,67.77779788723751,-15.547861516734548
0.31642513389039395,0.13803101528441292,0.47011186596323795,68.417820425939,-15.916183676770325
0.33455913686208516,0.2655406787934714,0.7913247397291568,67.71628003449206,-16.90055015518238
0.3025847879708812,0.16898960829847828,0.34071850719350627,68.48726474278605,-14.503548260353808
0.3022014899039181,0.10398533562689516,0.4124750302036753,69.68065589950636,-15.899816868709408
0.326991679866005,0.145794148637231,0.36270806939583766,68.29650761279858,-16.441489999628715
0.2598067810853315,0.5119521623025489,0.8245342816330782,67.18763792909685,-17.56287489484271
0.2890337620166413,0.38031251279416345,0.22591426509979268,65.75438382722258,-17.78911424821258
0.29855347792385,0.15564773903109386,0.4945343246037649,69.32947119709318,-15.135701495307114
0.3077172732047225,0.10723530694733144,0.7956387662708233,69.63529870280308,-15.436738603218545
0.2854456657918705,0.2243016649427119,0.23435393015212114,68.55907641457591,-17.258069448480562
0.2939411352940828,0.286411889578673,0.51783598094682,68.06969997415271,-14.693108063963324
0.2916813524108055,0.016925997051649988,0.03075308629286566,68.6481262658523,-17.401244823510034
0.2638438888562735,0.07799324096993779,0.08956045701879717,69.69582924297238,-15.585647977802438
0.2616338793573251,0.1150423302535512,0.20538216151164146,70.34349619020603,-18.65088486997445
0.31248656771890976,0.18888273751630266,0.5930793566532716,68.50073275199131,-14.929122913316489
0.30139408611963503,0.2459560887291002,0.3925562427381758,67.98781334112589,-14.696847325088585
0.3063935024298178,0.041103581261771216,0.08132821538256618,68.70550694395982,-14.767401853658297
0.2808118492177554,0.07228820697721494,0.033787146152645026,69.00062907916512,-14.101409625594744
0.3097685223031253,0.1498688922667139,0.6702557518105636,68.99664830664699,-15.125606565077293
0.3164222141062192,0.009011196774354857,0.29233552163186227,69.2275973870094,-16.33871556809733
0.28482438876659666,0.26571482156249904,0.979703920236737,69.29197130236996,-15.580110821621691
0.27787946989550205,0.28296222832856915,0.18847723913999423,67.49497290152479,-15.328426746411322
0.310602351144844,0.3054288164933029,0.9953181552726257,68.20964670850371,-14.979779790978585
0.29578306688471967,0.22435114164092113,0.9985385963551769,69.55378421717283,-15.974149171076592
0.3176387392317496,0.04803637446317492,0.43994798655651235,69.49863137898784,-15.685945444447839
0.2942051151581971,0.3114433899955552,0.36141484969711746,67.59113634975517,-15.786268709537003
0.30259452134432613,0.23222489114971595,0.7579626503268763,68.52864696247053,-14.878395275157539
0.2671128490668299,0.1605243416874736,0.3227234336040629,69.4531949166602,-16.577469529901098
0.2984297609833184,0.35805537560425543,0.42061734376351845,67.3329059932909,-17.39360335195868
0.2605038461634952,0.4846062266698713,0.9817779751443536,67.64745655650172,-17.192380895846426
0.2847047770309433,0.27589332373100217,0.24457984154515422,67.30777346112845,-15.173015517825396
0.26985313199191546,0.07987291733129727,0.23685068027440329,70.11670863764806,-16.3133107654822
0.29079633426543455,0.07406660979828075,0.6760488372725901,70.39130741102889,-16.009480331716162
0.2653300238094775,0.33583884410101666,0.45471928587332733,68.3440803365981,-17.2038804833947
0.300376574791076,0.14781496262736216,0.36452061141975134,69.03097956009871,-14.864470093505856
0.32087616258053325,0.09772308533586199,0.6280193236444479,69.07605158905305,-15.855458333388546
0.31113861517202346,0.1714704561333047,0.38329698320640815,68.4258903432202,-14.87110212833658
0.280605496624065,0.04000061579645359,0.05170967583889666,69.90337555661522,-16.181350120722836
0.34068376660385646,0.10359119715617904,0.4362623234635027,68.50976551677289,-18.41436147832723
0.32643040095465226,0.2994223584115655,0.8687242406188984,67.68125492266523,-15.989691502690786
0.3023864362971147,0.12642357696424478,0.6123648158925137,69.37731208109687,-15.068772542458076
0.2754433322809402,0.071934330939502,0.08645745148783027,69.37862926705353,-14.58582798879446
0.30160650929099164,0.0048968475513065934,0.7741864691019511,70.76794792061807,-16.48291646551548
0.30477344319799715,0.2871745997592755,0.6831438046110869,67.81648048908883,-14.977824620470203
0.28290994703824995,0.25329966098433077,0.8560256870024952,69.30522087120643,-15.604421723478362
0.2894770261518568,0.25969252057243886,0.1019705228299791,66.94671912382736,-15.63640709876797
0.31685197855940433,0.4343641168661203,0.7735216582245098,66.36048437932695,-16.506284104803516
0.29578306688471967,0.22435114164092113,0.9985385963551769,69.55378421717283,-15.974149171076592
0.27734924730985794,0.0780421594949248,0.13939634533875517,69.49266976308402,-14.848338854894541
0.2888499046845303,0.18289772648692793,0.17885620572896754,68.36380388019735,-14.740896400753078
0.3175243686616663,0.015714809339090467,0.1164657946662961,69.21018068486812,-16.88258530914498
0.2646272201957337,0.3469813880415542,0.5190127425183788,68.24539502370239,-16.618630760996002
0.2923930255755179,0.5251273870078617,0.6149756530061259,65.99753444338762,-17.79608343539584
0.2700574668864646,0.22152720075906432,0.765635131840325,69.77359774642699,-16.984624985482874
0.30080097613165846,0.5409101312203652,0.8098155156628053,66.09130130816959,-17.903839247562292
0.27071706404832324,0.2764844992517478,0.30719112431929313,68.15358165123298,-15.447262326914144
0.29091452738943385,0.13021028157280043,0.5675216917999679,69.4189111784892,-16.059658235588863
0.2608166448231638,0.10022727174335735,0.18710378382960224,69.80697946675312,-17.35394187079074
0.287519071038548,0.008355996830135284,0.36676286408533937,70.46882964725118,-16.357050881985593
0.3104346216133566,0.1819896199713813,0.9240475076005898,69.44491436389214,-16.078411134004448
0.29971827994374933,0.11075954915117854,0.4609456295226423,69.47784975083502,-14.860659242957677
0.2846734472734778,0.05950490974736254,0.35123669823816883,70.19584565961537,-15.610327913029726
0.31861351465120946,0.052166877188178085,0.31880651003733007,69.33970693431769,-16.053910891295043
0.3071437271878124,0.30968308348692,0.8710719038125464,68.07201015768635,-14.78815458687038
0.2964937099813784,0.012961320429343282,0.5385467851855715,70.55825111999332,-16.051007093841708
0.27969109903808576,0.20387183953407267,0.2380195487531892,68.46355798457662,-14.699703615090359
0.2974379736521425,0.08034531340279068,0.8801155397694935,70.43693924605965,-15.973138492851845
0.31999515741344636,0.2773883530760346,0.48883678986665213,67.03801062670131,-16.553440948442116
0.2840625230029314,0.3818718428211597,0.8517332627121448,67.90242658519101,-15.082555425109827
0.30041639559727396,0.2214105859206446,0.10537168176762168,66.82923774559696,-15.809721412375785
0.3194607152692942,0.16473440215505492,0.8975129055103882,69.19687090219327,-15.949532761933247
0.2972988469202402,0.1420024796827543,0.6491741733799018,69.74670969790265,-15.422706566066545
0.2877853728697539,0.13026943372395797,0.21847652757440805,69.02897499129651,-14.500976723283452
0.27940329166994715,0.04830721400663436,0.13408811644931212,69.83128828346176,-14.879762079206184
0.3240957732444968,0.047726610586549256,0.460096187096673,69.37070639826395,-16.217637829730883
0.27139338775186744,0.14983976576890412,0.8689083416564842,70.51653072816242,-17.822416753501248
0.3149708660173095,0.12954349448481325,0.20779740008329792,68.44846059873183,-16.226148172447903
0.3175490853674942,0.22820830602398803,0.8600953976557626,68.48930626751135,-15.17091984230569
0.311729046837835,0.38229968925143687,0.6342472508520464,66.65858331875603,-15.978793226456435
0.2860777286642046,0.47353413466550437,0.7719207304374758,66.97399370086673,-16.252059780475715
0.2844605944237864,0.0701560067147376,0.619844694882018,70.46969969204622,-16.57871735403582
0.2659693306019687,0.2508664665277759,0.20434051844075168,67.94295847924279,-15.696201143077886
0.3001149164610674,0.23095441236237502,0.5452285182376886,68.3523562896422,-14.587041518287451
0.2907413872066134,0.29079517684798983,0.9102165601741553,68.84167036263442,-15.19003172838337
0.3156549822126991,0.11226507096604942,0.5447017898095948,69.01947395032575,-15.320916087323095
0.2783411019499584,0.1432782424068758,0.3420583363650604,69.65385119657209,-15.63099129002278
0.31838822021437146,0.04345063795262498,0.38763187055041864,69.57075861960377,-16.118478749398644
0.29224476325343113,0.2774969861118302,0.27222978840843287,67.48216603522029,-14.88081661607896
0.28637903741923576,0.12023003799988727,0.5654428917834807,69.80688890461326,-15.805172683419006
0.2992950302599853,0.1415857827695933,0.10664711132529367,67.75997023009026,-14.993661143247472
0.29420052573511535,0.05206338505550662,0.9831774253837207,70.9466816067024,-16.7500005203276
0.32206516143107544,0.06354392485978452,0.26256854962914233,68.59710081892624,-15.877408121530621
0.29708382909269615,0.2575543699234487,0.8079165835059714,68.67833092789301,-14.650823516230508
0.309100049046521,0.1104856610300566,0.043876832699731916,67.36708314584267,-16.493014260427294
0.30616197876128115,0.14341643207827343,0.6636768552612855,69.53700719462871,-15.569807269450799
0.2889866898687842,0.2897170236116443,0.7694123192235234,68.90391955290575,-16.213916069759243
0.29211274629951883,0.1107670031339317,0.028220171315676335,68.30541510289929,-15.056200463928272
0.29552222915348475,0.05295193241943504,0.16601267471886366,69.3138120427443,-14.4773936276913
0.31613930025197606,0.1427036101579252,0.30046145141005254,68.27212087232671,-15.130411268416905
0.29247507454970567,0.2571438543483866,0.4601997993051999,68.10631440607034,-14.621162554706585
0.30785784726315707,0.10621036192150723,0.36027138032528605,69.63625704944174,-18.312994001636486
0.29813076972506913,0.2679764810751761,0.8790979623927546,68.73824013614743,-14.770472568019466
0.3028803563805368,0.3441784906039631,0.7917829442351343,67.75237161341886,-14.829399669631663
0.30089934113489075,0.12300450213626019,0.3254351285009945,68.88391792321693,-14.618592793239904
0.32445597432269113,0.04264166427091362,0.3841241050425147,69.14015224926713,-16.08779355916229
0.26678954928351367,0.30374412487908214,0.09828220948274913,66.880912892565,-15.773854880497044
0.2903268598371245,0.005533958178385534,0.23944211242584695,70.14711249460831,-15.429286228523566
0.3057391220069729,0.16096281320546516,0.8602758356267379,69.44771416542137,-15.100378062414636
0.29235672144887187,0.42502080053162405,0.8621481194109135,67.11670591259443,-15.176989423506877
0.2846063335190628,0.055599634532004866,0.3170568106641509,70.39563006840365,-16.00342285691752
0.3029711681598825,0.15355286842875449,0.722558526419695,69.49720183939488,-15.125937604090058
0.28996716330929345,0.3656428484600564,0.6146675430249755,67.6033228635849,-15.114133771178967
0.27841737279769513,0.25734530369749,0.9810576331282319,69.27556666498339,-16.030908121501863
0.29270257075135375,0.07364361684525898,0.04708112308515065,68.63797371971484,-14.212228745595553
0.2969893466076462,0.20801226537380912,0.7016992311781819,68.81982526596938,-15.016321445335423
0.3019283607436352,0.25271364152502257,0.2270478863097748,67.21266895946427,-15.074999452415195
0.31505825861773096,0.4657508370085659,0.48945850105718525,65.4851882971205,-18.297218673831797
0.29764235300724257,0.32578955004518606,0.5526774238309822,67.56214538204563,-14.766007064288162
0.2916628300780759,0.38832861405794394,0.6257160466950573,67.37414255315758,-15.319134310541662
0.2907578436781533,0.335726249399079,0.34730759099616193,67.09422738058217,-15.156806521276772
0.29565454178774664,0.24080639111676425,0.6299035871159427,69.03128101881931,-16.324192371597793
0.29575768860057156,0.058653121144189545,0.2697105573921516,69.61097912273755,-14.77349055671821
0.312180223437214,0.3088894971469494,0.46054245024981655,66.6928162224182,-17.57806086985072
0.30524050710240047,0.08234210582734555,0.10580393130030569,68.935786959539,-16.766793501734604
0.30682810097276875,0.0421046999099256,0.6168297638039817,70.58305633118447,-17.674113611690096
0.2986555102389577,0.32552887304044276,0.660270253352647,67.91349594140742,-14.969553340899049
0.27895009543142824,0.3140374259030373,0.5750468670602038,68.28625504513795,-15.267506905228833
0.28909132763543,0.07041821639961543,0.0046156161175361365,68.62664057022835,-14.541578593815677
0.29721157782794927,0.1701505762766234,0.1884955236329232,67.69842722775904,-16.07191682083069
0.2639997713391641,0.29620663078647125,0.030841446934142258,65.9534591363229,-17.82741569179779
0.2968053832379032,0.010972231908436408,0.293072358439575,70.1506413090692,-15.2280656232231
0.3096850960713364,0.15553701743984885,0.7823958982553544,69.29313920408684,-15.109458924323501
0.308009824429042,0.1252396052167561,0.8563748073630076,69.98048195384948,-16.526131964291597
0.28930305766198045,0.018418293055050862,0.28515299516281145,70.14648733108871,-15.646801544399494
0.30270918199222335,0.25207168392722407,0.6775815053280556,68.53208800487141,-14.810406603949948
0.2825912873728891,0.1931231042431914,0.7762487081010774,69.4632027793991,-16.08067452089608
0.3065303489880754,0.22532400353306326,0.8023360921237261,68.83605716099481,-14.90280085489723
0.26408832714811104,0.42140067454801616,0.3706525428502084,66.76517782910382,-16.556762953107896
0.28765166554455496,0.1835275250801696,0.8156109135163698,69.72847029973744,-15.512509767979909
0.28134058855264776,0.5534670748551418,0.62118723397291,65.7509844629366,-17.504809489917
0.31599243551177525,0.34823719372999457,0.7627750494293503,67.21922662967539,-15.440993572076783
0.2993891935830065,0.2763037296604137,0.5199767553780965,67.9959108069911,-14.620894719032147
0.2954532907299581,0.3648732381374902,0.6767220083546325,67.52101492123207,-14.889578310561921
0.28963133357992893,0.261186527949964,0.11244439616996338,67.14454819546457,-16.186752787532267
0.302535320103605,0.25917926523874174,0.7829265630807248,68.78509088944892,-15.560426131758252
0.2873473308247638,0.004134059039005711,0.1612534833392424,69.97407897305345,-15.244307399973552
0.32670014595769087,0.20084887862514267,0.6922708145204981,68.31805357921453,-15.94972950038901
0.2986894173862973,0.08602527066039395,0.3253794110126984,69.662479047511,-15.288223901129005
0.2934369862722728,0.3142259855363375,0.8190929724450856,68.74539776949467,-17.186200037744786
0.28023083062923915,0.510449952419954,0.8396870190861145,66.9587917587422,-17.447622708700926
0.3097684611196974,0.2880778214599313,0.7041189364915651,68.16707348755644,-15.534989814652539
0.278802291453059,0.08579955501857939,0.038897378999830035,68.46834574541843,-15.47343537073104
0.29660932639058235,0.11592613609470635,0.1411411493336694,68.08815568787128,-16.085019463294735
0.2686735231412598,0.2941555620271033,0.07747709150498311,66.2320879719395,-17.866581797030527
0.3294529053536896,0.026067377639070355,0.3996527941935524,68.91977896960121,-17.27204963580167
0.28699879533319395,0.11447168849922734,0.42210046005782836,69.49708541591473,-15.675562580064438
0.2951861476960582,0.05986644626679169,0.36543763527038425,69.87674232885908,-15.082481364195717
0.29014936415197756,0.1385482101590896,0.2852505490011601,69.02734375592901,-14.528687339494871
0.3052372199088258,0.22697045381714254,0.1996404180770588,67.74546624318089,-16.88438577511725
0.3095519029107929,0.03583239949413386,0.7410958713952526,70.28834939174908,-16.016781887069627
0.3078690828425619,0.10332250115805172,0.9572743386869412,70.28979505295182,-16.944014453139577
0.27941507156618844,0.35426923192089504,0.6034992844008096,67.97418594225786,-15.45339508856006
0.297203905663489,0.308525042051224,0.8051016431466376,68.0432584357399,-14.757279492954696
0.28915970484398856,0.4641547446453915,0.6103917137390822,66.0310772932956,-17.718625136966352
0.3056982108711681,0.35809622140766295,0.653892859245129,67.29390583632588,-15.105973358991573
0.3028881231803008,0.35306683462630484,0.9487620003389252,68.25866277362145,-16.904717436956492
0.3022888336202788,0.32309796885309977,0.4789802544678576,67.38876718375587,-15.043747091757362
0.3112568976463628,0.210446887978249,0.44249393929172054,68.23028222404892,-14.987392589285678
0.33145853959032306,0.39783593055230076,0.6869830931061047,66.4393811626537,-17.775798431570724
0.3026185358055441,0.2530083250917112,0.4542709426450733,67.95941665442581,-14.61509616147261
0.28036951303747104,0.08172884368901315,0.10128784922630824,69.87544322017709,-18.274545920624206
0.2876432462341627,0.050757465776520294,0.22648142452263675,69.86810578698233,-14.929451135947083
0.270891275552014,0.4882306820845957,0.7545321557257556,66.51503114681505,-17.44501100181457
0.2635117951200482,0.23893330255252554,0.7261644013290623,69.93195683983122,-18.326171803062017
0.3226766736247923,0.4754384169040721,0.6889968436823963,65.77662194898419,-18.03256576300508
0.27835602768690126,0.029903760109727576,0.010216364579214883,69.05592729556167,-15.104900120290036
0.2951736246254648,0.07235886215250034,0.04342799069393144,68.27605167902203,-14.944007110167359
0.2720510123106332,0.30159339531973145,0.030757197006643,65.74881671319221,-17.985779617123097
0.30560472440579456,0.24796283961408092,0.28538569912710265,67.00485990017323,-16.746938777208708
0.3066976585580138,0.23339313002143824,0.7341249015998192,68.40244924657011,-14.835468295376995
0.27797702014090303,0.1044979922656325,0.44896044818139547,70.27628987214925,-16.29918034453547
0.2728897281789836,0.12079489775723404,0.24537955812791934,69.66893049689543,-15.633423323735014
0.32042323569693104,0.03939607299786517,0.2522343339070071,69.1027039575578,-15.787546866240193
0.31136539017643006,0.12348797982012644,0.6391263710644661,68.96301393622547,-16.010223185063364
0.29711695449663,0.1439165884533278,0.804438433371151,69.59452286467699,-15.390583475348633
0.30143360451078793,0.336913217410528,0.44824494097419754,67.0969361445136,-15.140762582686838
0.30034835202033283,0.39042248493617226,0.7651489243984182,66.86250239126406,-16.408481796207248
0.2513581601074511,0.16920223460857647,0.031171732488075046,68.53147669698899,-15.127389972640767
0.28605554882168943,0.2820069740238117,0.47483088027038783,68.24214897049282,-14.88487605954126
0.30290871913238054,0.5153817742883885,0.8014541956494106,66.19222197937992,-17.060423262298357
0.2935984193249458,0.14475580414228092,0.22557426642811695,68.60532029488009,-14.352786731262109
0.30793864253462,0.28745074290259015,0.7348339400553564,68.16550963123795,-15.02078456014425
0.3143867611551369,0.05853059717153632,0.6023242687363051,69.38684474674567,-16.575621808860717
0.3048508833076018,0.3676232847709896,0.5610354226921848,66.82488488057827,-15.563715739217605
0.30215443471433034,0.043641355410670074,0.22734888547968796,69.5740623276113,-14.867498146791636
0.2898726766758933,0.13464604570270627,0.12164800043218171,68.65988021112265,-14.798437135469294
0.26862154611587336,0.4845718484136819,0.6374304500845194,66.63168689524441,-16.535354398989483
0.2953810328979685,0.15306530357064452,0.5899421323993511,69.4664662225737,-14.954625054881163
0.2942765225648921,0.38095217485588406,0.36079919974564345,66.54795607993418,-15.792082260683442
0.30952986793559933,0.2274017575424705,0.11991022497771006,66.4828273626216,-17.190314596488435
0.30590917350681296,0.002427270928693104,0.20643761556258974,69.92354686327688,-15.570643216597205
0.2688882912048556,0.260104271073844,0.0639356409108586,66.55000871168001,-17.612170281494453
0.32327929016142715,0.3377903163701615,0.7466437777500605,66.84580077264528,-16.96036227891853
0.3139316384984849,0.26554611231659747,0.8933099397012391,67.94256816666301,-15.778207266231613
0.28211494344516685,0.21503254119973944,0.6917216608735595,69.43116093067431,-15.552535118362513
0.2875116890709742,0.233455437013936,0.49409723473108863,68.63185620735395,-14.73888142578619
0.2881977113730141,0.19028076656293835,0.189667291208095,68.2639664489429,-14.516139375196017
0.2981585039555461,0.14323393917720872,0.252569686752933,68.54141786765449,-14.449548610800907
0.2948675220759916,0.12230763437889193,0.6689277105535567,69.97052124893506,-15.480473053364763
0.32120059871325407,0.43891863204934095,0.6827903273030038,66.13788302257906,-17.185201776175926
0.32560324177416367,0.2633736487178574,0.7727716221823865,67.934466639593,-15.932778850158163
0.2505208891127417,0.013406839702128304,0.0010860224954027942,70.74929998619838,-16.9482066079152
0.28028292836070584,0.24805519377250704,0.30266022775393775,68.03978947271389,-14.929953156898518
0.3043243216177334,0.2594054709311421,0.5972930339950359,68.28476113371116,-14.841381644859297
0.28469076460145193,0.1243592898497496,0.05553279688014899,68.36161365038856,-14.170445647465996
0.30135738673002843,0.2988252694535893,0.7011648110059077,68.04081031313099,-14.629753135044798
0.28393276001890966,0.22257128315398916,0.31228089645667473,68.36644577443093,-14.651639512875468
0.29586839053243413,0.24827133557392717,0.07803488177314488,66.67902495005112,-16.0344468198581
0.29288085872159464,0.25844165647831585,0.5502444506240528,68.90807432173193,-17.45671905240409
0.2979764290549069,0.13295499637920172,0.2790408585108255,68.72810731460768,-14.515678597999976
0.28848183496831104,0.1976061731048544,0.32591724940796407,68.62364350038969,-14.569662539278381
0.31885941917162675,0.056595882307686446,0.3831622927808569,69.28140998490854,-15.643358982896794
0.3005214824491116,0.20598105078248174,0.22320974361329288,67.77160454669449,-14.623900324120076
0.29852547674699514,0.4370443522141152,0.7035375828261347,66.39614669180321,-16.552378035276572
0.30728854435711583,0.06852640706436791,0.2914920053498102,69.1326472850866,-14.9170843709261
0.29614499639889846,0.028417794906692995,0.03628692562946978,68.40658064273407,-17.43917243106834
0.27909221457367095,0.22736131990588376,0.5016260921806772,68.96484964612532,-15.296657279247285
0.3208227280399814,0.3037354171393589,0.9429738520303934,67.72301820194873,-15.425924928442782
0.27998385885926574,0.5109099553863514,0.8998258438293394,66.90147871138359,-16.448565368551037
0.3226349995032812,0.25260934790391043,0.6758846137696881,67.72242362752255,-15.67950856345369
0.2753277098905657,0.14432079700443562,0.17216208477053824,69.30490278180122,-15.811604345655885
0.31036321255401356,0.20509351985799365,0.12962209901962887,67.11293384280835,-15.801135936568947
0.3175421598613319,0.04230035424435785,0.7161999134867627,70.0906568097655,-16.496509680526916
0.2839019598822899,0.2539176530208843,0.382270383372594,68.54990063673972,-15.65180883201155
0.321391759276851,0.20824151381712327,0.9523112293382823,69.08946566781022,-17.716358601895635
0.2937711673978478,0.04943150080956073,0.17767104722681412,69.47703057442811,-14.537722207083442
0.28776463709843064,0.22424779392513977,0.24482962197130936,68.36045199784314,-15.725102275743968
0.29079731289017435,0.204132713692212,0.4795207507650463,68.32768978288858,-16.955180230648047
0.2876833436022634,0.06776922164104326,0.04384140745424503,68.64515607501704,-14.402834109073503
0.3048833250911977,0.2762923796601674,0.5910611421019812,67.61899130328,-15.682760553890674
0.2542082710665742,0.1478687975151437,0.042314494682276084,68.2873935880423,-17.934171844470193
0.29642764702095076,0.20037522423154466,0.1801978674617145,67.61039304873259,-14.774210758494817
0.29642903478587124,0.2784607215763011,0.41999469056004013,68.45339985793112,-19.253156340213682
0.2975479508317527,0.2441643315893497,0.5220667822079113,68.27344852645865,-14.54599505529304
0.3243827637549901,0.32516098931828014,0.48866477856476354,66.89497892015649,-16.683272411412673
0.2866460461465648,0.10276237476958032,0.16306606569195597,69.37410008135697,-15.232514551832852
0.3072843768985823,0.2623961880185386,0.46088487591723587,67.62207899714728,-14.94308968200673
0.2738628830666868,0.29466352580117927,0.18008002904956333,67.16950815310133,-15.285658298100188
0.2982036863721712,0.19452624371519694,0.43968443072721464,68.79912315259438,-14.821906927995544
0.2935544154759881,0.08103857300652297,0.07364147922264286,68.37761766381188,-14.982586950283386
0.30796369943762497,0.04768749994343663,0.7050474122214306,70.25650257615973,-15.921212826282613
0.2882127135596053,0.326940575292353,0.5853447149174895,67.4929858365423,-16.030920781467902
0.286573674491782,0.48359106505112887,0.830321334932349,66.72717608094096,-15.666642654510449
0.3178004718349546,0.26253912819722625,0.5956456879563757,67.87005477357178,-15.409550569186381
0.2874251029884796,0.18855483551841323,0.4187303378079571,69.29210929587902,-15.930640242058772
0.258604044313258,0.1186100269434634,0.025973925527914665,69.11368047138183,-14.94077095894312
0.2976734421842619,0.02352910534052871,0.7415749230486425,70.9675248995565,-16.813350521509644
0.2903362320342497,0.314169127201844,0.5679158673947255,68.24445233207098,-15.922349572402934
0.3028156897041815,0.23300294562059704,0.49854853936987537,67.93702339334347,-15.423378078620761
0.3176580534436412,0.09818588474020648,0.025288329071925075,67.30385868133027,-17.03388289343452
0.27186292868049206,0.30526251895733586,0.2234165378776634,67.42696245124537,-15.375286919993476
0.3018570431213567,0.0286196593284066,0.4906542961177486,70.22928202577278,-15.571067523353056
0.3181351373374808,0.08177524240260367,0.49457138716088556,69.1449451214789,-15.555753964809325
0.3163776138569208,0.39242677897976924,0.9724751062946352,66.96666999657906,-15.783444655483493
0.32441377576930336,0.04890965521042587,0.043559312471085,67.79226097460838,-17.03080050965907
0.2909418078964111,0.17067571644472687,0.08527392153049818,67.7618186498493,-14.487002404549875
0.3060199977184849,0.25147978556280914,0.48087938104610345,67.74706913702204,-15.014385089747249
0.33383806742360106,0.22383544339725325,0.7987265889347152,67.79193011888674,-16.836821570082822
0.2816597228543656,0.2060905429855608,0.06210852848396545,67.53855337407865,-14.85799321339424
0.3070127785098385,0.020474771591451585,0.17016632833847214,69.28166972562285,-14.881923401120435
0.2928165305267253,0.13134002656112542,0.11666123255998927,68.30138248977818,-14.257227877217256
0.25851510906334185,0.24124488298231755,0.055711845309172635,67.4901884129451,-15.083583463090585
0.3236259523226837,0.012033221983911352,0.5233758095903772,69.37314561373387,-17.406618728114182
0.2742242938918571,0.3136454531275895,0.004489703043833886,65.46636262412272,-18.82433768740608
0.3039629664535329,0.23207361668572046,0.9296629169888003,68.58347406879089,-15.418295260860988
0.26808322009818775,0.44333603602290483,0.225759782784337,65.63312897448762,-17.732307185049187
0.29595909733403913,0.35625211375874666,0.5977220708368303,67.03757731348927,-16.07662559604915
0.3150722858727971,0.20849059110432205,0.3644953007138175,68.30631425602115,-17.37276730676313
0.3105218488410106,0.09416717514283189,0.3869377104161473,69.26819487370635,-15.178313827325972
0.2705454246802634,0.10915826706347348,0.03437672003228125,68.66463936852513,-14.329679776383376
0.2826035653709668,0.033808168764429075,0.21838336533173103,70.11049063960661,-15.385670342685176
0.27994168615311227,0.2674004941652749,0.6069957054024872,68.82626533851577,-15.348304841526444
0.29400558412232575,0.44164715967242996,0.8238812546472951,66.83882778522418,-15.423904678228071
0.30520685365658984,0.1678091880051373,0.11610416621288581,67.5326805414662,-15.058487554057406
0.2760716644323333,0.3253346831902499,0.2619862700516443,67.35144683774843,-15.543944135955169
0.2925028630212883,0.10086658029423252,0.5536064462650123,70.07579125251793,-15.53559320987099
0.3167969134844284,0.11709076355200895,0.4531374940764106,68.56388655238489,-16.006640820717983
0.312782217962695,0.34472889140173096,0.8613969718023657,67.29855270038635,-15.53820981752081
0.31476072440413544,0.1637978014616349,0.44132257128696395,67.91399958622135,-17.76862097722887
0.27222875804860436,0.23318982020960627,0.07358879900207457,67.54653884785576,-15.042973386174964
0.28823600149236733,0.352317933126688,0.5396032729058051,67.45575737310081,-14.947362157939445
0.3198277837485953,0.11856890347616575,0.5693265457121897,68.99714791968,-15.513932378344833
0.27245644925107837,0.2681447716386212,0.06308892459700938,66.99958500342211,-15.617863294919527
0.32808560817597954,0.02869739502832863,0.2157726530706746,68.73104349226655,-16.430080307889916
0.2913408475740393,0.13569810395332368,0.03806725077992057,67.64679378537346,-14.894296209939938
0.2600541077302251,0.16379561007860152,0.044798001875106824,68.55946218901681,-14.845797584524178
0.3206557239628622,0.16075690044534252,0.8054781248431483,68.64590939873936,-16.005315001701938
0.25603618250084464,0.32562457796571626,0.11263711996024794,66.71164559285738,-16.341677364221507
0.30011298628320876,0.13683007816453088,0.7852340589147115,69.46552044728377,-15.588185638881512
0.28373617534304063,0.1761469874798849,0.4141244448234203,68.91427685273538,-15.575112024490457
0.28799631097685907,0.34360991364287097,0.8372422897922298,68.33030769304021,-15.331019237444826
0.27829532274888935,0.2912233904178386,0.672595825855796,69.01560748940415,-16.73820619952789
0.2734077486136711,0.26106552263268273,0.3025797303910013,68.47043772138775,-15.972693989771598
0.2674842699138629,0.12100361555045726,0.046222350782515575,68.58519879339688,-14.867991115408152
0.2780340487752285,0.010609921953443097,0.0317196210620706,69.99198785671365,-14.836541836452756
0.31692423162599326,0.10829794275599533,0.6566193685085407,69.43741048506995,-15.764640047859329
0.3038580899891794,0.44327975843621537,0.9465285794616438,66.84958136835627,-15.387593355016932
0.3390905038641146,0.1310735507850885,0.31926907054515474,68.33209710939569,-20.643296822678963
0.2816554067537778,0.30760170974121576,0.2898844825285728,67.77386437496618,-16.440592354452065
0.3024289871266716,0.2143372963219566,0.8071094923107951,68.71500596024708,-15.123343533504059
0.29722519909460826,0.04663911795725137,0.10266345422943585,68.6671221555093,-16.054806994479186
0.3085574309867741,0.3013098662185083,0.8193465153769514,67.8068264306898,-14.999324785587463
0.29532320139340273,0.18706730322068893,0.7010513228107603,69.01762067400044,-15.342576251424761
0.284212835388281,0.28968468647898277,0.34931396668439885,67.82424233801441,-14.88894086032009
0.27133986238784313,0.28543051588570717,0.24299795768926016,68.20879867324562,-17.574344722110226
0.3239743568673728,0.0872502938590625,0.7902105052883405,69.5402051265661,-16.408878897548583
0.27381773767570816,0.23809465702775978,0.056722531358066416,67.25353402157519,-15.05184004246347
0.2917404134503068,0.34888505381892804,0.3426224304346371,67.01699543745403,-15.516168442580954
0.2956140637642774,0.09052280156737345,0.038472424982756104,67.81025793344165,-16.474991326871503
0.2806405722724189,0.042126849880051664,0.024826555597517647,68.8357972675241,-15.70393625374611
0.30885644822617797,0.10270862744866005,0.7455346906189011,69.26299722159564,-16.879098893705272
0.2834078859239287,0.39896309314754924,0.0967689458131561,64.81277401677346,-20.457048720401595
0.28864055385496845,0.1910969497310757,0.6895264297581194,69.00701032653133,-16.454842548263862
0.3085930794438531,0.13562303308864784,0.4114057476894898,68.7747800788133,-14.790026922576951
0.2865452767282794,0.27396408505381553,0.7681782097181256,68.29701996257558,-16.796617593050776
0.2663822367839714,0.3302778177984015,0.5424792701891665,68.61011569483563,-17.31784736664042
0.27130739804532494,0.15928591593272667,0.5126096611775558,69.76290751957467,-16.960573204854818
0.26986702782534977,0.17692052316902288,0.05554353687518002,68.08879386525557,-14.411626972172632
0.2676641400214177,0.1035097332103238,0.026547326449853085,69.21366413806099,-15.252134477932765
0.32577110960881545,0.3636775206285652,0.9834736017202078,67.02798172957614,-16.30191936846901
0.2884440424212979,0.34442100424973565,0.6760632663670372,67.96760853564356,-14.998330651560584
0.3218794634990348,0.20700893422211045,0.7942893500271349,68.45980991998992,-15.458558199641923
0.27588167080623677,0.19543269012255954,0.2517907588945243,68.7537560258799,-15.004223255558998
0.2941301472602792,0.33828752747013224,0.769851722534452,67.63963498009262,-15.376788237445586
0.3154642338855973,0.06772777433948084,0.5462218600512438,69.39672370460259,-15.648952638700402
0.29184937762955765,0.414688564298066,0.6562105626746233,67.07918291671294,-15.31760453119761
0.303447588698244,0.060183263707902945,0.646507314791784,69.79554367842148,-16.414505312875693
0.3126167840490279,0.031311862688849224,0.3939503747287386,70.34477555082076,-19.772884840783384
0.2786784928621908,0.3277418732486851,0.18028994325629338,66.97581714067633,-16.297015791402263
0.32107969395770847,0.22863353614343135,0.6510363757786355,67.95227870326212,-15.500443246764426
0.28232842965690763,0.12029682878041267,0.30137626281698343,69.6228680600123,-15.198464145754985
0.2906846636752528,0.2879359169000622,0.4792198527951324,68.04015472604671,-14.724258232347125
0.30462168017813906,0.46814872026029763,0.6289327749840596,65.90924179806628,-17.033141104853172
0.28765442636224986,0.06966065897506221,0.20639011453607353,69.05665402260256,-17.20198834450222
0.2839581661731197,0.27307036157003817,0.8495900005088346,68.77995571154077,-15.391204548380388
0.2679725738808152,0.23697461956943972,0.19616560854853324,68.1936958819545,-15.261233648750368
0.29533930043751694,0.178756815270341,0.8310199164491586,69.47506372378228,-15.081679136434445
0.3039803671292746,0.35259441473359654,0.7899535866962957,67.59234782563131,-14.839366107419599
0.2903546584343882,0.2709233901408338,0.9384973208951275,68.39164687039427,-17.10132285448569
0.281440492197548,0.18792449245726855,0.21347526607021067,68.09646108352608,-15.858036540343138
0.2898536181007752,0.0921091211561891,0.40263685639148955,69.54755921676971,-15.825907077051735
0.257246308787625,0.20810056746876915,0.06628499719619274,68.40631774202687,-16.13103104371204
0.2815360418605309,0.1572070278757001,0.3956113477742434,69.31934840840937,-15.249909440846587
0.29486051343144964,0.19272466059174082,0.4266419568535029,68.7336009322666,-14.535747093879515
0.2762529354168858,0.1285849634659133,0.22624949682219425,69.27053536620053,-15.174563089997784
0.3187263362873261,0.18285718872685586,0.6834496662952841,68.86328948578333,-15.99862374998743
0.30566742902980243,0.28219642558936053,0.5065277319164732,67.79293537369635,-14.878260135735854
0.307759478397607,0.18526973499170094,0.74385795148476,68.64069303573986,-15.778846428729523
0.33073707535147734,0.1367536596461063,0.7618344448529496,69.0056902599151,-17.12053892131544
0.29491429627350446,0.37937582544900467,0.8172117499425103,67.5488773047546,-14.817229830682642
0.2797427161046513,0.008053761917999558,0.4269574688703732,70.93714399656953,-17.195443684836953
0.2798342631107199,0.12867404786782072,0.16572578701379914,68.99012454901691,-14.561096889521243
0.2984237784317223,0.3097846095263949,0.44117357594391543,67.2751616418814,-15.091307099603256
0.3314596260508208,0.3543709175575517,0.7808404171899094,66.76966415038471,-17.007288136050295
0.3251849237932824,0.30467700017575616,0.6445610024319994,67.65655301503834,-17.618163494339687
0.28491495552935,0.11756204658294117,0.2797596772039136,69.14690218891432,-15.353573045141417
0.32627702626048055,0.37645853311589395,0.9407491619307548,66.6423115314696,-17.57524647098087
0.28635758051587007,0.12624173823081897,0.034437854214900754,68.1045178388375,-14.260783852953551
0.2675127366858847,0.5181029201577068,0.9824499474164364,67.05281072173887,-16.469204188792762
0.27876292723339846,0.21042312769922378,0.21773049951738085,68.3397889804473,-14.701044617873718
0.2598578898137016,0.37054820020928253,0.7990872114483036,68.00907411361645,-19.309834891448464
0.2983944242080187,0.2799016686504911,0.9184153133881219,68.48005245420246,-14.678195800886737
0.3177008062221011,0.3202553897746907,0.9599995858566512,67.70216333792541,-15.228752232205402
0.30050202638135487,0.23050717899982487,0.11356347477301856,66.6299565222398,-16.59503648515097
0.31596725325520525,0.10760526308486368,0.5075294511991257,69.21976648657147,-15.49588326205412
0.27970491389347174,0.04858741728346991,0.000961997485336541,69.26981128514467,-14.601149046676284
0.2914675374516983,0.22592426448319955,0.25901444059463496,68.25616356117699,-15.456940963525875
0.3138166216034538,0.19975267500843835,0.602306079817343,68.45284131485212,-14.936192798306186
0.2888832316596396,0.1514847309743086,0.017112964636426753,67.76685732077004,-15.305242114741377
0.3163422574150778,0.3002067021355488,0.7317085973185709,67.66387840182746,-15.195633443046244
0.31898917331202076,0.4172735586855292,0.8393914932457223,66.60179090225274,-16.25472672138523
0.3039879336072497,0.11472583019773122,0.6436281578397364,69.42977487917676,-15.30802440745592
0.31466943392089725,0.11800129130866788,0.288265067213365,68.21724372988515,-15.83096373428451
0.30187955143534223,0.37189758455488875,0.9253320398769124,67.56460278367324,-14.792701578904618
0.29470542349447687,0.23168830749881222,0.6312825880560259,69.141455667011,-16.29629475144986
0.286239560496817,0.09886483045427974,0.3049709677771344,69.57078764109225,-14.992223809718013
0.31884988148018667,0.2345819371337986,0.3349797796818,67.47352852344702,-15.736487418956331
0.3299227214451453,0.38201273841795214,0.5023389975564022,66.01574019829917,-18.129956120323573
0.3147370829807891,0.2959920804713976,0.6977901273812498,68.13972064774993,-17.10967400739343
0.31077181781306235,0.16486025107041186,0.35196534985117756,68.20478360369418,-14.958238336725348
0.3171244158139083,0.04639719110805185,0.9269023606845455,70.16802627004735,-16.412923311044022
0.28359962321014737,0.08857975835679155,0.018890758507655033,68.62366523292187,-14.170225981255697
0.2861136510857454,0.34675525452342293,0.7006609198977775,67.95352120321866,-14.91718218100428
0.28820882488721516,0.06874030159833336,0.11754608480446604,69.30523594983595,-14.385247166410965
0.28894196679784906,0.2478407001391325,0.5475076861411124,68.2278842741237,-15.796523644469401
0.29580384061318693,0.30429337276687723,0.9236131958342058,68.3756502272713,-14.643952001844083
0.2954166747577358,0.34821190410767555,0.977713517604097,68.23617139300349,-15.017876413492152
0.2950688562692571,0.19020160967876037,0.17785119307930333,67.79284627201295,-14.57322874219985
0.3200382751192488,0.1738182773376894,0.8472466463431308,69.11999523061843,-16.25462354224396
0.27625549317901943,0.07057055157261806,0.1603408705751054,69.53662014124075,-15.579423760412162
0.30682564480867686,0.2962393372430556,0.5977224946012141,67.82812426987056,-14.933638336976733
0.3095049327847091,0.11143316714881549,0.4327330296326563,69.20042127846365,-15.035150097394116
0.2932151700733448,0.21069974298021954,0.28964185596809244,67.92532590238423,-15.006768169412254
0.29728547094794905,0.2518119247595158,0.5622497123939447,68.39420886498372,-14.584815078964255
0.2857994913276128,0.4386608082313879,0.6736861725551593,67.11389211444015,-15.840833494140147
0.27936770968672464,0.1004853959769122,0.09729874388318863,69.26737353312402,-14.94523047838347
0.31559066699277094,0.0543838106986389,0.13715418282059574,68.66897398054992,-15.344534300898673
0.3226328422911175,0.19054918081819303,0.6883582824390232,68.3197293203678,-15.596611080478477
0.26810082291603876,0.2537497892829186,0.325368012157522,68.86749003472434,-17.042055623269498
0.28935456397074066,0.27073737378271384,0.7086812936807426,68.49242118824144,-14.903614262411642
0.3088405000679862,0.33707508667555863,0.461003785197467,67.19386128459695,-16.014662238775763
0.3266326728981635,0.2905737225770908,0.7019605799854916,67.38509389493429,-16.056340438210253
0.31417817066840287,0.37984103504637845,0.975471739788124,66.98325640190318,-16.239547847988543
0.29830493051879087,0.18744189854208188,0.325751038493433,68.57384807189422,-14.768163831055421
0.29379643753578366,0.054679806914025936,0.9851063234991885,70.4735535583909,-17.609056880226177
0.29355634411290626,0.12309999107708064,0.10313259588752317,68.4110523383946,-14.301142567992283
0.2724619740769842,0.3169148464615212,0.23760208361973234,67.77824554733878,-17.73892224004952
0.29432877130815005,0.19187361690530352,0.7070122378015072,69.38925500251064,-15.116249669924917
0.28048802447747545,0.47356927733140597,0.6551121237530811,66.79329266419835,-16.222984452975503
0.2765019690514752,0.2623921646115173,0.7951580001536616,69.16505828560248,-15.856285386244743
0.3109988320046005,0.15362946590478288,0.17536185839005108,67.88035367051108,-15.060596861896048
0.3031043496844419,0.19079590791641993,0.20770443579655495,67.8115311208406,-14.681422448355594
0.30088400511822827,0.2176953085008121,0.7141035488260541,68.91250121815426,-14.756092642871906
0.2746908681220952,0.2083383877806001,0.3422570400617836,69.32226405484973,-17.142129729456173
0.3137225892311836,0.22750079873125895,0.26296079183338517,66.92275090892657,-17.23643324722543
0.3184925874870999,0.14403118542008986,0.4388446179897878,68.33450871500241,-15.590494160650715
0.2985109740301456,0.14335805837087767,0.22632618803159282,68.1846802700443,-15.430667729046563
0.28891899375393765,0.32718982595415114,0.47693344891638,67.75806046772908,-15.142531006492014
0.2823746957955657,0.34931939800411016,0.2712439443914332,66.70316020383491,-15.657738752962212
0.30375416139912864,0.09099667292465682,0.8117169421841304,70.08399049356088,-15.603092304307086
0.32269885528404063,0.12199082787788552,0.5277029568082472,69.41923749954235,-19.593012311347973
0.3427046796189155,0.23738857035313143,0.962075868524331,67.88037713035477,-17.749618857687803
0.2951762567636271,0.04383645154459237,0.07112438999354107,69.32987358385999,-15.112042482413854
0.26928260281461835,0.20562405087683286,0.1379957986929116,68.41268285408768,-15.1918210631801
0.29782405290684,0.18520012995237647,0.3745346452830028,68.67976344586911,-14.597712973074861
0.2911930077656173,0.22461657703169868,0.6707189265370553,69.1243597417779,-15.09444844304486
0.33085174388430444,0.253113151989378,0.8176681511599109,67.47518004196186,-17.37507182011549
0.28277877434568954,0.1596739796918249,0.15549324282993549,68.72023341339107,-14.835428391009021
0.30151547970947284,0.15155017497773465,0.9142919570756272,69.53716552190076,-15.283173192331962
0.27853282666720547,0.05933972814204988,0.037273534029379815,69.31195606358285,-14.284779993177375
0.271035329659871,0.37695333911132367,0.2749366509226406,66.99623387670448,-16.51203347099094
0.3032252079710036,0.20657164940756698,0.8633169095307222,69.29011018545177,-15.412391297283037
0.28049599959939076,0.3930508011676105,0.8458262516318544,67.88238108496589,-15.298382334650595
0.2968136676606599,0.2676265938669412,0.8530978255321056,68.56237680887486,-14.6977972696482
0.32324323688073897,0.09432903992318831,0.3126286343360084,68.59048393255559,-15.741608155512699
0.2834497394008227,0.24649937831633986,0.33948165424486976,67.95255563087039,-15.339750406912247
0.30887877736418246,0.1907159859104501,0.6289539963596782,68.97602694576217,-15.435884440084576
0.31353022873773834,0.11596765955989877,0.785319405202457,69.75210266521951,-16.24038118406734
0.3153990164287112,0.3801567236210338,0.6276133768439092,66.47987822753035,-16.699719992597878
0.3339604045685089,0.15448557640200822,0.9215071312498848,68.51676892355346,-16.94458156294013
0.2864068080544903,0.21618205902871668,0.3196191111126013,68.21406381395039,-14.885970988008806
0.30234133539780017,0.17766217089082081,0.1782070501019276,67.89299546551044,-14.676421450637873
0.2894768877470367,0.2483865044745625,0.3756068132632188,67.80656723408704,-15.609013485186491
0.28766331241279613,0.3080948188836773,0.8481807313937233,68.41248948194522,-14.907914193314067
0.309640391175722,0.18640416268579538,0.23609279759862878,67.89043862863062,-15.04983267218056
0.3009123684963916,0.1516688836922901,0.43018748836918674,68.43049399347333,-17.10186984490396
0.29091025040247775,0.21990162466645208,0.5462127378203085,69.05406972663235,-15.347730923570928
0.2794869723022236,0.04636545028543301,0.05369663846387003,69.49650246401131,-14.335367534181154
0.27756456970823623,0.004343962414737029,0.23839434937498064,70.67282217727046,-16.320041269065346
0.32023865996639717,0.09787235585858896,0.34945567358809615,68.79795715325528,-15.563151231367533
0.3120065575555976,0.17804069592519645,0.2962542608420651,67.8257885251189,-15.255706990386845
0.27404335732975504,0.2458339115973993,0.11937590320202957,67.82175836087393,-15.91556777980142
0.29583491034958864,0.3124218014512846,0.9522452169452966,68.28748468671093,-14.67425268477275
0.28874910706673274,0.06155724693453665,0.136801709704567,69.25655389733109,-14.48235170028438
0.2918486533829618,0.35848520041913384,0.5708010509112323,67.40187087066172,-14.917443832848686
0.2933923091464003,0.06214901979644546,0.2676349214699942,70.04102503212282,-16.06556500335529
0.27246517778314167,0.39188997520013413,0.4092310043828199,67.05650469168395,-15.831067019386255
0.2991262336313621,0.05598014296694723,0.8469913978733503,70.52141790455698,-16.082459512797108
0.30099980262449977,0.10752386186960503,0.30841224859228183,68.85110643559396,-15.06077575224775
0.33114359191927994,0.06986766114814229,0.16263882287657905,68.30659512160189,-17.45408122086598
0.2765013035984625,0.4709048069003954,0.8729995851015004,67.2518731318834,-15.885687915800094
0.3191435666370537,0.18059964013576824,0.9320419700718915,69.2282794733574,-16.543989018130695
0.31689198874884617,0.28086665506644454,0.5969217318560993,67.60751297415844,-15.272367772887524
0.28160413680152935,0.23770495806294403,0.8083962674748739,69.41217338202088,-15.689011133732086
0.2708727249115975,0.3288340001844929,0.4352842421415958,67.9267523470254,-15.651056642718517
0.31077105528220056,0.14526267510403668,0.2473239887846256,68.05734826846599,-15.077815489919423
0.2530451447893485,0.34409602978378767,0.06531671879509297,66.55535839082141,-17.47057264454557
0.29535386785095236,0.19929249665872245,0.6510671905016449,68.59930063749037,-16.673248296632394
0.3130741102357194,0.46459829510417283,0.6953898173898281,66.27017580900946,-17.085311335343242
0.33297674213459055,0.060710554870211764,0.8827442497368299,69.37883753065601,-17.27164685526878
0.29229366992371286,0.07627234367365576,0.4341002407885503,70.51238533860948,-17.968618055880164
0.2836387937385279,0.1534167379200089,0.27725916283804986,68.88144115697945,-14.903587864607475
0.2905557272612775,0.20341802266085282,0.8154197288784213,69.41155161522977,-15.140076289399236
0.297849840086701,0.19752952617014258,0.3114116186327726,67.93552050378443,-15.398915521971823
0.26013146877016385,0.1553650457024122,0.0957859617531097,68.99336609990965,-15.474420664948273
0.305311981628907,0.1358454889742722,0.4723607681174168,69.03537413427819,-14.75069849780003
0.28780875412786033,0.23114207793767072,0.7244614871927093,69.02956555900607,-15.025507864235689
0.28613179836768454,0.13008203906520688,0.0358757602156925,67.93787624140916,-14.381545594266594
0.30866433983421304,0.3362491871224136,0.5043477533069594,67.50781193499935,-17.139009362463653
0.29776011576468797,0.041915500254717145,0.37169281122380593,70.04102946067509,-15.208590806361793
0.310372067354755,0.14715076819429024,0.08283946637477219,67.60500727707382,-15.783908524858653
0.28696129912883833,0.1648599822389409,0.9209877864222538,69.68769689021997,-16.50313012694958
0.30398111228761227,0.008010155159221544,0.043494402626125084,69.08604200327775,-14.829480179558033
0.3198946544672723,0.10269791525542044,0.21659024739636673,68.39307246456646,-15.643583181193083
0.28784456565486344,0.5051596824385569,0.9906467262153926,66.38461547849269,-16.605156465983985
0.31131077855835726,0.00822991031022266,0.7466566647659908,70.44097966042628,-16.329001344732035
0.2991970017091546,0.3240725656218951,0.6416432718670166,67.89434944670381,-15.026136873155536
0.29954271157451656,0.28452198179574706,0.7743393047697688,69.0168907167899,-19.46776278159582
0.2925887562288472,0.23588685356020056,0.28815446306493114,67.75983047741519,-14.731859073351673
0.3032776011703157,0.1517113867518448,0.3754890216038079,68.6047156801273,-14.74311660211869
0.26099907424141167,0.3935950473986446,0.5888603035055312,67.61464327907433,-17.06401864843025
0.2908605277211018,0.24754981135498552,0.7061366054179967,68.31854973415194,-16.894588067659026
0.33835999602168015,0.1857671366712622,0.30391597846881263,67.36683192547717,-17.87882794026815
0.31588199467821965,0.1335580017856674,0.9566388773084837,69.5456341255732,-15.730042804759895
0.3002518171848265,0.21155237302554525,0.6660028071522809,69.20776552092681,-16.07932812586624
0.2889496155431551,0.29316543095858205,0.6662485546985807,68.42079346990576,-14.83724057906994
0.29954524640617514,0.26311138282849106,0.5902159407712679,68.26230945257375,-14.582661085003917
0.2886728956774086,0.33977751675822293,0.2610745525391648,66.59335600022234,-15.73477097461353
0.27960863845254474,0.07075651629817986,0.0134184728827762,68.83485379535034,-14.013956268825435
0.3120917174355683,0.10961366923411275,0.31033530940432286,69.01458434342615,-15.677507149001666
0.29982335133525045,0.25767519819565776,0.7721800385947338,68.3745861891285,-14.866314408205348
0.2855187468396816,0.12026756059093435,0.0034964954798093473,67.97348995792652,-14.511490620249003
0.31751539072717755,0.30099069168706516,0.6227934932767294,67.56018085985956,-15.53088228771567
0.2954853756098361,0.22432043137112875,0.3969776863291582,68.41000468043234,-14.637773102065625
0.29954390145219867,0.02915118286209291,0.14003866343533955,69.10133791242683,-15.231105902369377
0.3052685172492904,0.3357955698809705,0.9502317374803433,67.78649723246038,-14.802315263395466
0.3001350978012904,0.008793387186844137,0.0541526731162858,69.21529978815853,-14.540856967393474
0.31951792350422403,0.44953864345365474,0.8820259146920875,66.4931040017744,-16.669113891898014
0.3050498267108993,0.38152331118329696,0.980911384285539,67.53794198467752,-14.892410762975896
0.2869980988015175,0.16867471414022794,0.6400438260109589,69.61202249656228,-15.332949477859254
0.31281924769908115,0.3428231995179097,0.5405218014424338,67.24302584966827,-16.166483176498428
0.24718278264055082,0.631231521206381,0.7472623280616195,65.03972599606293,-23.53222419687134
0.31070764184229704,0.3004617058495636,0.5294737474861086,67.48281774517307,-15.11179361621506
0.294444135715515,0.035735858153710415,0.5464044227658654,70.6290422755673,-16.076011099354865
0.27495304660915515,0.4474023100443678,0.4706909515703245,66.67120018140685,-16.294640612953398
0.30686705894964744,0.37252989162280187,0.7710602361144379,67.06718683444252,-15.473974161797685
0.32084057772729657,0.17898964717128668,0.12288126996526272,67.0415443892715,-16.64800204782538
0.3191315726767901,0.2606467778152278,0.8983930999334531,67.96750273979036,-15.544690456656417
0.2966882325426869,0.019538854526687716,0.2166627062748978,69.99312259618573,-15.05705829907233
0.3080382265377815,0.25220090180071764,0.6134057747429417,67.57277799454793,-17.740864872776402
0.2873496540005046,0.052671487874808715,0.3981059160901878,70.31487034928982,-15.67245260994872
0.2960156358816617,0.34426705506177635,0.39340906972635065,66.64894999812014,-16.4374758487108
0.28513439249445843,0.24904050529122151,0.058797208474813345,66.53689064152941,-15.99304640392471
0.3025847849299484,0.22101350921811735,0.2754781868189746,67.96689110868012,-15.115654630402995
0.29498018837401835,0.041165003635648845,0.29516992525813535,69.77808639144855,-15.162827932026097
0.28244757652121455,0.10140767258618873,0.036551024485396516,68.36902140033665,-14.290749850197713
0.293040226447638,0.4762488042109486,0.6954004115610776,66.62460602541707,-16.38638769377324
0.3153530054874664,0.4216147651632437,0.9914052047218855,67.02568559027978,-15.880401542801547
0.305717758093041,0.024327113200856357,0.2403119095054135,69.12433175440843,-16.797125625438127
0.3099947678526847,0.40389155637836716,0.8481337768718233,67.17075198622301,-15.665236132919533
0.3007724871117091,0.13463240727184855,0.21007151902608898,68.37088788190374,-14.533030224903063
0.31003858345419805,0.29491631443881067,0.6786180665001109,67.53656042482244,-15.456003680824201
0.3049564604972051,0.30818334389521923,0.9482641745914866,68.30018980316981,-14.880976060605251
0.3008017309247075,0.16481016022278194,0.6858157243552151,69.1892893594301,-14.918921818033906
0.29052159214980955,0.2648201498911919,0.3520634052738836,68.33556915142907,-16.78515507359471
0.2355074950221025,0.6568926715142038,0.9404070830931256,66.07533204612645,-19.96655158710887
0.3174228827439734,0.09255535252894627,0.5299482168955512,69.10996623343581,-15.519532281339597
0.3066579929098877,0.05280102556746463,0.22647311653991364,69.53421800051802,-15.753227149151837
0.25950166377846623,0.30117042692462115,0.4053808605178869,68.69492046409123,-17.521444232176716
0.3143016782693289,0.23623980902273228,0.4760803025815412,67.42691986091437,-16.788041709560375
0.2728552616903283,0.36106157262279726,0.40697542714371376,67.81334700517982,-17.22994767322328
0.32281018395908734,0.2168402580875926,0.8871168200136693,68.47694454923649,-15.545818515552236
0.28292788126145263,0.1636512306227149,0.20823908556811385,68.42902763704426,-15.092423703016438
0.2942980805377357,0.3932183917905697,0.58437474249792,67.54067999076773,-17.889079936151873
0.29669797643927504,0.08689931032039871,0.4677744591256604,70.16838869032689,-16.436459392208082
0.2807771542411205,0.24672784005017084,0.8124929359808717,69.31115186617355,-15.631684773276803
0.27900624001385393,0.26352198499691215,0.1705510077392088,67.08811315534817,-16.098152423028132
0.3175722878391779,0.27759990734781786,0.2261716065073374,66.85477481308462,-17.39344340495665
0.2886989583819644,0.14442058715102243,0.22205946778223862,68.89923392191297,-14.531568935225287
0.2657390708239389,0.18199659213024827,0.06279883374356454,68.47473660495689,-15.49899304523208
0.30859785449724875,0.21021704412511089,0.34814341171854785,67.85745742104359,-14.836556528648897
0.28485083144074397,0.3227518714479257,0.6024361608414497,67.9763899729512,-14.909082631376387
0.2761594796260184,0.24943014193216925,0.07436550042906587,67.14163709510936,-15.084928914567213
0.2827223272026907,0.47284242048616854,0.9034541347211145,67.31192841484392,-16.38906408193676
0.29999527861585146,0.16987779761608574,0.3128786794677493,68.44081449147089,-14.461495480445599
0.2890564840956364,0.2488218588178721,0.28891905628727155,67.26681459750783,-18.063992636266637
0.3123645809584657,0.20703358346113904,0.8727093728334534,68.84509576682511,-14.997203888467139
0.30895787828987464,0.22440606072776786,0.7154541759624028,68.27230786846857,-15.3538859737103
0.3000968256695976,0.3158119874815524,0.21928965841955783,66.46471486197052,-15.997046853624665
0.259741292937858,0.2828479223835987,0.3351329386582813,68.41763104977504,-16.599113769097738
0.3139988471256546,0.14596851111776266,0.6424863680512125,68.98437197638566,-15.117048318289623
0.3118686818430334,0.39632941909735475,0.5147496009234798,66.92411699654339,-18.712392646910367
0.301722028543908,0.24577527442184255,0.9150898077002294,68.99341401684474,-15.148278132614456
0.31786699270264906,0.1778558696019228,0.5627552070416234,68.29358570256538,-15.464399936340254
0.29894160041741313,0.3037874532179383,0.4270945791868012,67.67244857391431,-15.303070059291766
0.3065867001723554,0.21666079656152532,0.8752870272433203,69.0264996267275,-15.047669613534044
0.3111807525811052,0.09026297027279573,0.834035497462092,69.65587971002424,-15.797525863140011
0.3014931450023235,0.39024576743630934,0.7182713744162417,67.48112073401722,-16.264275367948777
0.30065403167097465,0.1236242376260718,0.4184569930329495,69.25458607374547,-14.721330635307886
0.30468907127050143,0.2968167403713878,0.9991048899743592,68.76199741261301,-16.570169210184442
0.2876043061440674,0.2601335909610323,0.2535261085193767,67.54918652387514,-14.763050628991916
0.28348923641025264,0.21350078702210118,0.19188108868037113,67.86185031821428,-14.745058370316332
0.2772052839622793,0.2371526298799858,0.3811457640670568,68.77483944338522,-15.418089552476102
0.262483123657473,0.31580913468612304,0.690819684248358,68.3398641291139,-19.30084821781723
0.3019691044832359,0.14771706086468228,0.43344044670530585,69.16327178827838,-15.011907665243287
0.30031523193834614,0.37187359453956803,0.6676876441497777,67.34609064666083,-15.065632619171021
0.2847343596713292,0.23519028017020188,0.07448911996571073,66.96523559873687,-15.16519194337163
0.2889413271295618,0.47113694613780327,0.797392699903576,66.63133550413218,-15.69149516718424
0.2992667516879944,0.10627982913308762,0.18606196874006486,68.44817907111921,-15.174379331353169
0.30337378723359204,0.16269696875411188,0.28287020831114623,68.26572345008252,-14.607049138629108
0.27892269783066687,0.11754587053827667,0.9858964288066807,70.90121952436105,-17.61912244127166
0.28593899410572005,0.5174100442509088,0.9076427666711318,65.90031618455066,-19.552040641557802
0.2934113410690685,0.3762664629960606,0.547875121817627,67.29842035352947,-15.376371327335804
0.27171169012185503,0.2679470869006781,0.24201983606669622,68.04837517677788,-15.369733123463623
