Omega_m0,H0,n_dvch,chi2,chain
0.371254319892064,70.43264294525187,0.13532214512999927,1496.6128309288392,0
0.3789652615880389,70.62702892665608,0.14675351974663836,1499.1988278604877,0
0.3789652615880389,70.62702892665608,0.14675351974663836,1499.1988278604877,0
0.3789652615880389,70.62702892665608,0.14675351974663836,1499.1988278604877,0
0.3789652615880389,70.62702892665608,0.14675351974663836,1499.1988278604877,0
0.3789652615880389,70.62702892665608,0.14675351974663836,1499.1988278604877,0
0.3789652615880389,70.62702892665608,0.14675351974663836,1499.1988278604877,0
0.3789652615880389,70.62702892665608,0.14675351974663836,1499.1988278604877,0
0.3789652615880389,70.62702892665608,0.14675351974663836,1499.1988278604877,0
0.3789652615880389,70.62702892665608,0.14675351974663836,1499.1988278604877,0
0.3703845349474181,70.70764464645522,0.16057851048947963,1501.016356824294,0
0.3745760292532007,70.94537840898147,0.16875712006128246,1502.2561552422992,0
0.3745760292532007,70.94537840898147,0.16875712006128246,1502.2561552422992,0
0.3745760292532007,70.94537840898147,0.16875712006128246,1502.2561552422992,0
0.3745760292532007,70.94537840898147,0.16875712006128246,1502.2561552422992,0
0.3718422005242464,70.77376362301987,0.14738025837507926,1497.2740477399554,0
0.3718422005242464,70.77376362301987,0.14738025837507926,1497.2740477399554,0
0.3718422005242464,70.77376362301987,0.14738025837507926,1497.2740477399554,0
0.3718422005242464,70.77376362301987,0.14738025837507926,1497.2740477399554,0
0.3718422005242464,70.77376362301987,0.14738025837507926,1497.2740477399554,0
0.3718422005242464,70.77376362301987,0.14738025837507926,1497.2740477399554,0
0.3718422005242464,70.77376362301987,0.14738025837507926,1497.2740477399554,0
0.3539123280134449,71.52756334559552,0.1367011352657433,1498.0811398008457,0
0.36991407117136044,71.3185980380503,0.13825224724949922,1496.7481651585365,0
0.36991407117136044,71.3185980380503,0.13825224724949922,1496.7481651585365,0
0.34581155190128693,70.58466843926385,0.11420827897596707,1495.4152854641086,0
0.34581155190128693,70.58466843926385,0.11420827897596707,1495.4152854641086,0
0.33246193584987976,69.85998285473907,0.09520603383647006,1498.225643366092,0
0.33246193584987976,69.85998285473907,0.09520603383647006,1498.225643366092,0
0.33246193584987976,69.85998285473907,0.09520603383647006,1498.225643366092,0
0.33438525998713803,68.71796341394928,0.08224121379664441,1499.332605025116,0
0.33438525998713803,68.71796341394928,0.08224121379664441,1499.332605025116,0
0.33438525998713803,68.71796341394928,0.08224121379664441,1499.332605025116,0
0.33438525998713803,68.71796341394928,0.08224121379664441,1499.332605025116,0
0.33438525998713803,68.71796341394928,0.08224121379664441,1499.332605025116,0
0.33438525998713803,68.71796341394928,0.08224121379664441,1499.332605025116,0
0.36260039549467005,69.80840883574976,0.1120019388168615,1495.4356277006034,0
0.36260039549467005,69.80840883574976,0.1120019388168615,1495.4356277006034,0
0.359328215243679,70.70607598375847,0.10907567430900811,1495.4614611797797,0
0.359328215243679,70.70607598375847,0.10907567430900811,1495.4614611797797,0
0.359328215243679,70.70607598375847,0.10907567430900811,1495.4614611797797,0
0.3532542459272855,70.66688626990573,0.11591258831709535,1494.2889659247176,0
0.3532542459272855,70.66688626990573,0.11591258831709535,1494.2889659247176,0
0.3532542459272855,70.66688626990573,0.11591258831709535,1494.2889659247176,0
0.3532542459272855,70.66688626990573,0.11591258831709535,1494.2889659247176,0
0.3532542459272855,70.66688626990573,0.11591258831709535,1494.2889659247176,0
0.3536644897786483,70.79770938451064,0.1200063822838911,1494.5902074882977,0
0.3536644897786483,70.79770938451064,0.1200063822838911,1494.5902074882977,0
0.3536644897786483,70.79770938451064,0.1200063822838911,1494.5902074882977,0
0.3536644897786483,70.79770938451064,0.1200063822838911,1494.5902074882977,0
0.3536644897786483,70.79770938451064,0.1200063822838911,1494.5902074882977,0
0.3597014800780013,70.78821446961588,0.1352525954785332,1495.2853715367899,0
0.3597014800780013,70.78821446961588,0.1352525954785332,1495.2853715367899,0
0.3642400620951453,70.25577802776418,0.1313549499358022,1495.715541809778,0
0.3642400620951453,70.25577802776418,0.1313549499358022,1495.715541809778,0
0.3642400620951453,70.25577802776418,0.1313549499358022,1495.715541809778,0
0.3642400620951453,70.25577802776418,0.1313549499358022,1495.715541809778,0
0.3642400620951453,70.25577802776418,0.1313549499358022,1495.715541809778,0
0.3642400620951453,70.25577802776418,0.1313549499358022,1495.715541809778,0
0.3642400620951453,70.25577802776418,0.1313549499358022,1495.715541809778,0
0.3642400620951453,70.25577802776418,0.1313549499358022,1495.715541809778,0
0.3829843713062425,70.81296840128792,0.1664115198010523,1502.8020356186714,0
0.39134869560604163,70.95591662460428,0.16948700900911468,1505.4625994043186,0
0.37856294593506407,71.29399155109363,0.1761744263754414,1503.0510268437242,0
0.3649637580458446,70.46294171408809,0.1431417672307695,1497.3098175858695,0
0.3649637580458446,70.46294171408809,0.1431417672307695,1497.3098175858695,0
0.3649637580458446,70.46294171408809,0.1431417672307695,1497.3098175858695,0
0.3649637580458446,70.46294171408809,0.1431417672307695,1497.3098175858695,0
0.3649637580458446,70.46294171408809,0.1431417672307695,1497.3098175858695,0
0.3649637580458446,70.46294171408809,0.1431417672307695,1497.3098175858695,0
0.3649637580458446,70.46294171408809,0.1431417672307695,1497.3098175858695,0
0.36906309665154813,70.7251422594041,0.1358364614612243,1495.7061179162422,0
0.36906309665154813,70.7251422594041,0.1358364614612243,1495.7061179162422,0
0.36906309665154813,70.7251422594041,0.1358364614612243,1495.7061179162422,0
0.36906309665154813,70.7251422594041,0.1358364614612243,1495.7061179162422,0
0.3582973654950699,70.57210205552221,0.12907106373392754,1494.6999315054534,0
0.3561278153057229,69.92528535135273,0.12076654795617829,1495.3707334786423,0
0.35850103541662914,70.14858795579619,0.11791138400109363,1494.215957015111,0
0.35850103541662914,70.14858795579619,0.11791138400109363,1494.215957015111,0
0.3664562616833864,71.29403987328257,0.13695242786122497,1496.1468986552493,0
0.3664562616833864,71.29403987328257,0.13695242786122497,1496.1468986552493,0
0.35459600975134314,70.99905205696969,0.14228768373241574,1497.907010662863,0
0.35459600975134314,70.99905205696969,0.14228768373241574,1497.907010662863,0
0.3484696022133202,69.98621268474832,0.10575506952122901,1494.0853010027754,0
0.3508810126867066,70.07216709431678,0.1043125819408629,1493.8218049699929,0
0.3508810126867066,70.07216709431678,0.1043125819408629,1493.8218049699929,0
0.3508810126867066,70.07216709431678,0.1043125819408629,1493.8218049699929,0
0.3508810126867066,70.07216709431678,0.1043125819408629,1493.8218049699929,0
0.3508810126867066,70.07216709431678,0.1043125819408629,1493.8218049699929,0
0.35036152957103367,70.8883192865506,0.11005912989620291,1495.6601735750123,0
0.33927647820319196,70.20102959901655,0.08866628699394037,1496.5169505817098,0
0.3519204346851312,70.14239880610255,0.10293441558407677,1493.9001722405603,0
0.3519204346851312,70.14239880610255,0.10293441558407677,1493.9001722405603,0
0.3519204346851312,70.14239880610255,0.10293441558407677,1493.9001722405603,0
0.3531668757518951,71.1556008559265,0.11125243116519856,1497.0328982176134,0
0.3531668757518951,71.1556008559265,0.11125243116519856,1497.0328982176134,0
0.3531668757518951,71.1556008559265,0.11125243116519856,1497.0328982176134,0
0.3531668757518951,71.1556008559265,0.11125243116519856,1497.0328982176134,0
0.3531668757518951,71.1556008559265,0.11125243116519856,1497.0328982176134,0
0.3566095919920205,71.48897392967363,0.12752604964091874,1497.2324791230571,0
0.3566095919920205,71.48897392967363,0.12752604964091874,1497.2324791230571,0
0.3566095919920205,71.48897392967363,0.12752604964091874,1497.2324791230571,0
0.3566095919920205,71.48897392967363,0.12752604964091874,1497.2324791230571,0
0.3566095919920205,71.48897392967363,0.12752604964091874,1497.2324791230571,0
0.3566095919920205,71.48897392967363,0.12752604964091874,1497.2324791230571,0
0.3566095919920205,71.48897392967363,0.12752604964091874,1497.2324791230571,0
0.3566095919920205,71.48897392967363,0.12752604964091874,1497.2324791230571,0
0.3709980113616932,71.84017703987588,0.17395377073073387,1502.3527263879657,0
0.37854072508738656,71.31529905512177,0.17718869146345162,1503.3136113703433,0
0.37854072508738656,71.31529905512177,0.17718869146345162,1503.3136113703433,0
0.36231312605332044,70.36172298947207,0.14896470299858178,1500.2297821504485,0
0.36231312605332044,70.36172298947207,0.14896470299858178,1500.2297821504485,0
0.36231312605332044,70.36172298947207,0.14896470299858178,1500.2297821504485,0
0.3810206992063423,71.40899796471587,0.15873921243613148,1499.8843223735262,0
0.3751013938971041,70.87063091999053,0.14814941435636275,1497.7136524852128,0
0.3751013938971041,70.87063091999053,0.14814941435636275,1497.7136524852128,0
0.3751013938971041,70.87063091999053,0.14814941435636275,1497.7136524852128,0
0.37541097101998644,70.32337473896314,0.12500849240757084,1498.2484301806371,0
0.37058596011403755,70.53918993597865,0.11975130955766888,1496.7026821361342,0
0.37058596011403755,70.53918993597865,0.11975130955766888,1496.7026821361342,0
0.37058596011403755,70.53918993597865,0.11975130955766888,1496.7026821361342,0
0.35876631482708343,71.54848761553714,0.1219262335744367,1498.3348587252726,0
0.35876631482708343,71.54848761553714,0.1219262335744367,1498.3348587252726,0
0.35876631482708343,71.54848761553714,0.1219262335744367,1498.3348587252726,0
0.34004505226894466,70.79256972606589,0.10490501113227951,1497.7604270639054,0
0.34004505226894466,70.79256972606589,0.10490501113227951,1497.7604270639054,0
0.3532803151363946,69.87860756226269,0.10497181625885318,1493.984300961244,0
0.3532803151363946,69.87860756226269,0.10497181625885318,1493.984300961244,0
0.3532803151363946,69.87860756226269,0.10497181625885318,1493.984300961244,0
0.3532803151363946,69.87860756226269,0.10497181625885318,1493.984300961244,0
0.3532803151363946,69.87860756226269,0.10497181625885318,1493.984300961244,0
0.3532803151363946,69.87860756226269,0.10497181625885318,1493.984300961244,0
0.36659135783081864,70.53755846930034,0.147033047366934,1497.903985562713,0
0.36659135783081864,70.53755846930034,0.147033047366934,1497.903985562713,0
0.36659135783081864,70.53755846930034,0.147033047366934,1497.903985562713,0
0.36659135783081864,70.53755846930034,0.147033047366934,1497.903985562713,0
0.36659135783081864,70.53755846930034,0.147033047366934,1497.903985562713,0
0.35257088180724244,71.29137764858763,0.14459950265222693,1499.4359404155948,0
0.35257088180724244,71.29137764858763,0.14459950265222693,1499.4359404155948,0
0.35816603910594963,70.47496047380798,0.12441773537847083,1494.2696180354567,0
0.35816603910594963,70.47496047380798,0.12441773537847083,1494.2696180354567,0
0.35816603910594963,70.47496047380798,0.12441773537847083,1494.2696180354567,0
0.35816603910594963,70.47496047380798,0.12441773537847083,1494.2696180354567,0
0.363079912559861,71.08886369874563,0.12948761563564187,1495.2936248324907,0
0.363079912559861,71.08886369874563,0.12948761563564187,1495.2936248324907,0
0.35772364564275316,71.44944963704157,0.13903132123109369,1497.0886312770388,0
0.35772364564275316,71.44944963704157,0.13903132123109369,1497.0886312770388,0
0.35772364564275316,71.44944963704157,0.13903132123109369,1497.0886312770388,0
0.35772364564275316,71.44944963704157,0.13903132123109369,1497.0886312770388,0
0.35255550616337494,70.72760244884446,0.12887926526308427,1495.5734228651154,0
0.35255550616337494,70.72760244884446,0.12887926526308427,1495.5734228651154,0
0.35255550616337494,70.72760244884446,0.12887926526308427,1495.5734228651154,0
0.3456969642526356,71.20106141091203,0.14187337050423768,1502.3755998523836,0
0.345758456658773,71.14006073961062,0.1484093801128158,1505.1691701222308,0
0.345758456658773,71.14006073961062,0.1484093801128158,1505.1691701222308,0
0.345758456658773,71.14006073961062,0.1484093801128158,1505.1691701222308,0
0.3511040003760427,71.33411383420291,0.1510940467920653,1502.4489458415035,0
0.366319032767153,71.91922162770692,0.15726906838471075,1499.6512517476328,0
0.3686703364343392,72.17089259364255,0.1467444682362563,1501.0044906215574,0
0.3686703364343392,72.17089259364255,0.1467444682362563,1501.0044906215574,0
0.3640740969915132,71.87449598501942,0.12561123353280748,1501.2308363787015,0
0.3640740969915132,71.87449598501942,0.12561123353280748,1501.2308363787015,0
0.3640740969915132,71.87449598501942,0.12561123353280748,1501.2308363787015,0
0.3640740969915132,71.87449598501942,0.12561123353280748,1501.2308363787015,0
0.3590985164464466,71.51152460397667,0.13219185639955172,1497.003772885104,0
0.3590985164464466,71.51152460397667,0.13219185639955172,1497.003772885104,0
0.3590985164464466,71.51152460397667,0.13219185639955172,1497.003772885104,0
0.3533453873304891,70.78744694651762,0.14603977054951545,1500.1645923067258,0
0.3533453873304891,70.78744694651762,0.14603977054951545,1500.1645923067258,0
0.3669723253793221,71.35581921011965,0.15235144237482845,1497.4820402955995,0
0.35898852992755437,70.1207744250759,0.11132318845289388,1494.1386036506237,0
0.35898852992755437,70.1207744250759,0.11132318845289388,1494.1386036506237,0
0.35898852992755437,70.1207744250759,0.11132318845289388,1494.1386036506237,0
0.35898852992755437,70.1207744250759,0.11132318845289388,1494.1386036506237,0
0.35898852992755437,70.1207744250759,0.11132318845289388,1494.1386036506237,0
0.35898852992755437,70.1207744250759,0.11132318845289388,1494.1386036506237,0
0.35898852992755437,70.1207744250759,0.11132318845289388,1494.1386036506237,0
0.3467278576089267,70.3961158469946,0.10335760367214562,1494.6167430605897,0
0.3629338844302012,70.50433531413272,0.1291206306819832,1494.7280248545333,0
0.3629338844302012,70.50433531413272,0.1291206306819832,1494.7280248545333,0
0.3538554344898769,69.43881044506146,0.10334652761179342,1495.363632408434,0
0.36206912174001865,69.26282688037563,0.09572359912200579,1497.8768382380385,0
0.36206912174001865,69.26282688037563,0.09572359912200579,1497.8768382380385,0
0.36206912174001865,69.26282688037563,0.09572359912200579,1497.8768382380385,0
0.3640452121894179,69.67458742263214,0.10783729702658565,1496.3010569880817,0
0.363087780988345,68.78290067765643,0.09508408122284577,1501.294189638569,0
0.363087780988345,68.78290067765643,0.09508408122284577,1501.294189638569,0
0.363087780988345,68.78290067765643,0.09508408122284577,1501.294189638569,0
0.34554603380647986,68.73886287183181,0.0940502136595901,1499.134961036506,0
0.34554603380647986,68.73886287183181,0.0940502136595901,1499.134961036506,0
0.34554603380647986,68.73886287183181,0.0940502136595901,1499.134961036506,0
0.34849664356282095,69.87333137080996,0.11330603921282163,1495.3127421438794,0
0.34849664356282095,69.87333137080996,0.11330603921282163,1495.3127421438794,0
0.3485014072743686,69.83856932229634,0.09871863289022635,1494.051547298386,0
0.3485014072743686,69.83856932229634,0.09871863289022635,1494.051547298386,0
0.3485014072743686,69.83856932229634,0.09871863289022635,1494.051547298386,0
0.3485014072743686,69.83856932229634,0.09871863289022635,1494.051547298386,0
0.3555586254209937,70.19370694377113,0.11952811051114155,1494.3058350616172,0
0.3555586254209937,70.19370694377113,0.11952811051114155,1494.3058350616172,0
0.3555586254209937,70.19370694377113,0.11952811051114155,1494.3058350616172,0
0.3555586254209937,70.19370694377113,0.11952811051114155,1494.3058350616172,0
0.3306081028037436,69.15404455491331,0.06513733834708763,1498.9445842664031,0
0.3306081028037436,69.15404455491331,0.06513733834708763,1498.9445842664031,0
0.3306081028037436,69.15404455491331,0.06513733834708763,1498.9445842664031,0
0.3306081028037436,69.15404455491331,0.06513733834708763,1498.9445842664031,0
0.3306081028037436,69.15404455491331,0.06513733834708763,1498.9445842664031,0
0.3306081028037436,69.15404455491331,0.06513733834708763,1498.9445842664031,0
0.3306081028037436,69.15404455491331,0.06513733834708763,1498.9445842664031,0
0.3306081028037436,69.15404455491331,0.06513733834708763,1498.9445842664031,0
0.3284791101145444,69.77592168974049,0.0770970493285742,1499.5457012991621,0
0.34749085487645465,71.00400191619167,0.11500616457970406,1496.386972934618,0
0.34749085487645465,71.00400191619167,0.11500616457970406,1496.386972934618,0
0.34749085487645465,71.00400191619167,0.11500616457970406,1496.386972934618,0
0.34749085487645465,71.00400191619167,0.11500616457970406,1496.386972934618,0
0.3484494867612335,71.14742115522051,0.12684322184850352,1497.2502586530263,0
0.3464606107882177,71.26287061203521,0.10693650994149644,1499.1690528927338,0
0.3464606107882177,71.26287061203521,0.10693650994149644,1499.1690528927338,0
0.3464606107882177,71.26287061203521,0.10693650994149644,1499.1690528927338,0
0.3464606107882177,71.26287061203521,0.10693650994149644,1499.1690528927338,0
0.3464606107882177,71.26287061203521,0.10693650994149644,1499.1690528927338,0
0.3464606107882177,71.26287061203521,0.10693650994149644,1499.1690528927338,0
0.3463069395314583,70.75016340468447,0.10057278682526229,1496.5125241949722,0
0.3463069395314583,70.75016340468447,0.10057278682526229,1496.5125241949722,0
0.3463069395314583,70.75016340468447,0.10057278682526229,1496.5125241949722,0
0.3463069395314583,70.75016340468447,0.10057278682526229,1496.5125241949722,0
0.3463069395314583,70.75016340468447,0.10057278682526229,1496.5125241949722,0
0.3463069395314583,70.75016340468447,0.10057278682526229,1496.5125241949722,0
0.33365292645108596,70.02104638561231,0.09073546714263625,1497.5166094904025,0
0.3244507162534199,69.53416375722846,0.09271844306369437,1503.2921921311101,0
0.3244507162534199,69.53416375722846,0.09271844306369437,1503.2921921311101,0
0.3205910022771082,69.4384635381854,0.07724016587576671,1503.2447069161622,0
0.3205910022771082,69.4384635381854,0.07724016587576671,1503.2447069161622,0
0.3205910022771082,69.4384635381854,0.07724016587576671,1503.2447069161622,0
0.34132698357639113,71.68512071195606,0.13027988451604958,1503.8728159496466,0
0.34132698357639113,71.68512071195606,0.13027988451604958,1503.8728159496466,0
0.34132698357639113,71.68512071195606,0.13027988451604958,1503.8728159496466,0
0.34132698357639113,71.68512071195606,0.13027988451604958,1503.8728159496466,0
0.34132698357639113,71.68512071195606,0.13027988451604958,1503.8728159496466,0
0.34132698357639113,71.68512071195606,0.13027988451604958,1503.8728159496466,0
0.3305485928488747,68.78180235855073,0.0735499047752181,1499.1167906090852,0
0.3305485928488747,68.78180235855073,0.0735499047752181,1499.1167906090852,0
0.3305485928488747,68.78180235855073,0.0735499047752181,1499.1167906090852,0
0.3378482192994043,69.12281213879838,0.08274973190726612,1496.5007066426651,0
0.3378482192994043,69.12281213879838,0.08274973190726612,1496.5007066426651,0
0.3378482192994043,69.12281213879838,0.08274973190726612,1496.5007066426651,0
0.3378482192994043,69.12281213879838,0.08274973190726612,1496.5007066426651,0
0.3378482192994043,69.12281213879838,0.08274973190726612,1496.5007066426651,0
0.3498822922661348,69.65575869094717,0.10561634446493172,1494.72659151453,0
0.3498822922661348,69.65575869094717,0.10561634446493172,1494.72659151453,0
0.33245598791143693,68.91047190744644,0.05521738783808068,1500.484219047889,0
0.3489499828626606,69.73893555719428,0.06909786073044867,1500.1985300745966,0
0.36050580033847474,70.47663847219545,0.09238681450767704,1499.1728348258086,0
0.36050580033847474,70.47663847219545,0.09238681450767704,1499.1728348258086,0
0.36050580033847474,70.47663847219545,0.09238681450767704,1499.1728348258086,0
0.3578460056711523,71.7817249812242,0.13273635139356363,1498.851362294453,0
0.3578460056711523,71.7817249812242,0.13273635139356363,1498.851362294453,0
0.3578460056711523,71.7817249812242,0.13273635139356363,1498.851362294453,0
0.3578460056711523,71.7817249812242,0.13273635139356363,1498.851362294453,0
0.36576254414515674,71.83074335309855,0.158282340912739,1499.5642054377079,0
0.3572275165387159,71.7471080634909,0.14750373169476133,1499.4643397206105,0
0.3654594486032411,71.00174132914691,0.14774368348646047,1496.8030142894868,0
0.3654594486032411,71.00174132914691,0.14774368348646047,1496.8030142894868,0
0.3463086021254328,70.67546292718245,0.1302953858837244,1498.3280818992218,0
0.3463086021254328,70.67546292718245,0.1302953858837244,1498.3280818992218,0
0.3463086021254328,70.67546292718245,0.1302953858837244,1498.3280818992218,0
0.3609434127924516,70.47399868267907,0.12039557377302702,1494.1777924055966,0
0.3609434127924516,70.47399868267907,0.12039557377302702,1494.1777924055966,0
0.3609434127924516,70.47399868267907,0.12039557377302702,1494.1777924055966,0
0.3609434127924516,70.47399868267907,0.12039557377302702,1494.1777924055966,0
0.3609434127924516,70.47399868267907,0.12039557377302702,1494.1777924055966,0
0.3609434127924516,70.47399868267907,0.12039557377302702,1494.1777924055966,0
0.3609434127924516,70.47399868267907,0.12039557377302702,1494.1777924055966,0
0.3609434127924516,70.47399868267907,0.12039557377302702,1494.1777924055966,0
0.3609434127924516,70.47399868267907,0.12039557377302702,1494.1777924055966,0
0.36290334909971467,70.03615693065298,0.12267789924746127,1495.303900161512,0
0.36290334909971467,70.03615693065298,0.12267789924746127,1495.303900161512,0
0.35520206050641173,70.09905674178898,0.1239516420387658,1495.3582564619321,0
0.35520206050641173,70.09905674178898,0.1239516420387658,1495.3582564619321,0
0.35520206050641173,70.09905674178898,0.1239516420387658,1495.3582564619321,0
0.35520206050641173,70.09905674178898,0.1239516420387658,1495.3582564619321,0
0.35520206050641173,70.09905674178898,0.1239516420387658,1495.3582564619321,0
0.35520206050641173,70.09905674178898,0.1239516420387658,1495.3582564619321,0
0.35520206050641173,70.09905674178898,0.1239516420387658,1495.3582564619321,0
0.35520206050641173,70.09905674178898,0.1239516420387658,1495.3582564619321,0
0.35520206050641173,70.09905674178898,0.1239516420387658,1495.3582564619321,0
0.35520206050641173,70.09905674178898,0.1239516420387658,1495.3582564619321,0
0.3719123830709872,70.76551896956109,0.1389522374113965,1496.413185250352,0
0.35590916768841474,70.66557763371421,0.13142261539834427,1495.302947953492,0
0.35590916768841474,70.66557763371421,0.13142261539834427,1495.302947953492,0
0.3543741130364529,70.4161015622817,0.11667060242658636,1493.920026146627,0
0.3530066968766455,69.87253986203075,0.09891551762410518,1494.1406890075057,0
0.3530066968766455,69.87253986203075,0.09891551762410518,1494.1406890075057,0
0.3530066968766455,69.87253986203075,0.09891551762410518,1494.1406890075057,0
0.3530066968766455,69.87253986203075,0.09891551762410518,1494.1406890075057,0
0.3530066968766455,69.87253986203075,0.09891551762410518,1494.1406890075057,0
0.3530066968766455,69.87253986203075,0.09891551762410518,1494.1406890075057,0
0.3530066968766455,69.87253986203075,0.09891551762410518,1494.1406890075057,0
0.3530066968766455,69.87253986203075,0.09891551762410518,1494.1406890075057,0
0.3530066968766455,69.87253986203075,0.09891551762410518,1494.1406890075057,0
0.3530066968766455,69.87253986203075,0.09891551762410518,1494.1406890075057,0
0.35915131619153223,70.04662334211818,0.10116890943238542,1495.0025343769605,0
0.35915131619153223,70.04662334211818,0.10116890943238542,1495.0025343769605,0
0.35915131619153223,70.04662334211818,0.10116890943238542,1495.0025343769605,0
0.34675011165699776,70.3937625787515,0.11685003100938365,1495.3200092050029,0
0.34675011165699776,70.3937625787515,0.11685003100938365,1495.3200092050029,0
0.34675011165699776,70.3937625787515,0.11685003100938365,1495.3200092050029,0
0.34675011165699776,70.3937625787515,0.11685003100938365,1495.3200092050029,0
0.3372821549100537,69.47571547439341,0.10081931430830877,1497.9402647419463,0
0.3372821549100537,69.47571547439341,0.10081931430830877,1497.9402647419463,0
0.3434992264141277,69.96589485005067,0.11419238175464684,1496.7404142893056,0
0.35529781600396215,69.91749962918917,0.12338164117883246,1496.0597291203878,0
0.35529781600396215,69.91749962918917,0.12338164117883246,1496.0597291203878,0
0.35581513550785987,70.3207602938833,0.11498918223514755,1493.8223737398746,0
0.35581513550785987,70.3207602938833,0.11498918223514755,1493.8223737398746,0
0.35581513550785987,70.3207602938833,0.11498918223514755,1493.8223737398746,0
0.3562925047896718,69.99594091360694,0.10667269651993765,1494.0275671071395,0
0.3562925047896718,69.99594091360694,0.10667269651993765,1494.0275671071395,0
0.3562925047896718,69.99594091360694,0.10667269651993765,1494.0275671071395,0
0.3562925047896718,69.99594091360694,0.10667269651993765,1494.0275671071395,0
0.3562925047896718,69.99594091360694,0.10667269651993765,1494.0275671071395,0
0.3562925047896718,69.99594091360694,0.10667269651993765,1494.0275671071395,0
0.3562925047896718,69.99594091360694,0.10667269651993765,1494.0275671071395,0
0.3562925047896718,69.99594091360694,0.10667269651993765,1494.0275671071395,0
0.3562925047896718,69.99594091360694,0.10667269651993765,1494.0275671071395,0
0.3562925047896718,69.99594091360694,0.10667269651993765,1494.0275671071395,0
0.3562925047896718,69.99594091360694,0.10667269651993765,1494.0275671071395,0
0.3782591413578078,70.78806546258843,0.1364426664193758,1498.5508068137754,0
0.35839803263642833,69.52718660294931,0.10110334412920094,1495.5248934451483,0
0.36167134540690826,70.07861228996873,0.11917745021901549,1494.729044361908,0
0.36167134540690826,70.07861228996873,0.11917745021901549,1494.729044361908,0
0.36167134540690826,70.07861228996873,0.11917745021901549,1494.729044361908,0
0.36167134540690826,70.07861228996873,0.11917745021901549,1494.729044361908,0
0.35606660271157875,70.27896074037164,0.10862021127501438,1493.923731128469,0
0.35606660271157875,70.27896074037164,0.10862021127501438,1493.923731128469,0
0.35606660271157875,70.27896074037164,0.10862021127501438,1493.923731128469,0
0.35606660271157875,70.27896074037164,0.10862021127501438,1493.923731128469,0
0.35606660271157875,70.27896074037164,0.10862021127501438,1493.923731128469,0
0.3565344468025898,70.36702930991244,0.11434558683602693,1493.8365049098281,0
0.3565344468025898,70.36702930991244,0.11434558683602693,1493.8365049098281,0
0.3565344468025898,70.36702930991244,0.11434558683602693,1493.8365049098281,0
0.3565344468025898,70.36702930991244,0.11434558683602693,1493.8365049098281,0
0.3565344468025898,70.36702930991244,0.11434558683602693,1493.8365049098281,0
0.3565344468025898,70.36702930991244,0.11434558683602693,1493.8365049098281,0
0.3565344468025898,70.36702930991244,0.11434558683602693,1493.8365049098281,0
0.3565344468025898,70.36702930991244,0.11434558683602693,1493.8365049098281,0
0.3565344468025898,70.36702930991244,0.11434558683602693,1493.8365049098281,0
0.3565344468025898,70.36702930991244,0.11434558683602693,1493.8365049098281,0
0.3565344468025898,70.36702930991244,0.11434558683602693,1493.8365049098281,0
0.36123881918851225,70.47464747489347,0.12115564107097038,1494.2133489939547,0
0.36123881918851225,70.47464747489347,0.12115564107097038,1494.2133489939547,0
0.36123881918851225,70.47464747489347,0.12115564107097038,1494.2133489939547,0
0.36123881918851225,70.47464747489347,0.12115564107097038,1494.2133489939547,0
0.36123881918851225,70.47464747489347,0.12115564107097038,1494.2133489939547,0
0.36123881918851225,70.47464747489347,0.12115564107097038,1494.2133489939547,0
0.36123881918851225,70.47464747489347,0.12115564107097038,1494.2133489939547,0
0.36123881918851225,70.47464747489347,0.12115564107097038,1494.2133489939547,0
0.3500672050133671,70.32736568044221,0.10393083341929917,1494.133069832551,0
0.3500672050133671,70.32736568044221,0.10393083341929917,1494.133069832551,0
0.3500672050133671,70.32736568044221,0.10393083341929917,1494.133069832551,0
0.3500672050133671,70.32736568044221,0.10393083341929917,1494.133069832551,0
0.3500672050133671,70.32736568044221,0.10393083341929917,1494.133069832551,0
0.3500672050133671,70.32736568044221,0.10393083341929917,1494.133069832551,0
0.3500672050133671,70.32736568044221,0.10393083341929917,1494.133069832551,0
0.3500672050133671,70.32736568044221,0.10393083341929917,1494.133069832551,0
0.3500672050133671,70.32736568044221,0.10393083341929917,1494.133069832551,0
0.3625885521305382,71.80269362557216,0.1519801448157576,1499.0420968369572,0
0.3625885521305382,71.80269362557216,0.1519801448157576,1499.0420968369572,0
0.3625885521305382,71.80269362557216,0.1519801448157576,1499.0420968369572,0
0.36717115633423875,70.6252189105209,0.13496362444467375,1495.4642680161496,0
0.36717115633423875,70.6252189105209,0.13496362444467375,1495.4642680161496,0
0.36847521487268076,70.32227732119662,0.1335663525566928,1496.236981104087,0
0.36847521487268076,70.32227732119662,0.1335663525566928,1496.236981104087,0
0.36847521487268076,70.32227732119662,0.1335663525566928,1496.236981104087,0
0.36847521487268076,70.32227732119662,0.1335663525566928,1496.236981104087,0
0.36847521487268076,70.32227732119662,0.1335663525566928,1496.236981104087,0
0.3578776197044505,70.47226330210641,0.11204552934511708,1494.140256963096,0
0.3578776197044505,70.47226330210641,0.11204552934511708,1494.140256963096,0
0.3578776197044505,70.47226330210641,0.11204552934511708,1494.140256963096,0
0.3578776197044505,70.47226330210641,0.11204552934511708,1494.140256963096,0
0.3578776197044505,70.47226330210641,0.11204552934511708,1494.140256963096,0
0.35780454869309014,70.47134736735917,0.1261662597234788,1494.4803236344003,0
0.35780454869309014,70.47134736735917,0.1261662597234788,1494.4803236344003,0
0.361451840754554,70.68890859942655,0.12693999607551468,1494.4272342597205,0
0.35795558534581845,70.63206909912054,0.13821605582589802,1496.428856133993,0
0.36773620686392144,71.4646510623712,0.14862990579903698,1497.15325629114,0
0.36773620686392144,71.4646510623712,0.14862990579903698,1497.15325629114,0
0.36773620686392144,71.4646510623712,0.14862990579903698,1497.15325629114,0
0.36773620686392144,71.4646510623712,0.14862990579903698,1497.15325629114,0
0.36773620686392144,71.4646510623712,0.14862990579903698,1497.15325629114,0
0.36773620686392144,71.4646510623712,0.14862990579903698,1497.15325629114,0
0.36773620686392144,71.4646510623712,0.14862990579903698,1497.15325629114,0
0.36773620686392144,71.4646510623712,0.14862990579903698,1497.15325629114,0
0.35507857657740516,70.1794879410256,0.08788473635743077,1497.2757670084552,0
0.35525197084441473,70.59301418444441,0.09387709396143828,1497.7576901843536,0
0.35870480880533506,70.06530088775865,0.0936196241301449,1496.362866380523,0
0.35371742610862583,69.66409883199017,0.08239413036128612,1496.8267308705845,0
0.35371742610862583,69.66409883199017,0.08239413036128612,1496.8267308705845,0
0.35371742610862583,69.66409883199017,0.08239413036128612,1496.8267308705845,0
0.37184803640287484,71.05429486659608,0.11692144698174095,1499.7238108046938,0
0.37383825121626735,71.1553125727429,0.1494505217908644,1497.3938911411094,0
0.37383825121626735,71.1553125727429,0.1494505217908644,1497.3938911411094,0
0.36370969299141354,71.24836629424891,0.14536385373185673,1496.5352703692777,0
0.36370969299141354,71.24836629424891,0.14536385373185673,1496.5352703692777,0
0.34555620842935025,70.38190154621871,0.08383958262852623,1498.1567092131306,0
0.3468909798266637,70.43249131590584,0.08665630563299545,1497.7027071929845,0
0.34975844360886615,69.73506150440731,0.07900536242274826,1496.9428039468912,0
0.34975844360886615,69.73506150440731,0.07900536242274826,1496.9428039468912,0
0.34975844360886615,69.73506150440731,0.07900536242274826,1496.9428039468912,0
0.34975844360886615,69.73506150440731,0.07900536242274826,1496.9428039468912,0
0.34975844360886615,69.73506150440731,0.07900536242274826,1496.9428039468912,0
0.34975844360886615,69.73506150440731,0.07900536242274826,1496.9428039468912,0
0.34975844360886615,69.73506150440731,0.07900536242274826,1496.9428039468912,0
0.35271339604278584,69.79783215521647,0.08731929908077117,1495.655958834362,0
0.35271339604278584,69.79783215521647,0.08731929908077117,1495.655958834362,0
0.34909284918286987,69.38523902395495,0.09986912637564278,1495.311187753284,0
0.34909284918286987,69.38523902395495,0.09986912637564278,1495.311187753284,0
0.3525075653097113,69.36973447181987,0.0850447887696512,1495.9574384183252,0
0.3525075653097113,69.36973447181987,0.0850447887696512,1495.9574384183252,0
0.3525075653097113,69.36973447181987,0.0850447887696512,1495.9574384183252,0
0.3525075653097113,69.36973447181987,0.0850447887696512,1495.9574384183252,0
0.3525075653097113,69.36973447181987,0.0850447887696512,1495.9574384183252,0
0.3475327290280031,69.34768197933373,0.07993448341708545,1495.9050666524938,0
0.35038781752169135,68.67484391341681,0.07156875602260071,1499.3293026801048,0
0.35038781752169135,68.67484391341681,0.07156875602260071,1499.3293026801048,0
0.35038781752169135,68.67484391341681,0.07156875602260071,1499.3293026801048,0
0.34618315643290526,69.67874167808273,0.09485000166670712,1494.3680668606899,0
0.34618315643290526,69.67874167808273,0.09485000166670712,1494.3680668606899,0
0.34618315643290526,69.67874167808273,0.09485000166670712,1494.3680668606899,0
0.34618315643290526,69.67874167808273,0.09485000166670712,1494.3680668606899,0
0.34618315643290526,69.67874167808273,0.09485000166670712,1494.3680668606899,0
0.34618315643290526,69.67874167808273,0.09485000166670712,1494.3680668606899,0
0.34618315643290526,69.67874167808273,0.09485000166670712,1494.3680668606899,0
0.34618315643290526,69.67874167808273,0.09485000166670712,1494.3680668606899,0
0.34618315643290526,69.67874167808273,0.09485000166670712,1494.3680668606899,0
0.34618315643290526,69.67874167808273,0.09485000166670712,1494.3680668606899,0
0.34618315643290526,69.67874167808273,0.09485000166670712,1494.3680668606899,0
0.34618315643290526,69.67874167808273,0.09485000166670712,1494.3680668606899,0
0.34618315643290526,69.67874167808273,0.09485000166670712,1494.3680668606899,0
0.34618315643290526,69.67874167808273,0.09485000166670712,1494.3680668606899,0
0.3465104569127133,69.39827067493545,0.08666002498849185,1495.0344898682938,0
0.3465104569127133,69.39827067493545,0.08666002498849185,1495.0344898682938,0
0.34880669804922576,69.63635060484597,0.09209111359597762,1494.4612953701724,0
0.3543812563422927,69.27909316970185,0.08792420205828162,1496.210420283183,0
0.3540203742924668,69.71868256327768,0.09783775343124299,1494.450246082951,0
0.3540203742924668,69.71868256327768,0.09783775343124299,1494.450246082951,0
0.35744444347160215,70.68204726711042,0.13382514177997967,1495.4532900820059,0
0.35744444347160215,70.68204726711042,0.13382514177997967,1495.4532900820059,0
0.3553265685248581,70.12594750644202,0.11006632962632959,1493.8176701852399,0
0.3606523269538272,70.44276339638245,0.11064307006605548,1494.660787308164,0
0.3606523269538272,70.44276339638245,0.11064307006605548,1494.660787308164,0
0.3606523269538272,70.44276339638245,0.11064307006605548,1494.660787308164,0
0.3606523269538272,70.44276339638245,0.11064307006605548,1494.660787308164,0
0.3606523269538272,70.44276339638245,0.11064307006605548,1494.660787308164,0
0.36339855194325665,70.64371184691375,0.12609920457330592,1494.5471395950146,0
0.36339855194325665,70.64371184691375,0.12609920457330592,1494.5471395950146,0
0.36339855194325665,70.64371184691375,0.12609920457330592,1494.5471395950146,0
0.36339855194325665,70.64371184691375,0.12609920457330592,1494.5471395950146,0
0.36339855194325665,70.64371184691375,0.12609920457330592,1494.5471395950146,0
0.36339855194325665,70.64371184691375,0.12609920457330592,1494.5471395950146,0
0.36339855194325665,70.64371184691375,0.12609920457330592,1494.5471395950146,0
0.36339855194325665,70.64371184691375,0.12609920457330592,1494.5471395950146,0
0.36339855194325665,70.64371184691375,0.12609920457330592,1494.5471395950146,0
0.3601018131820699,70.11170959126443,0.10778390482471972,1494.5117437625017,0
0.3601018131820699,70.11170959126443,0.10778390482471972,1494.5117437625017,0
0.3596409746071215,70.50520090353947,0.12666251170329146,1494.4222055792634,0
0.3596409746071215,70.50520090353947,0.12666251170329146,1494.4222055792634,0
0.3596409746071215,70.50520090353947,0.12666251170329146,1494.4222055792634,0
0.35743974198659817,70.61968348574501,0.1200005665915586,1494.0804998389185,0
0.35381965040713415,70.47005403869936,0.12819349508062278,1495.3956472227485,0
0.35381965040713415,70.47005403869936,0.12819349508062278,1495.3956472227485,0
0.35381965040713415,70.47005403869936,0.12819349508062278,1495.3956472227485,0
0.35381965040713415,70.47005403869936,0.12819349508062278,1495.3956472227485,0
0.362971371803628,70.40452900006345,0.11274349114609852,1494.8909602141953,0
0.362971371803628,70.40452900006345,0.11274349114609852,1494.8909602141953,0
0.362971371803628,70.40452900006345,0.11274349114609852,1494.8909602141953,0
0.362971371803628,70.40452900006345,0.11274349114609852,1494.8909602141953,0
0.362971371803628,70.40452900006345,0.11274349114609852,1494.8909602141953,0
0.35650822678276317,69.41218301482559,0.08364965829024068,1497.2630021105351,0
0.35994792801044895,69.68831096478999,0.09648199006433109,1495.929418302659,0
0.35994792801044895,69.68831096478999,0.09648199006433109,1495.929418302659,0
0.3530841207201348,69.27050541010875,0.09414244239584572,1495.6886795378477,0
0.3571470221689851,69.66289669163338,0.10165559162669474,1494.8615971955824,0
0.3571470221689851,69.66289669163338,0.10165559162669474,1494.8615971955824,0
0.3571470221689851,69.66289669163338,0.10165559162669474,1494.8615971955824,0
0.3463991760330196,69.59029773681237,0.09499936993975408,1494.4966650070849,0
0.3463991760330196,69.59029773681237,0.09499936993975408,1494.4966650070849,0
0.3475791902564001,70.47720519789883,0.09793207310759232,1495.3880882075398,0
0.3475791902564001,70.47720519789883,0.09793207310759232,1495.3880882075398,0
0.3448881649811109,69.71213998752322,0.11945541285349003,1499.105244067354,0
0.3484066197234323,70.79964270178543,0.11966378504095306,1495.5627847579942,0
0.3562216535034989,70.96725355729849,0.13116326611410237,1495.2960263228467,0
0.36582397150986096,70.8303759204024,0.13408743918272809,1495.146538136042,0
0.36582397150986096,70.8303759204024,0.13408743918272809,1495.146538136042,0
0.36582397150986096,70.8303759204024,0.13408743918272809,1495.146538136042,0
0.36582397150986096,70.8303759204024,0.13408743918272809,1495.146538136042,0
0.36582397150986096,70.8303759204024,0.13408743918272809,1495.146538136042,0
0.36582397150986096,70.8303759204024,0.13408743918272809,1495.146538136042,0
0.36785106122132405,71.29421032592867,0.14558926748566361,1496.543989372222,0
0.36785106122132405,71.29421032592867,0.14558926748566361,1496.543989372222,0
0.36785106122132405,71.29421032592867,0.14558926748566361,1496.543989372222,0
0.36785106122132405,71.29421032592867,0.14558926748566361,1496.543989372222,0
0.3798423275346198,70.8086293839092,0.14704506582634452,1499.1052181404173,0
0.3798423275346198,70.8086293839092,0.14704506582634452,1499.1052181404173,0
0.3798423275346198,70.8086293839092,0.14704506582634452,1499.1052181404173,0
0.3798423275346198,70.8086293839092,0.14704506582634452,1499.1052181404173,0
0.3798423275346198,70.8086293839092,0.14704506582634452,1499.1052181404173,0
0.3739350354638087,70.82764177798946,0.14212912483122675,1497.0118234465012,0
0.3739350354638087,70.82764177798946,0.14212912483122675,1497.0118234465012,0
0.3739350354638087,70.82764177798946,0.14212912483122675,1497.0118234465012,0
0.3739350354638087,70.82764177798946,0.14212912483122675,1497.0118234465012,0
0.3739350354638087,70.82764177798946,0.14212912483122675,1497.0118234465012,0
0.3739350354638087,70.82764177798946,0.14212912483122675,1497.0118234465012,0
0.3739350354638087,70.82764177798946,0.14212912483122675,1497.0118234465012,0
0.3739350354638087,70.82764177798946,0.14212912483122675,1497.0118234465012,0
0.3739350354638087,70.82764177798946,0.14212912483122675,1497.0118234465012,0
0.3656489331524768,70.09568526455976,0.11146352553698646,1495.7017650528549,0
0.3656489331524768,70.09568526455976,0.11146352553698646,1495.7017650528549,0
0.37457106741458385,69.61909409746826,0.11763527160602733,1500.5362779814561,0
0.37457106741458385,69.61909409746826,0.11763527160602733,1500.5362779814561,0
0.37818539402780454,70.26617004993152,0.15522749436118838,1502.5055983203029,0
0.37818539402780454,70.26617004993152,0.15522749436118838,1502.5055983203029,0
0.37504645114459884,69.91313359759569,0.11266522515593566,1500.027274423853,0
0.37504645114459884,69.91313359759569,0.11266522515593566,1500.027274423853,0
0.36829776625072647,70.55871880781443,0.1325113815633106,1495.5498257111294,0
0.36829776625072647,70.55871880781443,0.1325113815633106,1495.5498257111294,0
0.36829776625072647,70.55871880781443,0.1325113815633106,1495.5498257111294,0
0.3613536451709684,71.00887378753954,0.1517071529202272,1498.5427698880774,0
0.3613536451709684,71.00887378753954,0.1517071529202272,1498.5427698880774,0
0.3613536451709684,71.00887378753954,0.1517071529202272,1498.5427698880774,0
0.3613536451709684,71.00887378753954,0.1517071529202272,1498.5427698880774,0
0.3613536451709684,71.00887378753954,0.1517071529202272,1498.5427698880774,0
0.3613536451709684,71.00887378753954,0.1517071529202272,1498.5427698880774,0
0.3674772193609657,71.16621223674169,0.1508232939927159,1497.1456889281765,0
0.3674772193609657,71.16621223674169,0.1508232939927159,1497.1456889281765,0
0.35264432575916616,71.28989135920563,0.13993305064062017,1498.2348807462668,0
0.36033185641445786,69.85595872078223,0.11919175464034337,1495.4250944676396,0
0.36033185641445786,69.85595872078223,0.11919175464034337,1495.4250944676396,0
0.36033185641445786,69.85595872078223,0.11919175464034337,1495.4250944676396,0
0.36033185641445786,69.85595872078223,0.11919175464034337,1495.4250944676396,0
0.36033185641445786,69.85595872078223,0.11919175464034337,1495.4250944676396,0
0.35860740167806365,68.70535152643781,0.09611320302715884,1500.6346508400525,0
0.35860740167806365,68.70535152643781,0.09611320302715884,1500.6346508400525,0
0.35860740167806365,68.70535152643781,0.09611320302715884,1500.6346508400525,0
0.35860740167806365,68.70535152643781,0.09611320302715884,1500.6346508400525,0
0.34034511939589474,68.48201424919476,0.055383044773080974,1500.8958919302813,0
0.34034511939589474,68.48201424919476,0.055383044773080974,1500.8958919302813,0
0.34034511939589474,68.48201424919476,0.055383044773080974,1500.8958919302813,0
0.34034511939589474,68.48201424919476,0.055383044773080974,1500.8958919302813,0
0.34034511939589474,68.48201424919476,0.055383044773080974,1500.8958919302813,0
0.34364433534723204,68.00048363163339,0.06918151464746214,1502.8163272473,0
0.3728373575255717,69.16806783177583,0.09922275813101364,1503.2429111703177,0
0.3750492996231892,69.56620389285972,0.12436822914654455,1501.3349502429514,0
0.3750492996231892,69.56620389285972,0.12436822914654455,1501.3349502429514,0
0.3501822860201475,68.39904012008053,0.09372352826424457,1502.3747090586503,0
0.34232048967228007,69.27161007417685,0.0812555086674103,1495.6208629285811,0
0.34037608378504086,69.69806515621877,0.08172592645782067,1495.768820959082,0
0.34037608378504086,69.69806515621877,0.08172592645782067,1495.768820959082,0
0.33798802859666205,69.80058756355743,0.08971009620658982,1495.7369842602977,0
0.33798802859666205,69.80058756355743,0.08971009620658982,1495.7369842602977,0
0.3289810779289732,69.26570907602947,0.08872084757920183,1500.117683484966,0
0.3289810779289732,69.26570907602947,0.08872084757920183,1500.117683484966,0
0.3289810779289732,69.26570907602947,0.08872084757920183,1500.117683484966,0
0.33180874992367504,70.53702645298158,0.107423182777698,1501.2713736336777,0
0.33180874992367504,70.53702645298158,0.107423182777698,1501.2713736336777,0
0.33180874992367504,70.53702645298158,0.107423182777698,1501.2713736336777,0
0.346076176363197,70.65996119609211,0.1138062271777886,1495.4658892990192,0
0.346076176363197,70.65996119609211,0.1138062271777886,1495.4658892990192,0
0.35567917568025637,70.59427049775772,0.12440291177722856,1494.3893426347415,0
0.35567917568025637,70.59427049775772,0.12440291177722856,1494.3893426347415,0
0.35567917568025637,70.59427049775772,0.12440291177722856,1494.3893426347415,0
0.3466485657897622,69.37142518865886,0.10782647060921549,1497.152987421774,0
0.3350264598664148,69.76852794832243,0.08433175118916783,1496.6872965350335,0
0.3302806411789329,69.27280152534357,0.051559558735135784,1503.1776462080063,0
0.3302806411789329,69.27280152534357,0.051559558735135784,1503.1776462080063,0
0.3451124573731383,71.74137071958603,0.1184168758466379,1502.2543786476765,0
0.33499642080826164,71.26356428444866,0.11952618545913668,1503.9499177752098,0
0.33499642080826164,71.26356428444866,0.11952618545913668,1503.9499177752098,0
0.33499642080826164,71.26356428444866,0.11952618545913668,1503.9499177752098,0
0.3162629775093838,68.81463054867545,0.05672345297919229,1505.267356087619,0
0.3313772268955342,68.06847812623215,0.042799074884738046,1504.1153665910333,0
0.3313772268955342,68.06847812623215,0.042799074884738046,1504.1153665910333,0
0.3514316594903551,69.48783458327418,0.07019240871564132,1499.500056935027,0
0.35265898930153805,69.96011934200321,0.11058137718100296,1494.0970339062687,0
0.35265898930153805,69.96011934200321,0.11058137718100296,1494.0970339062687,0
0.35265898930153805,69.96011934200321,0.11058137718100296,1494.0970339062687,0
0.35265898930153805,69.96011934200321,0.11058137718100296,1494.0970339062687,0
0.36620084648362655,70.12021475388163,0.12338043672633676,1495.599905267533,0
0.3723858175042826,69.41549619602591,0.1085529017295325,1500.83907784825,0
0.35508031474964946,69.76829717756878,0.11120256257458397,1494.6798798717648,0
0.35508031474964946,69.76829717756878,0.11120256257458397,1494.6798798717648,0
0.35508031474964946,69.76829717756878,0.11120256257458397,1494.6798798717648,0
0.35508031474964946,69.76829717756878,0.11120256257458397,1494.6798798717648,0
0.35508031474964946,69.76829717756878,0.11120256257458397,1494.6798798717648,0
0.35508031474964946,69.76829717756878,0.11120256257458397,1494.6798798717648,0
0.358983589621371,69.96337100833706,0.12874542304777106,1496.6953146801031,0
0.358983589621371,69.96337100833706,0.12874542304777106,1496.6953146801031,0
0.36943992918019863,70.8397524212113,0.11707212668932451,1497.5204181520937,0
0.3674853327503547,69.94074469248844,0.10548298421186579,1497.232916777573,0
0.3674853327503547,69.94074469248844,0.10548298421186579,1497.232916777573,0
0.3674853327503547,69.94074469248844,0.10548298421186579,1497.232916777573,0
0.3674853327503547,69.94074469248844,0.10548298421186579,1497.232916777573,0
0.3674853327503547,69.94074469248844,0.10548298421186579,1497.232916777573,0
0.3674853327503547,69.94074469248844,0.10548298421186579,1497.232916777573,0
0.3674853327503547,69.94074469248844,0.10548298421186579,1497.232916777573,0
0.3674853327503547,69.94074469248844,0.10548298421186579,1497.232916777573,0
0.3674853327503547,69.94074469248844,0.10548298421186579,1497.232916777573,0
0.3674853327503547,69.94074469248844,0.10548298421186579,1497.232916777573,0
0.3674853327503547,69.94074469248844,0.10548298421186579,1497.232916777573,0
0.3674853327503547,69.94074469248844,0.10548298421186579,1497.232916777573,0
0.3674853327503547,69.94074469248844,0.10548298421186579,1497.232916777573,0
0.34508326574838466,69.96062517514025,0.0790565406790208,1497.131205728948,0
0.34508326574838466,69.96062517514025,0.0790565406790208,1497.131205728948,0
0.34508326574838466,69.96062517514025,0.0790565406790208,1497.131205728948,0
0.34508326574838466,69.96062517514025,0.0790565406790208,1497.131205728948,0
0.35524324343469443,71.57463492937343,0.11878390346344453,1499.0092890056387,0
0.35524324343469443,71.57463492937343,0.11878390346344453,1499.0092890056387,0
0.35524324343469443,71.57463492937343,0.11878390346344453,1499.0092890056387,0
0.35524324343469443,71.57463492937343,0.11878390346344453,1499.0092890056387,0
0.3476668527076138,71.58041854683677,0.1193880609032792,1499.9583891088528,0
0.3476668527076138,71.58041854683677,0.1193880609032792,1499.9583891088528,0
0.3476668527076138,71.58041854683677,0.1193880609032792,1499.9583891088528,0
0.3476668527076138,71.58041854683677,0.1193880609032792,1499.9583891088528,0
0.35108548786714666,71.8997165867016,0.13778272461995786,1501.2632897279148,0
0.3497781920600788,71.79150928835851,0.1110773409495924,1503.255187243744,0
0.3283286296606998,69.83732544980914,0.0649885807050748,1502.3085596690703,0
0.3535685900164949,71.56435469146669,0.12717126450945204,1498.1045128069916,0
0.3690463772007923,71.21112641094066,0.11198041484730632,1501.0520032297047,0
0.3690463772007923,71.21112641094066,0.11198041484730632,1501.0520032297047,0
0.3690463772007923,71.21112641094066,0.11198041484730632,1501.0520032297047,0
0.354638323618963,70.59321002680323,0.10353990406293419,1495.2330792215691,0
0.34250564462532396,70.51731764936753,0.09978645618505255,1496.0101967899475,0
0.34250564462532396,70.51731764936753,0.09978645618505255,1496.0101967899475,0
0.34250564462532396,70.51731764936753,0.09978645618505255,1496.0101967899475,0
0.34250564462532396,70.51731764936753,0.09978645618505255,1496.0101967899475,0
0.34250564462532396,70.51731764936753,0.09978645618505255,1496.0101967899475,0
0.34250564462532396,70.51731764936753,0.09978645618505255,1496.0101967899475,0
0.3542671651125261,69.58491786989802,0.09820897242800475,1494.7219428248825,0
0.3542671651125261,69.58491786989802,0.09820897242800475,1494.7219428248825,0
0.3542671651125261,69.58491786989802,0.09820897242800475,1494.7219428248825,0
0.3542671651125261,69.58491786989802,0.09820897242800475,1494.7219428248825,0
0.3542671651125261,69.58491786989802,0.09820897242800475,1494.7219428248825,0
0.3542671651125261,69.58491786989802,0.09820897242800475,1494.7219428248825,0
0.33548150795381937,68.68062491277995,0.08431470860583593,1499.659431447858,0
0.33548150795381937,68.68062491277995,0.08431470860583593,1499.659431447858,0
0.33548150795381937,68.68062491277995,0.08431470860583593,1499.659431447858,0
0.36143019932183107,69.77803755505136,0.12941902735248176,1497.956683254354,0
0.36143019932183107,69.77803755505136,0.12941902735248176,1497.956683254354,0
0.36143019932183107,69.77803755505136,0.12941902735248176,1497.956683254354,0
0.35533031355935235,69.0018312407002,0.09455536464684625,1497.4907660564018,0
0.35533031355935235,69.0018312407002,0.09455536464684625,1497.4907660564018,0
0.34842662401899693,68.42988552468239,0.09050027212627607,1501.3165140889207,0
0.34842662401899693,68.42988552468239,0.09050027212627607,1501.3165140889207,0
0.3641176790410937,70.31025757865183,0.14261586516447594,1498.019617607823,0
0.3641176790410937,70.31025757865183,0.14261586516447594,1498.019617607823,0
0.3641176790410937,70.31025757865183,0.14261586516447594,1498.019617607823,0
0.3641176790410937,70.31025757865183,0.14261586516447594,1498.019617607823,0
0.3641176790410937,70.31025757865183,0.14261586516447594,1498.019617607823,0
0.35857944546139014,70.80307643729465,0.1274726341841481,1494.5355572102133,0
0.35857944546139014,70.80307643729465,0.1274726341841481,1494.5355572102133,0
0.3656613167718019,70.21284033539482,0.12860641499941403,1495.637690329611,0
0.3656613167718019,70.21284033539482,0.12860641499941403,1495.637690329611,0
0.3656613167718019,70.21284033539482,0.12860641499941403,1495.637690329611,0
0.3656613167718019,70.21284033539482,0.12860641499941403,1495.637690329611,0
0.3656613167718019,70.21284033539482,0.12860641499941403,1495.637690329611,0
0.3656613167718019,70.21284033539482,0.12860641499941403,1495.637690329611,0
0.365812406685884,71.03197893166545,0.14018219886977223,1495.6790014333315,0
0.365812406685884,71.03197893166545,0.14018219886977223,1495.6790014333315,0
0.365812406685884,71.03197893166545,0.14018219886977223,1495.6790014333315,0
0.365812406685884,71.03197893166545,0.14018219886977223,1495.6790014333315,0
0.365812406685884,71.03197893166545,0.14018219886977223,1495.6790014333315,0
0.365812406685884,71.03197893166545,0.14018219886977223,1495.6790014333315,0
0.365812406685884,71.03197893166545,0.14018219886977223,1495.6790014333315,0
0.365812406685884,71.03197893166545,0.14018219886977223,1495.6790014333315,0
0.3487893693444653,69.53447598641444,0.1067895921493571,1495.5591999393507,0
0.3487893693444653,69.53447598641444,0.1067895921493571,1495.5591999393507,0
0.34925275169961634,70.80183065765186,0.12160402414920062,1495.5142046322305,0
0.34925275169961634,70.80183065765186,0.12160402414920062,1495.5142046322305,0
0.3383200891225709,70.95755855499542,0.11294210241439913,1499.536063301608,0
0.3448700414267772,71.2663993862172,0.12064141978573512,1498.6297921661287,0
0.34790175937601153,70.74829373662209,0.13509916222846685,1498.9411857648836,0
0.3554530248908703,70.69723818954793,0.13724483500903564,1496.6577095391997,0
0.3554530248908703,70.69723818954793,0.13724483500903564,1496.6577095391997,0
0.3554530248908703,70.69723818954793,0.13724483500903564,1496.6577095391997,0
0.3554530248908703,70.69723818954793,0.13724483500903564,1496.6577095391997,0
0.355581012633077,70.47159616866172,0.12035351335013489,1494.0628798224861,0
0.355581012633077,70.47159616866172,0.12035351335013489,1494.0628798224861,0
0.355581012633077,70.47159616866172,0.12035351335013489,1494.0628798224861,0
0.3538100106524203,70.55418737259565,0.11587929617016836,1494.042093406109,0
0.3598281826681617,70.88278612314049,0.1285578490685642,1494.6658663468784,0
0.3620805171658011,71.88104862744504,0.1413519122286599,1498.9174886981139,0
0.3709205451091275,71.30558332798999,0.15425586178160966,1497.6886175197137,0
0.3709205451091275,71.30558332798999,0.15425586178160966,1497.6886175197137,0
0.3711241311466244,71.7912275557437,0.17906416655062413,1504.089934456684,0
0.36397773377569986,70.80519247591312,0.13467560464554212,1495.054387768581,0
0.36397773377569986,70.80519247591312,0.13467560464554212,1495.054387768581,0
0.36397773377569986,70.80519247591312,0.13467560464554212,1495.054387768581,0
0.3655917275506219,69.931447231711,0.14672790163907892,1502.237014888914,0
0.3655917275506219,69.931447231711,0.14672790163907892,1502.237014888914,0
0.3576574886686145,68.80403897973787,0.11165604933306325,1502.4405529678831,0
0.3443910036482574,68.57307379585554,0.09006112658085424,1499.964438265378,0
0.3443910036482574,68.57307379585554,0.09006112658085424,1499.964438265378,0
0.3443910036482574,68.57307379585554,0.09006112658085424,1499.964438265378,0
0.3443910036482574,68.57307379585554,0.09006112658085424,1499.964438265378,0
0.3544401892829416,69.50422366654047,0.10910939359073822,1495.6746459161154,0
0.3383021789575876,69.56408874114393,0.09739517626648003,1496.4897491823326,0
0.3383021789575876,69.56408874114393,0.09739517626648003,1496.4897491823326,0
0.3383021789575876,69.56408874114393,0.09739517626648003,1496.4897491823326,0
0.3383021789575876,69.56408874114393,0.09739517626648003,1496.4897491823326,0
0.3383021789575876,69.56408874114393,0.09739517626648003,1496.4897491823326,0
0.3383021789575876,69.56408874114393,0.09739517626648003,1496.4897491823326,0
0.3549074736634731,69.65989382792846,0.10228862973052727,1494.550987158746,0
0.3599502742517869,70.56810151457951,0.11799467866783854,1494.1864596593246,0
0.3599502742517869,70.56810151457951,0.11799467866783854,1494.1864596593246,0
0.3599502742517869,70.56810151457951,0.11799467866783854,1494.1864596593246,0
0.3599502742517869,70.56810151457951,0.11799467866783854,1494.1864596593246,0
0.3599502742517869,70.56810151457951,0.11799467866783854,1494.1864596593246,0
0.3599502742517869,70.56810151457951,0.11799467866783854,1494.1864596593246,0
0.34914149869974287,70.58182531700244,0.1064292480016553,1494.7410384369339,0
0.34914149869974287,70.58182531700244,0.1064292480016553,1494.7410384369339,0
0.3539311409877486,70.11074643020001,0.1017217959563728,1494.0820022130406,0
0.3539311409877486,70.11074643020001,0.1017217959563728,1494.0820022130406,0
0.36820456163627197,70.20134388754647,0.13380375473462752,1496.70846818704,0
0.3680685210422753,71.10772814019933,0.15014168235596193,1497.0339354421628,0
0.3604891330905408,70.90177471186999,0.13267620811056813,1494.9327456622873,0
0.3604891330905408,70.90177471186999,0.13267620811056813,1494.9327456622873,0
0.3604891330905408,70.90177471186999,0.13267620811056813,1494.9327456622873,0
0.3633166051409989,70.18491801254127,0.14725952787256263,1500.6163119168627,0
0.3900280735385243,70.88998980513162,0.1706157112596024,1505.3962788033903,0
0.3900280735385243,70.88998980513162,0.1706157112596024,1505.3962788033903,0
0.3900280735385243,70.88998980513162,0.1706157112596024,1505.3962788033903,0
0.3900280735385243,70.88998980513162,0.1706157112596024,1505.3962788033903,0
0.39089112045162194,71.29505196183254,0.18814027387040602,1507.9271766144548,0
0.39089112045162194,71.29505196183254,0.18814027387040602,1507.9271766144548,0
0.38245857021940016,71.52812728045947,0.18898918330918776,1506.5867535654947,0
0.386825901804324,71.75665359248933,0.18488937667989974,1504.9471548108893,0
0.386825901804324,71.75665359248933,0.18488937667989974,1504.9471548108893,0
0.3909958886798471,72.08573953363447,0.18091176747166018,1505.746325059066,0
0.38525504974604763,71.1768955907947,0.1552300684929455,1501.2553351012427,0
0.37646226495216595,71.61133306959383,0.15523892244247492,1498.9369029449151,0
0.37646226495216595,71.61133306959383,0.15523892244247492,1498.9369029449151,0
0.37646226495216595,71.61133306959383,0.15523892244247492,1498.9369029449151,0
0.37646226495216595,71.61133306959383,0.15523892244247492,1498.9369029449151,0
0.37646226495216595,71.61133306959383,0.15523892244247492,1498.9369029449151,0
0.37646226495216595,71.61133306959383,0.15523892244247492,1498.9369029449151,0
0.3591110143750264,71.29565364407483,0.13327668220520963,1495.9763810940453,0
0.3591110143750264,71.29565364407483,0.13327668220520963,1495.9763810940453,0
0.3591110143750264,71.29565364407483,0.13327668220520963,1495.9763810940453,0
0.3591110143750264,71.29565364407483,0.13327668220520963,1495.9763810940453,0
0.3591110143750264,71.29565364407483,0.13327668220520963,1495.9763810940453,0
0.3591110143750264,71.29565364407483,0.13327668220520963,1495.9763810940453,0
0.3591110143750264,71.29565364407483,0.13327668220520963,1495.9763810940453,0
0.3591110143750264,71.29565364407483,0.13327668220520963,1495.9763810940453,0
0.3591110143750264,71.29565364407483,0.13327668220520963,1495.9763810940453,0
0.3511290125708985,70.25654477029195,0.12353131300826302,1495.5546017686204,0
0.34732745816168326,68.84403865562095,0.10360118901070145,1500.3327498591457,0
0.34732745816168326,68.84403865562095,0.10360118901070145,1500.3327498591457,0
0.34732745816168326,68.84403865562095,0.10360118901070145,1500.3327498591457,0
0.34732745816168326,68.84403865562095,0.10360118901070145,1500.3327498591457,0
0.3618097535394681,69.53438379208266,0.11586790332821775,1496.9340684601946,0
0.3494766830258624,70.00993606874312,0.10661642429397451,1493.993946458855,0
0.3494766830258624,70.00993606874312,0.10661642429397451,1493.993946458855,0
0.34677026552388673,70.78225979637077,0.10365942743275754,1496.1965185806098,0
0.34677026552388673,70.78225979637077,0.10365942743275754,1496.1965185806098,0
0.34677026552388673,70.78225979637077,0.10365942743275754,1496.1965185806098,0
0.34677026552388673,70.78225979637077,0.10365942743275754,1496.1965185806098,0
0.34677026552388673,70.78225979637077,0.10365942743275754,1496.1965185806098,0
0.3433364228199268,70.41956005135361,0.1088064633279325,1495.4822463852925,0
0.3433364228199268,70.41956005135361,0.1088064633279325,1495.4822463852925,0
0.3433364228199268,70.41956005135361,0.1088064633279325,1495.4822463852925,0
0.3433364228199268,70.41956005135361,0.1088064633279325,1495.4822463852925,0
0.3433364228199268,70.41956005135361,0.1088064633279325,1495.4822463852925,0
0.3433364228199268,70.41956005135361,0.1088064633279325,1495.4822463852925,0
0.3433364228199268,70.41956005135361,0.1088064633279325,1495.4822463852925,0
0.3608509462070065,69.6809739262475,0.09248195188560593,1496.907350651975,0
0.3478816465365218,69.65192251465375,0.08427241618898533,1495.3106898351368,0
0.3478816465365218,69.65192251465375,0.08427241618898533,1495.3106898351368,0
0.3520455785532475,69.31025527135942,0.09974509486936267,1495.6442655604114,0
0.3520455785532475,69.31025527135942,0.09974509486936267,1495.6442655604114,0
0.3520455785532475,69.31025527135942,0.09974509486936267,1495.6442655604114,0
0.36013610998093026,69.53581279352746,0.09590321887081896,1496.3092223096203,0
0.36013610998093026,69.53581279352746,0.09590321887081896,1496.3092223096203,0
0.36013610998093026,69.53581279352746,0.09590321887081896,1496.3092223096203,0
0.36013610998093026,69.53581279352746,0.09590321887081896,1496.3092223096203,0
0.36013610998093026,69.53581279352746,0.09590321887081896,1496.3092223096203,0
0.3674562844081524,69.95463397134715,0.1259484850647615,1496.7278078964596,0
0.3674562844081524,69.95463397134715,0.1259484850647615,1496.7278078964596,0
0.3674562844081524,69.95463397134715,0.1259484850647615,1496.7278078964596,0
0.36384666643813635,69.7609493048327,0.12248566085353609,1496.733628508111,0
0.36793157610514093,70.62516609710514,0.14549955417849372,1497.1274004603972,0
0.3521791311221836,69.2450807460832,0.10958185987744176,1497.629529658778,0
0.3521791311221836,69.2450807460832,0.10958185987744176,1497.629529658778,0
0.3521791311221836,69.2450807460832,0.10958185987744176,1497.629529658778,0
0.3522895078326706,70.13417985561412,0.11994201805557769,1494.9220413104842,0
0.3522895078326706,70.13417985561412,0.11994201805557769,1494.9220413104842,0
0.35296216743357944,69.65021023443776,0.09689096771453498,1494.4800504267648,0
0.35296216743357944,69.65021023443776,0.09689096771453498,1494.4800504267648,0
0.3587193134052383,71.20855635172488,0.13792200632553198,1496.1013573503235,0
0.3613487026266457,70.86812469714975,0.09448671818067332,1501.5986557463307,0
0.3613487026266457,70.86812469714975,0.09448671818067332,1501.5986557463307,0
0.36247619473204173,69.95557058962034,0.09023395387674867,1498.4526707552484,0
0.35796655181227177,69.84148378764421,0.07103561855574106,1503.3440985992966,0
0.35796655181227177,69.84148378764421,0.07103561855574106,1503.3440985992966,0
0.35796655181227177,69.84148378764421,0.07103561855574106,1503.3440985992966,0
0.344242500106995,69.45405876535364,0.07887703436161128,1495.8018510799009,0
0.3370739261033187,68.96557299996674,0.07383789959157516,1497.0809247400157,0
0.3492470411797507,70.01914581525061,0.09859072317876919,1494.0423057200535,0
0.34438076752074026,70.56167395582922,0.10148977938060558,1495.688244613292,0
0.34438076752074026,70.56167395582922,0.10148977938060558,1495.688244613292,0
0.34438076752074026,70.56167395582922,0.10148977938060558,1495.688244613292,0
0.34438076752074026,70.56167395582922,0.10148977938060558,1495.688244613292,0
0.34438076752074026,70.56167395582922,0.10148977938060558,1495.688244613292,0
0.34438076752074026,70.56167395582922,0.10148977938060558,1495.688244613292,0
0.3450226622227217,70.5592628712136,0.09673033323537032,1496.1723982233166,0
0.3450226622227217,70.5592628712136,0.09673033323537032,1496.1723982233166,0
0.3450226622227217,70.5592628712136,0.09673033323537032,1496.1723982233166,0
0.35217436637519317,71.10018958754839,0.11174362469767464,1496.5900918470093,0
0.35217436637519317,71.10018958754839,0.11174362469767464,1496.5900918470093,0
0.3520055154137055,70.14353948878814,0.08632550840800754,1496.8399580434934,0
0.3551819140518035,70.50492340051325,0.09406850272176219,1497.1341354434908,0
0.3551819140518035,70.50492340051325,0.09406850272176219,1497.1341354434908,0
0.3659712528459332,70.67025911850116,0.10525923994155915,1498.2730413306635,0
0.3659712528459332,70.67025911850116,0.10525923994155915,1498.2730413306635,0
0.3676762503465968,70.1507602406907,0.09240524174275866,1501.0124381531025,0
0.36841240391407537,71.59195381116068,0.14059984839522566,1497.5491500330709,0
0.38176781235972646,72.08278096852125,0.16568160453747058,1502.201926720076,0
0.38176781235972646,72.08278096852125,0.16568160453747058,1502.201926720076,0
0.38176781235972646,72.08278096852125,0.16568160453747058,1502.201926720076,0
0.3764357270887597,72.23858756256064,0.1499542103141451,1502.8738076997224,0
0.3764357270887597,72.23858756256064,0.1499542103141451,1502.8738076997224,0
0.3764357270887597,72.23858756256064,0.1499542103141451,1502.8738076997224,0
0.3764357270887597,72.23858756256064,0.1499542103141451,1502.8738076997224,0
0.3632920492217715,72.20315120039908,0.1469478285582886,1501.1150961460817,0
0.3632920492217715,72.20315120039908,0.1469478285582886,1501.1150961460817,0
0.34388352909134595,71.53105329561622,0.12733872924878492,1501.0874735499178,0
0.34388352909134595,71.53105329561622,0.12733872924878492,1501.0874735499178,0
0.34388352909134595,71.53105329561622,0.12733872924878492,1501.0874735499178,0
0.34388352909134595,71.53105329561622,0.12733872924878492,1501.0874735499178,0
0.34388352909134595,71.53105329561622,0.12733872924878492,1501.0874735499178,0
0.34388352909134595,71.53105329561622,0.12733872924878492,1501.0874735499178,0
0.34388352909134595,71.53105329561622,0.12733872924878492,1501.0874735499178,0
0.34388352909134595,71.53105329561622,0.12733872924878492,1501.0874735499178,0
0.34388352909134595,71.53105329561622,0.12733872924878492,1501.0874735499178,0
0.33329433105309125,70.81345293197948,0.08968061588778098,1502.1044157901413,0
0.33329433105309125,70.81345293197948,0.08968061588778098,1502.1044157901413,0
0.34975931790019127,70.76205052066464,0.11189690986508934,1495.021962896129,0
0.34975931790019127,70.76205052066464,0.11189690986508934,1495.021962896129,0
0.34975931790019127,70.76205052066464,0.11189690986508934,1495.021962896129,0
0.34975931790019127,70.76205052066464,0.11189690986508934,1495.021962896129,0
0.34975931790019127,70.76205052066464,0.11189690986508934,1495.021962896129,0
0.34975931790019127,70.76205052066464,0.11189690986508934,1495.021962896129,0
0.34975931790019127,70.76205052066464,0.11189690986508934,1495.021962896129,0
0.34975931790019127,70.76205052066464,0.11189690986508934,1495.021962896129,0
0.34975931790019127,70.76205052066464,0.11189690986508934,1495.021962896129,0
0.34975931790019127,70.76205052066464,0.11189690986508934,1495.021962896129,0
0.34975931790019127,70.76205052066464,0.11189690986508934,1495.021962896129,0
0.34975931790019127,70.76205052066464,0.11189690986508934,1495.021962896129,0
0.34131542043203955,69.81627089916256,0.07460660119503182,1497.5831844613215,0
0.34131542043203955,69.81627089916256,0.07460660119503182,1497.5831844613215,0
0.34131542043203955,69.81627089916256,0.07460660119503182,1497.5831844613215,0
0.3539126710305915,69.85607281582843,0.0895433313520746,1495.5468401465332,0
0.35841749647940646,68.69210216307376,0.07664262065396364,1501.3285487717767,0
0.35841749647940646,68.69210216307376,0.07664262065396364,1501.3285487717767,0
0.3556233418220136,70.22847771130398,0.07769319764813823,1501.6733322717573,0
0.3556233418220136,70.22847771130398,0.07769319764813823,1501.6733322717573,0
0.3556233418220136,70.22847771130398,0.07769319764813823,1501.6733322717573,0
0.3607158041078369,71.2787916288681,0.11060922241416382,1499.090311420268,0
0.3607158041078369,71.2787916288681,0.11060922241416382,1499.090311420268,0
0.35300979024851376,71.58229849395407,0.13513777189833737,1498.4711926887737,0
0.3374178149449259,70.58056381322227,0.09610942455693988,1498.045908439136,0
0.3374178149449259,70.58056381322227,0.09610942455693988,1498.045908439136,0
0.3374178149449259,70.58056381322227,0.09610942455693988,1498.045908439136,0
0.3374178149449259,70.58056381322227,0.09610942455693988,1498.045908439136,0
0.3385717188591644,69.90656117880229,0.10015662160636243,1496.1176298255868,0
0.3385717188591644,69.90656117880229,0.10015662160636243,1496.1176298255868,0
0.3385717188591644,69.90656117880229,0.10015662160636243,1496.1176298255868,0
0.3385717188591644,69.90656117880229,0.10015662160636243,1496.1176298255868,0
0.35059841286334403,70.31002679874614,0.11867180964940022,1494.6703848032196,0
0.36552322606789106,70.71775216113882,0.13566940308244466,1495.2696125535965,0
0.36552322606789106,70.71775216113882,0.13566940308244466,1495.2696125535965,0
0.36552322606789106,70.71775216113882,0.13566940308244466,1495.2696125535965,0
0.3588691850423969,71.07985344132453,0.14564151994587984,1497.392944184243,0
0.35005671485392414,70.39470120356395,0.11132019621901368,1494.1052180893412,0
0.35005671485392414,70.39470120356395,0.11132019621901368,1494.1052180893412,0
0.35005671485392414,70.39470120356395,0.11132019621901368,1494.1052180893412,0
0.35005671485392414,70.39470120356395,0.11132019621901368,1494.1052180893412,0
0.349719237236882,70.41199764007463,0.11322761385121392,1494.2490100978728,0
0.349719237236882,70.41199764007463,0.11322761385121392,1494.2490100978728,0
0.349719237236882,70.41199764007463,0.11322761385121392,1494.2490100978728,0
0.349719237236882,70.41199764007463,0.11322761385121392,1494.2490100978728,0
0.35927073289954714,70.96097637856883,0.11722893184030962,1495.3496832800565,0
0.35927073289954714,70.96097637856883,0.11722893184030962,1495.3496832800565,0
0.37610061014928453,71.35748974764824,0.13937563762592942,1498.6308537042135,0
0.37231511700165854,70.92861322002408,0.1306239966572356,1496.8188593719,0
0.37231511700165854,70.92861322002408,0.1306239966572356,1496.8188593719,0
0.37231511700165854,70.92861322002408,0.1306239966572356,1496.8188593719,0
0.3585958585676143,70.99805589493081,0.11660944449974603,1495.5344090191131,0
0.3493426721051735,70.56658242386126,0.1112444320010647,1494.4902778691826,0
0.3493426721051735,70.56658242386126,0.1112444320010647,1494.4902778691826,0
0.3493426721051735,70.56658242386126,0.1112444320010647,1494.4902778691826,0
0.3493426721051735,70.56658242386126,0.1112444320010647,1494.4902778691826,0
0.3434175759829236,70.39873641946164,0.11094649975512143,1495.6242738878968,1
0.3315737624629348,69.81277469220919,0.09512634014579764,1498.7050721287774,1
0.3315737624629348,69.81277469220919,0.09512634014579764,1498.7050721287774,1
0.3315737624629348,69.81277469220919,0.09512634014579764,1498.7050721287774,1
0.32762988484611144,70.55910640647272,0.08777521173664153,1503.079871839326,1
0.3531832398925515,69.31447392174347,0.07578511702943949,1498.0450090071915,1
0.3531832398925515,69.31447392174347,0.07578511702943949,1498.0450090071915,1
0.3572508892907893,69.62439568527391,0.08799482070624236,1496.5553753064944,1
0.3567065001872702,70.33788397410612,0.10159224178210952,1494.9428419202989,1
0.36448840158676626,70.4490110928056,0.11305812056965531,1495.3324257677532,1
0.36448840158676626,70.4490110928056,0.11305812056965531,1495.3324257677532,1
0.36448840158676626,70.4490110928056,0.11305812056965531,1495.3324257677532,1
0.36448840158676626,70.4490110928056,0.11305812056965531,1495.3324257677532,1
0.3680334796858366,70.21712490645865,0.1260900649509534,1495.8609514655204,1
0.3680334796858366,70.21712490645865,0.1260900649509534,1495.8609514655204,1
0.3680334796858366,70.21712490645865,0.1260900649509534,1495.8609514655204,1
0.3680334796858366,70.21712490645865,0.1260900649509534,1495.8609514655204,1
0.3680334796858366,70.21712490645865,0.1260900649509534,1495.8609514655204,1
0.3680334796858366,70.21712490645865,0.1260900649509534,1495.8609514655204,1
0.35779892809456665,69.91674928927601,0.10119856579647338,1494.6565009132275,1
0.3586234020554291,71.49191077881258,0.11884800751798404,1498.4496467255733,1
0.3586234020554291,71.49191077881258,0.11884800751798404,1498.4496467255733,1
0.3586234020554291,71.49191077881258,0.11884800751798404,1498.4496467255733,1
0.34051614045916356,71.14510625212658,0.10840587708961479,1499.6238636628943,1
0.34051614045916356,71.14510625212658,0.10840587708961479,1499.6238636628943,1
0.34051614045916356,71.14510625212658,0.10840587708961479,1499.6238636628943,1
0.34868632536902794,71.6496974694367,0.13344349526218227,1500.2129320179422,1
0.34868632536902794,71.6496974694367,0.13344349526218227,1500.2129320179422,1
0.34868632536902794,71.6496974694367,0.13344349526218227,1500.2129320179422,1
0.3512708679445943,71.86447478885125,0.12477554638120378,1501.166526603454,1
0.3512708679445943,71.86447478885125,0.12477554638120378,1501.166526603454,1
0.3512708679445943,71.86447478885125,0.12477554638120378,1501.166526603454,1
0.3512708679445943,71.86447478885125,0.12477554638120378,1501.166526603454,1
0.3512708679445943,71.86447478885125,0.12477554638120378,1501.166526603454,1
0.3495653461506702,70.92447501472196,0.1153950958452237,1495.5936159096166,1
0.3404448012592746,70.06335386128559,0.11395492141829291,1497.7479502620836,1
0.3404448012592746,70.06335386128559,0.11395492141829291,1497.7479502620836,1
0.3525066874710441,70.27788023382881,0.13547262151871936,1498.5910279869972,1
0.35465058975715563,69.95559188994052,0.13284303242816395,1498.8674521243274,1
0.35465058975715563,69.95559188994052,0.13284303242816395,1498.8674521243274,1
0.35465058975715563,69.95559188994052,0.13284303242816395,1498.8674521243274,1
0.3436062211811172,69.4266673778425,0.09426940373545036,1495.2039381866055,1
0.3436062211811172,69.4266673778425,0.09426940373545036,1495.2039381866055,1
0.3436062211811172,69.4266673778425,0.09426940373545036,1495.2039381866055,1
0.3471682613395608,69.9589032615319,0.09971249797711648,1494.0857653690807,1
0.3471682613395608,69.9589032615319,0.09971249797711648,1494.0857653690807,1
0.3471682613395608,69.9589032615319,0.09971249797711648,1494.0857653690807,1
0.35045257118202494,70.38430796135428,0.10787899776506898,1494.0458280863168,1
0.35045257118202494,70.38430796135428,0.10787899776506898,1494.0458280863168,1
0.35045257118202494,70.38430796135428,0.10787899776506898,1494.0458280863168,1
0.34687499040522973,70.22068187125096,0.11557228484004549,1495.2374704744154,1
0.34687499040522973,70.22068187125096,0.11557228484004549,1495.2374704744154,1
0.35236659286804933,70.29701058088456,0.1180008199991509,1494.2864141603918,1
0.35236659286804933,70.29701058088456,0.1180008199991509,1494.2864141603918,1
0.35236659286804933,70.29701058088456,0.1180008199991509,1494.2864141603918,1
0.35236659286804933,70.29701058088456,0.1180008199991509,1494.2864141603918,1
0.37944991883581863,71.66967547155522,0.14259134120392147,1501.1409082567102,1
0.37944991883581863,71.66967547155522,0.14259134120392147,1501.1409082567102,1
0.37944991883581863,71.66967547155522,0.14259134120392147,1501.1409082567102,1
0.37944991883581863,71.66967547155522,0.14259134120392147,1501.1409082567102,1
0.3608047544290081,70.21448810491559,0.08895487633039825,1499.0934334282956,1
0.37244406638781735,70.38380954835635,0.11733573485574195,1497.6928863400371,1
0.368248030799493,69.91890751259297,0.1089493165553478,1497.1277630193738,1
0.368248030799493,69.91890751259297,0.1089493165553478,1497.1277630193738,1
0.368248030799493,69.91890751259297,0.1089493165553478,1497.1277630193738,1
0.368248030799493,69.91890751259297,0.1089493165553478,1497.1277630193738,1
0.368248030799493,69.91890751259297,0.1089493165553478,1497.1277630193738,1
0.3379376345778104,68.90896239467052,0.07407144222385463,1497.1290441037877,1
0.3379376345778104,68.90896239467052,0.07407144222385463,1497.1290441037877,1
0.3379376345778104,68.90896239467052,0.07407144222385463,1497.1290441037877,1
0.35101823872893445,69.01700337836604,0.09801350690429064,1497.2752736910431,1
0.353693310255562,69.88716529973877,0.12177267000888116,1496.0822807591285,1
0.353693310255562,69.88716529973877,0.12177267000888116,1496.0822807591285,1
0.3575103453653144,70.23211437861677,0.10577770207782468,1494.2821891647575,1
0.35074989545172724,69.67493935411586,0.08832311098876869,1495.019160608746,1
0.3482731443496562,69.85771708471422,0.0916120733402646,1494.5027106197301,1
0.3482731443496562,69.85771708471422,0.0916120733402646,1494.5027106197301,1
0.3482731443496562,69.85771708471422,0.0916120733402646,1494.5027106197301,1
0.3482731443496562,69.85771708471422,0.0916120733402646,1494.5027106197301,1
0.3482731443496562,69.85771708471422,0.0916120733402646,1494.5027106197301,1
0.3482731443496562,69.85771708471422,0.0916120733402646,1494.5027106197301,1
0.3482731443496562,69.85771708471422,0.0916120733402646,1494.5027106197301,1
0.35751558625916946,70.06678172156808,0.11480221802694807,1494.1436798993836,1
0.35751558625916946,70.06678172156808,0.11480221802694807,1494.1436798993836,1
0.3633532025019245,70.6260174586643,0.13237662783338588,1494.9141734190139,1
0.3633532025019245,70.6260174586643,0.13237662783338588,1494.9141734190139,1
0.3568521963890989,70.2007020834586,0.11868984074523853,1494.15142466007,1
0.35924142544754856,70.84691394380589,0.13869289423171963,1495.915553220728,1
0.35924142544754856,70.84691394380589,0.13869289423171963,1495.915553220728,1
0.3581526477912993,70.01306462657936,0.1194870509142608,1494.738918949456,1
0.3581526477912993,70.01306462657936,0.1194870509142608,1494.738918949456,1
0.3581526477912993,70.01306462657936,0.1194870509142608,1494.738918949456,1
0.3615878771956716,70.30790894435744,0.11930238462052722,1494.3048410451697,1
0.3615878771956716,70.30790894435744,0.11930238462052722,1494.3048410451697,1
0.3506161855880978,71.21370966853286,0.12072693931335692,1496.6838707419345,1
0.3486063209775612,71.01028202286443,0.11020713331064388,1496.5223166740452,1
0.3486063209775612,71.01028202286443,0.11020713331064388,1496.5223166740452,1
0.35336064029041675,70.24997638685792,0.1124282435893455,1493.8069914475952,1
0.35336064029041675,70.24997638685792,0.1124282435893455,1493.8069914475952,1
0.34118781321566943,69.68301828043147,0.0895836527558315,1495.0217470814555,1
0.34118781321566943,69.68301828043147,0.0895836527558315,1495.0217470814555,1
0.34118781321566943,69.68301828043147,0.0895836527558315,1495.0217470814555,1
0.34118781321566943,69.68301828043147,0.0895836527558315,1495.0217470814555,1
0.34118781321566943,69.68301828043147,0.0895836527558315,1495.0217470814555,1
0.34118781321566943,69.68301828043147,0.0895836527558315,1495.0217470814555,1
0.34118781321566943,69.68301828043147,0.0895836527558315,1495.0217470814555,1
0.34225201386775095,69.60829173342822,0.08530192617744302,1495.1126653533977,1
0.34225201386775095,69.60829173342822,0.08530192617744302,1495.1126653533977,1
0.3690591528127053,71.58965884403116,0.1520315193055235,1497.805344234088,1
0.3690591528127053,71.58965884403116,0.1520315193055235,1497.805344234088,1
0.3690591528127053,71.58965884403116,0.1520315193055235,1497.805344234088,1
0.3690591528127053,71.58965884403116,0.1520315193055235,1497.805344234088,1
0.3690591528127053,71.58965884403116,0.1520315193055235,1497.805344234088,1
0.37019387188464015,71.30570553143974,0.160533408886822,1498.9545358680955,1
0.37019387188464015,71.30570553143974,0.160533408886822,1498.9545358680955,1
0.3809551095944514,70.53011153534104,0.1476022719713243,1500.3111062344676,1
0.37479481210657956,71.42473252502762,0.155250571018273,1498.2503783777552,1
0.3679940278862664,70.63229716348138,0.11802421964088132,1496.137756663689,1
0.3601741771070632,70.82504112865645,0.13513909629337076,1495.2059123642582,1
0.3582801616523574,70.1042610857943,0.10230519303740615,1494.6935460500786,1
0.3582801616523574,70.1042610857943,0.10230519303740615,1494.6935460500786,1
0.3582801616523574,70.1042610857943,0.10230519303740615,1494.6935460500786,1
0.3582801616523574,70.1042610857943,0.10230519303740615,1494.6935460500786,1
0.3582801616523574,70.1042610857943,0.10230519303740615,1494.6935460500786,1
0.3582801616523574,70.1042610857943,0.10230519303740615,1494.6935460500786,1
0.3582801616523574,70.1042610857943,0.10230519303740615,1494.6935460500786,1
0.35463108529635645,70.35442729035515,0.1107587085657397,1493.8263435292365,1
0.35584956651542077,70.17648893157472,0.10830525698837862,1493.8653465339517,1
0.35584956651542077,70.17648893157472,0.10830525698837862,1493.8653465339517,1
0.35584956651542077,70.17648893157472,0.10830525698837862,1493.8653465339517,1
0.35584956651542077,70.17648893157472,0.10830525698837862,1493.8653465339517,1
0.35584956651542077,70.17648893157472,0.10830525698837862,1493.8653465339517,1
0.3496744137030351,69.72003953827051,0.11407183155920476,1495.9033069232032,1
0.3496744137030351,69.72003953827051,0.11407183155920476,1495.9033069232032,1
0.3369509989368078,69.25439467956478,0.08437877334136877,1496.3925594387213,1
0.3474368471410103,70.3555953581739,0.08767180544623888,1496.958922246698,1
0.3474368471410103,70.3555953581739,0.08767180544623888,1496.958922246698,1
0.35515222321431933,70.54622722208971,0.09280339476904918,1497.7737548217176,1
0.3426225954040068,69.57561055526406,0.06661889240017548,1499.1384972435458,1
0.3426225954040068,69.57561055526406,0.06661889240017548,1499.1384972435458,1
0.3426225954040068,69.57561055526406,0.06661889240017548,1499.1384972435458,1
0.34269117916252545,70.56194012360777,0.08685965016573174,1498.584302277563,1
0.34269117916252545,70.56194012360777,0.08685965016573174,1498.584302277563,1
0.34269117916252545,70.56194012360777,0.08685965016573174,1498.584302277563,1
0.34269117916252545,70.56194012360777,0.08685965016573174,1498.584302277563,1
0.34269117916252545,70.56194012360777,0.08685965016573174,1498.584302277563,1
0.33468942007822355,69.27036682378422,0.07257660350476128,1497.2208817364763,1
0.3446302842039843,69.61578439246465,0.06827593463883046,1499.0007886296648,1
0.3446302842039843,69.61578439246465,0.06827593463883046,1499.0007886296648,1
0.36325223244704336,70.81057207983108,0.12270196114489107,1494.8541919480826,1
0.36325223244704336,70.81057207983108,0.12270196114489107,1494.8541919480826,1
0.35522966469716255,70.86757649026198,0.11756205268209102,1494.7460964550603,1
0.35522966469716255,70.86757649026198,0.11756205268209102,1494.7460964550603,1
0.3614501467262137,70.65479814636987,0.12442937963762164,1494.3394910077138,1
0.3544430226871402,70.54586999162673,0.11067591656295733,1494.1647237346324,1
0.35186868106606484,70.38032643309973,0.11496538948257473,1494.0392838425596,1
0.35186868106606484,70.38032643309973,0.11496538948257473,1494.0392838425596,1
0.35186868106606484,70.38032643309973,0.11496538948257473,1494.0392838425596,1
0.360129403423324,70.16533296875022,0.11929494782107623,1494.3720962721966,1
0.360129403423324,70.16533296875022,0.11929494782107623,1494.3720962721966,1
0.34700081723131215,70.216910502412,0.11671476666647565,1495.4116140208794,1
0.34937142693847173,70.08641382217864,0.1317434332726782,1499.5287190327283,1
0.34937142693847173,70.08641382217864,0.1317434332726782,1499.5287190327283,1
0.34937142693847173,70.08641382217864,0.1317434332726782,1499.5287190327283,1
0.34937142693847173,70.08641382217864,0.1317434332726782,1499.5287190327283,1
0.34937142693847173,70.08641382217864,0.1317434332726782,1499.5287190327283,1
0.34937142693847173,70.08641382217864,0.1317434332726782,1499.5287190327283,1
0.34937142693847173,70.08641382217864,0.1317434332726782,1499.5287190327283,1
0.34937142693847173,70.08641382217864,0.1317434332726782,1499.5287190327283,1
0.34937142693847173,70.08641382217864,0.1317434332726782,1499.5287190327283,1
0.3420144051997344,69.69339231051633,0.09394969133183093,1494.8847715973195,1
0.3440703515809525,69.78396363830029,0.12594141126820707,1501.750658334716,1
0.3440703515809525,69.78396363830029,0.12594141126820707,1501.750658334716,1
0.3440703515809525,69.78396363830029,0.12594141126820707,1501.750658334716,1
0.3349510244072292,69.41951466652863,0.10415931408781987,1500.4218516115473,1
0.3553873373330407,69.42018514007461,0.11648016972121841,1497.655301704491,1
0.37073547712125016,70.37680355046015,0.1440118320445871,1498.0233229310898,1
0.37073547712125016,70.37680355046015,0.1440118320445871,1498.0233229310898,1
0.3614224992414564,69.71064531581064,0.09015859535517759,1497.641468480199,1
0.35539184009981156,69.36745669343475,0.07695722394369861,1498.5083939908477,1
0.35539184009981156,69.36745669343475,0.07695722394369861,1498.5083939908477,1
0.35539184009981156,69.36745669343475,0.07695722394369861,1498.5083939908477,1
0.33654399888411457,68.9701274827181,0.08962625975935758,1498.4263176758668,1
0.35320821972713085,70.62542443320002,0.1207982042398677,1494.3915370699515,1
0.35320821972713085,70.62542443320002,0.1207982042398677,1494.3915370699515,1
0.35383170901288274,70.37016995472449,0.123657963314582,1494.7421893872327,1
0.35383170901288274,70.37016995472449,0.123657963314582,1494.7421893872327,1
0.3446432968718242,70.91027099928809,0.11945689384490606,1497.0885548746955,1
0.3446432968718242,70.91027099928809,0.11945689384490606,1497.0885548746955,1
0.35360318572390315,70.59242596393864,0.12303720522031343,1494.5191193566993,1
0.35360318572390315,70.59242596393864,0.12303720522031343,1494.5191193566993,1
0.36758574319420106,70.92798688927918,0.1396590459608611,1495.710221235852,1
0.3638394236626694,71.33618285604611,0.13431716296893764,1496.1247823123456,1
0.338978969205709,70.57879033474909,0.10781670530246816,1497.391051589579,1
0.33712538356321686,68.95004246560083,0.07097414974867033,1497.2993501297415,1
0.33712538356321686,68.95004246560083,0.07097414974867033,1497.2993501297415,1
0.34458913317195994,68.99604267636988,0.09348289371263878,1497.1226894121671,1
0.34458913317195994,68.99604267636988,0.09348289371263878,1497.1226894121671,1
0.34458913317195994,68.99604267636988,0.09348289371263878,1497.1226894121671,1
0.3398516555091792,68.90550730622853,0.0822096036289154,1497.025797628661,1
0.35971211708724005,70.14969546419927,0.11642075845392644,1494.223056576957,1
0.3638073389329944,70.71677192108265,0.12233102809574628,1494.771446441354,1
0.3638073389329944,70.71677192108265,0.12233102809574628,1494.771446441354,1
0.3638073389329944,70.71677192108265,0.12233102809574628,1494.771446441354,1
0.3638073389329944,70.71677192108265,0.12233102809574628,1494.771446441354,1
0.3638073389329944,70.71677192108265,0.12233102809574628,1494.771446441354,1
0.3437335501971057,69.2754490069292,0.06867445301364873,1497.7660163333271,1
0.3477377407590657,69.34687352031803,0.09472663921807853,1495.1372295542983,1
0.3477377407590657,69.34687352031803,0.09472663921807853,1495.1372295542983,1
0.3477377407590657,69.34687352031803,0.09472663921807853,1495.1372295542983,1
0.3477377407590657,69.34687352031803,0.09472663921807853,1495.1372295542983,1
0.3695318605501047,69.62772696454637,0.1149129995211308,1498.3159075082913,1
0.3695318605501047,69.62772696454637,0.1149129995211308,1498.3159075082913,1
0.3695318605501047,69.62772696454637,0.1149129995211308,1498.3159075082913,1
0.3561426863625374,70.28737430553623,0.13228533967593928,1496.4248049064117,1
0.3561426863625374,70.28737430553623,0.13228533967593928,1496.4248049064117,1
0.3626460741737047,70.78863139991057,0.13630677166859337,1495.2329417367066,1
0.3626460741737047,70.78863139991057,0.13630677166859337,1495.2329417367066,1
0.3626460741737047,70.78863139991057,0.13630677166859337,1495.2329417367066,1
0.3626460741737047,70.78863139991057,0.13630677166859337,1495.2329417367066,1
0.3626460741737047,70.78863139991057,0.13630677166859337,1495.2329417367066,1
0.3626460741737047,70.78863139991057,0.13630677166859337,1495.2329417367066,1
0.3626460741737047,70.78863139991057,0.13630677166859337,1495.2329417367066,1
0.3559393919364894,70.05695774297419,0.11087618912915995,1493.9269029842217,1
0.3559393919364894,70.05695774297419,0.11087618912915995,1493.9269029842217,1
0.3559393919364894,70.05695774297419,0.11087618912915995,1493.9269029842217,1
0.3559393919364894,70.05695774297419,0.11087618912915995,1493.9269029842217,1
0.3559393919364894,70.05695774297419,0.11087618912915995,1493.9269029842217,1
0.3559393919364894,70.05695774297419,0.11087618912915995,1493.9269029842217,1
0.3559393919364894,70.05695774297419,0.11087618912915995,1493.9269029842217,1
0.3521460174877272,70.21968415497231,0.1085427321385227,1493.7834423764946,1
0.3521460174877272,70.21968415497231,0.1085427321385227,1493.7834423764946,1
0.3521460174877272,70.21968415497231,0.1085427321385227,1493.7834423764946,1
0.3521460174877272,70.21968415497231,0.1085427321385227,1493.7834423764946,1
0.3521460174877272,70.21968415497231,0.1085427321385227,1493.7834423764946,1
0.3521460174877272,70.21968415497231,0.1085427321385227,1493.7834423764946,1
0.3521460174877272,70.21968415497231,0.1085427321385227,1493.7834423764946,1
0.3521460174877272,70.21968415497231,0.1085427321385227,1493.7834423764946,1
0.358919915245269,69.88652058787174,0.09866375769114225,1495.2297043203878,1
0.358919915245269,69.88652058787174,0.09866375769114225,1495.2297043203878,1
0.358919915245269,69.88652058787174,0.09866375769114225,1495.2297043203878,1
0.358919915245269,69.88652058787174,0.09866375769114225,1495.2297043203878,1
0.358919915245269,69.88652058787174,0.09866375769114225,1495.2297043203878,1
0.358919915245269,69.88652058787174,0.09866375769114225,1495.2297043203878,1
0.358919915245269,69.88652058787174,0.09866375769114225,1495.2297043203878,1
0.358919915245269,69.88652058787174,0.09866375769114225,1495.2297043203878,1
0.358919915245269,69.88652058787174,0.09866375769114225,1495.2297043203878,1
0.358919915245269,69.88652058787174,0.09866375769114225,1495.2297043203878,1
0.358919915245269,69.88652058787174,0.09866375769114225,1495.2297043203878,1
0.358919915245269,69.88652058787174,0.09866375769114225,1495.2297043203878,1
0.358919915245269,69.88652058787174,0.09866375769114225,1495.2297043203878,1
0.358919915245269,69.88652058787174,0.09866375769114225,1495.2297043203878,1
0.35579783750855737,69.52538936001565,0.08453073050926424,1496.8147603580755,1
0.35579783750855737,69.52538936001565,0.08453073050926424,1496.8147603580755,1
0.35579783750855737,69.52538936001565,0.08453073050926424,1496.8147603580755,1
0.35579783750855737,69.52538936001565,0.08453073050926424,1496.8147603580755,1
0.35579783750855737,69.52538936001565,0.08453073050926424,1496.8147603580755,1
0.35579783750855737,69.52538936001565,0.08453073050926424,1496.8147603580755,1
0.36132217926946586,69.42077878819084,0.09628762200772525,1496.9704213352222,1
0.36132217926946586,69.42077878819084,0.09628762200772525,1496.9704213352222,1
0.3665203911258614,70.63639620007999,0.12200715927985106,1495.2607274418397,1
0.342424554891101,69.53359133084501,0.10276145417746758,1496.2193680260239,1
0.342424554891101,69.53359133084501,0.10276145417746758,1496.2193680260239,1
0.342424554891101,69.53359133084501,0.10276145417746758,1496.2193680260239,1
0.342424554891101,69.53359133084501,0.10276145417746758,1496.2193680260239,1
0.342424554891101,69.53359133084501,0.10276145417746758,1496.2193680260239,1
0.342424554891101,69.53359133084501,0.10276145417746758,1496.2193680260239,1
0.342424554891101,69.53359133084501,0.10276145417746758,1496.2193680260239,1
0.342424554891101,69.53359133084501,0.10276145417746758,1496.2193680260239,1
0.342424554891101,69.53359133084501,0.10276145417746758,1496.2193680260239,1
0.3516761837269446,70.90115103313676,0.11841533856814235,1495.132175675575,1
0.3516761837269446,70.90115103313676,0.11841533856814235,1495.132175675575,1
0.3637626686307182,70.58726229221614,0.14522730109469711,1497.4556401653506,1
0.3599625636471466,70.12564909491307,0.12091652611423329,1494.5915684999152,1
0.3599625636471466,70.12564909491307,0.12091652611423329,1494.5915684999152,1
0.3599625636471466,70.12564909491307,0.12091652611423329,1494.5915684999152,1
0.36577855752208455,70.25341304374722,0.1316568573511758,1495.8882172206102,1
0.36577855752208455,70.25341304374722,0.1316568573511758,1495.8882172206102,1
0.3569612014042706,69.93694288877748,0.10732925087604933,1494.1622204189596,1
0.3569612014042706,69.93694288877748,0.10732925087604933,1494.1622204189596,1
0.34825834172389974,69.45915929756497,0.08392582859118843,1495.3508159624118,1
0.34337097990514126,69.66743010256131,0.08589387041105447,1495.009496080903,1
0.34201523513316234,70.19729128611917,0.10000344409588259,1495.1581656015835,1
0.34201523513316234,70.19729128611917,0.10000344409588259,1495.1581656015835,1
0.34201523513316234,70.19729128611917,0.10000344409588259,1495.1581656015835,1
0.34201523513316234,70.19729128611917,0.10000344409588259,1495.1581656015835,1
0.34201523513316234,70.19729128611917,0.10000344409588259,1495.1581656015835,1
0.34201523513316234,70.19729128611917,0.10000344409588259,1495.1581656015835,1
0.34201523513316234,70.19729128611917,0.10000344409588259,1495.1581656015835,1
0.34201523513316234,70.19729128611917,0.10000344409588259,1495.1581656015835,1
0.34201523513316234,70.19729128611917,0.10000344409588259,1495.1581656015835,1
0.34201523513316234,70.19729128611917,0.10000344409588259,1495.1581656015835,1
0.34201523513316234,70.19729128611917,0.10000344409588259,1495.1581656015835,1
0.34201523513316234,70.19729128611917,0.10000344409588259,1495.1581656015835,1
0.34201523513316234,70.19729128611917,0.10000344409588259,1495.1581656015835,1
0.34201523513316234,70.19729128611917,0.10000344409588259,1495.1581656015835,1
0.34201523513316234,70.19729128611917,0.10000344409588259,1495.1581656015835,1
0.34201523513316234,70.19729128611917,0.10000344409588259,1495.1581656015835,1
0.34201523513316234,70.19729128611917,0.10000344409588259,1495.1581656015835,1
0.34201523513316234,70.19729128611917,0.10000344409588259,1495.1581656015835,1
0.34201523513316234,70.19729128611917,0.10000344409588259,1495.1581656015835,1
0.34201523513316234,70.19729128611917,0.10000344409588259,1495.1581656015835,1
0.34201523513316234,70.19729128611917,0.10000344409588259,1495.1581656015835,1
0.3532251082467772,69.9463569938376,0.10945780217408865,1494.0245646562819,1
0.3532251082467772,69.9463569938376,0.10945780217408865,1494.0245646562819,1
0.3532251082467772,69.9463569938376,0.10945780217408865,1494.0245646562819,1
0.3532251082467772,69.9463569938376,0.10945780217408865,1494.0245646562819,1
0.3532251082467772,69.9463569938376,0.10945780217408865,1494.0245646562819,1
0.3532251082467772,69.9463569938376,0.10945780217408865,1494.0245646562819,1
0.376333941345442,71.65177476338465,0.15107361138675116,1499.0416020438795,1
0.376333941345442,71.65177476338465,0.15107361138675116,1499.0416020438795,1
0.376333941345442,71.65177476338465,0.15107361138675116,1499.0416020438795,1
0.381766970295789,71.92937942450989,0.1591529332977181,1501.631520752581,1
0.3786663501531506,71.1232249322173,0.1448734651193836,1498.598319365636,1
0.3618369423121351,71.16977486255449,0.15999854955597784,1500.9257825949173,1
0.3618369423121351,71.16977486255449,0.15999854955597784,1500.9257825949173,1
0.3618369423121351,71.16977486255449,0.15999854955597784,1500.9257825949173,1
0.36316683597621585,70.799874813511,0.16062420362709418,1502.2456499892633,1
0.36316683597621585,70.799874813511,0.16062420362709418,1502.2456499892633,1
0.3621706141734422,70.20953054593697,0.15124941507472472,1502.43566523044,1
0.3621706141734422,70.20953054593697,0.15124941507472472,1502.43566523044,1
0.3621706141734422,70.20953054593697,0.15124941507472472,1502.43566523044,1
0.3636283371207187,70.122302514883,0.15200835171678384,1503.1665104480207,1
0.3620606688103177,69.66841388875426,0.13457934311663627,1500.4652828532644,1
0.36488905201057487,70.19886747359499,0.1489982775000625,1500.9089335333815,1
0.3625312326534301,71.24030452570682,0.15216096314392427,1498.0726665521029,1
0.345804704713299,71.30748200947504,0.12413266973985874,1498.6845995261067,1
0.345804704713299,71.30748200947504,0.12413266973985874,1498.6845995261067,1
0.345804704713299,71.30748200947504,0.12413266973985874,1498.6845995261067,1
0.3437870356494108,71.37074413997554,0.13370082457507482,1501.4424679691144,1
0.34345977273132094,71.6169169826511,0.11901063220100297,1501.6681487238232,1
0.33999108564381164,69.76986704560395,0.09238818519818316,1495.2349863021436,1
0.33999108564381164,69.76986704560395,0.09238818519818316,1495.2349863021436,1
0.33999108564381164,69.76986704560395,0.09238818519818316,1495.2349863021436,1
0.33999108564381164,69.76986704560395,0.09238818519818316,1495.2349863021436,1
0.33999108564381164,69.76986704560395,0.09238818519818316,1495.2349863021436,1
0.34756150002584846,69.34395157749843,0.10037458701483147,1495.7026084423221,1
0.34756150002584846,69.34395157749843,0.10037458701483147,1495.7026084423221,1
0.34756150002584846,69.34395157749843,0.10037458701483147,1495.7026084423221,1
0.3448274596362953,69.30589020897472,0.1004260926000512,1496.3358942943921,1
0.36030372817192946,70.30083116820197,0.12661336366556677,1494.7809345645164,1
0.36030372817192946,70.30083116820197,0.12661336366556677,1494.7809345645164,1
0.36030372817192946,70.30083116820197,0.12661336366556677,1494.7809345645164,1
0.3453362697898413,69.78365354501234,0.10487089023281873,1494.9257998572382,1
0.3453362697898413,69.78365354501234,0.10487089023281873,1494.9257998572382,1
0.3370220116378932,70.58489689534035,0.10795612206302321,1498.3501333661138,1
0.35167126404061794,71.55438630255121,0.13312044406262186,1498.5712427559004,1
0.35167126404061794,71.55438630255121,0.13312044406262186,1498.5712427559004,1
0.34822652019489997,71.48395968536852,0.12804451808441225,1498.99349830134,1
0.34822652019489997,71.48395968536852,0.12804451808441225,1498.99349830134,1
0.3455219471301411,71.64672502506198,0.12493832944254442,1501.0032173193333,1
0.35311190491788563,72.51424641287743,0.14266459886966176,1506.151989636603,1
0.35664710600797245,72.53684281954827,0.16155354480539846,1506.7631190875989,1
0.3572380995351715,72.45920746107834,0.15526300329088202,1504.8783810884345,1
0.3572380995351715,72.45920746107834,0.15526300329088202,1504.8783810884345,1
0.36231135459023334,71.53444157347428,0.10431024108940323,1504.525100720684,1
0.36231135459023334,71.53444157347428,0.10431024108940323,1504.525100720684,1
0.36231135459023334,71.53444157347428,0.10431024108940323,1504.525100720684,1
0.35643080372491115,71.0600329286383,0.09601810613099425,1501.1011011630471,1
0.3347983443949019,69.6411624322349,0.057396583816764164,1502.7745178446817,1
0.3423023637276256,70.75145965058553,0.10849296395654032,1496.7463321840542,1
0.3361240434475446,69.6588140437463,0.10385761076627842,1498.5110765810537,1
0.3361240434475446,69.6588140437463,0.10385761076627842,1498.5110765810537,1
0.3361240434475446,69.6588140437463,0.10385761076627842,1498.5110765810537,1
0.3361240434475446,69.6588140437463,0.10385761076627842,1498.5110765810537,1
0.32840787624536916,69.81006565781354,0.0835538363663875,1499.398822319431,1
0.3625287817616837,70.92374611914627,0.13498774882341125,1495.0977113101053,1
0.3625287817616837,70.92374611914627,0.13498774882341125,1495.0977113101053,1
0.3625287817616837,70.92374611914627,0.13498774882341125,1495.0977113101053,1
0.3625287817616837,70.92374611914627,0.13498774882341125,1495.0977113101053,1
0.3557164459771668,70.75249614702447,0.13288279215238974,1495.541267698064,1
0.3557164459771668,70.75249614702447,0.13288279215238974,1495.541267698064,1
0.3435915942002716,70.59980733393289,0.09911973653988537,1496.2501774888653,1
0.3435915942002716,70.59980733393289,0.09911973653988537,1496.2501774888653,1
0.3435915942002716,70.59980733393289,0.09911973653988537,1496.2501774888653,1
0.3435915942002716,70.59980733393289,0.09911973653988537,1496.2501774888653,1
0.3435915942002716,70.59980733393289,0.09911973653988537,1496.2501774888653,1
0.35464732023974826,71.50491489347505,0.13387593706602893,1497.5759361345201,1
0.35464732023974826,71.50491489347505,0.13387593706602893,1497.5759361345201,1
0.3571484481488976,70.64711798869627,0.1338382862571817,1495.5575340618034,1
0.38123033963106523,71.40348475168078,0.1276751633242676,1504.1035415195518,1
0.37077545722998584,70.2892026717629,0.11564014120436339,1497.1384051997861,1
0.3623361844748281,70.25605796011732,0.10771448862986249,1495.1476654530943,1
0.3623361844748281,70.25605796011732,0.10771448862986249,1495.1476654530943,1
0.3623361844748281,70.25605796011732,0.10771448862986249,1495.1476654530943,1
0.3623361844748281,70.25605796011732,0.10771448862986249,1495.1476654530943,1
0.3623361844748281,70.25605796011732,0.10771448862986249,1495.1476654530943,1
0.3623361844748281,70.25605796011732,0.10771448862986249,1495.1476654530943,1
0.36639504635943104,70.00863875003644,0.1105808864953665,1496.1219418601647,1
0.35621871175550224,69.27655636200875,0.10334775724915454,1496.452735372028,1
0.35621871175550224,69.27655636200875,0.10334775724915454,1496.452735372028,1
0.35621871175550224,69.27655636200875,0.10334775724915454,1496.452735372028,1
0.35621871175550224,69.27655636200875,0.10334775724915454,1496.452735372028,1
0.35621871175550224,69.27655636200875,0.10334775724915454,1496.452735372028,1
0.35621871175550224,69.27655636200875,0.10334775724915454,1496.452735372028,1
0.35621871175550224,69.27655636200875,0.10334775724915454,1496.452735372028,1
0.35621871175550224,69.27655636200875,0.10334775724915454,1496.452735372028,1
0.35621871175550224,69.27655636200875,0.10334775724915454,1496.452735372028,1
0.35621871175550224,69.27655636200875,0.10334775724915454,1496.452735372028,1
0.35621871175550224,69.27655636200875,0.10334775724915454,1496.452735372028,1
0.35621871175550224,69.27655636200875,0.10334775724915454,1496.452735372028,1
0.35621871175550224,69.27655636200875,0.10334775724915454,1496.452735372028,1
0.3534733451075342,69.15756473389428,0.08367935412645186,1496.805662136458,1
0.3408991850738834,68.419524195073,0.08461986139804777,1500.7547272121465,1
0.3327178169642171,68.284487809882,0.0602601579425386,1500.7264502304254,1
0.3598367861472448,69.63222669548216,0.10208490178373243,1495.492581484331,1
0.3598367861472448,69.63222669548216,0.10208490178373243,1495.492581484331,1
0.3598367861472448,69.63222669548216,0.10208490178373243,1495.492581484331,1
0.3598367861472448,69.63222669548216,0.10208490178373243,1495.492581484331,1
0.36163796185201696,70.955143158539,0.1238677226433458,1494.9759314456333,1
0.36163796185201696,70.955143158539,0.1238677226433458,1494.9759314456333,1
0.36163796185201696,70.955143158539,0.1238677226433458,1494.9759314456333,1
0.36163796185201696,70.955143158539,0.1238677226433458,1494.9759314456333,1
0.36163796185201696,70.955143158539,0.1238677226433458,1494.9759314456333,1
0.36163796185201696,70.955143158539,0.1238677226433458,1494.9759314456333,1
0.36163796185201696,70.955143158539,0.1238677226433458,1494.9759314456333,1
0.36163796185201696,70.955143158539,0.1238677226433458,1494.9759314456333,1
0.36163796185201696,70.955143158539,0.1238677226433458,1494.9759314456333,1
0.36163796185201696,70.955143158539,0.1238677226433458,1494.9759314456333,1
0.3691775578468757,71.35473937433143,0.13428083692680015,1497.0168046758934,1
0.3691775578468757,71.35473937433143,0.13428083692680015,1497.0168046758934,1
0.3691775578468757,71.35473937433143,0.13428083692680015,1497.0168046758934,1
0.3634837023481272,72.24269849366303,0.15265535247081194,1501.4433500530959,1
0.3610575705769366,71.46851516022198,0.13541254791842916,1496.645480427514,1
0.3610575705769366,71.46851516022198,0.13541254791842916,1496.645480427514,1
0.3610575705769366,71.46851516022198,0.13541254791842916,1496.645480427514,1
0.3610575705769366,71.46851516022198,0.13541254791842916,1496.645480427514,1
0.3610575705769366,71.46851516022198,0.13541254791842916,1496.645480427514,1
0.35355092336197425,71.48988751955986,0.1143123319165421,1499.1458096812605,1
0.3589749399662347,71.60939522339449,0.15502923405727098,1500.1056602533831,1
0.34890054945544663,70.84894048783275,0.1057737865273536,1496.079584864837,1
0.34890054945544663,70.84894048783275,0.1057737865273536,1496.079584864837,1
0.35189572411082704,70.46402084753866,0.11666920249511778,1494.1702893251409,1
0.35189572411082704,70.46402084753866,0.11666920249511778,1494.1702893251409,1
0.35189572411082704,70.46402084753866,0.11666920249511778,1494.1702893251409,1
0.35189572411082704,70.46402084753866,0.11666920249511778,1494.1702893251409,1
0.35189572411082704,70.46402084753866,0.11666920249511778,1494.1702893251409,1
0.35189572411082704,70.46402084753866,0.11666920249511778,1494.1702893251409,1
0.36117882803790236,71.27586745951965,0.14681785493277136,1497.1615435945932,1
0.36117882803790236,71.27586745951965,0.14681785493277136,1497.1615435945932,1
0.36117882803790236,71.27586745951965,0.14681785493277136,1497.1615435945932,1
0.36117882803790236,71.27586745951965,0.14681785493277136,1497.1615435945932,1
0.36117882803790236,71.27586745951965,0.14681785493277136,1497.1615435945932,1
0.3494526153113851,71.46699506960634,0.12512065489375923,1498.4085738225967,1
0.3494526153113851,71.46699506960634,0.12512065489375923,1498.4085738225967,1
0.3606610873065752,71.15972641893622,0.14672314937119252,1497.1959598674016,1
0.3606610873065752,71.15972641893622,0.14672314937119252,1497.1959598674016,1
0.3606610873065752,71.15972641893622,0.14672314937119252,1497.1959598674016,1
0.3606610873065752,71.15972641893622,0.14672314937119252,1497.1959598674016,1
0.35114725825275706,71.19852282944687,0.11304569485641876,1497.1319508823947,1
0.35114725825275706,71.19852282944687,0.11304569485641876,1497.1319508823947,1
0.35114725825275706,71.19852282944687,0.11304569485641876,1497.1319508823947,1
0.35114725825275706,71.19852282944687,0.11304569485641876,1497.1319508823947,1
0.34783931651836175,70.54675855340209,0.1079122346289186,1494.7068583898915,1
0.34783931651836175,70.54675855340209,0.1079122346289186,1494.7068583898915,1
0.35711807788532823,71.09192935096253,0.11571264698514742,1496.0413447482085,1
0.35711807788532823,71.09192935096253,0.11571264698514742,1496.0413447482085,1
0.3552025425706079,71.13243832851924,0.13417853027336313,1496.146521931788,1
0.3552025425706079,71.13243832851924,0.13417853027336313,1496.146521931788,1
0.3552025425706079,71.13243832851924,0.13417853027336313,1496.146521931788,1
0.3552025425706079,71.13243832851924,0.13417853027336313,1496.146521931788,1
0.3552025425706079,71.13243832851924,0.13417853027336313,1496.146521931788,1
0.3552025425706079,71.13243832851924,0.13417853027336313,1496.146521931788,1
0.3552025425706079,71.13243832851924,0.13417853027336313,1496.146521931788,1
0.3552025425706079,71.13243832851924,0.13417853027336313,1496.146521931788,1
0.3606086139004244,69.90980130767188,0.10979013644008327,1494.7440610623628,1
0.3417168793465799,69.50983701500502,0.09968682105678223,1495.9661062377727,1
0.34351447835189924,69.68616577606794,0.08249531055328047,1495.4622979714297,1
0.3408011240091844,69.73407040542784,0.08454561981607649,1495.4389618956245,1
0.3408011240091844,69.73407040542784,0.08454561981607649,1495.4389618956245,1
0.3408011240091844,69.73407040542784,0.08454561981607649,1495.4389618956245,1
0.34224138173517527,70.63937046530575,0.11503182750289502,1496.8841342905635,1
0.34224138173517527,70.63937046530575,0.11503182750289502,1496.8841342905635,1
0.34224138173517527,70.63937046530575,0.11503182750289502,1496.8841342905635,1
0.34224138173517527,70.63937046530575,0.11503182750289502,1496.8841342905635,1
0.35493401608082314,71.14862735990023,0.13791668380644823,1496.8263575773988,1
0.35493401608082314,71.14862735990023,0.13791668380644823,1496.8263575773988,1
0.35493401608082314,71.14862735990023,0.13791668380644823,1496.8263575773988,1
0.35493401608082314,71.14862735990023,0.13791668380644823,1496.8263575773988,1
0.35493401608082314,71.14862735990023,0.13791668380644823,1496.8263575773988,1
0.35493401608082314,71.14862735990023,0.13791668380644823,1496.8263575773988,1
0.35493401608082314,71.14862735990023,0.13791668380644823,1496.8263575773988,1
0.35493401608082314,71.14862735990023,0.13791668380644823,1496.8263575773988,1
0.36867615680550025,71.05670704642516,0.14437769587979768,1496.25421932655,1
0.36867615680550025,71.05670704642516,0.14437769587979768,1496.25421932655,1
0.36867615680550025,71.05670704642516,0.14437769587979768,1496.25421932655,1
0.37590126295088644,71.66280669602955,0.17081445559156855,1500.9424199930277,1
0.37590126295088644,71.66280669602955,0.17081445559156855,1500.9424199930277,1
0.35562153674085073,71.39963997272216,0.12158109995963587,1497.2083935233932,1
0.35562153674085073,71.39963997272216,0.12158109995963587,1497.2083935233932,1
0.36963301586935077,71.97996925537173,0.14894190020278966,1499.5643704311042,1
0.36758348425704035,71.49047299767831,0.12451237186896477,1499.0147381324252,1
0.36758348425704035,71.49047299767831,0.12451237186896477,1499.0147381324252,1
0.35666389227352047,71.78627135233403,0.13469845220310675,1498.932955036563,1
0.33973604925196527,71.44775947223684,0.12748651063443667,1503.0413302512322,1
0.3356926492967625,71.05847657260698,0.13206005784591512,1506.3514716810316,1
0.3356926492967625,71.05847657260698,0.13206005784591512,1506.3514716810316,1
0.33290487544345176,71.50034601513163,0.10955853914968569,1506.4108010968096,1
0.3466590341939503,71.4854274141318,0.10031492282230242,1503.140032678719,1
0.3588847994956076,72.23498819409468,0.1567107481776262,1502.9192610562677,1
0.3588847994956076,72.23498819409468,0.1567107481776262,1502.9192610562677,1
0.3588847994956076,72.23498819409468,0.1567107481776262,1502.9192610562677,1
0.3588847994956076,72.23498819409468,0.1567107481776262,1502.9192610562677,1
0.34666189661360197,70.51054122868105,0.0942528169787974,1496.2534719094326,1
0.3476610136659771,69.73179838500765,0.07738848516681017,1497.0071322994154,1
0.3476610136659771,69.73179838500765,0.07738848516681017,1497.0071322994154,1
0.3476610136659771,69.73179838500765,0.07738848516681017,1497.0071322994154,1
0.3476610136659771,69.73179838500765,0.07738848516681017,1497.0071322994154,1
0.3476610136659771,69.73179838500765,0.07738848516681017,1497.0071322994154,1
0.3490561255724386,71.08601123758456,0.11660298632967264,1496.4241754664245,1
0.3434782003935163,69.24151902003543,0.07384444098147114,1496.5688311998565,1
0.3434782003935163,69.24151902003543,0.07384444098147114,1496.5688311998565,1
0.3434782003935163,69.24151902003543,0.07384444098147114,1496.5688311998565,1
0.3359553129072694,68.80741359740774,0.0644201353407022,1498.3717942593653,1
0.3424760726624921,68.71007281828469,0.07217223552030597,1497.8283842366754,1
0.3371303521657459,69.29002744437244,0.07706254364477776,1496.3987323074048,1
0.3371303521657459,69.29002744437244,0.07706254364477776,1496.3987323074048,1
0.3371303521657459,69.29002744437244,0.07706254364477776,1496.3987323074048,1
0.3371303521657459,69.29002744437244,0.07706254364477776,1496.3987323074048,1
0.3474589201428506,69.36480110687877,0.08294165353046605,1495.469283173631,1
0.3474589201428506,69.36480110687877,0.08294165353046605,1495.469283173631,1
0.3474589201428506,69.36480110687877,0.08294165353046605,1495.469283173631,1
0.35445067151941007,69.94192526101365,0.09297083764564806,1495.138631514359,1
0.35445067151941007,69.94192526101365,0.09297083764564806,1495.138631514359,1
0.3503404592547119,70.30152887483808,0.1003592940898142,1494.382669774137,1
0.3503404592547119,70.30152887483808,0.1003592940898142,1494.382669774137,1
0.3503404592547119,70.30152887483808,0.1003592940898142,1494.382669774137,1
0.3503404592547119,70.30152887483808,0.1003592940898142,1494.382669774137,1
0.3503404592547119,70.30152887483808,0.1003592940898142,1494.382669774137,1
0.3549900072061843,69.98648543640775,0.09343953704660926,1495.2400630040893,1
0.3549900072061843,69.98648543640775,0.09343953704660926,1495.2400630040893,1
0.3549900072061843,69.98648543640775,0.09343953704660926,1495.2400630040893,1
0.34843063483368036,69.15736290059759,0.09992271487221922,1496.6659852520352,1
0.35587603956474423,69.75674164925657,0.09138686142042247,1495.5543004839444,1
0.35587603956474423,69.75674164925657,0.09138686142042247,1495.5543004839444,1
0.35587603956474423,69.75674164925657,0.09138686142042247,1495.5543004839444,1
0.35587603956474423,69.75674164925657,0.09138686142042247,1495.5543004839444,1
0.35587603956474423,69.75674164925657,0.09138686142042247,1495.5543004839444,1
0.35587603956474423,69.75674164925657,0.09138686142042247,1495.5543004839444,1
0.3690914105644792,69.88810948045261,0.09681529475560417,1499.8352219199658,1
0.368429346760911,71.17944765870409,0.1108097550113124,1500.922583547747,1
0.368429346760911,71.17944765870409,0.1108097550113124,1500.922583547747,1
0.36177147196816506,70.83478232560017,0.13491920118946166,1495.0760686778717,1
0.36177147196816506,70.83478232560017,0.13491920118946166,1495.0760686778717,1
0.36177147196816506,70.83478232560017,0.13491920118946166,1495.0760686778717,1
0.3649409624531596,71.06046687361143,0.12466226517550681,1495.8081783911232,1
0.3649409624531596,71.06046687361143,0.12466226517550681,1495.8081783911232,1
0.3649409624531596,71.06046687361143,0.12466226517550681,1495.8081783911232,1
0.34205324101229223,70.0492261236056,0.08798144926360363,1495.6128701631824,1
0.34205324101229223,70.0492261236056,0.08798144926360363,1495.6128701631824,1
0.34205324101229223,70.0492261236056,0.08798144926360363,1495.6128701631824,1
0.3562496231353882,69.71267806114098,0.11706233564298438,1495.760204871351,1
0.3562496231353882,69.71267806114098,0.11706233564298438,1495.760204871351,1
0.3562496231353882,69.71267806114098,0.11706233564298438,1495.760204871351,1
0.3700226516092717,70.4777222845896,0.11568715454808161,1496.976291433861,1
0.3610281874815413,70.06768787532214,0.10687766723767136,1494.805840916326,1
0.34825304761310794,70.25178706938807,0.09483867632142555,1494.9536037735622,1
0.34825304761310794,70.25178706938807,0.09483867632142555,1494.9536037735622,1
0.3446712101853826,70.36381454038052,0.0989963506996182,1495.0870737320822,1
0.3446712101853826,70.36381454038052,0.0989963506996182,1495.0870737320822,1
0.3569813381236879,70.00268771905644,0.09624687143461592,1495.204088155137,1
0.3569813381236879,70.00268771905644,0.09624687143461592,1495.204088155137,1
0.3569813381236879,70.00268771905644,0.09624687143461592,1495.204088155137,1
0.3569813381236879,70.00268771905644,0.09624687143461592,1495.204088155137,1
0.3569813381236879,70.00268771905644,0.09624687143461592,1495.204088155137,1
0.3569813381236879,70.00268771905644,0.09624687143461592,1495.204088155137,1
0.3569813381236879,70.00268771905644,0.09624687143461592,1495.204088155137,1
0.3569813381236879,70.00268771905644,0.09624687143461592,1495.204088155137,1
0.3569813381236879,70.00268771905644,0.09624687143461592,1495.204088155137,1
0.3712839340148581,71.34413905620083,0.14967380364676128,1497.2173834310886,1
0.3712839340148581,71.34413905620083,0.14967380364676128,1497.2173834310886,1
0.3712839340148581,71.34413905620083,0.14967380364676128,1497.2173834310886,1
0.3712839340148581,71.34413905620083,0.14967380364676128,1497.2173834310886,1
0.3712839340148581,71.34413905620083,0.14967380364676128,1497.2173834310886,1
0.3712839340148581,71.34413905620083,0.14967380364676128,1497.2173834310886,1
0.37293257734380036,70.65120693107286,0.15124710245108133,1498.5275509032344,1
0.37293257734380036,70.65120693107286,0.15124710245108133,1498.5275509032344,1
0.3539817985728959,70.41703148750526,0.13463822427014907,1497.1635334871412,1
0.3539817985728959,70.41703148750526,0.13463822427014907,1497.1635334871412,1
0.3539817985728959,70.41703148750526,0.13463822427014907,1497.1635334871412,1
0.3539817985728959,70.41703148750526,0.13463822427014907,1497.1635334871412,1
0.3539817985728959,70.41703148750526,0.13463822427014907,1497.1635334871412,1
0.3539817985728959,70.41703148750526,0.13463822427014907,1497.1635334871412,1
0.36678815683118254,71.71962098436954,0.139672934758381,1498.1118887153577,1
0.36678815683118254,71.71962098436954,0.139672934758381,1498.1118887153577,1
0.36678815683118254,71.71962098436954,0.139672934758381,1498.1118887153577,1
0.36678815683118254,71.71962098436954,0.139672934758381,1498.1118887153577,1
0.36678815683118254,71.71962098436954,0.139672934758381,1498.1118887153577,1
0.36678815683118254,71.71962098436954,0.139672934758381,1498.1118887153577,1
0.36678815683118254,71.71962098436954,0.139672934758381,1498.1118887153577,1
0.37119270348149364,70.89660851946385,0.13004388710991094,1496.4278077594925,1
0.3634047501931351,71.38818308010684,0.12805669953664317,1496.7888290171509,1
0.3634047501931351,71.38818308010684,0.12805669953664317,1496.7888290171509,1
0.37614457559951314,71.69690528906581,0.14485164174574724,1499.642530557866,1
0.3613693461391152,70.26239951314787,0.1092064601628283,1494.7231400927685,1
0.3613693461391152,70.26239951314787,0.1092064601628283,1494.7231400927685,1
0.3613693461391152,70.26239951314787,0.1092064601628283,1494.7231400927685,1
0.3613693461391152,70.26239951314787,0.1092064601628283,1494.7231400927685,1
0.3613693461391152,70.26239951314787,0.1092064601628283,1494.7231400927685,1
0.35028578518385395,70.18315651201043,0.09004911764270437,1495.7570812389918,1
0.35028578518385395,70.18315651201043,0.09004911764270437,1495.7570812389918,1
0.35028578518385395,70.18315651201043,0.09004911764270437,1495.7570812389918,1
0.35715861495412743,70.27148568770822,0.09786992790186469,1495.5582866885768,1
0.3596884308140547,71.32462689887194,0.12982804748505314,1496.0854125882897,1
0.3596884308140547,71.32462689887194,0.12982804748505314,1496.0854125882897,1
0.3596884308140547,71.32462689887194,0.12982804748505314,1496.0854125882897,1
0.34475124470028995,69.63461814702417,0.07832278945834033,1496.1810473246817,1
0.3609890566665307,69.41048784270525,0.10647820670206315,1496.6788019238193,1
0.3609890566665307,69.41048784270525,0.10647820670206315,1496.6788019238193,1
0.3609890566665307,69.41048784270525,0.10647820670206315,1496.6788019238193,1
0.3609890566665307,69.41048784270525,0.10647820670206315,1496.6788019238193,1
0.36022509554651816,69.60887343100919,0.10628896572889748,1495.5778551617336,1
0.36022509554651816,69.60887343100919,0.10628896572889748,1495.5778551617336,1
0.36022509554651816,69.60887343100919,0.10628896572889748,1495.5778551617336,1
0.3612038757791579,70.16247616413168,0.1132772653233931,1494.4089000163444,1
0.3612038757791579,70.16247616413168,0.1132772653233931,1494.4089000163444,1
0.3612038757791579,70.16247616413168,0.1132772653233931,1494.4089000163444,1
0.3612038757791579,70.16247616413168,0.1132772653233931,1494.4089000163444,1
0.3612038757791579,70.16247616413168,0.1132772653233931,1494.4089000163444,1
0.3612038757791579,70.16247616413168,0.1132772653233931,1494.4089000163444,1
0.3612038757791579,70.16247616413168,0.1132772653233931,1494.4089000163444,1
0.3612038757791579,70.16247616413168,0.1132772653233931,1494.4089000163444,1
0.3612038757791579,70.16247616413168,0.1132772653233931,1494.4089000163444,1
0.3645729429744213,72.02188924168956,0.15680140250295377,1500.2986419924466,1
0.3582947871005387,70.41659418471359,0.13472830359732602,1496.1440093581627,1
0.3582947871005387,70.41659418471359,0.13472830359732602,1496.1440093581627,1
0.3582947871005387,70.41659418471359,0.13472830359732602,1496.1440093581627,1
0.3582947871005387,70.41659418471359,0.13472830359732602,1496.1440093581627,1
0.3582947871005387,70.41659418471359,0.13472830359732602,1496.1440093581627,1
0.3582947871005387,70.41659418471359,0.13472830359732602,1496.1440093581627,1
0.3582947871005387,70.41659418471359,0.13472830359732602,1496.1440093581627,1
0.3582947871005387,70.41659418471359,0.13472830359732602,1496.1440093581627,1
0.36842269279690487,70.4265987761272,0.14249715147435668,1497.2913979478476,1
0.3651480124404764,70.62212251466704,0.12131052015184945,1494.956579797308,1
0.3651480124404764,70.62212251466704,0.12131052015184945,1494.956579797308,1
0.3651480124404764,70.62212251466704,0.12131052015184945,1494.956579797308,1
0.3651480124404764,70.62212251466704,0.12131052015184945,1494.956579797308,1
0.3651480124404764,70.62212251466704,0.12131052015184945,1494.956579797308,1
0.3651480124404764,70.62212251466704,0.12131052015184945,1494.956579797308,1
0.3651480124404764,70.62212251466704,0.12131052015184945,1494.956579797308,1
0.3651480124404764,70.62212251466704,0.12131052015184945,1494.956579797308,1
0.3651480124404764,70.62212251466704,0.12131052015184945,1494.956579797308,1
0.3651480124404764,70.62212251466704,0.12131052015184945,1494.956579797308,1
0.3651480124404764,70.62212251466704,0.12131052015184945,1494.956579797308,1
0.36999634435731943,70.69004207715373,0.13856487857010547,1496.0950430752305,1
0.3693393979502775,71.16329281531803,0.14014779745439032,1496.1891275122828,1
0.3693393979502775,71.16329281531803,0.14014779745439032,1496.1891275122828,1
0.3693393979502775,71.16329281531803,0.14014779745439032,1496.1891275122828,1
0.37002848875822847,70.92594020780359,0.12135684841598275,1497.2533261239705,1
0.3452062826705077,69.80175115404496,0.10326190210832603,1494.7180652075647,1
0.3452062826705077,69.80175115404496,0.10326190210832603,1494.7180652075647,1
0.3503270280168805,69.4862190146819,0.0851651949904582,1495.4323948556419,1
0.3503270280168805,69.4862190146819,0.0851651949904582,1495.4323948556419,1
0.3503270280168805,69.4862190146819,0.0851651949904582,1495.4323948556419,1
0.3503270280168805,69.4862190146819,0.0851651949904582,1495.4323948556419,1
0.3681526628995599,70.46656364098897,0.12287468726948417,1495.5425694907658,1
0.35890285860758586,70.54550692228236,0.12656819726956337,1494.3958593645682,1
0.35890285860758586,70.54550692228236,0.12656819726956337,1494.3958593645682,1
0.3588985322531219,70.35205463872799,0.10991049711228501,1494.2629938273938,1
0.3588985322531219,70.35205463872799,0.10991049711228501,1494.2629938273938,1
0.3588985322531219,70.35205463872799,0.10991049711228501,1494.2629938273938,1
0.3588985322531219,70.35205463872799,0.10991049711228501,1494.2629938273938,1
0.3588985322531219,70.35205463872799,0.10991049711228501,1494.2629938273938,1
0.3588985322531219,70.35205463872799,0.10991049711228501,1494.2629938273938,1
0.3588985322531219,70.35205463872799,0.10991049711228501,1494.2629938273938,1
0.3588985322531219,70.35205463872799,0.10991049711228501,1494.2629938273938,1
0.3588985322531219,70.35205463872799,0.10991049711228501,1494.2629938273938,1
0.3588985322531219,70.35205463872799,0.10991049711228501,1494.2629938273938,1
0.3588985322531219,70.35205463872799,0.10991049711228501,1494.2629938273938,1
0.3686652129963736,70.50718845103047,0.1376692482293771,1496.1916249459978,1
0.3686652129963736,70.50718845103047,0.1376692482293771,1496.1916249459978,1
0.3686652129963736,70.50718845103047,0.1376692482293771,1496.1916249459978,1
0.3686652129963736,70.50718845103047,0.1376692482293771,1496.1916249459978,1
0.35890440602738083,70.54649854226935,0.13494328127602498,1495.703575174729,1
0.35890440602738083,70.54649854226935,0.13494328127602498,1495.703575174729,1
0.35890440602738083,70.54649854226935,0.13494328127602498,1495.703575174729,1
0.35890440602738083,70.54649854226935,0.13494328127602498,1495.703575174729,1
0.35890440602738083,70.54649854226935,0.13494328127602498,1495.703575174729,1
0.35890440602738083,70.54649854226935,0.13494328127602498,1495.703575174729,1
0.35890440602738083,70.54649854226935,0.13494328127602498,1495.703575174729,1
0.35890440602738083,70.54649854226935,0.13494328127602498,1495.703575174729,1
0.35890440602738083,70.54649854226935,0.13494328127602498,1495.703575174729,1
0.35068127738239646,69.44444414765978,0.10809740514659955,1496.058568545858,1
0.35068127738239646,69.44444414765978,0.10809740514659955,1496.058568545858,1
0.35068127738239646,69.44444414765978,0.10809740514659955,1496.058568545858,1
0.3493324164564635,70.25322067015459,0.09918337155038465,1494.3836417389982,1
0.3493324164564635,70.25322067015459,0.09918337155038465,1494.3836417389982,1
0.3521861075594061,70.4385408330886,0.12325580599001842,1494.8886861446204,1
0.3521861075594061,70.4385408330886,0.12325580599001842,1494.8886861446204,1
0.3521861075594061,70.4385408330886,0.12325580599001842,1494.8886861446204,1
0.3521861075594061,70.4385408330886,0.12325580599001842,1494.8886861446204,1
0.3521861075594061,70.4385408330886,0.12325580599001842,1494.8886861446204,1
0.3521861075594061,70.4385408330886,0.12325580599001842,1494.8886861446204,1
0.3521861075594061,70.4385408330886,0.12325580599001842,1494.8886861446204,1
0.3521861075594061,70.4385408330886,0.12325580599001842,1494.8886861446204,1
0.35365178413173726,70.07026630179122,0.12869428528746107,1497.0169860728613,1
0.36839467678548604,70.22187411902014,0.13640546011224233,1497.0605561160883,1
0.37071299918405165,69.64375451782287,0.11777396503136367,1498.7372872405108,1
0.38133128472911115,69.75390197373365,0.13838998105680567,1504.1006413732282,1
0.38133128472911115,69.75390197373365,0.13838998105680567,1504.1006413732282,1
0.38133128472911115,69.75390197373365,0.13838998105680567,1504.1006413732282,1
0.38133128472911115,69.75390197373365,0.13838998105680567,1504.1006413732282,1
0.38133128472911115,69.75390197373365,0.13838998105680567,1504.1006413732282,1
0.38133128472911115,69.75390197373365,0.13838998105680567,1504.1006413732282,1
0.3814592565154762,70.78576991199803,0.17147455039581805,1504.1819782902235,1
0.35678388534821115,70.82589828078925,0.1403364514946209,1496.865876704962,1
0.35678388534821115,70.82589828078925,0.1403364514946209,1496.865876704962,1
0.35678388534821115,70.82589828078925,0.1403364514946209,1496.865876704962,1
0.35678388534821115,70.82589828078925,0.1403364514946209,1496.865876704962,1
0.3563202334542488,70.45607390441319,0.1052537155093837,1494.6498779509757,1
0.35183927978566215,70.92014529462442,0.10814984577077945,1496.0157325775992,1
0.35183927978566215,70.92014529462442,0.10814984577077945,1496.0157325775992,1
0.33955859075643535,69.49456855018421,0.07650262450422515,1496.2845028287504,1
0.33955859075643535,69.49456855018421,0.07650262450422515,1496.2845028287504,1
0.3499376854937568,70.1896427921501,0.09024718535851307,1495.6989606406196,1
0.356698274258486,71.21169267117834,0.11856894461037572,1496.344364717629,1
0.356698274258486,71.21169267117834,0.11856894461037572,1496.344364717629,1
0.356698274258486,71.21169267117834,0.11856894461037572,1496.344364717629,1
0.356698274258486,71.21169267117834,0.11856894461037572,1496.344364717629,1
0.356698274258486,71.21169267117834,0.11856894461037572,1496.344364717629,1
0.3476583759222995,70.47952803549386,0.07754647523597138,1501.5806916332951,1
0.3476583759222995,70.47952803549386,0.07754647523597138,1501.5806916332951,1
0.3476583759222995,70.47952803549386,0.07754647523597138,1501.5806916332951,1
0.36052732681771843,70.56402103747412,0.10138470425982227,1496.8256644726569,1
0.3444670554970843,70.27724410905105,0.09247549307782185,1495.5552740056098,1
0.3444670554970843,70.27724410905105,0.09247549307782185,1495.5552740056098,1
0.35062284916223524,70.5117325361292,0.0959324975942326,1495.9937327651141,1
0.35062284916223524,70.5117325361292,0.0959324975942326,1495.9937327651141,1
0.3574699499346358,70.5210541583766,0.09543822642265751,1497.394985760697,1
0.359675189797619,70.2245958942123,0.09262826901351455,1497.4905709211089,1
0.359675189797619,70.2245958942123,0.09262826901351455,1497.4905709211089,1
0.359675189797619,70.2245958942123,0.09262826901351455,1497.4905709211089,1
0.34551882919631277,69.24228844749938,0.07270114464800295,1497.0064508471646,1
0.34551882919631277,69.24228844749938,0.07270114464800295,1497.0064508471646,1
0.34176957886805803,69.64300063296078,0.07805545135988763,1496.1824211811136,1
0.34176957886805803,69.64300063296078,0.07805545135988763,1496.1824211811136,1
0.34176957886805803,69.64300063296078,0.07805545135988763,1496.1824211811136,1
0.3422744542514974,69.93134148668913,0.106510711895457,1495.6709524066616,1
0.3422744542514974,69.93134148668913,0.106510711895457,1495.6709524066616,1
0.340685627746968,68.85928717252192,0.08099992001374288,1497.0906920653324,1
0.37133859687529686,70.04089978808778,0.13101881324976372,1497.75150221731,1
0.37011562324240993,69.75834906961646,0.12013547922601181,1497.998367719552,1
0.3685980889053192,70.99805443750438,0.13111499666013737,1495.8631662144553,1
0.3685980889053192,70.99805443750438,0.13111499666013737,1495.8631662144553,1
0.36453184758136026,70.61359285865025,0.1214083603319982,1494.8059637993745,1
0.36453184758136026,70.61359285865025,0.1214083603319982,1494.8059637993745,1
0.36453184758136026,70.61359285865025,0.1214083603319982,1494.8059637993745,1
0.37050982015101475,70.59261730406747,0.12954664815875766,1495.9845366092484,1
0.36938852198570515,70.27702051968788,0.12291674564462565,1496.0647796781168,1
0.36585818762019373,70.53161145461877,0.11731848669187755,1495.3568618498962,1
0.3632993710809771,70.3935876050575,0.11293095796066582,1494.940085538925,1
0.3632993710809771,70.3935876050575,0.11293095796066582,1494.940085538925,1
0.3632993710809771,70.3935876050575,0.11293095796066582,1494.940085538925,1
0.3632993710809771,70.3935876050575,0.11293095796066582,1494.940085538925,1
0.3632993710809771,70.3935876050575,0.11293095796066582,1494.940085538925,1
0.3632993710809771,70.3935876050575,0.11293095796066582,1494.940085538925,1
0.3632993710809771,70.3935876050575,0.11293095796066582,1494.940085538925,1
0.36612395194890707,71.06958354910442,0.12502627835767557,1496.0629218766087,1
0.36612395194890707,71.06958354910442,0.12502627835767557,1496.0629218766087,1
0.36612395194890707,71.06958354910442,0.12502627835767557,1496.0629218766087,1
0.33934593846485345,69.66133448502009,0.07829104640480547,1496.315125967435,1
0.33934593846485345,69.66133448502009,0.07829104640480547,1496.315125967435,1
0.33934593846485345,69.66133448502009,0.07829104640480547,1496.315125967435,1
0.33934593846485345,69.66133448502009,0.07829104640480547,1496.315125967435,1
0.33934593846485345,69.66133448502009,0.07829104640480547,1496.315125967435,1
0.33934593846485345,69.66133448502009,0.07829104640480547,1496.315125967435,1
0.33934593846485345,69.66133448502009,0.07829104640480547,1496.315125967435,1
0.33934593846485345,69.66133448502009,0.07829104640480547,1496.315125967435,1
0.347066784495561,69.2446030810545,0.09890488971936601,1496.0955887304065,1
0.3556402348782846,69.94732937803035,0.1172063188174261,1494.7228420178783,1
0.3556402348782846,69.94732937803035,0.1172063188174261,1494.7228420178783,1
0.3556402348782846,69.94732937803035,0.1172063188174261,1494.7228420178783,1
0.35173677726340385,69.29717965631302,0.09517255479816561,1495.4478854082015,1
0.35173677726340385,69.29717965631302,0.09517255479816561,1495.4478854082015,1
0.3540622234458124,69.02728935366738,0.08053177399297308,1497.7722055427582,1
0.3540622234458124,69.02728935366738,0.08053177399297308,1497.7722055427582,1
0.3482051474447173,68.92042968070115,0.08881628828818774,1496.9467195238954,1
0.3482051474447173,68.92042968070115,0.08881628828818774,1496.9467195238954,1
0.36106373406297004,69.93643375508974,0.11737213091901527,1494.9774213031842,1
0.36106373406297004,69.93643375508974,0.11737213091901527,1494.9774213031842,1
0.36106373406297004,69.93643375508974,0.11737213091901527,1494.9774213031842,1
0.36106373406297004,69.93643375508974,0.11737213091901527,1494.9774213031842,1
0.36494835391872826,69.8654883298434,0.12021854892396369,1496.100045301273,1
0.37360633473535,70.39585418396973,0.13199827449614204,1497.205488728655,1
0.37360633473535,70.39585418396973,0.13199827449614204,1497.205488728655,1
0.37360633473535,70.39585418396973,0.13199827449614204,1497.205488728655,1
0.37360633473535,70.39585418396973,0.13199827449614204,1497.205488728655,1
0.3750303103917104,70.47999385488652,0.1141695785185893,1499.7831038017455,1
0.3750303103917104,70.47999385488652,0.1141695785185893,1499.7831038017455,1
0.3744658368233384,70.25274211132235,0.11587734777010654,1498.8867527470043,1
0.3744658368233384,70.25274211132235,0.11587734777010654,1498.8867527470043,1
0.3744658368233384,70.25274211132235,0.11587734777010654,1498.8867527470043,1
0.3744658368233384,70.25274211132235,0.11587734777010654,1498.8867527470043,1
0.36284604118883734,71.24907203788626,0.1475703326438864,1497.0008925358754,1
0.37683778464792306,70.17167528041426,0.1260795938833177,1499.1569159341188,1
0.377619722350035,70.67547066932728,0.14161094289590548,1498.3035937380969,1
0.36096904653639994,70.70067432016194,0.12185237907017382,1494.3689241672473,1
0.3609008528022904,70.79049189558563,0.11074496028080544,1495.8658332534594,1
0.35433776465682987,70.02547572496941,0.10287828362279883,1493.9859292485926,1
0.35433776465682987,70.02547572496941,0.10287828362279883,1493.9859292485926,1
0.35433776465682987,70.02547572496941,0.10287828362279883,1493.9859292485926,1
0.35433776465682987,70.02547572496941,0.10287828362279883,1493.9859292485926,1
0.35433776465682987,70.02547572496941,0.10287828362279883,1493.9859292485926,1
0.35433776465682987,70.02547572496941,0.10287828362279883,1493.9859292485926,1
0.35433776465682987,70.02547572496941,0.10287828362279883,1493.9859292485926,1
0.3507439244647083,70.3378417696154,0.10284891597694149,1494.2256962271983,1
0.3507439244647083,70.3378417696154,0.10284891597694149,1494.2256962271983,1
0.3597332807409476,70.07066911589769,0.10367385609109644,1494.831217907066,1
0.3603695900401226,71.02218058414189,0.10861178797834335,1497.5820478711123,1
0.3603695900401226,71.02218058414189,0.10861178797834335,1497.5820478711123,1
0.3603695900401226,71.02218058414189,0.10861178797834335,1497.5820478711123,1
0.3657371879790692,70.29263653829904,0.11060949981536923,1495.855288443992,1
0.36012467155727307,70.65377070274758,0.11194734499112018,1494.9522146441539,1
0.36828148927257803,70.66959592074305,0.12870750366910869,1495.416868257008,1
0.368719396280616,70.08080183012963,0.11988232941270735,1496.300329621466,1
0.35188335756574995,69.59293690119604,0.08959282724350658,1495.0213434027323,1
0.35188335756574995,69.59293690119604,0.08959282724350658,1495.0213434027323,1
0.35188335756574995,69.59293690119604,0.08959282724350658,1495.0213434027323,1
0.35188335756574995,69.59293690119604,0.08959282724350658,1495.0213434027323,1
0.35188335756574995,69.59293690119604,0.08959282724350658,1495.0213434027323,1
0.35188335756574995,69.59293690119604,0.08959282724350658,1495.0213434027323,1
0.35188335756574995,69.59293690119604,0.08959282724350658,1495.0213434027323,1
0.35188335756574995,69.59293690119604,0.08959282724350658,1495.0213434027323,1
0.35188335756574995,69.59293690119604,0.08959282724350658,1495.0213434027323,1
0.35188335756574995,69.59293690119604,0.08959282724350658,1495.0213434027323,1
0.3636527515278209,70.78391849845744,0.12726113072695058,1494.704133062421,1
0.3636527515278209,70.78391849845744,0.12726113072695058,1494.704133062421,1
0.36737608279427036,71.87842250087019,0.14226781927896442,1499.02319064242,1
0.3553977808671034,71.99065116439849,0.14766276073258552,1501.3216323963218,1
0.3553977808671034,71.99065116439849,0.14766276073258552,1501.3216323963218,1
0.3553977808671034,71.99065116439849,0.14766276073258552,1501.3216323963218,1
0.3537935357385808,70.99960952037932,0.12629382179135912,1495.3497189218194,1
0.3537935357385808,70.99960952037932,0.12629382179135912,1495.3497189218194,1
0.3537935357385808,70.99960952037932,0.12629382179135912,1495.3497189218194,1
0.3611013823389088,70.68452881643277,0.11305839459059563,1495.089981198858,1
0.3611013823389088,70.68452881643277,0.11305839459059563,1495.089981198858,1
0.35658263818520824,70.1294375538087,0.09780323520754008,1495.0604065620219,1
0.3706794080139303,70.8838185108082,0.13728864917481629,1496.0575625639626,1
0.3706794080139303,70.8838185108082,0.13728864917481629,1496.0575625639626,1
0.36807630362534527,69.63219181832908,0.11800880389980237,1497.9210918607355,1
0.36807630362534527,69.63219181832908,0.11800880389980237,1497.9210918607355,1
0.36544446015929466,69.58678659775549,0.10224950675031805,1497.421925120671,1
0.36682001994757785,70.56581469657851,0.12631959322426256,1495.1031593729338,1
0.36682001994757785,70.56581469657851,0.12631959322426256,1495.1031593729338,1
0.36682001994757785,70.56581469657851,0.12631959322426256,1495.1031593729338,1
0.35342564166149965,71.1448054125118,0.13875800581788986,1497.4700514848291,1
0.35342564166149965,71.1448054125118,0.13875800581788986,1497.4700514848291,1
0.3504088925715403,70.0818808625561,0.11604580750277993,1494.743056447239,1
0.3504088925715403,70.0818808625561,0.11604580750277993,1494.743056447239,1
0.3504088925715403,70.0818808625561,0.11604580750277993,1494.743056447239,1
0.3504088925715403,70.0818808625561,0.11604580750277993,1494.743056447239,1
0.3504088925715403,70.0818808625561,0.11604580750277993,1494.743056447239,1
0.3504088925715403,70.0818808625561,0.11604580750277993,1494.743056447239,1
0.3504088925715403,70.0818808625561,0.11604580750277993,1494.743056447239,1
0.33922164939138366,69.67451332928928,0.10326389148625767,1496.8852693829017,1
0.33922164939138366,69.67451332928928,0.10326389148625767,1496.8852693829017,1
0.33922164939138366,69.67451332928928,0.10326389148625767,1496.8852693829017,1
0.34428465405115016,69.83525532847302,0.0848524334340215,1495.365104233136,1
0.34428465405115016,69.83525532847302,0.0848524334340215,1495.365104233136,1
0.34428465405115016,69.83525532847302,0.0848524334340215,1495.365104233136,1
0.34428465405115016,69.83525532847302,0.0848524334340215,1495.365104233136,1
0.34428465405115016,69.83525532847302,0.0848524334340215,1495.365104233136,1
0.34428465405115016,69.83525532847302,0.0848524334340215,1495.365104233136,1
0.34428465405115016,69.83525532847302,0.0848524334340215,1495.365104233136,1
0.34428465405115016,69.83525532847302,0.0848524334340215,1495.365104233136,1
0.3403398928047991,69.46678169270201,0.08152693380489819,1495.5878209700518,1
0.34715869017031176,69.364132284508,0.06919235634133845,1498.364491492055,1
0.34715869017031176,69.364132284508,0.06919235634133845,1498.364491492055,1
0.34181254201637856,69.64608718462902,0.07318745341702793,1497.3119548425123,1
0.35597993468374534,70.01457152613398,0.08910307213090843,1496.5444493805296,1
0.3576764232037049,71.17290172329983,0.1083603923588072,1498.2170378216324,1
0.37027944559528525,70.95433183305275,0.1250044039110873,1496.8503168462446,1
0.3544133735436028,69.99390808700306,0.1065521977646208,1493.8847663718664,1
0.35838222736531206,70.77202935341693,0.1383054608217504,1496.079132359938,1
0.35838222736531206,70.77202935341693,0.1383054608217504,1496.079132359938,1
0.35838222736531206,70.77202935341693,0.1383054608217504,1496.079132359938,1
0.3415475801634282,69.40439458479075,0.09528853721411966,1495.7791794529548,1
0.3415475801634282,69.40439458479075,0.09528853721411966,1495.7791794529548,1
0.3415475801634282,69.40439458479075,0.09528853721411966,1495.7791794529548,1
0.3415475801634282,69.40439458479075,0.09528853721411966,1495.7791794529548,1
0.3415475801634282,69.40439458479075,0.09528853721411966,1495.7791794529548,1
0.3415475801634282,69.40439458479075,0.09528853721411966,1495.7791794529548,1
0.3415475801634282,69.40439458479075,0.09528853721411966,1495.7791794529548,1
0.3426984263763911,70.16187171200768,0.09800814179646737,1494.9596709206655,1
0.3426984263763911,70.16187171200768,0.09800814179646737,1494.9596709206655,1
0.3426984263763911,70.16187171200768,0.09800814179646737,1494.9596709206655,1
0.3426984263763911,70.16187171200768,0.09800814179646737,1494.9596709206655,1
0.3426984263763911,70.16187171200768,0.09800814179646737,1494.9596709206655,1
0.3484178643125703,70.7934265274654,0.1196676843277118,1495.545850828939,1
0.3484178643125703,70.7934265274654,0.1196676843277118,1495.545850828939,1
0.3484178643125703,70.7934265274654,0.1196676843277118,1495.545850828939,1
0.3484178643125703,70.7934265274654,0.1196676843277118,1495.545850828939,1
0.3484178643125703,70.7934265274654,0.1196676843277118,1495.545850828939,1
0.3343439205214578,70.65262064477413,0.10252892751958849,1499.5842452230174,1
0.3343439205214578,70.65262064477413,0.10252892751958849,1499.5842452230174,1
0.33412256406137947,70.11305848990332,0.08698579394594266,1497.7524563866648,1
0.34375165909067507,70.58105989841599,0.09328943231132734,1497.0613693100333,1
0.34375165909067507,70.58105989841599,0.09328943231132734,1497.0613693100333,1
0.34375165909067507,70.58105989841599,0.09328943231132734,1497.0613693100333,1
0.34125336649141075,69.13871436185582,0.0693692350324565,1497.2798841017698,1
0.36207280844382805,69.99924695175844,0.10838235699121923,1494.9887501798971,2
0.36207280844382805,69.99924695175844,0.10838235699121923,1494.9887501798971,2
0.37376817162063286,70.84986946351415,0.13106289480836936,1497.1566409169495,2
0.37376817162063286,70.84986946351415,0.13106289480836936,1497.1566409169495,2
0.37376817162063286,70.84986946351415,0.13106289480836936,1497.1566409169495,2
0.37376817162063286,70.84986946351415,0.13106289480836936,1497.1566409169495,2
0.37376817162063286,70.84986946351415,0.13106289480836936,1497.1566409169495,2
0.37376817162063286,70.84986946351415,0.13106289480836936,1497.1566409169495,2
0.37376817162063286,70.84986946351415,0.13106289480836936,1497.1566409169495,2
0.3604826498272295,71.33951357123348,0.12736579418677188,1496.316700854032,2
0.3403524995500462,70.6199295939519,0.11317357056473934,1497.4399922630373,2
0.3403524995500462,70.6199295939519,0.11317357056473934,1497.4399922630373,2
0.3452324211327106,70.36246606250955,0.11016232452227738,1494.9680954298142,2
0.3452324211327106,70.36246606250955,0.11016232452227738,1494.9680954298142,2
0.34264038993574913,70.67014625582175,0.10928519664948577,1496.3420187456782,2
0.34264038993574913,70.67014625582175,0.10928519664948577,1496.3420187456782,2
0.34264038993574913,70.67014625582175,0.10928519664948577,1496.3420187456782,2
0.34264038993574913,70.67014625582175,0.10928519664948577,1496.3420187456782,2
0.34264038993574913,70.67014625582175,0.10928519664948577,1496.3420187456782,2
0.3597023963024814,70.80776551344134,0.13953562953708595,1496.0543137653406,2
0.3597023963024814,70.80776551344134,0.13953562953708595,1496.0543137653406,2
0.3597023963024814,70.80776551344134,0.13953562953708595,1496.0543137653406,2
0.3597023963024814,70.80776551344134,0.13953562953708595,1496.0543137653406,2
0.3597023963024814,70.80776551344134,0.13953562953708595,1496.0543137653406,2
0.34291269480748954,69.8442859389285,0.10847196633255311,1496.0378321140222,2
0.34291269480748954,69.8442859389285,0.10847196633255311,1496.0378321140222,2
0.34291269480748954,69.8442859389285,0.10847196633255311,1496.0378321140222,2
0.34291269480748954,69.8442859389285,0.10847196633255311,1496.0378321140222,2
0.34291269480748954,69.8442859389285,0.10847196633255311,1496.0378321140222,2
0.34145775017770136,69.40984255567533,0.10731704145667559,1498.3840060135187,2
0.34145775017770136,69.40984255567533,0.10731704145667559,1498.3840060135187,2
0.34145775017770136,69.40984255567533,0.10731704145667559,1498.3840060135187,2
0.34145775017770136,69.40984255567533,0.10731704145667559,1498.3840060135187,2
0.34145775017770136,69.40984255567533,0.10731704145667559,1498.3840060135187,2
0.34145775017770136,69.40984255567533,0.10731704145667559,1498.3840060135187,2
0.34666488520577887,70.22029227545302,0.13315352472408007,1500.7167370084808,2
0.34666488520577887,70.22029227545302,0.13315352472408007,1500.7167370084808,2
0.3338123311190167,69.92560954652613,0.10632249332470935,1499.686916630995,2
0.3338123311190167,69.92560954652613,0.10632249332470935,1499.686916630995,2
0.3338123311190167,69.92560954652613,0.10632249332470935,1499.686916630995,2
0.3338123311190167,69.92560954652613,0.10632249332470935,1499.686916630995,2
0.3338123311190167,69.92560954652613,0.10632249332470935,1499.686916630995,2
0.33076058075100684,69.7880683310878,0.0722603713782416,1499.4964558371958,2
0.33076058075100684,69.7880683310878,0.0722603713782416,1499.4964558371958,2
0.33076058075100684,69.7880683310878,0.0722603713782416,1499.4964558371958,2
0.3566186926282567,71.52605778818766,0.13970831293157435,1497.685449070664,2
0.3566186926282567,71.52605778818766,0.13970831293157435,1497.685449070664,2
0.34735886850228426,71.11508774288257,0.13093246735264744,1498.2260421020248,2
0.32501727801394564,69.22720537182697,0.0884352083864266,1502.6795629965084,2
0.32501727801394564,69.22720537182697,0.0884352083864266,1502.6795629965084,2
0.32501727801394564,69.22720537182697,0.0884352083864266,1502.6795629965084,2
0.33541047149045283,69.05040601372313,0.08610902120273584,1497.7367911149643,2
0.35755107612882564,69.32131827454653,0.10499398210437459,1496.4884047666064,2
0.35755107612882564,69.32131827454653,0.10499398210437459,1496.4884047666064,2
0.35755107612882564,69.32131827454653,0.10499398210437459,1496.4884047666064,2
0.35755107612882564,69.32131827454653,0.10499398210437459,1496.4884047666064,2
0.3742799919570643,69.93681924905567,0.13571449923549603,1499.7772416285325,2
0.3742799919570643,69.93681924905567,0.13571449923549603,1499.7772416285325,2
0.3742799919570643,69.93681924905567,0.13571449923549603,1499.7772416285325,2
0.3742799919570643,69.93681924905567,0.13571449923549603,1499.7772416285325,2
0.3742799919570643,69.93681924905567,0.13571449923549603,1499.7772416285325,2
0.36901232737744927,70.39693502114923,0.12127207758756688,1495.9082445788738,2
0.3607524684056608,71.20970044896515,0.12567908436705738,1495.7998947117496,2
0.3616763609125685,70.26257768486504,0.11063854866067505,1494.6534329314238,2
0.3616763609125685,70.26257768486504,0.11063854866067505,1494.6534329314238,2
0.3616763609125685,70.26257768486504,0.11063854866067505,1494.6534329314238,2
0.3616763609125685,70.26257768486504,0.11063854866067505,1494.6534329314238,2
0.36326137049836527,69.77251616994593,0.10289650985085806,1496.1233847023,2
0.36614838184670123,70.27014841373679,0.12079882983893445,1495.20260203112,2
0.36614838184670123,70.27014841373679,0.12079882983893445,1495.20260203112,2
0.36614838184670123,70.27014841373679,0.12079882983893445,1495.20260203112,2
0.36614838184670123,70.27014841373679,0.12079882983893445,1495.20260203112,2
0.35381351299386615,69.9696816811038,0.1265006717998701,1496.8759178152682,2
0.35381351299386615,69.9696816811038,0.1265006717998701,1496.8759178152682,2
0.3580024244151248,70.0281553332432,0.1427422906129187,1501.3635567877363,2
0.36981940267119917,70.28794013970588,0.14541393324853083,1498.787724015095,2
0.3462905850597669,70.34184407187261,0.13155747133908213,1499.6658627835009,2
0.3462905850597669,70.34184407187261,0.13155747133908213,1499.6658627835009,2
0.3462905850597669,70.34184407187261,0.13155747133908213,1499.6658627835009,2
0.3462905850597669,70.34184407187261,0.13155747133908213,1499.6658627835009,2
0.3462905850597669,70.34184407187261,0.13155747133908213,1499.6658627835009,2
0.3462905850597669,70.34184407187261,0.13155747133908213,1499.6658627835009,2
0.3462905850597669,70.34184407187261,0.13155747133908213,1499.6658627835009,2
0.3462905850597669,70.34184407187261,0.13155747133908213,1499.6658627835009,2
0.3431670495805472,69.60953370127068,0.09669890123285783,1494.9544614502847,2
0.3431670495805472,69.60953370127068,0.09669890123285783,1494.9544614502847,2
0.3375179112049783,69.93423698789141,0.0939012855707948,1496.0187161909803,2
0.35223950769735113,71.18727100144473,0.13965064844413302,1498.1696785974705,2
0.3552737029832248,70.85427026667476,0.13763696184718027,1496.584570488125,2
0.3552737029832248,70.85427026667476,0.13763696184718027,1496.584570488125,2
0.3552737029832248,70.85427026667476,0.13763696184718027,1496.584570488125,2
0.3552737029832248,70.85427026667476,0.13763696184718027,1496.584570488125,2
0.3552737029832248,70.85427026667476,0.13763696184718027,1496.584570488125,2
0.3552737029832248,70.85427026667476,0.13763696184718027,1496.584570488125,2
0.3552737029832248,70.85427026667476,0.13763696184718027,1496.584570488125,2
0.3552737029832248,70.85427026667476,0.13763696184718027,1496.584570488125,2
0.3397642675496781,70.30099697656044,0.11109076016610892,1497.0852763874693,2
0.3521523508836052,70.44288329981292,0.11173778302039729,1493.9686311998887,2
0.34900198000415145,69.38782265715662,0.08772919832184353,1495.11738830962,2
0.3348507239598151,68.9512823946222,0.06894096522401313,1497.7362144170463,2
0.3348507239598151,68.9512823946222,0.06894096522401313,1497.7362144170463,2
0.3559460290366664,69.1008912613059,0.08340073017999114,1497.7101346708894,2
0.3559460290366664,69.1008912613059,0.08340073017999114,1497.7101346708894,2
0.3506739350305026,68.85865093397594,0.07297931040559891,1498.5250209476903,2
0.36047097756410007,70.41375403550752,0.12446914266970227,1494.3407954371803,2
0.36047097756410007,70.41375403550752,0.12446914266970227,1494.3407954371803,2
0.3520508230759878,69.70263267716132,0.1023008232061972,1494.2653893298234,2
0.3520508230759878,69.70263267716132,0.1023008232061972,1494.2653893298234,2
0.3520508230759878,69.70263267716132,0.1023008232061972,1494.2653893298234,2
0.3520508230759878,69.70263267716132,0.1023008232061972,1494.2653893298234,2
0.3520508230759878,69.70263267716132,0.1023008232061972,1494.2653893298234,2
0.3520508230759878,69.70263267716132,0.1023008232061972,1494.2653893298234,2
0.3520508230759878,69.70263267716132,0.1023008232061972,1494.2653893298234,2
0.3520508230759878,69.70263267716132,0.1023008232061972,1494.2653893298234,2
0.3681917347872443,70.20292949589091,0.1283054834777363,1496.0775740641268,2
0.3681917347872443,70.20292949589091,0.1283054834777363,1496.0775740641268,2
0.3681917347872443,70.20292949589091,0.1283054834777363,1496.0775740641268,2
0.3681917347872443,70.20292949589091,0.1283054834777363,1496.0775740641268,2
0.3681917347872443,70.20292949589091,0.1283054834777363,1496.0775740641268,2
0.3681917347872443,70.20292949589091,0.1283054834777363,1496.0775740641268,2
0.3681917347872443,70.20292949589091,0.1283054834777363,1496.0775740641268,2
0.3681917347872443,70.20292949589091,0.1283054834777363,1496.0775740641268,2
0.3681917347872443,70.20292949589091,0.1283054834777363,1496.0775740641268,2
0.3747290759278632,71.109393998532,0.15211800517421553,1497.81496656017,2
0.3747290759278632,71.109393998532,0.15211800517421553,1497.81496656017,2
0.3747290759278632,71.109393998532,0.15211800517421553,1497.81496656017,2
0.3747290759278632,71.109393998532,0.15211800517421553,1497.81496656017,2
0.37303062740549414,70.363955935575,0.13601631835599384,1497.3239939988587,2
0.37303062740549414,70.363955935575,0.13601631835599384,1497.3239939988587,2
0.37303062740549414,70.363955935575,0.13601631835599384,1497.3239939988587,2
0.37303062740549414,70.363955935575,0.13601631835599384,1497.3239939988587,2
0.37303062740549414,70.363955935575,0.13601631835599384,1497.3239939988587,2
0.38359070197437223,70.75578787649913,0.15455728537987432,1501.1887076612552,2
0.38359070197437223,70.75578787649913,0.15455728537987432,1501.1887076612552,2
0.3619838841019778,68.77735306728363,0.10801224827143978,1502.3664989218478,2
0.3619838841019778,68.77735306728363,0.10801224827143978,1502.3664989218478,2
0.3648403451162243,69.58598647476536,0.11383580274763037,1497.0202803651162,2
0.3648403451162243,69.58598647476536,0.11383580274763037,1497.0202803651162,2
0.3648403451162243,69.58598647476536,0.11383580274763037,1497.0202803651162,2
0.3530481932973045,69.06683966288335,0.10301070199129982,1497.6906966201616,2
0.3530481932973045,69.06683966288335,0.10301070199129982,1497.6906966201616,2
0.3530481932973045,69.06683966288335,0.10301070199129982,1497.6906966201616,2
0.3530481932973045,69.06683966288335,0.10301070199129982,1497.6906966201616,2
0.3619138613477709,69.51741293548942,0.09143220669749838,1497.6506765655743,2
0.3619138613477709,69.51741293548942,0.09143220669749838,1497.6506765655743,2
0.35725837997978377,69.91139898910015,0.07716608917549461,1500.6424326370893,2
0.35725837997978377,69.91139898910015,0.07716608917549461,1500.6424326370893,2
0.35725837997978377,69.91139898910015,0.07716608917549461,1500.6424326370893,2
0.3519117348727193,70.50475593006615,0.0863448000372628,1498.996091078038,2
0.3731848851499049,70.9787289255015,0.15260862217428756,1497.83239551781,2
0.3731848851499049,70.9787289255015,0.15260862217428756,1497.83239551781,2
0.3731848851499049,70.9787289255015,0.15260862217428756,1497.83239551781,2
0.3731848851499049,70.9787289255015,0.15260862217428756,1497.83239551781,2
0.36293104543978466,70.12051978264519,0.11899933086689264,1494.7934458091695,2
0.36293104543978466,70.12051978264519,0.11899933086689264,1494.7934458091695,2
0.36293104543978466,70.12051978264519,0.11899933086689264,1494.7934458091695,2
0.36293104543978466,70.12051978264519,0.11899933086689264,1494.7934458091695,2
0.35863842878953456,69.23314450568061,0.09812415065672747,1496.8945214008297,2
0.35863842878953456,69.23314450568061,0.09812415065672747,1496.8945214008297,2
0.35863842878953456,69.23314450568061,0.09812415065672747,1496.8945214008297,2
0.36091498771162045,71.6961481675774,0.13360761748143837,1498.0499988634388,2
0.36091498771162045,71.6961481675774,0.13360761748143837,1498.0499988634388,2
0.36655561814034204,71.9625879947529,0.14803811887084672,1499.2869465432466,2
0.36655561814034204,71.9625879947529,0.14803811887084672,1499.2869465432466,2
0.36655561814034204,71.9625879947529,0.14803811887084672,1499.2869465432466,2
0.35509540610794543,71.43129036751895,0.1480969524878839,1499.4709384612954,2
0.35509540610794543,71.43129036751895,0.1480969524878839,1499.4709384612954,2
0.35509540610794543,71.43129036751895,0.1480969524878839,1499.4709384612954,2
0.35509540610794543,71.43129036751895,0.1480969524878839,1499.4709384612954,2
0.375157184184194,71.50574702616451,0.15074919041883622,1498.259738203321,2
0.375157184184194,71.50574702616451,0.15074919041883622,1498.259738203321,2
0.375157184184194,71.50574702616451,0.15074919041883622,1498.259738203321,2
0.375157184184194,71.50574702616451,0.15074919041883622,1498.259738203321,2
0.37011394273218295,71.39971192507919,0.1492662337249089,1497.1737147106426,2
0.3611371796668618,71.32266823688174,0.14805550316356278,1497.4590051670311,2
0.3611371796668618,71.32266823688174,0.14805550316356278,1497.4590051670311,2
0.3611371796668618,71.32266823688174,0.14805550316356278,1497.4590051670311,2
0.3611371796668618,71.32266823688174,0.14805550316356278,1497.4590051670311,2
0.3611371796668618,71.32266823688174,0.14805550316356278,1497.4590051670311,2
0.3611371796668618,71.32266823688174,0.14805550316356278,1497.4590051670311,2
0.3393159407298161,69.82833218559382,0.09785487029060236,1495.6822557843982,2
0.3393159407298161,69.82833218559382,0.09785487029060236,1495.6822557843982,2
0.3393159407298161,69.82833218559382,0.09785487029060236,1495.6822557843982,2
0.3393159407298161,69.82833218559382,0.09785487029060236,1495.6822557843982,2
0.3393159407298161,69.82833218559382,0.09785487029060236,1495.6822557843982,2
0.34994923414475476,70.13907298946921,0.13126601581676275,1498.7804448355596,2
0.3328506565843999,68.7702969238414,0.09636345439902752,1503.7299876246443,2
0.3328506565843999,68.7702969238414,0.09636345439902752,1503.7299876246443,2
0.3328506565843999,68.7702969238414,0.09636345439902752,1503.7299876246443,2
0.3328506565843999,68.7702969238414,0.09636345439902752,1503.7299876246443,2
0.3328506565843999,68.7702969238414,0.09636345439902752,1503.7299876246443,2
0.33532243901704767,69.78337235228453,0.10427471907158231,1498.6239657867955,2
0.33709095939256734,69.12125029849392,0.0734590278905499,1496.831682540725,2
0.33709095939256734,69.12125029849392,0.0734590278905499,1496.831682540725,2
0.33709095939256734,69.12125029849392,0.0734590278905499,1496.831682540725,2
0.33709095939256734,69.12125029849392,0.0734590278905499,1496.831682540725,2
0.33709095939256734,69.12125029849392,0.0734590278905499,1496.831682540725,2
0.33709095939256734,69.12125029849392,0.0734590278905499,1496.831682540725,2
0.33709095939256734,69.12125029849392,0.0734590278905499,1496.831682540725,2
0.34104082759811233,69.7294645971676,0.09669382917499318,1495.202489620851,2
0.34104082759811233,69.7294645971676,0.09669382917499318,1495.202489620851,2
0.335000872345985,68.86243617616041,0.08443123880842161,1498.608133112216,2
0.3469768021812999,68.5286302226291,0.08607030261402603,1499.6029796734144,2
0.3469768021812999,68.5286302226291,0.08607030261402603,1499.6029796734144,2
0.34589952711767347,70.05518973172092,0.10347969338025134,1494.3095493456492,2
0.3482235577779624,70.45692149910529,0.10220956999469323,1494.7331416041948,2
0.3482235577779624,70.45692149910529,0.10220956999469323,1494.7331416041948,2
0.3482235577779624,70.45692149910529,0.10220956999469323,1494.7331416041948,2
0.35997304354508064,70.62375920535881,0.13030314652259845,1494.6998354791444,2
0.35997304354508064,70.62375920535881,0.13030314652259845,1494.6998354791444,2
0.3592071449635376,70.34259364165808,0.12758104685074298,1494.8395790152586,2
0.3601236411504898,70.4021299965709,0.1293369028816771,1494.918926826941,2
0.3687149587056011,70.35380610156349,0.12484796748701113,1495.7285982686465,2
0.3687149587056011,70.35380610156349,0.12484796748701113,1495.7285982686465,2
0.3687149587056011,70.35380610156349,0.12484796748701113,1495.7285982686465,2
0.3389562430913458,69.50809850390314,0.08798352291254807,1495.5706754382973,2
0.3389562430913458,69.50809850390314,0.08798352291254807,1495.5706754382973,2
0.3389562430913458,69.50809850390314,0.08798352291254807,1495.5706754382973,2
0.3389562430913458,69.50809850390314,0.08798352291254807,1495.5706754382973,2
0.3389562430913458,69.50809850390314,0.08798352291254807,1495.5706754382973,2
0.3389562430913458,69.50809850390314,0.08798352291254807,1495.5706754382973,2
0.32384539886039676,69.7459772815457,0.07698478807337161,1501.742361281788,2
0.32384539886039676,69.7459772815457,0.07698478807337161,1501.742361281788,2
0.33765163574154106,70.94262381508244,0.11677660247307398,1500.3046613941192,2
0.3306343831486017,70.22299191270722,0.10690916368927095,1501.64355628693,2
0.3306343831486017,70.22299191270722,0.10690916368927095,1501.64355628693,2
0.3306343831486017,70.22299191270722,0.10690916368927095,1501.64355628693,2
0.3424694128652173,69.25383454912202,0.1158344610547247,1502.510848994835,2
0.3424694128652173,69.25383454912202,0.1158344610547247,1502.510848994835,2
0.3424694128652173,69.25383454912202,0.1158344610547247,1502.510848994835,2
0.3424694128652173,69.25383454912202,0.1158344610547247,1502.510848994835,2
0.3603841513065175,69.68889882930159,0.14459811931972838,1504.9457324436123,2
0.3686835047052991,70.45680348679427,0.16817077603978947,1506.802837366861,2
0.3686835047052991,70.45680348679427,0.16817077603978947,1506.802837366861,2
0.3686835047052991,70.45680348679427,0.16817077603978947,1506.802837366861,2
0.36319713074266435,68.76304750991441,0.11923424348880599,1505.6978166636259,2
0.3633929029277181,70.08874851239379,0.11616201039008664,1494.895320081512,2
0.3633929029277181,70.08874851239379,0.11616201039008664,1494.895320081512,2
0.37920243717724944,70.7334791742721,0.1457387002571712,1498.9420095648916,2
0.3858558473968765,70.82236195614259,0.14083878768654956,1502.2128861105896,2
0.3858558473968765,70.82236195614259,0.14083878768654956,1502.2128861105896,2
0.3858558473968765,70.82236195614259,0.14083878768654956,1502.2128861105896,2
0.385126278818761,71.36263036316652,0.15973447453777864,1501.3375528950437,2
0.385126278818761,71.36263036316652,0.15973447453777864,1501.3375528950437,2
0.385126278818761,71.36263036316652,0.15973447453777864,1501.3375528950437,2
0.385126278818761,71.36263036316652,0.15973447453777864,1501.3375528950437,2
0.385126278818761,71.36263036316652,0.15973447453777864,1501.3375528950437,2
0.385126278818761,71.36263036316652,0.15973447453777864,1501.3375528950437,2
0.3832655908830939,71.53807009659353,0.16580264878595619,1501.1483204100564,2
0.36536907886095593,70.45160881850526,0.0906067683015708,1501.9811807328679,2
0.36536907886095593,70.45160881850526,0.0906067683015708,1501.9811807328679,2
0.339815776065992,69.2225029995128,0.06169568835602201,1499.279933266752,2
0.3411853668858366,69.2899153987583,0.08293985992496095,1495.5870015200464,2
0.3411853668858366,69.2899153987583,0.08293985992496095,1495.5870015200464,2
0.3411853668858366,69.2899153987583,0.08293985992496095,1495.5870015200464,2
0.34036570775771224,69.51643083271345,0.07988955873274069,1495.772350171527,2
0.3423114399512469,69.66149023605247,0.09712847727078357,1495.0515360164402,2
0.3418704906587894,69.66490039870195,0.09667032761262809,1495.1070176516587,2
0.3418704906587894,69.66490039870195,0.09667032761262809,1495.1070176516587,2
0.3499690205657758,70.85701599334365,0.1273377447100653,1496.1361337228127,2
0.3499690205657758,70.85701599334365,0.1273377447100653,1496.1361337228127,2
0.3499690205657758,70.85701599334365,0.1273377447100653,1496.1361337228127,2
0.3499690205657758,70.85701599334365,0.1273377447100653,1496.1361337228127,2
0.3499690205657758,70.85701599334365,0.1273377447100653,1496.1361337228127,2
0.3499690205657758,70.85701599334365,0.1273377447100653,1496.1361337228127,2
0.3499690205657758,70.85701599334365,0.1273377447100653,1496.1361337228127,2
0.3499690205657758,70.85701599334365,0.1273377447100653,1496.1361337228127,2
0.3499690205657758,70.85701599334365,0.1273377447100653,1496.1361337228127,2
0.3499690205657758,70.85701599334365,0.1273377447100653,1496.1361337228127,2
0.3499690205657758,70.85701599334365,0.1273377447100653,1496.1361337228127,2
0.3499690205657758,70.85701599334365,0.1273377447100653,1496.1361337228127,2
0.34680423459537923,71.12549451338874,0.13207153908781175,1498.7456952683772,2
0.3320704863460363,70.24420632958117,0.10528182925548955,1500.2552566810027,2
0.3320704863460363,70.24420632958117,0.10528182925548955,1500.2552566810027,2
0.3320704863460363,70.24420632958117,0.10528182925548955,1500.2552566810027,2
0.3320704863460363,70.24420632958117,0.10528182925548955,1500.2552566810027,2
0.3320704863460363,70.24420632958117,0.10528182925548955,1500.2552566810027,2
0.32718441010368476,69.73694284186902,0.0759886599572203,1500.0731483249772,2
0.32718441010368476,69.73694284186902,0.0759886599572203,1500.0731483249772,2
0.32718441010368476,69.73694284186902,0.0759886599572203,1500.0731483249772,2
0.32718441010368476,69.73694284186902,0.0759886599572203,1500.0731483249772,2
0.32718441010368476,69.73694284186902,0.0759886599572203,1500.0731483249772,2
0.32718441010368476,69.73694284186902,0.0759886599572203,1500.0731483249772,2
0.32758191809461445,69.00575949638166,0.06795523438349732,1499.4862803122091,2
0.32758191809461445,69.00575949638166,0.06795523438349732,1499.4862803122091,2
0.32758191809461445,69.00575949638166,0.06795523438349732,1499.4862803122091,2
0.3385362163659221,68.88805236959789,0.06789428627608782,1497.674254271541,2
0.3394863825701203,69.15112531255525,0.06661046192601454,1497.8039279872708,2
0.3479879188695446,69.78144352405454,0.0736455805878652,1498.4418921264125,2
0.3518993791348062,69.1837640837427,0.07492221255914684,1497.8913518668805,2
0.3518993791348062,69.1837640837427,0.07492221255914684,1497.8913518668805,2
0.3518993791348062,69.1837640837427,0.07492221255914684,1497.8913518668805,2
0.3518993791348062,69.1837640837427,0.07492221255914684,1497.8913518668805,2
0.3518993791348062,69.1837640837427,0.07492221255914684,1497.8913518668805,2
0.3518993791348062,69.1837640837427,0.07492221255914684,1497.8913518668805,2
0.3329313259196373,69.2733357194747,0.07587113338229091,1497.3554295015015,2
0.3329313259196373,69.2733357194747,0.07587113338229091,1497.3554295015015,2
0.3329313259196373,69.2733357194747,0.07587113338229091,1497.3554295015015,2
0.3329313259196373,69.2733357194747,0.07587113338229091,1497.3554295015015,2
0.33558426784728135,69.81348224396444,0.07451258288136778,1498.0436743578643,2
0.33558426784728135,69.81348224396444,0.07451258288136778,1498.0436743578643,2
0.33558426784728135,69.81348224396444,0.07451258288136778,1498.0436743578643,2
0.33558426784728135,69.81348224396444,0.07451258288136778,1498.0436743578643,2
0.34993692162376594,71.30749493491363,0.13810660082553494,1499.0095086562087,2
0.34993692162376594,71.30749493491363,0.13810660082553494,1499.0095086562087,2
0.34993692162376594,71.30749493491363,0.13810660082553494,1499.0095086562087,2
0.34993692162376594,71.30749493491363,0.13810660082553494,1499.0095086562087,2
0.34993692162376594,71.30749493491363,0.13810660082553494,1499.0095086562087,2
0.34993692162376594,71.30749493491363,0.13810660082553494,1499.0095086562087,2
0.34059316769856773,70.9846318652625,0.12881044097680328,1501.263236351865,2
0.34059316769856773,70.9846318652625,0.12881044097680328,1501.263236351865,2
0.34059316769856773,70.9846318652625,0.12881044097680328,1501.263236351865,2
0.34059316769856773,70.9846318652625,0.12881044097680328,1501.263236351865,2
0.34059316769856773,70.9846318652625,0.12881044097680328,1501.263236351865,2
0.3472478242494896,69.67996804875845,0.10614574731699221,1495.060423841659,2
0.34933784598678624,68.8353374761687,0.10279519709638876,1499.9052127905948,2
0.3498486303653755,68.97364124726501,0.07035611725801774,1498.5773905539304,2
0.3498486303653755,68.97364124726501,0.07035611725801774,1498.5773905539304,2
0.34508685596141553,69.68134765432163,0.095974411077063,1494.4820947802464,2
0.34508685596141553,69.68134765432163,0.095974411077063,1494.4820947802464,2
0.34508685596141553,69.68134765432163,0.095974411077063,1494.4820947802464,2
0.34508685596141553,69.68134765432163,0.095974411077063,1494.4820947802464,2
0.34508685596141553,69.68134765432163,0.095974411077063,1494.4820947802464,2
0.34508685596141553,69.68134765432163,0.095974411077063,1494.4820947802464,2
0.34508685596141553,69.68134765432163,0.095974411077063,1494.4820947802464,2
0.34508685596141553,69.68134765432163,0.095974411077063,1494.4820947802464,2
0.34508685596141553,69.68134765432163,0.095974411077063,1494.4820947802464,2
0.34508685596141553,69.68134765432163,0.095974411077063,1494.4820947802464,2
0.34508685596141553,69.68134765432163,0.095974411077063,1494.4820947802464,2
0.34508685596141553,69.68134765432163,0.095974411077063,1494.4820947802464,2
0.34508685596141553,69.68134765432163,0.095974411077063,1494.4820947802464,2
0.3554537416183439,69.67606172023476,0.10496265698338758,1494.6034940261723,2
0.3554537416183439,69.67606172023476,0.10496265698338758,1494.6034940261723,2
0.3554537416183439,69.67606172023476,0.10496265698338758,1494.6034940261723,2
0.3554537416183439,69.67606172023476,0.10496265698338758,1494.6034940261723,2
0.3554537416183439,69.67606172023476,0.10496265698338758,1494.6034940261723,2
0.3600731428820725,70.06546867185797,0.09896755383304467,1495.6414379269745,2
0.3600731428820725,70.06546867185797,0.09896755383304467,1495.6414379269745,2
0.3600731428820725,70.06546867185797,0.09896755383304467,1495.6414379269745,2
0.3600579066489831,69.7963729870031,0.1062009007929456,1494.964998657956,2
0.3600579066489831,69.7963729870031,0.1062009007929456,1494.964998657956,2
0.3523645220650612,70.37830610827015,0.11001702541344781,1493.8883799438981,2
0.3499885895062244,69.9923450532231,0.10687508525023952,1493.9795052489965,2
0.3499885895062244,69.9923450532231,0.10687508525023952,1493.9795052489965,2
0.3499885895062244,69.9923450532231,0.10687508525023952,1493.9795052489965,2
0.3499885895062244,69.9923450532231,0.10687508525023952,1493.9795052489965,2
0.3499885895062244,69.9923450532231,0.10687508525023952,1493.9795052489965,2
0.3499885895062244,69.9923450532231,0.10687508525023952,1493.9795052489965,2
0.3499885895062244,69.9923450532231,0.10687508525023952,1493.9795052489965,2
0.3499885895062244,69.9923450532231,0.10687508525023952,1493.9795052489965,2
0.3499885895062244,69.9923450532231,0.10687508525023952,1493.9795052489965,2
0.3499885895062244,69.9923450532231,0.10687508525023952,1493.9795052489965,2
0.3499885895062244,69.9923450532231,0.10687508525023952,1493.9795052489965,2
0.3499885895062244,69.9923450532231,0.10687508525023952,1493.9795052489965,2
0.3499885895062244,69.9923450532231,0.10687508525023952,1493.9795052489965,2
0.3499885895062244,69.9923450532231,0.10687508525023952,1493.9795052489965,2
0.36133150715955614,70.85889304091815,0.10066191414727962,1499.1271978194181,2
0.3435775447296055,69.15138921360263,0.07163917665582416,1497.0007945286477,2
0.3435775447296055,69.15138921360263,0.07163917665582416,1497.0007945286477,2
0.3435775447296055,69.15138921360263,0.07163917665582416,1497.0007945286477,2
0.3497680136636834,69.62110874419356,0.110809459322431,1495.7082916694683,2
0.3601598748817038,70.70627248232304,0.12775632022185446,1494.4454181278172,2
0.3601598748817038,70.70627248232304,0.12775632022185446,1494.4454181278172,2
0.3601598748817038,70.70627248232304,0.12775632022185446,1494.4454181278172,2
0.3778886901143601,70.23768477899247,0.13048993220385452,1499.3377725371588,2
0.3475484780141625,69.00915714187214,0.10132596577815647,1498.151637789614,2
0.3475484780141625,69.00915714187214,0.10132596577815647,1498.151637789614,2
0.34647644002932715,69.32609414682976,0.09887512611437292,1495.7173255234154,2
0.3466594883416932,68.971954400908,0.0770634789545258,1496.8313279485133,2
0.3462165184454482,69.40269490516356,0.07181672969179248,1497.4931818782406,2
0.3654231141934116,71.26147900107114,0.13676598047924987,1495.9393909324729,2
0.3654231141934116,71.26147900107114,0.13676598047924987,1495.9393909324729,2
0.3654231141934116,71.26147900107114,0.13676598047924987,1495.9393909324729,2
0.3555948988813292,70.78039490034023,0.1210605474974789,1494.4119700265599,2
0.3555948988813292,70.78039490034023,0.1210605474974789,1494.4119700265599,2
0.3555948988813292,70.78039490034023,0.1210605474974789,1494.4119700265599,2
0.3555948988813292,70.78039490034023,0.1210605474974789,1494.4119700265599,2
0.3555948988813292,70.78039490034023,0.1210605474974789,1494.4119700265599,2
0.3555948988813292,70.78039490034023,0.1210605474974789,1494.4119700265599,2
0.3555948988813292,70.78039490034023,0.1210605474974789,1494.4119700265599,2
0.3555948988813292,70.78039490034023,0.1210605474974789,1494.4119700265599,2
0.3555948988813292,70.78039490034023,0.1210605474974789,1494.4119700265599,2
0.35541618203205466,70.03337549829064,0.10380950921928228,1494.0392566156838,2
0.35419631567003607,70.60166845454205,0.12093140159864255,1494.2605145380433,2
0.35419631567003607,70.60166845454205,0.12093140159864255,1494.2605145380433,2
0.35419631567003607,70.60166845454205,0.12093140159864255,1494.2605145380433,2
0.35419631567003607,70.60166845454205,0.12093140159864255,1494.2605145380433,2
0.35419631567003607,70.60166845454205,0.12093140159864255,1494.2605145380433,2
0.3586614931680107,70.71284757160963,0.13264184524154868,1495.049667173852,2
0.36679548346792357,70.6410472296319,0.13468632724673218,1495.3750432654494,2
0.36679548346792357,70.6410472296319,0.13468632724673218,1495.3750432654494,2
0.36679548346792357,70.6410472296319,0.13468632724673218,1495.3750432654494,2
0.36679548346792357,70.6410472296319,0.13468632724673218,1495.3750432654494,2
0.35445582232629286,69.7269141036512,0.09961296035854722,1494.40219568172,2
0.35445582232629286,69.7269141036512,0.09961296035854722,1494.40219568172,2
0.34921581911145516,70.04174810183076,0.09788129166736968,1494.11382295131,2
0.34690989717789655,68.9745593365407,0.08669312685824004,1496.500693127486,2
0.34690989717789655,68.9745593365407,0.08669312685824004,1496.500693127486,2
0.34690989717789655,68.9745593365407,0.08669312685824004,1496.500693127486,2
0.34690989717789655,68.9745593365407,0.08669312685824004,1496.500693127486,2
0.35148062500561233,69.3328693980769,0.09364992932690948,1495.2681549514534,2
0.35148062500561233,69.3328693980769,0.09364992932690948,1495.2681549514534,2
0.35148062500561233,69.3328693980769,0.09364992932690948,1495.2681549514534,2
0.3480216679746932,69.83919106078085,0.10788177794935376,1494.6405832265882,2
0.3480216679746932,69.83919106078085,0.10788177794935376,1494.6405832265882,2
0.35910487745432285,71.15449719995405,0.12662363435732274,1495.438417986038,2
0.35543665412614217,71.03113515540478,0.13576948059675265,1496.1728566698332,2
0.34434951129080776,70.03575335560465,0.10353358094872805,1494.62607181451,2
0.34434951129080776,70.03575335560465,0.10353358094872805,1494.62607181451,2
0.3470592090752984,69.87013910713529,0.07657825444570665,1497.6920682339519,2
0.3470592090752984,69.87013910713529,0.07657825444570665,1497.6920682339519,2
0.3455208173506459,69.51199878812858,0.07322088125715208,1497.2316530933067,2
0.3455208173506459,69.51199878812858,0.07322088125715208,1497.2316530933067,2
0.3455208173506459,69.51199878812858,0.07322088125715208,1497.2316530933067,2
0.3455208173506459,69.51199878812858,0.07322088125715208,1497.2316530933067,2
0.3399228332799108,68.08948877949159,0.035791796549558004,1507.837223567338,2
0.3399228332799108,68.08948877949159,0.035791796549558004,1507.837223567338,2
0.3542243276591983,68.25022243445532,0.04552905031567213,1509.816333516976,2
0.3542243276591983,68.25022243445532,0.04552905031567213,1509.816333516976,2
0.3261369926440476,67.71839567445217,0.03662263154781404,1506.751628878365,2
0.3261369926440476,67.71839567445217,0.03662263154781404,1506.751628878365,2
0.3422118935064384,69.20006340924948,0.08459392635735975,1495.684795681235,2
0.3422118935064384,69.20006340924948,0.08459392635735975,1495.684795681235,2
0.3422118935064384,69.20006340924948,0.08459392635735975,1495.684795681235,2
0.3422118935064384,69.20006340924948,0.08459392635735975,1495.684795681235,2
0.3422118935064384,69.20006340924948,0.08459392635735975,1495.684795681235,2
0.3422118935064384,69.20006340924948,0.08459392635735975,1495.684795681235,2
0.3422118935064384,69.20006340924948,0.08459392635735975,1495.684795681235,2
0.3422118935064384,69.20006340924948,0.08459392635735975,1495.684795681235,2
0.3422118935064384,69.20006340924948,0.08459392635735975,1495.684795681235,2
0.3422118935064384,69.20006340924948,0.08459392635735975,1495.684795681235,2
0.33343738230087205,70.07314449569627,0.10522949771020909,1499.4040395357629,2
0.33343738230087205,70.07314449569627,0.10522949771020909,1499.4040395357629,2
0.31888675631337676,68.90372764893506,0.06891463598061909,1503.9314558973729,2
0.31888675631337676,68.90372764893506,0.06891463598061909,1503.9314558973729,2
0.31888675631337676,68.90372764893506,0.06891463598061909,1503.9314558973729,2
0.31888675631337676,68.90372764893506,0.06891463598061909,1503.9314558973729,2
0.31888675631337676,68.90372764893506,0.06891463598061909,1503.9314558973729,2
0.34100019130269216,70.69155690084357,0.10184201885492887,1497.0735254179074,2
0.34100019130269216,70.69155690084357,0.10184201885492887,1497.0735254179074,2
0.34100019130269216,70.69155690084357,0.10184201885492887,1497.0735254179074,2
0.34100019130269216,70.69155690084357,0.10184201885492887,1497.0735254179074,2
0.34100019130269216,70.69155690084357,0.10184201885492887,1497.0735254179074,2
0.34100019130269216,70.69155690084357,0.10184201885492887,1497.0735254179074,2
0.34100019130269216,70.69155690084357,0.10184201885492887,1497.0735254179074,2
0.34100019130269216,70.69155690084357,0.10184201885492887,1497.0735254179074,2
0.34100019130269216,70.69155690084357,0.10184201885492887,1497.0735254179074,2
0.34100019130269216,70.69155690084357,0.10184201885492887,1497.0735254179074,2
0.34100019130269216,70.69155690084357,0.10184201885492887,1497.0735254179074,2
0.34100019130269216,70.69155690084357,0.10184201885492887,1497.0735254179074,2
0.3458997273491023,70.88686420404085,0.11077309241313943,1496.3067389701514,2
0.35500955756878744,70.89764655528744,0.11695782636800527,1494.8989930352905,2
0.3430370520555398,69.64747656219645,0.09953495783146009,1495.1558811389486,2
0.3430370520555398,69.64747656219645,0.09953495783146009,1495.1558811389486,2
0.3430370520555398,69.64747656219645,0.09953495783146009,1495.1558811389486,2
0.3430370520555398,69.64747656219645,0.09953495783146009,1495.1558811389486,2
0.3430370520555398,69.64747656219645,0.09953495783146009,1495.1558811389486,2
0.3463518461535963,69.55839608407807,0.1121783805936435,1497.1761868408491,2
0.3463518461535963,69.55839608407807,0.1121783805936435,1497.1761868408491,2
0.3463518461535963,69.55839608407807,0.1121783805936435,1497.1761868408491,2
0.37151371178192993,70.96644927080986,0.1238501388313786,1497.545995931211,2
0.37151371178192993,70.96644927080986,0.1238501388313786,1497.545995931211,2
0.37151371178192993,70.96644927080986,0.1238501388313786,1497.545995931211,2
0.37151371178192993,70.96644927080986,0.1238501388313786,1497.545995931211,2
0.37151371178192993,70.96644927080986,0.1238501388313786,1497.545995931211,2
0.37151371178192993,70.96644927080986,0.1238501388313786,1497.545995931211,2
0.37151371178192993,70.96644927080986,0.1238501388313786,1497.545995931211,2
0.37151371178192993,70.96644927080986,0.1238501388313786,1497.545995931211,2
0.349505728789015,70.5728346709284,0.09463238195769207,1496.5768560576266,2
0.3603707198293845,70.51317121408428,0.09585149689415516,1498.1415636999707,2
0.3603707198293845,70.51317121408428,0.09585149689415516,1498.1415636999707,2
0.3603707198293845,70.51317121408428,0.09585149689415516,1498.1415636999707,2
0.3603707198293845,70.51317121408428,0.09585149689415516,1498.1415636999707,2
0.3613395263337224,71.29636616719175,0.11453669264866748,1498.2975837232468,2
0.3613395263337224,71.29636616719175,0.11453669264866748,1498.2975837232468,2
0.33416660080658234,70.25501611972243,0.09605572713407386,1497.9833135551519,2
0.33416660080658234,70.25501611972243,0.09605572713407386,1497.9833135551519,2
0.33416660080658234,70.25501611972243,0.09605572713407386,1497.9833135551519,2
0.34051942817370123,70.8653565712509,0.09577502930718197,1499.1238406253376,2
0.3393640568248551,70.82237596510736,0.12460113739684703,1500.6775544079946,2
0.3402317134887254,70.21200270987246,0.08591917656053452,1496.8545346567403,2
0.3554329008771628,69.6037437710869,0.08894229563309167,1495.8481738132243,2
0.3554329008771628,69.6037437710869,0.08894229563309167,1495.8481738132243,2
0.3604926066513023,70.46851799353811,0.13083948695299344,1494.9812715136732,2
0.3604926066513023,70.46851799353811,0.13083948695299344,1494.9812715136732,2
0.3604926066513023,70.46851799353811,0.13083948695299344,1494.9812715136732,2
0.3440814584328661,70.26299440597855,0.1279172838342644,1499.7854090399042,2
0.35316759582771134,70.4087277714666,0.12134560400507892,1494.459565474591,2
0.35316759582771134,70.4087277714666,0.12134560400507892,1494.459565474591,2
0.35316759582771134,70.4087277714666,0.12134560400507892,1494.459565474591,2
0.35316759582771134,70.4087277714666,0.12134560400507892,1494.459565474591,2
0.35316759582771134,70.4087277714666,0.12134560400507892,1494.459565474591,2
0.35316759582771134,70.4087277714666,0.12134560400507892,1494.459565474591,2
0.35316759582771134,70.4087277714666,0.12134560400507892,1494.459565474591,2
0.3706408304414057,70.43016081739374,0.11436635687547168,1497.394443690533,2
0.37486412109366474,71.24836464889877,0.1590434682595696,1498.7204156598164,2
0.3525345266592599,71.6410583381613,0.14570961613133776,1500.503393110923,2
0.3595312993151341,71.40834441328586,0.1074911925197029,1501.018336204359,2
0.3595312993151341,71.40834441328586,0.1074911925197029,1501.018336204359,2
0.3585685318417922,70.66023185888997,0.08521226006872007,1502.8236567920367,2
0.3585685318417922,70.66023185888997,0.08521226006872007,1502.8236567920367,2
0.3585685318417922,70.66023185888997,0.08521226006872007,1502.8236567920367,2
0.3585685318417922,70.66023185888997,0.08521226006872007,1502.8236567920367,2
0.3585685318417922,70.66023185888997,0.08521226006872007,1502.8236567920367,2
0.3513423539584814,68.85307381397568,0.07555731162741386,1498.3136121679806,2
0.3603798275060924,70.60083143211281,0.10159318830133329,1496.910333621464,2
0.3533711270167053,70.53665910920382,0.11500037059859235,1494.0345464750496,2
0.3533711270167053,70.53665910920382,0.11500037059859235,1494.0345464750496,2
0.3533711270167053,70.53665910920382,0.11500037059859235,1494.0345464750496,2
0.3533711270167053,70.53665910920382,0.11500037059859235,1494.0345464750496,2
0.3533711270167053,70.53665910920382,0.11500037059859235,1494.0345464750496,2
0.3533711270167053,70.53665910920382,0.11500037059859235,1494.0345464750496,2
0.3533711270167053,70.53665910920382,0.11500037059859235,1494.0345464750496,2
0.3533711270167053,70.53665910920382,0.11500037059859235,1494.0345464750496,2
0.3533711270167053,70.53665910920382,0.11500037059859235,1494.0345464750496,2
0.3533711270167053,70.53665910920382,0.11500037059859235,1494.0345464750496,2
0.3565579880282322,70.77205695604812,0.09802201570640387,1497.9774250403582,2
0.3565579880282322,70.77205695604812,0.09802201570640387,1497.9774250403582,2
0.3565579880282322,70.77205695604812,0.09802201570640387,1497.9774250403582,2
0.3443988463708453,69.91528852649414,0.09964657281683122,1494.4673939493225,2
0.35227503531728044,70.62010250214519,0.1161411037356561,1494.2809609500664,2
0.35227503531728044,70.62010250214519,0.1161411037356561,1494.2809609500664,2
0.35227503531728044,70.62010250214519,0.1161411037356561,1494.2809609500664,2
0.35227503531728044,70.62010250214519,0.1161411037356561,1494.2809609500664,2
0.35227503531728044,70.62010250214519,0.1161411037356561,1494.2809609500664,2
0.3586126477199859,70.62367970329983,0.12557177746141443,1494.2973618792703,2
0.3586126477199859,70.62367970329983,0.12557177746141443,1494.2973618792703,2
0.3586126477199859,70.62367970329983,0.12557177746141443,1494.2973618792703,2
0.3586126477199859,70.62367970329983,0.12557177746141443,1494.2973618792703,2
0.3677274053971356,71.17583859898673,0.1508362517111658,1497.134827883584,2
0.3677274053971356,71.17583859898673,0.1508362517111658,1497.134827883584,2
0.35776207197794574,70.12691725628233,0.12590048855062175,1495.3513912431347,2
0.35776207197794574,70.12691725628233,0.12590048855062175,1495.3513912431347,2
0.35776207197794574,70.12691725628233,0.12590048855062175,1495.3513912431347,2
0.35776207197794574,70.12691725628233,0.12590048855062175,1495.3513912431347,2
0.35776207197794574,70.12691725628233,0.12590048855062175,1495.3513912431347,2
0.35776207197794574,70.12691725628233,0.12590048855062175,1495.3513912431347,2
0.36168366323808093,70.91587494754992,0.15751581546612184,1500.8544848353113,2
0.36168366323808093,70.91587494754992,0.15751581546612184,1500.8544848353113,2
0.3636888529982877,69.40334176179536,0.12235233273295554,1499.353012086107,2
0.3636888529982877,69.40334176179536,0.12235233273295554,1499.353012086107,2
0.35166786845772796,68.66588424357799,0.08412657408098788,1498.8375051737376,2
0.34597387888148745,68.73485204330686,0.0661748853084092,1498.9913131112764,2
0.34597387888148745,68.73485204330686,0.0661748853084092,1498.9913131112764,2
0.34597387888148745,68.73485204330686,0.0661748853084092,1498.9913131112764,2
0.34597387888148745,68.73485204330686,0.0661748853084092,1498.9913131112764,2
0.35876635673511126,69.30413988085665,0.09777031376425233,1496.5800691424756,2
0.35876635673511126,69.30413988085665,0.09777031376425233,1496.5800691424756,2
0.3436122335814704,68.92960307639817,0.0780190103241297,1496.678715382482,2
0.3436122335814704,68.92960307639817,0.0780190103241297,1496.678715382482,2
0.34441406935119484,70.3416510479705,0.11645841322097966,1496.0917685701875,2
0.3470573584404831,69.63345189847183,0.08290570704220102,1495.4516508410793,2
0.3470573584404831,69.63345189847183,0.08290570704220102,1495.4516508410793,2
0.3508019626571049,70.51740329604968,0.10994084600223906,1494.232729404726,2
0.3508019626571049,70.51740329604968,0.10994084600223906,1494.232729404726,2
0.3508019626571049,70.51740329604968,0.10994084600223906,1494.232729404726,2
0.3535499831454383,70.36333274078093,0.11415090205451618,1493.8557437445684,2
0.3535499831454383,70.36333274078093,0.11415090205451618,1493.8557437445684,2
0.3535499831454383,70.36333274078093,0.11415090205451618,1493.8557437445684,2
0.3535499831454383,70.36333274078093,0.11415090205451618,1493.8557437445684,2
0.3593525058475008,70.32734424945615,0.1065164707193075,1494.6855810563643,2
0.3593525058475008,70.32734424945615,0.1065164707193075,1494.6855810563643,2
0.3593525058475008,70.32734424945615,0.1065164707193075,1494.6855810563643,2
0.3593525058475008,70.32734424945615,0.1065164707193075,1494.6855810563643,2
0.3593525058475008,70.32734424945615,0.1065164707193075,1494.6855810563643,2
0.3593525058475008,70.32734424945615,0.1065164707193075,1494.6855810563643,2
0.3593525058475008,70.32734424945615,0.1065164707193075,1494.6855810563643,2
0.3585378399037041,70.0456190202661,0.10265915433948818,1494.6644769483091,2
0.3585378399037041,70.0456190202661,0.10265915433948818,1494.6644769483091,2
0.3585378399037041,70.0456190202661,0.10265915433948818,1494.6644769483091,2
0.3585378399037041,70.0456190202661,0.10265915433948818,1494.6644769483091,2
0.37259622619332666,70.0753674294388,0.12584599236777383,1497.6650543766275,2
0.37259622619332666,70.0753674294388,0.12584599236777383,1497.6650543766275,2
0.36931574927150307,71.26121658835355,0.14996476149184385,1497.017989169402,2
0.35408001311090365,70.94444377707669,0.13504598463339906,1496.34128311157,2
0.35408001311090365,70.94444377707669,0.13504598463339906,1496.34128311157,2
0.35408001311090365,70.94444377707669,0.13504598463339906,1496.34128311157,2
0.35408001311090365,70.94444377707669,0.13504598463339906,1496.34128311157,2
0.35408001311090365,70.94444377707669,0.13504598463339906,1496.34128311157,2
0.35408001311090365,70.94444377707669,0.13504598463339906,1496.34128311157,2
0.35408001311090365,70.94444377707669,0.13504598463339906,1496.34128311157,2
0.35408001311090365,70.94444377707669,0.13504598463339906,1496.34128311157,2
0.35408001311090365,70.94444377707669,0.13504598463339906,1496.34128311157,2
0.35408001311090365,70.94444377707669,0.13504598463339906,1496.34128311157,2
0.35408001311090365,70.94444377707669,0.13504598463339906,1496.34128311157,2
0.35408001311090365,70.94444377707669,0.13504598463339906,1496.34128311157,2
0.34864063865578704,71.19150301820852,0.1300455106142175,1497.7401402417636,2
0.3576721567399459,71.92357454942719,0.1391624613395783,1499.710839661986,2
0.3576721567399459,71.92357454942719,0.1391624613395783,1499.710839661986,2
0.3555935119629457,71.40574487607333,0.13456155510019221,1496.961563388222,2
0.3555935119629457,71.40574487607333,0.13456155510019221,1496.961563388222,2
0.3555935119629457,71.40574487607333,0.13456155510019221,1496.961563388222,2
0.3577048150188746,72.1611805306517,0.11408715624056304,1507.3593474561437,2
0.34297536512200133,70.89674447333502,0.08729293891315851,1501.3949865773188,2
0.349679838151347,71.2311763781242,0.0974643416070512,1501.244752011535,2
0.37518817580801395,72.12346691785969,0.16214070293336363,1501.0121305453338,2
0.37518817580801395,72.12346691785969,0.16214070293336363,1501.0121305453338,2
0.37518817580801395,72.12346691785969,0.16214070293336363,1501.0121305453338,2
0.37518817580801395,72.12346691785969,0.16214070293336363,1501.0121305453338,2
0.38158808426851043,71.29689159748722,0.15434435477557562,1499.8118263818242,2
0.3630107212205774,70.62266114180956,0.12903348439595944,1494.6225797187496,2
0.3506721163653432,69.44065480700257,0.09301721677416612,1494.8702371460663,2
0.3506721163653432,69.44065480700257,0.09301721677416612,1494.8702371460663,2
0.3506721163653432,69.44065480700257,0.09301721677416612,1494.8702371460663,2
0.3506721163653432,69.44065480700257,0.09301721677416612,1494.8702371460663,2
0.35349376282287237,70.59575570834475,0.11992654620492346,1494.269093392586,2
0.36655469989009376,71.16172903800714,0.11887039812059705,1497.7308303761101,2
0.35431678185725884,69.99020274542994,0.12210246539641535,1495.5535111650654,2
0.35431678185725884,69.99020274542994,0.12210246539641535,1495.5535111650654,2
0.35431678185725884,69.99020274542994,0.12210246539641535,1495.5535111650654,2
0.35431678185725884,69.99020274542994,0.12210246539641535,1495.5535111650654,2
0.3644898205782228,69.80132509891602,0.10735677316853573,1496.0946810883117,2
0.3691987771725888,69.77908186680772,0.11796091232436506,1497.5145937377438,2
0.3691987771725888,69.77908186680772,0.11796091232436506,1497.5145937377438,2
0.3691987771725888,69.77908186680772,0.11796091232436506,1497.5145937377438,2
0.37298577312263986,70.35069583255145,0.14071734580700468,1497.9036242908023,2
0.37298577312263986,70.35069583255145,0.14071734580700468,1497.9036242908023,2
0.37298577312263986,70.35069583255145,0.14071734580700468,1497.9036242908023,2
0.37298577312263986,70.35069583255145,0.14071734580700468,1497.9036242908023,2
0.3677482570474501,69.6982482411544,0.1296583851304353,1498.9948986626334,2
0.3705422072153793,69.11451444940359,0.10463409595890555,1501.9512513993595,2
0.3661119803433582,68.70845231182106,0.09004975553369737,1503.3642739457473,2
0.3661119803433582,68.70845231182106,0.09004975553369737,1503.3642739457473,2
0.37394664438584857,69.27693105764533,0.11756474448430065,1502.6264029518434,2
0.37515539209902254,70.95510897212073,0.14132346808374044,1497.3030929085667,2
0.37515539209902254,70.95510897212073,0.14132346808374044,1497.3030929085667,2
0.37515539209902254,70.95510897212073,0.14132346808374044,1497.3030929085667,2
0.3692919481379796,70.58163586026717,0.14803010318755008,1497.8944057103427,2
0.3692919481379796,70.58163586026717,0.14803010318755008,1497.8944057103427,2
0.3692919481379796,70.58163586026717,0.14803010318755008,1497.8944057103427,2
0.3562661748599632,70.58127289755379,0.12175328204485544,1494.1323839790098,2
0.3562661748599632,70.58127289755379,0.12175328204485544,1494.1323839790098,2
0.3562661748599632,70.58127289755379,0.12175328204485544,1494.1323839790098,2
0.3562661748599632,70.58127289755379,0.12175328204485544,1494.1323839790098,2
0.3562661748599632,70.58127289755379,0.12175328204485544,1494.1323839790098,2
0.3562661748599632,70.58127289755379,0.12175328204485544,1494.1323839790098,2
0.3562661748599632,70.58127289755379,0.12175328204485544,1494.1323839790098,2
0.3562661748599632,70.58127289755379,0.12175328204485544,1494.1323839790098,2
0.3622222246095736,70.06454416311747,0.1208671570849387,1494.95855858571,2
0.3622222246095736,70.06454416311747,0.1208671570849387,1494.95855858571,2
0.3622222246095736,70.06454416311747,0.1208671570849387,1494.95855858571,2
0.37028281933532065,69.94181300080209,0.11910573831908174,1497.256503324905,2
0.37028281933532065,69.94181300080209,0.11910573831908174,1497.256503324905,2
0.36581510731462,69.95743931733891,0.13341573613951388,1497.7446234461154,2
0.36581510731462,69.95743931733891,0.13341573613951388,1497.7446234461154,2
0.36581510731462,69.95743931733891,0.13341573613951388,1497.7446234461154,2
0.36581510731462,69.95743931733891,0.13341573613951388,1497.7446234461154,2
0.36581510731462,69.95743931733891,0.13341573613951388,1497.7446234461154,2
0.36581510731462,69.95743931733891,0.13341573613951388,1497.7446234461154,2
0.36581510731462,69.95743931733891,0.13341573613951388,1497.7446234461154,2
0.36581510731462,69.95743931733891,0.13341573613951388,1497.7446234461154,2
0.36581510731462,69.95743931733891,0.13341573613951388,1497.7446234461154,2
0.36581510731462,69.95743931733891,0.13341573613951388,1497.7446234461154,2
0.3718811029468636,70.25792444670626,0.13836896719699315,1497.7575214978972,2
0.36646657746556477,70.00886264164718,0.14068565038956754,1499.3259160406078,2
0.36646657746556477,70.00886264164718,0.14068565038956754,1499.3259160406078,2
0.36646657746556477,70.00886264164718,0.14068565038956754,1499.3259160406078,2
0.36646657746556477,70.00886264164718,0.14068565038956754,1499.3259160406078,2
0.36646657746556477,70.00886264164718,0.14068565038956754,1499.3259160406078,2
0.35917614214810517,69.80790628479777,0.11073812683692476,1494.7941364203132,2
0.35917614214810517,69.80790628479777,0.11073812683692476,1494.7941364203132,2
0.35917614214810517,69.80790628479777,0.11073812683692476,1494.7941364203132,2
0.35917614214810517,69.80790628479777,0.11073812683692476,1494.7941364203132,2
0.35917614214810517,69.80790628479777,0.11073812683692476,1494.7941364203132,2
0.35917614214810517,69.80790628479777,0.11073812683692476,1494.7941364203132,2
0.35917614214810517,69.80790628479777,0.11073812683692476,1494.7941364203132,2
0.35917614214810517,69.80790628479777,0.11073812683692476,1494.7941364203132,2
0.35917614214810517,69.80790628479777,0.11073812683692476,1494.7941364203132,2
0.35917614214810517,69.80790628479777,0.11073812683692476,1494.7941364203132,2
0.34721967277746213,70.33408330097072,0.10105542328519626,1494.5335159134236,2
0.34721967277746213,70.33408330097072,0.10105542328519626,1494.5335159134236,2
0.34721967277746213,70.33408330097072,0.10105542328519626,1494.5335159134236,2
0.34721967277746213,70.33408330097072,0.10105542328519626,1494.5335159134236,2
0.33240372424965,69.53255472377116,0.08492516963062387,1497.4361326525643,2
0.33240372424965,69.53255472377116,0.08492516963062387,1497.4361326525643,2
0.33240372424965,69.53255472377116,0.08492516963062387,1497.4361326525643,2
0.3338062369277019,70.2860856928403,0.09102860518860569,1498.3026764006554,2
0.32956620400983444,70.56117888660003,0.11113127838414234,1503.864824224749,2
0.34521146689942867,70.7259123944097,0.12284730373465992,1496.9982436490282,2
0.34521146689942867,70.7259123944097,0.12284730373465992,1496.9982436490282,2
0.34521146689942867,70.7259123944097,0.12284730373465992,1496.9982436490282,2
0.34521146689942867,70.7259123944097,0.12284730373465992,1496.9982436490282,2
0.34521146689942867,70.7259123944097,0.12284730373465992,1496.9982436490282,2
0.34521146689942867,70.7259123944097,0.12284730373465992,1496.9982436490282,2
0.33592593212612953,70.196797280989,0.10702854338381453,1498.2803335106134,2
0.33592593212612953,70.196797280989,0.10702854338381453,1498.2803335106134,2
0.33592593212612953,70.196797280989,0.10702854338381453,1498.2803335106134,2
0.33961010917438816,69.8822257301098,0.09284790838997031,1495.3637095817232,2
0.3463285141268569,69.97097396791298,0.1104029183774609,1495.0178319263243,2
0.34937397071554355,69.76345741925651,0.0983373722059445,1494.1049656256882,2
0.3490836012650333,69.72236622562524,0.09852488313194316,1494.1689603757152,2
0.3490836012650333,69.72236622562524,0.09852488313194316,1494.1689603757152,2
0.3490836012650333,69.72236622562524,0.09852488313194316,1494.1689603757152,2
0.35248951087753577,69.43626537501227,0.08949836211486939,1495.317860297911,2
0.35248951087753577,69.43626537501227,0.08949836211486939,1495.317860297911,2
0.35248951087753577,69.43626537501227,0.08949836211486939,1495.317860297911,2
0.35248951087753577,69.43626537501227,0.08949836211486939,1495.317860297911,2
0.35248951087753577,69.43626537501227,0.08949836211486939,1495.317860297911,2
0.35575070628228894,69.85259395415446,0.09093454291165698,1495.6957872389778,2
0.35575070628228894,69.85259395415446,0.09093454291165698,1495.6957872389778,2
0.35575070628228894,69.85259395415446,0.09093454291165698,1495.6957872389778,2
0.35575070628228894,69.85259395415446,0.09093454291165698,1495.6957872389778,2
0.33949709179509435,69.60371704998525,0.08715241451366529,1495.3896817673003,2
0.33949709179509435,69.60371704998525,0.08715241451366529,1495.3896817673003,2
0.33949709179509435,69.60371704998525,0.08715241451366529,1495.3896817673003,2
0.33949709179509435,69.60371704998525,0.08715241451366529,1495.3896817673003,2
0.33949709179509435,69.60371704998525,0.08715241451366529,1495.3896817673003,2
0.33949709179509435,69.60371704998525,0.08715241451366529,1495.3896817673003,2
0.33949709179509435,69.60371704998525,0.08715241451366529,1495.3896817673003,2
0.33949709179509435,69.60371704998525,0.08715241451366529,1495.3896817673003,2
0.33949709179509435,69.60371704998525,0.08715241451366529,1495.3896817673003,2
0.34861008346753247,69.21966847315535,0.07685637831765407,1496.6814626663092,2
0.35095631203335875,70.26419911063255,0.10138935274593507,1494.191288281167,2
0.34628702176877646,70.40723580475878,0.1069521083286103,1494.6437488766771,2
0.34628702176877646,70.40723580475878,0.1069521083286103,1494.6437488766771,2
0.3730542183548457,70.5893573536197,0.14264791698043466,1497.300860025223,2
0.37714557386791386,71.63729601009102,0.1530547911207082,1499.164388520529,2
0.37381929417265514,71.21473138388674,0.14262584461810066,1497.2401471732087,2
0.34760792633812054,69.96404339933842,0.10720730368502254,1494.3548214886678,2
0.3490712173188447,70.04968905205294,0.09923365887297565,1494.032611878856,2
0.3440286094645535,70.28813021284175,0.10852044440683993,1495.116793468837,2
0.3517968883242389,70.63734867635092,0.10625681502560164,1494.8528253690913,2
0.34972478414107894,69.87258413369246,0.1127885148093221,1494.972028701084,2
0.34972478414107894,69.87258413369246,0.1127885148093221,1494.972028701084,2
0.34972478414107894,69.87258413369246,0.1127885148093221,1494.972028701084,2
0.34972478414107894,69.87258413369246,0.1127885148093221,1494.972028701084,2
0.3573279108255858,70.05770200547602,0.11287770295254551,1494.0625355888378,2
0.3573279108255858,70.05770200547602,0.11287770295254551,1494.0625355888378,2
0.3573279108255858,70.05770200547602,0.11287770295254551,1494.0625355888378,2
0.3573279108255858,70.05770200547602,0.11287770295254551,1494.0625355888378,2
0.3573279108255858,70.05770200547602,0.11287770295254551,1494.0625355888378,2
0.35273298204695014,69.94577713325302,0.10544860992143239,1493.883001765709,2
0.35273298204695014,69.94577713325302,0.10544860992143239,1493.883001765709,2
0.35273298204695014,69.94577713325302,0.10544860992143239,1493.883001765709,2
0.35273298204695014,69.94577713325302,0.10544860992143239,1493.883001765709,2
0.35273298204695014,69.94577713325302,0.10544860992143239,1493.883001765709,2
0.3496513363133383,71.61597309980854,0.13075718616887894,1499.4428347686778,2
0.34284009714265795,71.23975935994426,0.12406325101352954,1499.688208817116,2
0.34284009714265795,71.23975935994426,0.12406325101352954,1499.688208817116,2
0.34790358752019945,71.15387281821661,0.13161170966937266,1498.2056657722167,2
0.34790358752019945,71.15387281821661,0.13161170966937266,1498.2056657722167,2
0.34790358752019945,71.15387281821661,0.13161170966937266,1498.2056657722167,2
0.355682027675419,71.50566078752632,0.1420697735723912,1498.1643069344236,2
0.3565894885581933,71.69181800042257,0.13810888454134168,1498.3804611678256,2
0.3565894885581933,71.69181800042257,0.13810888454134168,1498.3804611678256,2
0.3603819263747584,71.6025124052339,0.14071529548886333,1497.450845637185,2
0.3603819263747584,71.6025124052339,0.14071529548886333,1497.450845637185,2
0.3603819263747584,71.6025124052339,0.14071529548886333,1497.450845637185,2
0.3454804900008989,70.76076403212141,0.13044162214310984,1498.725644788759,2
0.34785158865052695,70.5075027988516,0.11501527129544718,1494.8326210786954,2
0.34785158865052695,70.5075027988516,0.11501527129544718,1494.8326210786954,2
0.34785158865052695,70.5075027988516,0.11501527129544718,1494.8326210786954,2
0.34785158865052695,70.5075027988516,0.11501527129544718,1494.8326210786954,2
0.34785158865052695,70.5075027988516,0.11501527129544718,1494.8326210786954,2
0.34785158865052695,70.5075027988516,0.11501527129544718,1494.8326210786954,2
0.34785158865052695,70.5075027988516,0.11501527129544718,1494.8326210786954,2
0.34949756296761436,70.09473633558181,0.1037834500260158,1493.8920048007485,2
0.34949756296761436,70.09473633558181,0.1037834500260158,1493.8920048007485,2
0.34949756296761436,70.09473633558181,0.1037834500260158,1493.8920048007485,2
0.34949756296761436,70.09473633558181,0.1037834500260158,1493.8920048007485,2
0.34949756296761436,70.09473633558181,0.1037834500260158,1493.8920048007485,2
0.34949756296761436,70.09473633558181,0.1037834500260158,1493.8920048007485,2
0.3591613651600984,70.37469539960256,0.1048809333514881,1494.9950576197975,2
0.3591613651600984,70.37469539960256,0.1048809333514881,1494.9950576197975,2
0.3591613651600984,70.37469539960256,0.1048809333514881,1494.9950576197975,2
0.36541190149426306,69.57374111625069,0.12278477718855013,1498.2691431805274,2
0.3516529387013673,68.38446347703596,0.07427022256168209,1501.0674298828199,2
0.3516529387013673,68.38446347703596,0.07427022256168209,1501.0674298828199,2
0.3516529387013673,68.38446347703596,0.07427022256168209,1501.0674298828199,2
0.34667807603591416,70.15289441409186,0.09740395209342298,1494.4252197522007,2
0.36116842732373483,71.55952464876593,0.1360867605475993,1497.097929090674,2
0.36116842732373483,71.55952464876593,0.1360867605475993,1497.097929090674,2
0.35273174381334677,71.04728022596738,0.12307935724624679,1495.5452237078816,2
0.35273174381334677,71.04728022596738,0.12307935724624679,1495.5452237078816,2
0.35273174381334677,71.04728022596738,0.12307935724624679,1495.5452237078816,2
0.3528389121019878,71.36628018859705,0.1278525195024241,1497.0372690019842,2
0.3528389121019878,71.36628018859705,0.1278525195024241,1497.0372690019842,2
0.3528389121019878,71.36628018859705,0.1278525195024241,1497.0372690019842,2
0.349914367116879,70.8290352311617,0.10010596647815935,1496.9648428869762,2
0.349914367116879,70.8290352311617,0.10010596647815935,1496.9648428869762,2
0.349914367116879,70.8290352311617,0.10010596647815935,1496.9648428869762,2
0.3558560212163521,70.22682616227779,0.08987503798469848,1497.1042616205668,2
0.3558560212163521,70.22682616227779,0.08987503798469848,1497.1042616205668,2
0.3558560212163521,70.22682616227779,0.08987503798469848,1497.1042616205668,2
0.3539544197331628,69.576544913426,0.08114963969499138,1497.0871956781589,2
0.3539544197331628,69.576544913426,0.08114963969499138,1497.0871956781589,2
0.3539544197331628,69.576544913426,0.08114963969499138,1497.0871956781589,2
0.3539544197331628,69.576544913426,0.08114963969499138,1497.0871956781589,2
0.3609116168373528,68.7661426396163,0.06474793074821311,1505.4147672958954,2
0.35243142810758304,68.20066917311522,0.07062222272092675,1502.9400881918582,2
0.35243142810758304,68.20066917311522,0.07062222272092675,1502.9400881918582,2
0.35243142810758304,68.20066917311522,0.07062222272092675,1502.9400881918582,2
0.3204957330508922,68.7937589330921,0.06531961605996947,1502.9071159378223,2
0.3204957330508922,68.7937589330921,0.06531961605996947,1502.9071159378223,2
0.3262587127644204,68.6927994578967,0.07459464101123167,1501.3478435600746,2
0.3262587127644204,68.6927994578967,0.07459464101123167,1501.3478435600746,2
0.3262587127644204,68.6927994578967,0.07459464101123167,1501.3478435600746,2
0.3262587127644204,68.6927994578967,0.07459464101123167,1501.3478435600746,2
0.3603163959165009,69.38744902837256,0.0990140882439633,1496.5946905503495,2
0.3603163959165009,69.38744902837256,0.0990140882439633,1496.5946905503495,2
0.3554110122593442,70.41425059811444,0.10952297120560547,1494.00090213032,2
0.3554110122593442,70.41425059811444,0.10952297120560547,1494.00090213032,2
0.3349445664752964,69.41332364163247,0.08201419973520081,1496.5974390976378,2
0.3349445664752964,69.41332364163247,0.08201419973520081,1496.5974390976378,2
0.3349445664752964,69.41332364163247,0.08201419973520081,1496.5974390976378,2
0.3349445664752964,69.41332364163247,0.08201419973520081,1496.5974390976378,2
0.33773557314281777,69.60031066252361,0.08425870684503656,1495.8372951968236,2
0.33773557314281777,69.60031066252361,0.08425870684503656,1495.8372951968236,2
0.33773557314281777,69.60031066252361,0.08425870684503656,1495.8372951968236,2
0.33773557314281777,69.60031066252361,0.08425870684503656,1495.8372951968236,2
0.33773557314281777,69.60031066252361,0.08425870684503656,1495.8372951968236,2
0.33773557314281777,69.60031066252361,0.08425870684503656,1495.8372951968236,2
0.33773557314281777,69.60031066252361,0.08425870684503656,1495.8372951968236,2
0.33773557314281777,69.60031066252361,0.08425870684503656,1495.8372951968236,2
0.35001703934621275,69.36526413814335,0.07725440360426278,1496.844503285562,2
0.35001703934621275,69.36526413814335,0.07725440360426278,1496.844503285562,2
0.35001703934621275,69.36526413814335,0.07725440360426278,1496.844503285562,2
0.35001703934621275,69.36526413814335,0.07725440360426278,1496.844503285562,2
0.35001703934621275,69.36526413814335,0.07725440360426278,1496.844503285562,2
0.35001703934621275,69.36526413814335,0.07725440360426278,1496.844503285562,2
0.35001703934621275,69.36526413814335,0.07725440360426278,1496.844503285562,2
0.3603888424550883,70.38537184841513,0.10286050217904959,1495.712110176054,2
0.3603888424550883,70.38537184841513,0.10286050217904959,1495.712110176054,2
0.3651398739488697,70.45821153542181,0.11412351965847219,1495.4043496764589,2
0.3651398739488697,70.45821153542181,0.11412351965847219,1495.4043496764589,2
0.3651398739488697,70.45821153542181,0.11412351965847219,1495.4043496764589,2
0.35595983365295436,71.0741009044714,0.12828664473055387,1495.3505140690206,2
0.35595983365295436,71.0741009044714,0.12828664473055387,1495.3505140690206,2
0.35595983365295436,71.0741009044714,0.12828664473055387,1495.3505140690206,2
0.35595983365295436,71.0741009044714,0.12828664473055387,1495.3505140690206,2
0.35595983365295436,71.0741009044714,0.12828664473055387,1495.3505140690206,2
0.35595983365295436,71.0741009044714,0.12828664473055387,1495.3505140690206,2
0.3561124376543346,70.47079922659097,0.1201851399235306,1494.0236481405116,2
0.3561124376543346,70.47079922659097,0.1201851399235306,1494.0236481405116,2
0.3561124376543346,70.47079922659097,0.1201851399235306,1494.0236481405116,2
0.3607437167540082,70.96449765108483,0.13234067690829884,1494.9741647096446,2
0.3607437167540082,70.96449765108483,0.13234067690829884,1494.9741647096446,2
0.3607437167540082,70.96449765108483,0.13234067690829884,1494.9741647096446,2
0.3607437167540082,70.96449765108483,0.13234067690829884,1494.9741647096446,2
0.3607437167540082,70.96449765108483,0.13234067690829884,1494.9741647096446,2
0.35763034402096144,71.25525733945028,0.13456953788459894,1496.0626390406676,2
0.37208248412565403,71.08707750045316,0.1301023359536526,1497.2525924101765,2
0.37208248412565403,71.08707750045316,0.1301023359536526,1497.2525924101765,2
0.35973309204489295,70.44805214736358,0.099814964362132,1496.4580384152982,2
0.35973309204489295,70.44805214736358,0.099814964362132,1496.4580384152982,2
0.35973309204489295,70.44805214736358,0.099814964362132,1496.4580384152982,2
0.35973309204489295,70.44805214736358,0.099814964362132,1496.4580384152982,2
0.35973309204489295,70.44805214736358,0.099814964362132,1496.4580384152982,2
0.35973309204489295,70.44805214736358,0.099814964362132,1496.4580384152982,2
0.35758256487683804,70.122414422998,0.09777569000155198,1495.2824555113582,2
0.3706019370756019,71.0487260368027,0.14938401055782063,1497.016419912855,2
0.36282398774256513,70.60326894681248,0.11798387991728865,1494.6778178449872,2
0.36282398774256513,70.60326894681248,0.11798387991728865,1494.6778178449872,2
0.36282398774256513,70.60326894681248,0.11798387991728865,1494.6778178449872,2
0.36282398774256513,70.60326894681248,0.11798387991728865,1494.6778178449872,2
0.36282398774256513,70.60326894681248,0.11798387991728865,1494.6778178449872,2
0.36282398774256513,70.60326894681248,0.11798387991728865,1494.6778178449872,2
0.35538836913954663,70.4153727615137,0.11974034695648626,1494.0461049325086,2
0.35538836913954663,70.4153727615137,0.11974034695648626,1494.0461049325086,2
0.35439222906773205,69.99945429167761,0.0997291425121415,1494.238837278871,2
0.34609088876513827,69.46539479646148,0.073443929102634,1497.1540269824397,2
0.347140823159811,70.83208655392691,0.0983370665008476,1497.42854008417,2
0.36249799521057435,69.61504808964636,0.10558429589312343,1496.1197474413077,2
0.35992917261546886,70.61548476952017,0.12792655825642352,1494.4595990389382,2
0.35992917261546886,70.61548476952017,0.12792655825642352,1494.4595990389382,2
0.35992917261546886,70.61548476952017,0.12792655825642352,1494.4595990389382,2
0.35992917261546886,70.61548476952017,0.12792655825642352,1494.4595990389382,2
0.35992917261546886,70.61548476952017,0.12792655825642352,1494.4595990389382,2
0.35992917261546886,70.61548476952017,0.12792655825642352,1494.4595990389382,2
0.35992917261546886,70.61548476952017,0.12792655825642352,1494.4595990389382,2
0.35992917261546886,70.61548476952017,0.12792655825642352,1494.4595990389382,2
0.35992917261546886,70.61548476952017,0.12792655825642352,1494.4595990389382,2
0.35992917261546886,70.61548476952017,0.12792655825642352,1494.4595990389382,2
0.35992917261546886,70.61548476952017,0.12792655825642352,1494.4595990389382,2
0.35992917261546886,70.61548476952017,0.12792655825642352,1494.4595990389382,2
0.35992917261546886,70.61548476952017,0.12792655825642352,1494.4595990389382,2
0.35992917261546886,70.61548476952017,0.12792655825642352,1494.4595990389382,2
0.3581288450383391,70.67933295960941,0.11162819158570156,1494.7657848945219,2
0.3581288450383391,70.67933295960941,0.11162819158570156,1494.7657848945219,2
0.3581288450383391,70.67933295960941,0.11162819158570156,1494.7657848945219,2
0.3581288450383391,70.67933295960941,0.11162819158570156,1494.7657848945219,2
0.3581288450383391,70.67933295960941,0.11162819158570156,1494.7657848945219,2
0.3581288450383391,70.67933295960941,0.11162819158570156,1494.7657848945219,2
0.3581288450383391,70.67933295960941,0.11162819158570156,1494.7657848945219,2
0.3581288450383391,70.67933295960941,0.11162819158570156,1494.7657848945219,2
0.3581288450383391,70.67933295960941,0.11162819158570156,1494.7657848945219,2
0.3581288450383391,70.67933295960941,0.11162819158570156,1494.7657848945219,2
0.3523544980669737,70.8466148340089,0.11128997653532839,1495.211840443773,2
0.3523544980669737,70.8466148340089,0.11128997653532839,1495.211840443773,2
0.3523544980669737,70.8466148340089,0.11128997653532839,1495.211840443773,2
0.34645402981571766,71.59662073271494,0.1347491613925166,1501.1223081792632,2
0.34645402981571766,71.59662073271494,0.1347491613925166,1501.1223081792632,2
0.34645402981571766,71.59662073271494,0.1347491613925166,1501.1223081792632,2
0.3463595203323182,71.7357683410126,0.13631158644808208,1502.1831262949727,2
0.3463595203323182,71.7357683410126,0.13631158644808208,1502.1831262949727,2
0.3463595203323182,71.7357683410126,0.13631158644808208,1502.1831262949727,2
0.34701057508381195,71.51534902363987,0.09987417315041236,1503.62843603186,2
0.3463667070706757,71.81775345721223,0.12312281890709594,1502.1816512339362,2
0.3463667070706757,71.81775345721223,0.12312281890709594,1502.1816512339362,2
0.34249879611114986,70.6241153093839,0.11700861407028917,1497.0412784728023,2
0.3552274370289723,69.90670634261585,0.10932322938697621,1494.119481107828,3
0.3552274370289723,69.90670634261585,0.10932322938697621,1494.119481107828,3
0.3552274370289723,69.90670634261585,0.10932322938697621,1494.119481107828,3
0.3552274370289723,69.90670634261585,0.10932322938697621,1494.119481107828,3
0.3552274370289723,69.90670634261585,0.10932322938697621,1494.119481107828,3
0.3552274370289723,69.90670634261585,0.10932322938697621,1494.119481107828,3
0.3552274370289723,69.90670634261585,0.10932322938697621,1494.119481107828,3
0.3270806884032544,68.77133272745957,0.06616605817388047,1500.0636708081179,3
0.3270806884032544,68.77133272745957,0.06616605817388047,1500.0636708081179,3
0.3470138757351966,68.94226979796727,0.10320540283524626,1499.3069706532242,3
0.3377564534259397,68.23696444424922,0.08907500000770802,1504.7468517153532,3
0.3459381309323048,68.92065890580895,0.100807023535567,1499.0456115348804,3
0.3459381309323048,68.92065890580895,0.100807023535567,1499.0456115348804,3
0.3459381309323048,68.92065890580895,0.100807023535567,1499.0456115348804,3
0.3645856854960555,69.86604964428396,0.11821008384952528,1495.8801781511736,3
0.34388888782978516,70.26375927718634,0.10807572700616237,1495.1061164152738,3
0.34388888782978516,70.26375927718634,0.10807572700616237,1495.1061164152738,3
0.34388888782978516,70.26375927718634,0.10807572700616237,1495.1061164152738,3
0.34388888782978516,70.26375927718634,0.10807572700616237,1495.1061164152738,3
0.34388888782978516,70.26375927718634,0.10807572700616237,1495.1061164152738,3
0.34432986916979247,70.01083440764428,0.08025256940621692,1496.9904601184717,3
0.34432986916979247,70.01083440764428,0.08025256940621692,1496.9904601184717,3
0.34432986916979247,70.01083440764428,0.08025256940621692,1496.9904601184717,3
0.34432986916979247,70.01083440764428,0.08025256940621692,1496.9904601184717,3
0.34432986916979247,70.01083440764428,0.08025256940621692,1496.9904601184717,3
0.34432986916979247,70.01083440764428,0.08025256940621692,1496.9904601184717,3
0.34922269014992036,70.58239169967467,0.10415336502555855,1494.9432516192117,3
0.34922269014992036,70.58239169967467,0.10415336502555855,1494.9432516192117,3
0.3660620170835594,71.24801693696351,0.12866310393173724,1496.4204858350495,3
0.3660620170835594,71.24801693696351,0.12866310393173724,1496.4204858350495,3
0.3660620170835594,71.24801693696351,0.12866310393173724,1496.4204858350495,3
0.3660620170835594,71.24801693696351,0.12866310393173724,1496.4204858350495,3
0.3660620170835594,71.24801693696351,0.12866310393173724,1496.4204858350495,3
0.3660620170835594,71.24801693696351,0.12866310393173724,1496.4204858350495,3
0.3660620170835594,71.24801693696351,0.12866310393173724,1496.4204858350495,3
0.3660620170835594,71.24801693696351,0.12866310393173724,1496.4204858350495,3
0.3660620170835594,71.24801693696351,0.12866310393173724,1496.4204858350495,3
0.3660620170835594,71.24801693696351,0.12866310393173724,1496.4204858350495,3
0.3638334148944596,70.1746238564491,0.09996976217277917,1496.9538751872085,3
0.3601048425767503,70.90500388594484,0.13317434809447437,1495.0011411875425,3
0.3601048425767503,70.90500388594484,0.13317434809447437,1495.0011411875425,3
0.3601048425767503,70.90500388594484,0.13317434809447437,1495.0011411875425,3
0.3498399063926974,70.55549879254671,0.12192391271663469,1495.1669377239382,3
0.35859793492833064,71.66611155074946,0.13315945960655945,1497.9495103366019,3
0.36479180903875186,70.74408256987657,0.111151640028654,1496.6655514499582,3
0.36479180903875186,70.74408256987657,0.111151640028654,1496.6655514499582,3
0.36479180903875186,70.74408256987657,0.111151640028654,1496.6655514499582,3
0.36479180903875186,70.74408256987657,0.111151640028654,1496.6655514499582,3
0.36479180903875186,70.74408256987657,0.111151640028654,1496.6655514499582,3
0.36479180903875186,70.74408256987657,0.111151640028654,1496.6655514499582,3
0.36479180903875186,70.74408256987657,0.111151640028654,1496.6655514499582,3
0.36479180903875186,70.74408256987657,0.111151640028654,1496.6655514499582,3
0.36970646960289016,70.38215881317564,0.11190775162315621,1497.3424282566166,3
0.35339020749332717,70.58146551833866,0.10878616986688407,1494.3949280311713,3
0.35339020749332717,70.58146551833866,0.10878616986688407,1494.3949280311713,3
0.34440316460828213,70.78468417006978,0.1171675257462483,1496.5885467901733,3
0.34440316460828213,70.78468417006978,0.1171675257462483,1496.5885467901733,3
0.3503979038371099,71.55554270500296,0.1371163980527309,1499.4728308747553,3
0.3503979038371099,71.55554270500296,0.1371163980527309,1499.4728308747553,3
0.3503979038371099,71.55554270500296,0.1371163980527309,1499.4728308747553,3
0.3503979038371099,71.55554270500296,0.1371163980527309,1499.4728308747553,3
0.35325815003196054,71.04919256530684,0.12221393147576443,1495.4656350883326,3
0.35325815003196054,71.04919256530684,0.12221393147576443,1495.4656350883326,3
0.3536839120459289,70.62883513180348,0.12815799401643554,1495.2121720899765,3
0.3536839120459289,70.62883513180348,0.12815799401643554,1495.2121720899765,3
0.3536839120459289,70.62883513180348,0.12815799401643554,1495.2121720899765,3
0.3536839120459289,70.62883513180348,0.12815799401643554,1495.2121720899765,3
0.3536839120459289,70.62883513180348,0.12815799401643554,1495.2121720899765,3
0.3536839120459289,70.62883513180348,0.12815799401643554,1495.2121720899765,3
0.3601821911163797,71.48859222489743,0.13112227156583833,1496.892780335239,3
0.3601821911163797,71.48859222489743,0.13112227156583833,1496.892780335239,3
0.3601821911163797,71.48859222489743,0.13112227156583833,1496.892780335239,3
0.35398921132900096,71.1048474266204,0.13441751383145514,1496.4277374827639,3
0.35398921132900096,71.1048474266204,0.13441751383145514,1496.4277374827639,3
0.35398921132900096,71.1048474266204,0.13441751383145514,1496.4277374827639,3
0.35398921132900096,71.1048474266204,0.13441751383145514,1496.4277374827639,3
0.35398921132900096,71.1048474266204,0.13441751383145514,1496.4277374827639,3
0.35398921132900096,71.1048474266204,0.13441751383145514,1496.4277374827639,3
0.3514668377867341,71.12777470162688,0.12917862539869032,1496.4873947479898,3
0.3514668377867341,71.12777470162688,0.12917862539869032,1496.4873947479898,3
0.3514668377867341,71.12777470162688,0.12917862539869032,1496.4873947479898,3
0.3514668377867341,71.12777470162688,0.12917862539869032,1496.4873947479898,3
0.3514668377867341,71.12777470162688,0.12917862539869032,1496.4873947479898,3
0.3514668377867341,71.12777470162688,0.12917862539869032,1496.4873947479898,3
0.33625617229500937,71.10100503710515,0.10839414646799439,1501.2304114252101,3
0.33625617229500937,71.10100503710515,0.10839414646799439,1501.2304114252101,3
0.3335328560815881,70.63408512521242,0.10885534342713096,1500.618999680111,3
0.3424739859239084,71.13929821815277,0.13087593237732897,1500.8936811871429,3
0.3424739859239084,71.13929821815277,0.13087593237732897,1500.8936811871429,3
0.34856414304707706,70.97280016818009,0.13203895484736677,1497.7006777875579,3
0.34856414304707706,70.97280016818009,0.13203895484736677,1497.7006777875579,3
0.34856414304707706,70.97280016818009,0.13203895484736677,1497.7006777875579,3
0.34856414304707706,70.97280016818009,0.13203895484736677,1497.7006777875579,3
0.342380022270792,70.19200076288287,0.10698150141177934,1495.4475659976974,3
0.342380022270792,70.19200076288287,0.10698150141177934,1495.4475659976974,3
0.342380022270792,70.19200076288287,0.10698150141177934,1495.4475659976974,3
0.35335148676337774,69.95896768094707,0.1063412421735656,1493.8866166554149,3
0.35335148676337774,69.95896768094707,0.1063412421735656,1493.8866166554149,3
0.35335148676337774,69.95896768094707,0.1063412421735656,1493.8866166554149,3
0.35335148676337774,69.95896768094707,0.1063412421735656,1493.8866166554149,3
0.35335148676337774,69.95896768094707,0.1063412421735656,1493.8866166554149,3
0.3444668963668502,69.29867468863618,0.09466863711872803,1495.6089812026985,3
0.3633257619385829,70.0214162641151,0.0979661888200913,1496.9266477710855,3
0.34579132957774056,68.11878024346572,0.07678187029787067,1502.410541370958,3
0.3576228729795585,70.25117093354247,0.10197100871334613,1494.8368055088727,3
0.3576228729795585,70.25117093354247,0.10197100871334613,1494.8368055088727,3
0.33600510718755205,70.18790933945334,0.08596217268902152,1497.5997706554244,3
0.33600510718755205,70.18790933945334,0.08596217268902152,1497.5997706554244,3
0.33600510718755205,70.18790933945334,0.08596217268902152,1497.5997706554244,3
0.33600510718755205,70.18790933945334,0.08596217268902152,1497.5997706554244,3
0.33600510718755205,70.18790933945334,0.08596217268902152,1497.5997706554244,3
0.33600510718755205,70.18790933945334,0.08596217268902152,1497.5997706554244,3
0.33600510718755205,70.18790933945334,0.08596217268902152,1497.5997706554244,3
0.33600510718755205,70.18790933945334,0.08596217268902152,1497.5997706554244,3
0.33600510718755205,70.18790933945334,0.08596217268902152,1497.5997706554244,3
0.35142194912297997,70.7415457324869,0.12055048891389852,1494.8193243339742,3
0.35142194912297997,70.7415457324869,0.12055048891389852,1494.8193243339742,3
0.35142194912297997,70.7415457324869,0.12055048891389852,1494.8193243339742,3
0.35142194912297997,70.7415457324869,0.12055048891389852,1494.8193243339742,3
0.35142194912297997,70.7415457324869,0.12055048891389852,1494.8193243339742,3
0.35142194912297997,70.7415457324869,0.12055048891389852,1494.8193243339742,3
0.34998897947788576,69.20360148358071,0.08366827074201796,1495.9869311121245,3
0.32870702584019457,68.93709550208027,0.06094751523494124,1499.852561333386,3
0.32870702584019457,68.93709550208027,0.06094751523494124,1499.852561333386,3
0.32870702584019457,68.93709550208027,0.06094751523494124,1499.852561333386,3
0.3225592881960809,68.45815137209784,0.058987796156328785,1502.6146084984066,3
0.3225592881960809,68.45815137209784,0.058987796156328785,1502.6146084984066,3
0.3225592881960809,68.45815137209784,0.058987796156328785,1502.6146084984066,3
0.3225592881960809,68.45815137209784,0.058987796156328785,1502.6146084984066,3
0.3168784939382721,68.42411300589303,0.050460536263963476,1505.4692689430344,3
0.32803096127463044,70.0083735038658,0.07301451248384018,1501.4636249580356,3
0.32803096127463044,70.0083735038658,0.07301451248384018,1501.4636249580356,3
0.32803096127463044,70.0083735038658,0.07301451248384018,1501.4636249580356,3
0.32803096127463044,70.0083735038658,0.07301451248384018,1501.4636249580356,3
0.32803096127463044,70.0083735038658,0.07301451248384018,1501.4636249580356,3
0.32803096127463044,70.0083735038658,0.07301451248384018,1501.4636249580356,3
0.342622133084364,70.86219043793663,0.10749449617858961,1497.1865784683077,3
0.342622133084364,70.86219043793663,0.10749449617858961,1497.1865784683077,3
0.3412714047646276,70.24413552322538,0.12032920026799362,1498.7231272849917,3
0.3412714047646276,70.24413552322538,0.12032920026799362,1498.7231272849917,3
0.32764154819170965,69.67153858914243,0.08524959335287789,1499.6939522105624,3
0.32764154819170965,69.67153858914243,0.08524959335287789,1499.6939522105624,3
0.34015527617705965,70.23099921998087,0.0865684940623234,1496.8385623824506,3
0.34588769393378804,69.66443694388185,0.0867985377820238,1494.855503195047,3
0.34588769393378804,69.66443694388185,0.0867985377820238,1494.855503195047,3
0.33886535849822325,69.69152556206569,0.10205210132113639,1496.722957531578,3
0.33886535849822325,69.69152556206569,0.10205210132113639,1496.722957531578,3
0.3438729921105684,69.59569174112745,0.0938853954612626,1494.7186002395297,3
0.3438729921105684,69.59569174112745,0.0938853954612626,1494.7186002395297,3
0.3438729921105684,69.59569174112745,0.0938853954612626,1494.7186002395297,3
0.3438729921105684,69.59569174112745,0.0938853954612626,1494.7186002395297,3
0.3438729921105684,69.59569174112745,0.0938853954612626,1494.7186002395297,3
0.3438729921105684,69.59569174112745,0.0938853954612626,1494.7186002395297,3
0.3624389157144584,71.47972396566853,0.1461204056481979,1497.221370524034,3
0.3624389157144584,71.47972396566853,0.1461204056481979,1497.221370524034,3
0.3626609582367365,71.33550856174146,0.1287744967885745,1496.3377103560701,3
0.35198764440011443,71.05688861176337,0.10809623936792784,1496.9093217656584,3
0.35198764440011443,71.05688861176337,0.10809623936792784,1496.9093217656584,3
0.36371943000342316,72.19993319733632,0.1349679283010983,1502.4201532974644,3
0.36082743657767635,72.16556278508205,0.13410097409753113,1502.039610122591,3
0.35096892243000066,71.93136942378634,0.10903849182032471,1505.6098165125636,3
0.3566969365717239,72.02890794157352,0.13586676672268366,1500.8048675805805,3
0.3566969365717239,72.02890794157352,0.13586676672268366,1500.8048675805805,3
0.3566969365717239,72.02890794157352,0.13586676672268366,1500.8048675805805,3
0.3566969365717239,72.02890794157352,0.13586676672268366,1500.8048675805805,3
0.3566969365717239,72.02890794157352,0.13586676672268366,1500.8048675805805,3
0.33333603693199054,71.16970839468082,0.12001287510715986,1504.8441704542117,3
0.35356006842826593,70.80187860243613,0.11502291501322709,1494.6943764880116,3
0.35356006842826593,70.80187860243613,0.11502291501322709,1494.6943764880116,3
0.35356006842826593,70.80187860243613,0.11502291501322709,1494.6943764880116,3
0.3508344037674036,70.66285240588293,0.10348648374178902,1495.3460735106917,3
0.3516081671050373,70.71844879647078,0.10163823875121433,1495.9902593668053,3
0.3469654369522212,70.62920693621695,0.10508897399072895,1495.2714929609726,3
0.3469654369522212,70.62920693621695,0.10508897399072895,1495.2714929609726,3
0.3469654369522212,70.62920693621695,0.10508897399072895,1495.2714929609726,3
0.3511648071075824,70.33153961861876,0.11233321689152068,1493.96965303285,3
0.3510737287869238,70.07281434662546,0.10282338123260226,1493.8533552468195,3
0.3510737287869238,70.07281434662546,0.10282338123260226,1493.8533552468195,3
0.3510737287869238,70.07281434662546,0.10282338123260226,1493.8533552468195,3
0.3510737287869238,70.07281434662546,0.10282338123260226,1493.8533552468195,3
0.347786173521792,70.96255390540405,0.10964532265086463,1496.415412694971,3
0.347786173521792,70.96255390540405,0.10964532265086463,1496.415412694971,3
0.347786173521792,70.96255390540405,0.10964532265086463,1496.415412694971,3
0.347786173521792,70.96255390540405,0.10964532265086463,1496.415412694971,3
0.347786173521792,70.96255390540405,0.10964532265086463,1496.415412694971,3
0.347786173521792,70.96255390540405,0.10964532265086463,1496.415412694971,3
0.347786173521792,70.96255390540405,0.10964532265086463,1496.415412694971,3
0.347786173521792,70.96255390540405,0.10964532265086463,1496.415412694971,3
0.347786173521792,70.96255390540405,0.10964532265086463,1496.415412694971,3
0.3643257245743494,70.8448403429948,0.13450612136010284,1495.0605620354722,3
0.35601818291183446,70.76433900227174,0.12221485094792048,1494.3783778892478,3
0.363219539435259,70.95868590262569,0.1263815311327832,1495.035645336219,3
0.363219539435259,70.95868590262569,0.1263815311327832,1495.035645336219,3
0.363219539435259,70.95868590262569,0.1263815311327832,1495.035645336219,3
0.373891912508576,71.70248050909687,0.14637580661900265,1498.863549584513,3
0.373421204757066,70.7116557921568,0.14910468754437697,1497.937990382095,3
0.3809521779525202,70.84983756477199,0.14877533972346801,1499.5346094292759,3
0.3809521779525202,70.84983756477199,0.14877533972346801,1499.5346094292759,3
0.3809521779525202,70.84983756477199,0.14877533972346801,1499.5346094292759,3
0.3809521779525202,70.84983756477199,0.14877533972346801,1499.5346094292759,3
0.37660749504752156,71.33298222128305,0.15091670088683365,1498.235675921735,3
0.37660749504752156,71.33298222128305,0.15091670088683365,1498.235675921735,3
0.37660749504752156,71.33298222128305,0.15091670088683365,1498.235675921735,3
0.37660749504752156,71.33298222128305,0.15091670088683365,1498.235675921735,3
0.37660749504752156,71.33298222128305,0.15091670088683365,1498.235675921735,3
0.3737673008662779,70.37098360634201,0.1320795376573094,1497.3195521874698,3
0.3737673008662779,70.37098360634201,0.1320795376573094,1497.3195521874698,3
0.3737673008662779,70.37098360634201,0.1320795376573094,1497.3195521874698,3
0.3737673008662779,70.37098360634201,0.1320795376573094,1497.3195521874698,3
0.3737673008662779,70.37098360634201,0.1320795376573094,1497.3195521874698,3
0.3737673008662779,70.37098360634201,0.1320795376573094,1497.3195521874698,3
0.3737673008662779,70.37098360634201,0.1320795376573094,1497.3195521874698,3
0.3737673008662779,70.37098360634201,0.1320795376573094,1497.3195521874698,3
0.35063443999905036,70.45111946606734,0.11475075575155984,1494.2216150144202,3
0.35063443999905036,70.45111946606734,0.11475075575155984,1494.2216150144202,3
0.34570570814942053,70.1421277978375,0.10349753438753502,1494.3625917844117,3
0.345826983438024,69.78605367649966,0.1019244061562641,1494.511855552615,3
0.345826983438024,69.78605367649966,0.1019244061562641,1494.511855552615,3
0.345826983438024,69.78605367649966,0.1019244061562641,1494.511855552615,3
0.3486011337994369,70.58018892141432,0.11212834654389259,1494.645994097042,3
0.3590237385059454,70.3999489396383,0.10843683103924276,1494.519745970795,3
0.37783057401662273,71.12283230916267,0.12155913305671552,1502.0520549010498,3
0.37783057401662273,71.12283230916267,0.12155913305671552,1502.0520549010498,3
0.37783057401662273,71.12283230916267,0.12155913305671552,1502.0520549010498,3
0.38302120223160163,71.26386514119525,0.13940915546432664,1501.582536067028,3
0.38302120223160163,71.26386514119525,0.13940915546432664,1501.582536067028,3
0.38302120223160163,71.26386514119525,0.13940915546432664,1501.582536067028,3
0.378825933149896,70.86606002052326,0.14626249992505655,1498.6337583638083,3
0.378825933149896,70.86606002052326,0.14626249992505655,1498.6337583638083,3
0.378825933149896,70.86606002052326,0.14626249992505655,1498.6337583638083,3
0.378825933149896,70.86606002052326,0.14626249992505655,1498.6337583638083,3
0.378825933149896,70.86606002052326,0.14626249992505655,1498.6337583638083,3
0.378825933149896,70.86606002052326,0.14626249992505655,1498.6337583638083,3
0.38753879380778883,71.6807325918153,0.173365758051014,1503.2612071232556,3
0.37505898916908725,70.10073648901837,0.15166639985910418,1502.3691911433762,3
0.37505898916908725,70.10073648901837,0.15166639985910418,1502.3691911433762,3
0.36070073373436307,70.01373950417423,0.13506501621055894,1497.9654720590445,3
0.36070073373436307,70.01373950417423,0.13506501621055894,1497.9654720590445,3
0.36070073373436307,70.01373950417423,0.13506501621055894,1497.9654720590445,3
0.36070073373436307,70.01373950417423,0.13506501621055894,1497.9654720590445,3
0.36070073373436307,70.01373950417423,0.13506501621055894,1497.9654720590445,3
0.36070073373436307,70.01373950417423,0.13506501621055894,1497.9654720590445,3
0.36070073373436307,70.01373950417423,0.13506501621055894,1497.9654720590445,3
0.36070073373436307,70.01373950417423,0.13506501621055894,1497.9654720590445,3
0.36070073373436307,70.01373950417423,0.13506501621055894,1497.9654720590445,3
0.33929996870581847,68.7493277009411,0.07343716610450983,1497.6139514036809,3
0.3396344109914941,70.43962086664669,0.11284489814933264,1497.4996606509774,3
0.3523316658684339,70.52642753206159,0.11574186228154565,1494.1228899692635,3
0.3523316658684339,70.52642753206159,0.11574186228154565,1494.1228899692635,3
0.3523316658684339,70.52642753206159,0.11574186228154565,1494.1228899692635,3
0.3523316658684339,70.52642753206159,0.11574186228154565,1494.1228899692635,3
0.3523316658684339,70.52642753206159,0.11574186228154565,1494.1228899692635,3
0.34241824053934866,69.76600324134989,0.10834944979487489,1496.4567459639559,3
0.34241824053934866,69.76600324134989,0.10834944979487489,1496.4567459639559,3
0.33738421225633924,70.14583380879452,0.09870778075106677,1496.5109600556652,3
0.33293365480470977,69.27409219211373,0.09767643116241592,1500.2616836148936,3
0.33293365480470977,69.27409219211373,0.09767643116241592,1500.2616836148936,3
0.3253290581645874,69.58169378096889,0.06926138831014027,1501.0916400370234,3
0.3477402778781202,69.56564439935177,0.09030298533055017,1494.6096930771148,3
0.3477402778781202,69.56564439935177,0.09030298533055017,1494.6096930771148,3
0.34434600114644665,69.89448508967469,0.08891618884827729,1494.9097384485053,3
0.33955530731344824,68.95333673306042,0.08607277361805983,1497.1735431859072,3
0.33955530731344824,68.95333673306042,0.08607277361805983,1497.1735431859072,3
0.33955530731344824,68.95333673306042,0.08607277361805983,1497.1735431859072,3
0.33955530731344824,68.95333673306042,0.08607277361805983,1497.1735431859072,3
0.33955530731344824,68.95333673306042,0.08607277361805983,1497.1735431859072,3
0.33955530731344824,68.95333673306042,0.08607277361805983,1497.1735431859072,3
0.33955530731344824,68.95333673306042,0.08607277361805983,1497.1735431859072,3
0.33955530731344824,68.95333673306042,0.08607277361805983,1497.1735431859072,3
0.33955530731344824,68.95333673306042,0.08607277361805983,1497.1735431859072,3
0.3601430727028188,69.90900359211315,0.1298270783173925,1497.2185967333337,3
0.35421500401373085,69.8720486823817,0.09524567857896557,1494.665448900103,3
0.35421500401373085,69.8720486823817,0.09524567857896557,1494.665448900103,3
0.35421500401373085,69.8720486823817,0.09524567857896557,1494.665448900103,3
0.35421500401373085,69.8720486823817,0.09524567857896557,1494.665448900103,3
0.35421500401373085,69.8720486823817,0.09524567857896557,1494.665448900103,3
0.35421500401373085,69.8720486823817,0.09524567857896557,1494.665448900103,3
0.35421500401373085,69.8720486823817,0.09524567857896557,1494.665448900103,3
0.35605513380440146,70.60093976285893,0.13118550194545728,1495.308634795969,3
0.35605513380440146,70.60093976285893,0.13118550194545728,1495.308634795969,3
0.34696738054980825,70.46902350428527,0.11164212570610155,1494.755205284424,3
0.34696738054980825,70.46902350428527,0.11164212570610155,1494.755205284424,3
0.35608988291172533,71.01289070953148,0.12792880343469087,1495.147820984097,3
0.35608988291172533,71.01289070953148,0.12792880343469087,1495.147820984097,3
0.3475973264668458,70.33997067624026,0.12322647881834087,1496.3893637151555,3
0.3475973264668458,70.33997067624026,0.12322647881834087,1496.3893637151555,3
0.36157195257515284,71.67193733207287,0.13858291361971664,1497.67628971254,3
0.36157195257515284,71.67193733207287,0.13858291361971664,1497.67628971254,3
0.36157195257515284,71.67193733207287,0.13858291361971664,1497.67628971254,3
0.36157195257515284,71.67193733207287,0.13858291361971664,1497.67628971254,3
0.36157195257515284,71.67193733207287,0.13858291361971664,1497.67628971254,3
0.36157195257515284,71.67193733207287,0.13858291361971664,1497.67628971254,3
0.36157195257515284,71.67193733207287,0.13858291361971664,1497.67628971254,3
0.36157195257515284,71.67193733207287,0.13858291361971664,1497.67628971254,3
0.36157195257515284,71.67193733207287,0.13858291361971664,1497.67628971254,3
0.36157195257515284,71.67193733207287,0.13858291361971664,1497.67628971254,3
0.3627751096781888,70.97425691482755,0.12470783763421696,1495.121309848866,3
0.3627751096781888,70.97425691482755,0.12470783763421696,1495.121309848866,3
0.3627751096781888,70.97425691482755,0.12470783763421696,1495.121309848866,3
0.3627751096781888,70.97425691482755,0.12470783763421696,1495.121309848866,3
0.3627751096781888,70.97425691482755,0.12470783763421696,1495.121309848866,3
0.3627751096781888,70.97425691482755,0.12470783763421696,1495.121309848866,3
0.3544529755221336,70.34022332869114,0.10572533684511903,1494.099173100118,3
0.3544529755221336,70.34022332869114,0.10572533684511903,1494.099173100118,3
0.3544529755221336,70.34022332869114,0.10572533684511903,1494.099173100118,3
0.3544529755221336,70.34022332869114,0.10572533684511903,1494.099173100118,3
0.35912681139284913,70.87314761325773,0.12545112139543135,1494.5714774197002,3
0.35912681139284913,70.87314761325773,0.12545112139543135,1494.5714774197002,3
0.35912681139284913,70.87314761325773,0.12545112139543135,1494.5714774197002,3
0.35912681139284913,70.87314761325773,0.12545112139543135,1494.5714774197002,3
0.35912681139284913,70.87314761325773,0.12545112139543135,1494.5714774197002,3
0.35912681139284913,70.87314761325773,0.12545112139543135,1494.5714774197002,3
0.35912681139284913,70.87314761325773,0.12545112139543135,1494.5714774197002,3
0.35912681139284913,70.87314761325773,0.12545112139543135,1494.5714774197002,3
0.35912681139284913,70.87314761325773,0.12545112139543135,1494.5714774197002,3
0.37116001397533854,70.30555374300543,0.12421057564070144,1496.5778191046936,3
0.3486743683220697,69.36562966040451,0.0978746125815452,1495.2367659417703,3
0.36455410621854356,69.68555701852272,0.10199032961202928,1496.850906087536,3
0.36455410621854356,69.68555701852272,0.10199032961202928,1496.850906087536,3
0.36455410621854356,69.68555701852272,0.10199032961202928,1496.850906087536,3
0.3518639153928543,68.89653493712959,0.1125880054534185,1502.0047976294466,3
0.34704560401219525,68.7580872741236,0.1108238171251736,1504.0704918095043,3
0.34704560401219525,68.7580872741236,0.1108238171251736,1504.0704918095043,3
0.33012335734819276,69.30066136353524,0.09175444878278795,1500.0465666176676,3
0.35195032297771794,70.70721564576294,0.1329911965749702,1496.6483665614428,3
0.35195032297771794,70.70721564576294,0.1329911965749702,1496.6483665614428,3
0.35195032297771794,70.70721564576294,0.1329911965749702,1496.6483665614428,3
0.35195032297771794,70.70721564576294,0.1329911965749702,1496.6483665614428,3
0.35195032297771794,70.70721564576294,0.1329911965749702,1496.6483665614428,3
0.35195032297771794,70.70721564576294,0.1329911965749702,1496.6483665614428,3
0.35195032297771794,70.70721564576294,0.1329911965749702,1496.6483665614428,3
0.35195032297771794,70.70721564576294,0.1329911965749702,1496.6483665614428,3
0.35195032297771794,70.70721564576294,0.1329911965749702,1496.6483665614428,3
0.35195032297771794,70.70721564576294,0.1329911965749702,1496.6483665614428,3
0.35195032297771794,70.70721564576294,0.1329911965749702,1496.6483665614428,3
0.35195032297771794,70.70721564576294,0.1329911965749702,1496.6483665614428,3
0.35195032297771794,70.70721564576294,0.1329911965749702,1496.6483665614428,3
0.3726081289418976,70.85648739591717,0.1545867943105957,1498.4866860945087,3
0.3726081289418976,70.85648739591717,0.1545867943105957,1498.4866860945087,3
0.3726081289418976,70.85648739591717,0.1545867943105957,1498.4866860945087,3
0.3726081289418976,70.85648739591717,0.1545867943105957,1498.4866860945087,3
0.3726081289418976,70.85648739591717,0.1545867943105957,1498.4866860945087,3
0.3569649905146037,70.11497643026159,0.12950172782720273,1496.3195217631953,3
0.3569649905146037,70.11497643026159,0.12950172782720273,1496.3195217631953,3
0.3569649905146037,70.11497643026159,0.12950172782720273,1496.3195217631953,3
0.3516387848416185,70.31394463937717,0.10016373487232476,1494.482461152926,3
0.3516387848416185,70.31394463937717,0.10016373487232476,1494.482461152926,3
0.3516387848416185,70.31394463937717,0.10016373487232476,1494.482461152926,3
0.3434751526747004,70.09222342305537,0.09189791253977267,1495.0916831754012,3
0.3434751526747004,70.09222342305537,0.09189791253977267,1495.0916831754012,3
0.3434751526747004,70.09222342305537,0.09189791253977267,1495.0916831754012,3
0.3434751526747004,70.09222342305537,0.09189791253977267,1495.0916831754012,3
0.3434751526747004,70.09222342305537,0.09189791253977267,1495.0916831754012,3
0.3429497281676895,70.37687087740065,0.11030161058657653,1495.696340686495,3
0.3429497281676895,70.37687087740065,0.11030161058657653,1495.696340686495,3
0.3429497281676895,70.37687087740065,0.11030161058657653,1495.696340686495,3
0.3429497281676895,70.37687087740065,0.11030161058657653,1495.696340686495,3
0.34033634966750564,69.29618729342167,0.06733424397577636,1497.8590878402888,3
0.33834291768759656,70.50470708238683,0.08788909783600395,1498.5277002471935,3
0.3469425415827615,70.65953557307081,0.11226682887210311,1495.184179077177,3
0.34559340375345,69.74375786689205,0.0738140068326284,1497.815569655329,3
0.34559340375345,69.74375786689205,0.0738140068326284,1497.815569655329,3
0.34559340375345,69.74375786689205,0.0738140068326284,1497.815569655329,3
0.3528154832275042,70.7300849131004,0.11108047827211251,1494.7202752908274,3
0.3528154832275042,70.7300849131004,0.11108047827211251,1494.7202752908274,3
0.3528154832275042,70.7300849131004,0.11108047827211251,1494.7202752908274,3
0.3528154832275042,70.7300849131004,0.11108047827211251,1494.7202752908274,3
0.3528154832275042,70.7300849131004,0.11108047827211251,1494.7202752908274,3
0.3528154832275042,70.7300849131004,0.11108047827211251,1494.7202752908274,3
0.3528154832275042,70.7300849131004,0.11108047827211251,1494.7202752908274,3
0.3528154832275042,70.7300849131004,0.11108047827211251,1494.7202752908274,3
0.3528154832275042,70.7300849131004,0.11108047827211251,1494.7202752908274,3
0.3528154832275042,70.7300849131004,0.11108047827211251,1494.7202752908274,3
0.350768026169249,70.72023096569895,0.09157498994287373,1498.6193208964203,3
0.350768026169249,70.72023096569895,0.09157498994287373,1498.6193208964203,3
0.3511816880266853,70.86466258669641,0.12520369655194966,1495.5074231330098,3
0.3568014621590885,70.82018972877597,0.10335379593901851,1496.833035951101,3
0.3568014621590885,70.82018972877597,0.10335379593901851,1496.833035951101,3
0.3568014621590885,70.82018972877597,0.10335379593901851,1496.833035951101,3
0.3554839728823384,70.77801504260928,0.10573402273802533,1495.8365409512562,3
0.3554839728823384,70.77801504260928,0.10573402273802533,1495.8365409512562,3
0.3554839728823384,70.77801504260928,0.10573402273802533,1495.8365409512562,3
0.3554839728823384,70.77801504260928,0.10573402273802533,1495.8365409512562,3
0.3554839728823384,70.77801504260928,0.10573402273802533,1495.8365409512562,3
0.3432261765042783,69.95535343851377,0.0982837561853549,1494.6437223440305,3
0.34996193783457125,69.48242703241046,0.08982129971927866,1494.8831095710907,3
0.34996193783457125,69.48242703241046,0.08982129971927866,1494.8831095710907,3
0.34996193783457125,69.48242703241046,0.08982129971927866,1494.8831095710907,3
0.34996193783457125,69.48242703241046,0.08982129971927866,1494.8831095710907,3
0.34996193783457125,69.48242703241046,0.08982129971927866,1494.8831095710907,3
0.33777319993974464,68.45279828437191,0.07042975254263613,1499.2286317812016,3
0.33777319993974464,68.45279828437191,0.07042975254263613,1499.2286317812016,3
0.33777319993974464,68.45279828437191,0.07042975254263613,1499.2286317812016,3
0.33777319993974464,68.45279828437191,0.07042975254263613,1499.2286317812016,3
0.33777319993974464,68.45279828437191,0.07042975254263613,1499.2286317812016,3
0.33777319993974464,68.45279828437191,0.07042975254263613,1499.2286317812016,3
0.3279317746784839,69.63647654148116,0.06509891683788033,1501.1896282917653,3
0.3279317746784839,69.63647654148116,0.06509891683788033,1501.1896282917653,3
0.3279317746784839,69.63647654148116,0.06509891683788033,1501.1896282917653,3
0.3279317746784839,69.63647654148116,0.06509891683788033,1501.1896282917653,3
0.3279317746784839,69.63647654148116,0.06509891683788033,1501.1896282917653,3
0.3279317746784839,69.63647654148116,0.06509891683788033,1501.1896282917653,3
0.3279317746784839,69.63647654148116,0.06509891683788033,1501.1896282917653,3
0.33579669874526963,70.77965214453747,0.09895894337053057,1499.632616841804,3
0.3392694473069909,70.65291733391716,0.1050983453947522,1497.3992696124708,3
0.34233031976071265,70.03714092626242,0.12388935464574155,1500.2266352705233,3
0.34233031976071265,70.03714092626242,0.12388935464574155,1500.2266352705233,3
0.34974949042803666,71.02787535534448,0.1382526924033228,1498.797980186334,3
0.34974949042803666,71.02787535534448,0.1382526924033228,1498.797980186334,3
0.35200841508705466,69.94840362523506,0.09594941234612103,1494.3378290304672,3
0.35200841508705466,69.94840362523506,0.09594941234612103,1494.3378290304672,3
0.35200841508705466,69.94840362523506,0.09594941234612103,1494.3378290304672,3
0.35200841508705466,69.94840362523506,0.09594941234612103,1494.3378290304672,3
0.34633793025680637,70.07808187109464,0.10316929371372395,1494.2269410065596,3
0.34633793025680637,70.07808187109464,0.10316929371372395,1494.2269410065596,3
0.35135253443064335,69.15681830057729,0.09387461877213868,1496.0428768545773,3
0.3529157446267545,69.54687468689734,0.11129676724756422,1495.8393411526622,3
0.3529157446267545,69.54687468689734,0.11129676724756422,1495.8393411526622,3
0.3377210152945605,70.22406585501133,0.08596499626029057,1497.3545793966914,3
0.3377210152945605,70.22406585501133,0.08596499626029057,1497.3545793966914,3
0.3377210152945605,70.22406585501133,0.08596499626029057,1497.3545793966914,3
0.33595296628256144,69.34471179677944,0.08689520051614959,1496.601596025549,3
0.3466008550273579,70.62860005563286,0.11428932354418049,1495.2819335018562,3
0.3574358453905917,70.32551100118945,0.12489732682646973,1494.5907535394344,3
0.3574358453905917,70.32551100118945,0.12489732682646973,1494.5907535394344,3
0.3574358453905917,70.32551100118945,0.12489732682646973,1494.5907535394344,3
0.3574358453905917,70.32551100118945,0.12489732682646973,1494.5907535394344,3
0.3574358453905917,70.32551100118945,0.12489732682646973,1494.5907535394344,3
0.3574358453905917,70.32551100118945,0.12489732682646973,1494.5907535394344,3
0.3574358453905917,70.32551100118945,0.12489732682646973,1494.5907535394344,3
0.3574358453905917,70.32551100118945,0.12489732682646973,1494.5907535394344,3
0.3574358453905917,70.32551100118945,0.12489732682646973,1494.5907535394344,3
0.3574358453905917,70.32551100118945,0.12489732682646973,1494.5907535394344,3
0.3574358453905917,70.32551100118945,0.12489732682646973,1494.5907535394344,3
0.3574358453905917,70.32551100118945,0.12489732682646973,1494.5907535394344,3
0.3574358453905917,70.32551100118945,0.12489732682646973,1494.5907535394344,3
0.3574358453905917,70.32551100118945,0.12489732682646973,1494.5907535394344,3
0.3574358453905917,70.32551100118945,0.12489732682646973,1494.5907535394344,3
0.3574358453905917,70.32551100118945,0.12489732682646973,1494.5907535394344,3
0.3574358453905917,70.32551100118945,0.12489732682646973,1494.5907535394344,3
0.3574358453905917,70.32551100118945,0.12489732682646973,1494.5907535394344,3
0.3574358453905917,70.32551100118945,0.12489732682646973,1494.5907535394344,3
0.3574358453905917,70.32551100118945,0.12489732682646973,1494.5907535394344,3
0.3574358453905917,70.32551100118945,0.12489732682646973,1494.5907535394344,3
0.3574358453905917,70.32551100118945,0.12489732682646973,1494.5907535394344,3
0.3574358453905917,70.32551100118945,0.12489732682646973,1494.5907535394344,3
0.35342837131965604,70.42687817648371,0.09916767809828324,1495.1931020019163,3
0.35342837131965604,70.42687817648371,0.09916767809828324,1495.1931020019163,3
0.3550922248739451,70.44396062895086,0.12359979801792709,1494.446739483241,3
0.3695177874189505,71.36338567866824,0.14117444677970456,1496.742106508534,3
0.3490953152036279,70.20610372564397,0.12072607383419234,1495.6313824214626,3
0.3490953152036279,70.20610372564397,0.12072607383419234,1495.6313824214626,3
0.3580662925206567,70.7371833971478,0.12232853977594865,1494.2770958389838,3
0.3580662925206567,70.7371833971478,0.12232853977594865,1494.2770958389838,3
0.3580662925206567,70.7371833971478,0.12232853977594865,1494.2770958389838,3
0.3580662925206567,70.7371833971478,0.12232853977594865,1494.2770958389838,3
0.3523981581506905,70.75485137428271,0.11479740516084437,1494.6167637011938,3
0.3523981581506905,70.75485137428271,0.11479740516084437,1494.6167637011938,3
0.3523981581506905,70.75485137428271,0.11479740516084437,1494.6167637011938,3
0.35570789198882136,70.12913781797805,0.12989007979003242,1496.583104245499,3
0.35570789198882136,70.12913781797805,0.12989007979003242,1496.583104245499,3
0.36470666204377966,70.40671445421187,0.1519367792469898,1500.5658850995496,3
0.3591657047904584,71.74038567977654,0.14278166926318167,1498.4297224985994,3
0.3591657047904584,71.74038567977654,0.14278166926318167,1498.4297224985994,3
0.3591657047904584,71.74038567977654,0.14278166926318167,1498.4297224985994,3
0.34481052085529795,71.48229939113108,0.1251195623190952,1500.169110003147,3
0.34481052085529795,71.48229939113108,0.1251195623190952,1500.169110003147,3
0.34481052085529795,71.48229939113108,0.1251195623190952,1500.169110003147,3
0.3624652810237357,71.4746200603847,0.14507267794686055,1497.0820419119482,3
0.341135313346861,70.72695399100604,0.1090339640010965,1497.0719415270223,3
0.341135313346861,70.72695399100604,0.1090339640010965,1497.0719415270223,3
0.341135313346861,70.72695399100604,0.1090339640010965,1497.0719415270223,3
0.341135313346861,70.72695399100604,0.1090339640010965,1497.0719415270223,3
0.3546802919327701,70.2991993301659,0.10359982711466349,1494.256898869873,3
0.3519198696955426,69.4095047895179,0.0763277137297969,1497.5767312392122,3
0.3519198696955426,69.4095047895179,0.0763277137297969,1497.5767312392122,3
0.3519198696955426,69.4095047895179,0.0763277137297969,1497.5767312392122,3
0.3578454795042398,69.62227240850792,0.060383469620737665,1507.5808635676642,3
0.3578454795042398,69.62227240850792,0.060383469620737665,1507.5808635676642,3
0.3674281247280525,70.67146388437011,0.09622836343530894,1502.2112622131167,3
0.3674281247280525,70.67146388437011,0.09622836343530894,1502.2112622131167,3
0.3782544874832023,70.60231857534849,0.12757459051114164,1499.3106542062303,3
0.3782544874832023,70.60231857534849,0.12757459051114164,1499.3106542062303,3
0.3782544874832023,70.60231857534849,0.12757459051114164,1499.3106542062303,3
0.3782544874832023,70.60231857534849,0.12757459051114164,1499.3106542062303,3
0.3784852297776001,71.55543753031941,0.17253399428969807,1501.4261807036057,3
0.3784852297776001,71.55543753031941,0.17253399428969807,1501.4261807036057,3
0.3784852297776001,71.55543753031941,0.17253399428969807,1501.4261807036057,3
0.3784852297776001,71.55543753031941,0.17253399428969807,1501.4261807036057,3
0.38094910037032326,72.11039769141748,0.1847409911195914,1504.4744825450298,3
0.35771807420845186,70.90364620090442,0.15284414809925578,1500.5379497475983,3
0.35771807420845186,70.90364620090442,0.15284414809925578,1500.5379497475983,3
0.36293556784736003,72.08407603102793,0.15765002513890905,1501.0501003838879,3
0.36293556784736003,72.08407603102793,0.15765002513890905,1501.0501003838879,3
0.36396646483438516,71.60638765153163,0.13578232344306304,1497.4309642534317,3
0.36396646483438516,71.60638765153163,0.13578232344306304,1497.4309642534317,3
0.36396646483438516,71.60638765153163,0.13578232344306304,1497.4309642534317,3
0.36396646483438516,71.60638765153163,0.13578232344306304,1497.4309642534317,3
0.3685458859511607,72.04099077428658,0.14659543686237045,1499.9921555281185,3
0.38457237892654755,71.60602570151829,0.16148810655468004,1501.4841736646447,3
0.38457237892654755,71.60602570151829,0.16148810655468004,1501.4841736646447,3
0.37416191571806684,71.20205341822177,0.1368311465235849,1497.626746268249,3
0.3725170563306101,70.81446333218,0.1075667151890472,1501.642726766873,3
0.364923961408433,69.96389544023388,0.1138536088232162,1495.5584105466583,3
0.364923961408433,69.96389544023388,0.1138536088232162,1495.5584105466583,3
0.364923961408433,69.96389544023388,0.1138536088232162,1495.5584105466583,3
0.364923961408433,69.96389544023388,0.1138536088232162,1495.5584105466583,3
0.364923961408433,69.96389544023388,0.1138536088232162,1495.5584105466583,3
0.364923961408433,69.96389544023388,0.1138536088232162,1495.5584105466583,3
0.364923961408433,69.96389544023388,0.1138536088232162,1495.5584105466583,3
0.364923961408433,69.96389544023388,0.1138536088232162,1495.5584105466583,3
0.364923961408433,69.96389544023388,0.1138536088232162,1495.5584105466583,3
0.364923961408433,69.96389544023388,0.1138536088232162,1495.5584105466583,3
0.364923961408433,69.96389544023388,0.1138536088232162,1495.5584105466583,3
0.35855874964831935,70.61775213090611,0.11920088196691314,1494.1136746845937,3
0.35855874964831935,70.61775213090611,0.11920088196691314,1494.1136746845937,3
0.35855874964831935,70.61775213090611,0.11920088196691314,1494.1136746845937,3
0.35855874964831935,70.61775213090611,0.11920088196691314,1494.1136746845937,3
0.35855874964831935,70.61775213090611,0.11920088196691314,1494.1136746845937,3
0.35855874964831935,70.61775213090611,0.11920088196691314,1494.1136746845937,3
0.35855874964831935,70.61775213090611,0.11920088196691314,1494.1136746845937,3
0.3615048933332673,71.00155164039472,0.11341459513087279,1496.577744780905,3
0.3615048933332673,71.00155164039472,0.11341459513087279,1496.577744780905,3
0.3615048933332673,71.00155164039472,0.11341459513087279,1496.577744780905,3
0.3615048933332673,71.00155164039472,0.11341459513087279,1496.577744780905,3
0.34533161630939996,70.14452393094611,0.06892756562692698,1502.2188365067134,3
0.34533161630939996,70.14452393094611,0.06892756562692698,1502.2188365067134,3
0.3595278475580763,70.34874928125663,0.08600830842895352,1500.4442859026599,3
0.3663108830572448,70.069660111512,0.07958872188770405,1505.2393722566262,3
0.3663108830572448,70.069660111512,0.07958872188770405,1505.2393722566262,3
0.3663108830572448,70.069660111512,0.07958872188770405,1505.2393722566262,3
0.3647790483078804,69.73795734044502,0.09307512406188202,1498.4572246446412,3
0.37584236691348305,70.72244605628849,0.1378310171128847,1497.5562961952237,3
0.37584236691348305,70.72244605628849,0.1378310171128847,1497.5562961952237,3
0.37584236691348305,70.72244605628849,0.1378310171128847,1497.5562961952237,3
0.3545401271419389,71.29994879104711,0.12138088576145759,1496.6332383986917,3
0.36934023927924636,70.6942459511533,0.1439949981208707,1496.6866553434427,3
0.36934023927924636,70.6942459511533,0.1439949981208707,1496.6866553434427,3
0.36934023927924636,70.6942459511533,0.1439949981208707,1496.6866553434427,3
0.3670839194951592,70.70900629113544,0.13013982536691407,1495.1721872798694,3
0.3670839194951592,70.70900629113544,0.13013982536691407,1495.1721872798694,3
0.3670839194951592,70.70900629113544,0.13013982536691407,1495.1721872798694,3
0.3670839194951592,70.70900629113544,0.13013982536691407,1495.1721872798694,3
0.3670839194951592,70.70900629113544,0.13013982536691407,1495.1721872798694,3
0.35269935132274166,70.7710104442123,0.10930054529398442,1495.071292515478,3
0.35269935132274166,70.7710104442123,0.10930054529398442,1495.071292515478,3
0.35269935132274166,70.7710104442123,0.10930054529398442,1495.071292515478,3
0.35269935132274166,70.7710104442123,0.10930054529398442,1495.071292515478,3
0.35269935132274166,70.7710104442123,0.10930054529398442,1495.071292515478,3
0.35269935132274166,70.7710104442123,0.10930054529398442,1495.071292515478,3
0.35269935132274166,70.7710104442123,0.10930054529398442,1495.071292515478,3
0.366712346582545,70.4581596604746,0.12019984751683031,1495.2831518438077,3
0.366712346582545,70.4581596604746,0.12019984751683031,1495.2831518438077,3
0.366712346582545,70.4581596604746,0.12019984751683031,1495.2831518438077,3
0.366712346582545,70.4581596604746,0.12019984751683031,1495.2831518438077,3
0.34542347163235176,69.46645438301167,0.0911386346114556,1494.7837007197531,3
0.34542347163235176,69.46645438301167,0.0911386346114556,1494.7837007197531,3
0.34542347163235176,69.46645438301167,0.0911386346114556,1494.7837007197531,3
0.34542347163235176,69.46645438301167,0.0911386346114556,1494.7837007197531,3
0.34542347163235176,69.46645438301167,0.0911386346114556,1494.7837007197531,3
0.34542347163235176,69.46645438301167,0.0911386346114556,1494.7837007197531,3
0.34542347163235176,69.46645438301167,0.0911386346114556,1494.7837007197531,3
0.3487159825208346,69.50296183027511,0.08231618821582468,1495.6470401656707,3
0.3487159825208346,69.50296183027511,0.08231618821582468,1495.6470401656707,3
0.3487159825208346,69.50296183027511,0.08231618821582468,1495.6470401656707,3
0.3487159825208346,69.50296183027511,0.08231618821582468,1495.6470401656707,3
0.3662689130952808,69.87279421015839,0.11806264560645988,1496.2398351021175,3
0.3662689130952808,69.87279421015839,0.11806264560645988,1496.2398351021175,3
0.3662689130952808,69.87279421015839,0.11806264560645988,1496.2398351021175,3
0.37161475696192026,70.42944143643055,0.12605942220934402,1496.528645695006,3
0.36961370720223147,70.21692323143174,0.14140248720058876,1498.220313043602,3
0.36829615349414296,70.05766681941208,0.11042647522163343,1496.8176117333057,3
0.3637233593845708,69.01950219764586,0.09352954363321206,1499.9221569133917,3
0.3637233593845708,69.01950219764586,0.09352954363321206,1499.9221569133917,3
0.3576869901509091,69.11852712813824,0.09651563039191093,1497.2987712047868,3
0.3430649436611985,68.27642814661213,0.05430696109374261,1502.258600936848,3
0.3430649436611985,68.27642814661213,0.05430696109374261,1502.258600936848,3
0.3430649436611985,68.27642814661213,0.05430696109374261,1502.258600936848,3
0.3430649436611985,68.27642814661213,0.05430696109374261,1502.258600936848,3
0.3430649436611985,68.27642814661213,0.05430696109374261,1502.258600936848,3
0.3430649436611985,68.27642814661213,0.05430696109374261,1502.258600936848,3
0.3430649436611985,68.27642814661213,0.05430696109374261,1502.258600936848,3
0.3279200448731506,67.66766093930565,0.05545862022547779,1505.7522272574188,3
0.3279200448731506,67.66766093930565,0.05545862022547779,1505.7522272574188,3
0.344796214718866,68.5750657572283,0.08317160498952145,1498.8691026162774,3
0.3325594800117571,69.95913243180074,0.10114547311654881,1499.1305819924328,3
0.3325594800117571,69.95913243180074,0.10114547311654881,1499.1305819924328,3
0.3325594800117571,69.95913243180074,0.10114547311654881,1499.1305819924328,3
0.332662439162888,69.00865972815065,0.07226978765601987,1497.8433869959206,3
0.332662439162888,69.00865972815065,0.07226978765601987,1497.8433869959206,3
0.332662439162888,69.00865972815065,0.07226978765601987,1497.8433869959206,3
0.332662439162888,69.00865972815065,0.07226978765601987,1497.8433869959206,3
0.332662439162888,69.00865972815065,0.07226978765601987,1497.8433869959206,3
0.32987644502161684,69.20756724737464,0.06339515507463318,1499.4986291248924,3
0.32987644502161684,69.20756724737464,0.06339515507463318,1499.4986291248924,3
0.32987644502161684,69.20756724737464,0.06339515507463318,1499.4986291248924,3
0.34116711548244855,69.7078225932489,0.09927602293672781,1495.4589461683845,3
0.34116711548244855,69.7078225932489,0.09927602293672781,1495.4589461683845,3
0.34793093171280676,69.61983287452583,0.09167383641993383,1494.4780561249174,3
0.37115254393150987,70.96684517071435,0.13649197709371091,1496.2319652415408,3
0.3654714829863206,71.27403459863068,0.11574224426829001,1498.9401538686832,3
0.34703826623666234,71.09463298294988,0.10528982124855762,1498.00737765127,3
0.33814243627155405,70.54134751395215,0.11415171559141156,1498.6167175001858,3
0.35023996579246347,70.8374853882163,0.1276898689952507,1496.087225610815,3
0.35023996579246347,70.8374853882163,0.1276898689952507,1496.087225610815,3
0.35023996579246347,70.8374853882163,0.1276898689952507,1496.087225610815,3
0.35023996579246347,70.8374853882163,0.1276898689952507,1496.087225610815,3
0.35023996579246347,70.8374853882163,0.1276898689952507,1496.087225610815,3
0.35023996579246347,70.8374853882163,0.1276898689952507,1496.087225610815,3
0.3727650887519793,71.78208582082515,0.14279237125207297,1499.3581133883372,3
0.3727650887519793,71.78208582082515,0.14279237125207297,1499.3581133883372,3
0.3727650887519793,71.78208582082515,0.14279237125207297,1499.3581133883372,3
0.3727650887519793,71.78208582082515,0.14279237125207297,1499.3581133883372,3
0.3727650887519793,71.78208582082515,0.14279237125207297,1499.3581133883372,3
0.3727650887519793,71.78208582082515,0.14279237125207297,1499.3581133883372,3
0.3727650887519793,71.78208582082515,0.14279237125207297,1499.3581133883372,3
0.360442118863544,70.52640931838276,0.12037385372960689,1494.1474882965858,3
0.360442118863544,70.52640931838276,0.12037385372960689,1494.1474882965858,3
0.360442118863544,70.52640931838276,0.12037385372960689,1494.1474882965858,3
0.3611893189044393,70.65563931369573,0.1172837560550397,1494.552245460934,3
0.3611893189044393,70.65563931369573,0.1172837560550397,1494.552245460934,3
0.3693990593022079,70.66506980929476,0.12248231399431066,1496.1247092416686,3
0.3547555624355587,69.41477380312529,0.0973885320243385,1495.3316610766492,3
0.3547555624355587,69.41477380312529,0.0973885320243385,1495.3316610766492,3
0.33974737805808136,68.64287108027287,0.06292340106637503,1498.9510357222082,3
0.33974737805808136,68.64287108027287,0.06292340106637503,1498.9510357222082,3
0.34683048943424766,69.10535171350969,0.0669833190066912,1498.6118459725672,3
0.34683048943424766,69.10535171350969,0.0669833190066912,1498.6118459725672,3
0.34683048943424766,69.10535171350969,0.0669833190066912,1498.6118459725672,3
0.33678956270371213,68.54897756085805,0.05402838333937205,1500.7210187799612,3
0.33678956270371213,68.54897756085805,0.05402838333937205,1500.7210187799612,3
0.3447848549295757,68.29044954685538,0.06659181528347104,1500.685219759905,3
0.3447848549295757,68.29044954685538,0.06659181528347104,1500.685219759905,3
0.3447848549295757,68.29044954685538,0.06659181528347104,1500.685219759905,3
0.35284217386096517,69.65872734934811,0.08337181964406311,1496.3493292223443,3
0.35284217386096517,69.65872734934811,0.08337181964406311,1496.3493292223443,3
0.35284217386096517,69.65872734934811,0.08337181964406311,1496.3493292223443,3
0.35284217386096517,69.65872734934811,0.08337181964406311,1496.3493292223443,3
0.3653669277114383,70.19146417291036,0.10973615129665357,1495.7758287156025,3
0.3653669277114383,70.19146417291036,0.10973615129665357,1495.7758287156025,3
0.35154642144881837,70.45740330391753,0.12009850331465738,1494.5505319558242,3
0.35154642144881837,70.45740330391753,0.12009850331465738,1494.5505319558242,3
0.35154642144881837,70.45740330391753,0.12009850331465738,1494.5505319558242,3
0.3268002008959118,68.61594667887636,0.05339036205687128,1501.510503425652,3
0.3268002008959118,68.61594667887636,0.05339036205687128,1501.510503425652,3
0.33358189886004286,69.74494936211045,0.07433608448149352,1498.1864435041434,3
0.33358189886004286,69.74494936211045,0.07433608448149352,1498.1864435041434,3
0.333320721643979,70.40937787133075,0.10353299313128254,1499.4099505041695,3
0.34348234440331693,70.1606769612368,0.12468742074688563,1499.3095160712792,3
0.33552794382096635,70.11105755266092,0.11000948403832803,1499.287066144056,3
0.33552794382096635,70.11105755266092,0.11000948403832803,1499.287066144056,3
0.33552794382096635,70.11105755266092,0.11000948403832803,1499.287066144056,3
0.33552794382096635,70.11105755266092,0.11000948403832803,1499.287066144056,3
0.33552794382096635,70.11105755266092,0.11000948403832803,1499.287066144056,3
0.34560919150588937,71.22298434364386,0.12877646863161768,1498.9561639162544,3
0.34560919150588937,71.22298434364386,0.12877646863161768,1498.9561639162544,3
0.33015666120761483,69.86035629186594,0.09158923792480324,1499.0113508556233,3
0.3488724840295467,70.23743094611274,0.10115688962778784,1494.1855812424471,3
0.3488724840295467,70.23743094611274,0.10115688962778784,1494.1855812424471,3
0.3488724840295467,70.23743094611274,0.10115688962778784,1494.1855812424471,3
0.35981517941214564,70.67159438937335,0.14121024299986948,1496.7134603972697,3
0.35981517941214564,70.67159438937335,0.14121024299986948,1496.7134603972697,3
0.3544091033398798,69.6438820127787,0.11341640849848308,1495.574521945372,3
0.3544091033398798,69.6438820127787,0.11341640849848308,1495.574521945372,3
0.35251114735002764,70.43565226490075,0.11779846501355502,1494.1663786491001,3
0.35251114735002764,70.43565226490075,0.11779846501355502,1494.1663786491001,3
0.3484858806468235,70.59473155012988,0.12969104918012947,1497.2578242058619,3
0.3484858806468235,70.59473155012988,0.12969104918012947,1497.2578242058619,3
0.34456776745889617,69.76027600019921,0.1051641468768178,1495.2143110113318,3
0.34456776745889617,69.76027600019921,0.1051641468768178,1495.2143110113318,3
0.34456776745889617,69.76027600019921,0.1051641468768178,1495.2143110113318,3
0.34267532894819785,70.05696035569744,0.07652654320254554,1498.2840135469905,3
0.3572467196437542,70.5352361134636,0.09714070010109194,1496.914584801473,3
0.3572467196437542,70.5352361134636,0.09714070010109194,1496.914584801473,3
0.3572467196437542,70.5352361134636,0.09714070010109194,1496.914584801473,3
0.3572467196437542,70.5352361134636,0.09714070010109194,1496.914584801473,3
0.3572467196437542,70.5352361134636,0.09714070010109194,1496.914584801473,3
0.3572467196437542,70.5352361134636,0.09714070010109194,1496.914584801473,3
0.3572467196437542,70.5352361134636,0.09714070010109194,1496.914584801473,3
0.3572467196437542,70.5352361134636,0.09714070010109194,1496.914584801473,3
0.3572467196437542,70.5352361134636,0.09714070010109194,1496.914584801473,3
0.35026762887658613,71.05383215361246,0.10907566843698367,1496.7799458124605,3
0.35026762887658613,71.05383215361246,0.10907566843698367,1496.7799458124605,3
0.35026762887658613,71.05383215361246,0.10907566843698367,1496.7799458124605,3
0.35026762887658613,71.05383215361246,0.10907566843698367,1496.7799458124605,3
0.3596684857337341,71.01017379000379,0.1039584605725718,1498.6684360593024,3
0.3596684857337341,71.01017379000379,0.1039584605725718,1498.6684360593024,3
0.3596684857337341,71.01017379000379,0.1039584605725718,1498.6684360593024,3
0.36106956616526636,70.76943655525275,0.11472877863024815,1495.1518609534542,3
0.36106956616526636,70.76943655525275,0.11472877863024815,1495.1518609534542,3
0.36106956616526636,70.76943655525275,0.11472877863024815,1495.1518609534542,3
0.35452135048749983,70.00754324311055,0.07708292908358744,1500.109429412688,3
0.3601724920644827,70.79611897024454,0.09308778536084392,1501.1055910263565,3
0.356495752699999,70.58540171553932,0.09882180583982833,1496.552631147689,3
0.356495752699999,70.58540171553932,0.09882180583982833,1496.552631147689,3
0.356495752699999,70.58540171553932,0.09882180583982833,1496.552631147689,3
0.356495752699999,70.58540171553932,0.09882180583982833,1496.552631147689,3
0.3619351142440197,70.09244447689994,0.14067121535684227,1499.0842346622371,3
0.3531633818245533,69.65055477196196,0.11228626248335612,1495.4246986749065,3
0.35153752589322074,69.27797512297852,0.09059116582114106,1495.525323009461,3
0.34020560911435155,69.25715192462297,0.07195224732123817,1496.8067497168652,3
0.34020560911435155,69.25715192462297,0.07195224732123817,1496.8067497168652,3
0.34020560911435155,69.25715192462297,0.07195224732123817,1496.8067497168652,3
0.34020560911435155,69.25715192462297,0.07195224732123817,1496.8067497168652,3
0.33795893604858196,69.96026177102667,0.07060009101575074,1499.6914279001276,3
0.34423412557750255,70.3672491474471,0.07838386854062165,1499.8739523188228,3
0.3468356988562506,69.46601897104748,0.060688262488722666,1501.8626206429267,3
0.3468356988562506,69.46601897104748,0.060688262488722666,1501.8626206429267,3
0.3362540653275054,68.64285202828935,0.05256287391169282,1501.0126721786467,3
0.3362540653275054,68.64285202828935,0.05256287391169282,1501.0126721786467,3
0.3362540653275054,68.64285202828935,0.05256287391169282,1501.0126721786467,3
0.3362540653275054,68.64285202828935,0.05256287391169282,1501.0126721786467,3
0.336847417439059,68.78621669117776,0.07940728821037632,1497.92677758733,3
0.3576717471435573,70.53230249527705,0.14244484917931444,1498.1108756570832,3
0.368795727580846,70.70554924951055,0.14513606003723492,1496.8227966098248,3
0.368795727580846,70.70554924951055,0.14513606003723492,1496.8227966098248,3
0.368795727580846,70.70554924951055,0.14513606003723492,1496.8227966098248,3
0.3569328574428465,71.03937281909616,0.13540704252217065,1495.8005626579736,3
0.3569328574428465,71.03937281909616,0.13540704252217065,1495.8005626579736,3
0.3569328574428465,71.03937281909616,0.13540704252217065,1495.8005626579736,3
0.3569328574428465,71.03937281909616,0.13540704252217065,1495.8005626579736,3
0.3569328574428465,71.03937281909616,0.13540704252217065,1495.8005626579736,3
0.3569328574428465,71.03937281909616,0.13540704252217065,1495.8005626579736,3
0.36771656594000285,70.61815376101421,0.13846721246654703,1495.91628702118,3
0.35716304956951295,70.87418331170896,0.13544915977588226,1495.670991092417,3
0.35716304956951295,70.87418331170896,0.13544915977588226,1495.670991092417,3
0.35716304956951295,70.87418331170896,0.13544915977588226,1495.670991092417,3
0.35716304956951295,70.87418331170896,0.13544915977588226,1495.670991092417,3
0.35716304956951295,70.87418331170896,0.13544915977588226,1495.670991092417,3
0.35716304956951295,70.87418331170896,0.13544915977588226,1495.670991092417,3
0.35716304956951295,70.87418331170896,0.13544915977588226,1495.670991092417,3
0.35716304956951295,70.87418331170896,0.13544915977588226,1495.670991092417,3
0.34166585746957223,70.16876578656445,0.10287073250590184,1495.313611142788,3
0.34166585746957223,70.16876578656445,0.10287073250590184,1495.313611142788,3
0.34166585746957223,70.16876578656445,0.10287073250590184,1495.313611142788,3
0.34166585746957223,70.16876578656445,0.10287073250590184,1495.313611142788,3
0.34166585746957223,70.16876578656445,0.10287073250590184,1495.313611142788,3
0.34166585746957223,70.16876578656445,0.10287073250590184,1495.313611142788,3
0.34166585746957223,70.16876578656445,0.10287073250590184,1495.313611142788,3
0.34166585746957223,70.16876578656445,0.10287073250590184,1495.313611142788,3
0.34166585746957223,70.16876578656445,0.10287073250590184,1495.313611142788,3
0.36485463090757914,71.39600777176568,0.12271849383721192,1497.971231242383,3
0.36485463090757914,71.39600777176568,0.12271849383721192,1497.971231242383,3
0.3570141114731429,69.35462876218625,0.09753008705855017,1495.9633788110134,3
0.3570141114731429,69.35462876218625,0.09753008705855017,1495.9633788110134,3
0.3570141114731429,69.35462876218625,0.09753008705855017,1495.9633788110134,3
0.3570141114731429,69.35462876218625,0.09753008705855017,1495.9633788110134,3
0.3570141114731429,69.35462876218625,0.09753008705855017,1495.9633788110134,3
0.3570141114731429,69.35462876218625,0.09753008705855017,1495.9633788110134,3
0.3570141114731429,69.35462876218625,0.09753008705855017,1495.9633788110134,3
0.3570141114731429,69.35462876218625,0.09753008705855017,1495.9633788110134,3
0.36162466190454956,70.07511374507833,0.11316200544381856,1494.589584517598,3
0.36162466190454956,70.07511374507833,0.11316200544381856,1494.589584517598,3
0.35871113744663297,70.28852297883103,0.10295564419369177,1494.9981035886458,3
0.35871113744663297,70.28852297883103,0.10295564419369177,1494.9981035886458,3
0.35871113744663297,70.28852297883103,0.10295564419369177,1494.9981035886458,3
0.35871113744663297,70.28852297883103,0.10295564419369177,1494.9981035886458,3
0.35871113744663297,70.28852297883103,0.10295564419369177,1494.9981035886458,3
0.35871113744663297,70.28852297883103,0.10295564419369177,1494.9981035886458,3
0.35871113744663297,70.28852297883103,0.10295564419369177,1494.9981035886458,3
0.34700738330255587,69.84276755727302,0.10474022435014192,1494.4489909968238,3
0.3451450802697341,69.62594225151362,0.1001313747624656,1494.8580243770575,3
0.3451450802697341,69.62594225151362,0.1001313747624656,1494.8580243770575,3
0.3451450802697341,69.62594225151362,0.1001313747624656,1494.8580243770575,3
0.3451450802697341,69.62594225151362,0.1001313747624656,1494.8580243770575,3
0.35320601829900106,69.72722747019239,0.13768585311927434,1503.5445754557777,3
0.35320601829900106,69.72722747019239,0.13768585311927434,1503.5445754557777,3
0.35320601829900106,69.72722747019239,0.13768585311927434,1503.5445754557777,3
0.35320601829900106,69.72722747019239,0.13768585311927434,1503.5445754557777,3
0.35320601829900106,69.72722747019239,0.13768585311927434,1503.5445754557777,3
0.35320601829900106,69.72722747019239,0.13768585311927434,1503.5445754557777,3
0.35320601829900106,69.72722747019239,0.13768585311927434,1503.5445754557777,3
0.35320601829900106,69.72722747019239,0.13768585311927434,1503.5445754557777,3
0.35072635790837997,70.6761007062644,0.1413916283096808,1499.9777106033252,3
0.35072635790837997,70.6761007062644,0.1413916283096808,1499.9777106033252,3
0.35072635790837997,70.6761007062644,0.1413916283096808,1499.9777106033252,3
0.3400677220782291,69.37712697373573,0.06499617245279866,1498.7079825067046,3
0.3400677220782291,69.37712697373573,0.06499617245279866,1498.7079825067046,3
0.3400677220782291,69.37712697373573,0.06499617245279866,1498.7079825067046,3
0.3400677220782291,69.37712697373573,0.06499617245279866,1498.7079825067046,3
0.367661171775674,70.07686786836472,0.11225955290325196,1496.3511368289971,3
0.367661171775674,70.07686786836472,0.11225955290325196,1496.3511368289971,3
0.367661171775674,70.07686786836472,0.11225955290325196,1496.3511368289971,3
0.3639698820906247,70.9920711339938,0.1129825711555744,1497.2698140965429,3
0.3540739788129144,71.69581970627641,0.11279924020176939,1501.586612757695,3
0.3540739788129144,71.69581970627641,0.11279924020176939,1501.586612757695,3
0.35622880779297644,70.62380405579417,0.10138230682747934,1496.0680475825718,3
0.35622880779297644,70.62380405579417,0.10138230682747934,1496.0680475825718,3
0.35622880779297644,70.62380405579417,0.10138230682747934,1496.0680475825718,3
0.3457533785600532,71.23871372362989,0.12674204314090431,1498.6506113375297,3
0.34563354237108,71.2339375686968,0.13557205268396214,1500.443175828562,3
0.34260884000602976,70.15804207722202,0.09624855108741079,1495.0350132088297,3
0.35955559684156657,70.41837535178618,0.12670400803199353,1494.5468223268235,3
0.35045322413094665,69.69147131399092,0.10412221524413584,1494.4206823887255,3
0.35045322413094665,69.69147131399092,0.10412221524413584,1494.4206823887255,3
0.35045322413094665,69.69147131399092,0.10412221524413584,1494.4206823887255,3
0.35045322413094665,69.69147131399092,0.10412221524413584,1494.4206823887255,3
0.35045322413094665,69.69147131399092,0.10412221524413584,1494.4206823887255,3
0.35045322413094665,69.69147131399092,0.10412221524413584,1494.4206823887255,3
0.35045322413094665,69.69147131399092,0.10412221524413584,1494.4206823887255,3
0.35045322413094665,69.69147131399092,0.10412221524413584,1494.4206823887255,3
0.35045322413094665,69.69147131399092,0.10412221524413584,1494.4206823887255,3
0.35045322413094665,69.69147131399092,0.10412221524413584,1494.4206823887255,3
0.35045322413094665,69.69147131399092,0.10412221524413584,1494.4206823887255,3
0.35045322413094665,69.69147131399092,0.10412221524413584,1494.4206823887255,3
0.35045322413094665,69.69147131399092,0.10412221524413584,1494.4206823887255,3
0.3390656420881564,69.94389304313808,0.10115119383289137,1496.0239335989231,3
0.3390656420881564,69.94389304313808,0.10115119383289137,1496.0239335989231,3
0.3390656420881564,69.94389304313808,0.10115119383289137,1496.0239335989231,3
0.3390656420881564,69.94389304313808,0.10115119383289137,1496.0239335989231,3
0.34281683265424867,69.71777908708144,0.08903200151726226,1494.828866504003,3
0.3573808706551459,69.47992536827944,0.0958710698490039,1495.6837858847764,3
0.3573808706551459,69.47992536827944,0.0958710698490039,1495.6837858847764,3
0.3442118841376337,69.55079887635675,0.080412996695038,1495.6245400926102,3
0.3442118841376337,69.55079887635675,0.080412996695038,1495.6245400926102,3
0.3442118841376337,69.55079887635675,0.080412996695038,1495.6245400926102,3
0.3571217274716082,70.40084376313861,0.10891597632347072,1494.1818340987743,3
0.3571217274716082,70.40084376313861,0.10891597632347072,1494.1818340987743,3
0.3571217274716082,70.40084376313861,0.10891597632347072,1494.1818340987743,3
0.3571217274716082,70.40084376313861,0.10891597632347072,1494.1818340987743,3
0.37529883805500086,70.79653112616617,0.15013141349269038,1498.1599855398763,3
0.37529883805500086,70.79653112616617,0.15013141349269038,1498.1599855398763,3
0.36563444568477005,69.940402084012,0.0905620257421022,1499.8610187758366,3
0.36376958485558697,68.98706160825236,0.10207589066255272,1500.097066582267,3
0.35665080340462835,69.48164715972945,0.08319972758732441,1497.3921545762348,3
0.35665080340462835,69.48164715972945,0.08319972758732441,1497.3921545762348,3
0.35665080340462835,69.48164715972945,0.08319972758732441,1497.3921545762348,3
0.35665080340462835,69.48164715972945,0.08319972758732441,1497.3921545762348,3
0.35665080340462835,69.48164715972945,0.08319972758732441,1497.3921545762348,3
0.3441999729964205,71.11226680069251,0.11089653778089995,1498.027599689215,3
0.362226563453227,70.75059212471331,0.12476942765758951,1494.5185145851103,3
0.362226563453227,70.75059212471331,0.12476942765758951,1494.5185145851103,3
0.36363517395917033,70.14851044677239,0.10859925077351433,1495.3424404159591,3
0.36363517395917033,70.14851044677239,0.10859925077351433,1495.3424404159591,3
0.36363517395917033,70.14851044677239,0.10859925077351433,1495.3424404159591,3
0.36363517395917033,70.14851044677239,0.10859925077351433,1495.3424404159591,3
0.3484928797098252,68.88756803540838,0.07228505547152154,1498.0295978117808,3
0.3484928797098252,68.88756803540838,0.07228505547152154,1498.0295978117808,3
0.3484928797098252,68.88756803540838,0.07228505547152154,1498.0295978117808,3
0.3484928797098252,68.88756803540838,0.07228505547152154,1498.0295978117808,3
0.3402548141025952,69.90318186854651,0.07905823761128346,1496.8672406008486,3
0.36303118880078605,70.42943754266105,0.10492548747158276,1496.2339600476066,3
0.3432666770111983,69.47184357654125,0.07443988735006207,1496.6271799174885,3
0.3511965500907966,69.22887354320258,0.08791271422198887,1495.765081675115,3
0.3511965500907966,69.22887354320258,0.08791271422198887,1495.765081675115,3
0.3546962460316847,69.95785139612804,0.11363563227999231,1494.2950887217391,3
0.3546962460316847,69.95785139612804,0.11363563227999231,1494.2950887217391,3
0.34184892548179036,69.68146515648311,0.095844698519117,1495.0234994311313,3
0.34184892548179036,69.68146515648311,0.095844698519117,1495.0234994311313,3
0.34184892548179036,69.68146515648311,0.095844698519117,1495.0234994311313,3
0.34184892548179036,69.68146515648311,0.095844698519117,1495.0234994311313,3
0.34184892548179036,69.68146515648311,0.095844698519117,1495.0234994311313,3
0.34184892548179036,69.68146515648311,0.095844698519117,1495.0234994311313,3
0.3590535264177308,70.25068887675035,0.10573145945736995,1494.596795130983,3
0.3590535264177308,70.25068887675035,0.10573145945736995,1494.596795130983,3
0.3590535264177308,70.25068887675035,0.10573145945736995,1494.596795130983,3
0.3590535264177308,70.25068887675035,0.10573145945736995,1494.596795130983,3
0.3590535264177308,70.25068887675035,0.10573145945736995,1494.596795130983,3
0.3590535264177308,70.25068887675035,0.10573145945736995,1494.596795130983,3
0.3590535264177308,70.25068887675035,0.10573145945736995,1494.596795130983,3
0.3590535264177308,70.25068887675035,0.10573145945736995,1494.596795130983,3
0.3590535264177308,70.25068887675035,0.10573145945736995,1494.596795130983,3
0.3590535264177308,70.25068887675035,0.10573145945736995,1494.596795130983,3
0.3352321742362265,69.14041966045076,0.07697786521103894,1496.9165357122824,3
0.3352321742362265,69.14041966045076,0.07697786521103894,1496.9165357122824,3
0.34880825588223097,69.92858016095023,0.1164982581615652,1495.6938992935407,3
0.3423755249257876,69.34429218337546,0.08617683216031184,1495.3005436679452,3
0.3423755249257876,69.34429218337546,0.08617683216031184,1495.3005436679452,3
0.3423755249257876,69.34429218337546,0.08617683216031184,1495.3005436679452,3
0.35843534960433276,69.78026283679436,0.09860261125189079,1495.1550563563737,3
0.35507005541692876,70.64350993894072,0.11435568114750917,1494.2122061918872,3
0.35507005541692876,70.64350993894072,0.11435568114750917,1494.2122061918872,3
0.35507005541692876,70.64350993894072,0.11435568114750917,1494.2122061918872,3
0.35507005541692876,70.64350993894072,0.11435568114750917,1494.2122061918872,3
0.35507005541692876,70.64350993894072,0.11435568114750917,1494.2122061918872,3
0.35507005541692876,70.64350993894072,0.11435568114750917,1494.2122061918872,3
0.35507005541692876,70.64350993894072,0.11435568114750917,1494.2122061918872,3
0.35507005541692876,70.64350993894072,0.11435568114750917,1494.2122061918872,3
0.34586160505867236,70.4080573932508,0.11054384038217832,1494.8760375010058,3
0.34586160505867236,70.4080573932508,0.11054384038217832,1494.8760375010058,3
0.34586160505867236,70.4080573932508,0.11054384038217832,1494.8760375010058,3
0.34586160505867236,70.4080573932508,0.11054384038217832,1494.8760375010058,3
0.3612093478094736,70.63752194028086,0.1170520296941894,1494.5335936727797,3
0.36291761607994827,70.36768160446397,0.10191325586245573,1496.681827654271,3
0.36291761607994827,70.36768160446397,0.10191325586245573,1496.681827654271,3
0.36291761607994827,70.36768160446397,0.10191325586245573,1496.681827654271,3
0.36291761607994827,70.36768160446397,0.10191325586245573,1496.681827654271,3
0.36291761607994827,70.36768160446397,0.10191325586245573,1496.681827654271,3
0.3619183842328149,69.35470773091511,0.10969877556633718,1497.4392521634081,3
0.3619887791887098,69.99895287244148,0.10966241009064312,1494.8919222779978,3
0.3619887791887098,69.99895287244148,0.10966241009064312,1494.8919222779978,3
0.35644188700006235,70.07724058328066,0.08912691904240236,1496.88127599231,3
0.35644188700006235,70.07724058328066,0.08912691904240236,1496.88127599231,3
0.36428441302257525,70.54232237981206,0.10896047740266719,1496.1787486090138,3
0.36838618062911593,70.78879934220653,0.12563915704232806,1495.7313474336693,3
0.34912641130613314,70.39448860695809,0.11426545678898616,1494.418008904807,3
0.34912641130613314,70.39448860695809,0.11426545678898616,1494.418008904807,3
0.34912641130613314,70.39448860695809,0.11426545678898616,1494.418008904807,3
0.34912641130613314,70.39448860695809,0.11426545678898616,1494.418008904807,3
0.34912641130613314,70.39448860695809,0.11426545678898616,1494.418008904807,3
