Om,H0,n,chain
0.09024707241608794,51.41217587915556,0.8551625520002553,0
0.09024707241608794,51.41217587915556,0.8551625520002553,0
0.10246435907826387,51.73445508514755,0.8375697034529052,0
0.10246435907826387,51.73445508514755,0.8375697034529052,0
0.10246435907826387,51.73445508514755,0.8375697034529052,0
0.10825097541641554,51.778436533313055,0.841961401996504,0
0.12303376477357614,51.328090441456716,0.8302149867412285,0
0.12303376477357614,51.328090441456716,0.8302149867412285,0
0.10265647969622896,51.344438054083355,0.8078488703970976,0
0.10927026159514604,51.02366669369193,0.8124745108519649,0
0.1159914047461104,51.261230727365934,0.7986358369284726,0
0.1159914047461104,51.261230727365934,0.7986358369284726,0
0.10514529852174802,51.96748726234644,0.8191178137252931,0
0.10514529852174802,51.96748726234644,0.8191178137252931,0
0.1014375168271274,52.085272197666384,0.8365565010556821,0
0.09527558942722045,51.488089457304156,0.8152670461331587,0
0.10257387731737574,52.39254672834554,0.8437736250025648,0
0.10982242403293774,53.10359990330732,0.8346374253877915,0
0.08974349352489103,53.23696798729564,0.8133662307990972,0
0.09173984370400617,52.4563665262012,0.8242233952886491,0
0.10198497045827307,52.064776595343616,0.8014849436604404,0
0.10198497045827307,52.064776595343616,0.8014849436604404,0
0.10198497045827307,52.064776595343616,0.8014849436604404,0
0.10801433989582529,51.999763564594375,0.8138670440297375,0
0.0964052203319579,52.01594861495789,0.816813490639467,0
0.0964052203319579,52.01594861495789,0.816813490639467,0
0.10192380804727083,50.55736867460936,0.8406196047096693,0
0.0714474823937433,50.249344161831296,0.8611265653948245,0
0.0714474823937433,50.249344161831296,0.8611265653948245,0
0.05223243708825691,50.8138397123123,0.8600245234139787,0
0.05223243708825691,50.8138397123123,0.8600245234139787,0
0.05223243708825691,50.8138397123123,0.8600245234139787,0
0.06516753677285061,50.13879015324909,0.892109105507679,0
0.06516753677285061,50.13879015324909,0.892109105507679,0
0.06516753677285061,50.13879015324909,0.892109105507679,0
0.04713897480867179,49.76270971921533,0.8739270477356118,0
0.06714860582457333,49.79091550280012,0.8788344679155184,0
0.06714860582457333,49.79091550280012,0.8788344679155184,0
0.06714860582457333,49.79091550280012,0.8788344679155184,0
0.06879181241839248,49.470670466872406,0.8734165953740997,0
0.06144793484447947,49.713217401120964,0.8781843628708481,0
0.060561795391947795,49.497988234389986,0.894115243481248,0
0.060561795391947795,49.497988234389986,0.894115243481248,0
0.060561795391947795,49.497988234389986,0.894115243481248,0
0.06544848063662087,49.583300773659886,0.8829062541051865,0
0.06575895264150641,49.457269365958204,0.8671867219465594,0
0.06575895264150641,49.457269365958204,0.8671867219465594,0
0.06966620290239538,49.72993099694173,0.8718199308312898,0
0.07931790782968204,49.7738648154821,0.8796601495786049,0
0.07931790782968204,49.7738648154821,0.8796601495786049,0
0.07479839803114695,49.440925959921884,0.888340346047607,0
0.06075048255504367,50.00226508720375,0.8864564545405904,0
0.06075048255504367,50.00226508720375,0.8864564545405904,0
0.06075048255504367,50.00226508720375,0.8864564545405904,0
0.06234346039334008,49.988223549651735,0.8732504522201506,0
0.06710949006657987,49.99556361959659,0.8574507251427985,0
0.06710949006657987,49.99556361959659,0.8574507251427985,0
0.06710949006657987,49.99556361959659,0.8574507251427985,0
0.062174807975041116,50.32530572672253,0.8495124483180427,0
0.06331228950990254,50.693723992182555,0.8402613339915511,0
0.07327783835488659,50.19687505362931,0.8461531908427187,0
0.07987821327278993,51.15509749199702,0.8308844044965055,0
0.06608672075930405,50.65792993774946,0.8440932558274742,0
0.07106595010199784,50.70905826757316,0.8216341148453316,0
0.05881890232549244,51.288533058761615,0.8787828833081288,0
0.06248341379120794,51.580087126590485,0.8689256879302176,0
0.04438128058033978,51.278727445075376,0.8470677831082426,0
0.04438128058033978,51.278727445075376,0.8470677831082426,0
0.041291056928377284,51.19229190385366,0.8663587967530293,0
0.04096768574142513,51.45763887286602,0.862438710796129,0
0.02689854408540651,50.46876434168246,0.8572074727748009,0
0.02689854408540651,50.46876434168246,0.8572074727748009,0
0.005338464024812719,50.01120201194271,0.8653527506495103,0
0.005338464024812719,50.01120201194271,0.8653527506495103,0
0.005338464024812719,50.01120201194271,0.8653527506495103,0
0.007289503756241599,50.32590401499381,0.8679902269119334,0
0.015477143259716018,50.37320028147266,0.8836840012345671,0
0.015477143259716018,50.37320028147266,0.8836840012345671,0
0.018043730566838636,49.5159573337246,0.869407611290193,0
0.015246962255509706,49.25992662406504,0.8974252484964523,0
0.015246962255509706,49.25992662406504,0.8974252484964523,0
0.02021039259891702,49.71554564634951,0.9013968209100827,0
0.025104231988301112,49.58594101669197,0.9026507869748169,0
0.025104231988301112,49.58594101669197,0.9026507869748169,0
0.017012972138890713,49.61977664572332,0.902090431276902,0
0.018944787937022697,50.72303929929352,0.8916149757060773,0
0.018944787937022697,50.72303929929352,0.8916149757060773,0
0.01516439501970793,50.88508391045354,0.8756388608082176,0
0.01516439501970793,50.88508391045354,0.8756388608082176,0
0.02775554351305529,50.8376012551572,0.8689954902114375,0
0.05479539458584916,51.03472007987822,0.8546058592918666,0
0.04536859544053575,51.503004757806615,0.8473183134340018,0
0.04536859544053575,51.503004757806615,0.8473183134340018,0
0.047611568512351696,51.80348440015656,0.8539689596959545,0
0.05438641693326563,51.43155393660874,0.8435381868002269,0
0.05438641693326563,51.43155393660874,0.8435381868002269,0
0.05438641693326563,51.43155393660874,0.8435381868002269,0
0.05438641693326563,51.43155393660874,0.8435381868002269,0
0.04222037978037158,51.59907512037745,0.8445721532287992,0
0.04729766429675411,51.90057854709079,0.8371039744923215,0
0.04729766429675411,51.90057854709079,0.8371039744923215,0
0.047471010588267186,51.83967593506412,0.8277354605343323,0
0.047471010588267186,51.83967593506412,0.8277354605343323,0
0.047471010588267186,51.83967593506412,0.8277354605343323,0
0.047471010588267186,51.83967593506412,0.8277354605343323,0
0.045702418652539226,51.885075946869144,0.8398312921853437,0
0.045702418652539226,51.885075946869144,0.8398312921853437,0
0.05181086781664777,51.667975730239704,0.8556391617246671,0
0.05181086781664777,51.667975730239704,0.8556391617246671,0
0.05194984990997288,51.673614578549035,0.853677690354017,0
0.04545722071387152,50.9308335769335,0.855531279274597,0
0.04545722071387152,50.9308335769335,0.855531279274597,0
0.047800204317640496,51.00629434033675,0.8671169187010157,0
0.06965884198181675,51.14493910594217,0.8768185540422982,0
0.05678976757645301,51.93635382932884,0.8583489584436321,0
0.05639877836428748,51.89125762264014,0.8402988283147663,0
0.05639877836428748,51.89125762264014,0.8402988283147663,0
0.05639877836428748,51.89125762264014,0.8402988283147663,0
0.05639877836428748,51.89125762264014,0.8402988283147663,0
0.05639877836428748,51.89125762264014,0.8402988283147663,0
0.044574272642223106,52.057255369368605,0.8452324913069812,0
0.044574272642223106,52.057255369368605,0.8452324913069812,0
0.042624473781025234,52.29606073424699,0.8610198224203753,0
0.04048172435548058,51.37289222868675,0.851910197443279,0
0.04464540583687013,50.827668602411514,0.8645356920457106,0
0.04464540583687013,50.827668602411514,0.8645356920457106,0
0.04464540583687013,50.827668602411514,0.8645356920457106,0
0.044778961752306855,51.380138846890375,0.8700748655500978,0
0.044778961752306855,51.380138846890375,0.8700748655500978,0
0.044778961752306855,51.380138846890375,0.8700748655500978,0
0.044778961752306855,51.380138846890375,0.8700748655500978,0
0.03727894438982174,51.12643855869016,0.8639524845808988,0
0.03727894438982174,51.12643855869016,0.8639524845808988,0
0.03727894438982174,51.12643855869016,0.8639524845808988,0
0.050189234941663094,51.25714876505514,0.8804806307787639,0
0.050189234941663094,51.25714876505514,0.8804806307787639,0
0.050189234941663094,51.25714876505514,0.8804806307787639,0
0.050189234941663094,51.25714876505514,0.8804806307787639,0
0.026355347912089475,51.515500174379376,0.8360911456063029,0
0.041054720221501785,51.60023710997601,0.8560846260037427,0
0.03203360883969127,50.82398337332598,0.861299713686566,0
0.03203360883969127,50.82398337332598,0.861299713686566,0
0.03203360883969127,50.82398337332598,0.861299713686566,0
0.03203360883969127,50.82398337332598,0.861299713686566,0
0.022335604888540535,50.73580039808132,0.8474643188265197,0
0.029830175042606173,51.061570708403295,0.8598963450889392,0
0.029830175042606173,51.061570708403295,0.8598963450889392,0
0.029830175042606173,51.061570708403295,0.8598963450889392,0
0.029830175042606173,51.061570708403295,0.8598963450889392,0
0.029830175042606173,51.061570708403295,0.8598963450889392,0
0.020998178731054924,51.45602465009492,0.837883119804252,0
0.020998178731054924,51.45602465009492,0.837883119804252,0
0.020998178731054924,51.45602465009492,0.837883119804252,0
0.020998178731054924,51.45602465009492,0.837883119804252,0
0.020998178731054924,51.45602465009492,0.837883119804252,0
0.020998178731054924,51.45602465009492,0.837883119804252,0
0.020998178731054924,51.45602465009492,0.837883119804252,0
0.020998178731054924,51.45602465009492,0.837883119804252,0
0.016537484946466587,51.94612008593083,0.8435065831171216,0
0.016537484946466587,51.94612008593083,0.8435065831171216,0
0.016537484946466587,51.94612008593083,0.8435065831171216,0
0.016537484946466587,51.94612008593083,0.8435065831171216,0
0.03010511652110622,51.57362861656801,0.8308648666609434,0
0.03010511652110622,51.57362861656801,0.8308648666609434,0
0.02574781563943882,51.624097012435584,0.8535406521122236,0
0.046816662972220285,51.335672775861426,0.8532039176375551,0
0.06503721518564871,50.57457313826571,0.8737555390486316,0
0.054854059862036134,50.62580932181729,0.8689031581006261,0
0.04527394385502384,50.13425835798816,0.8744314453857012,0
0.04397658182313881,50.16931493735477,0.8858549267115221,0
0.04397658182313881,50.16931493735477,0.8858549267115221,0
0.04397658182313881,50.16931493735477,0.8858549267115221,0
0.04397658182313881,50.16931493735477,0.8858549267115221,0
0.04397658182313881,50.16931493735477,0.8858549267115221,0
0.04397658182313881,50.16931493735477,0.8858549267115221,0
0.04397658182313881,50.16931493735477,0.8858549267115221,0
0.04397658182313881,50.16931493735477,0.8858549267115221,0
0.04397658182313881,50.16931493735477,0.8858549267115221,0
0.04397658182313881,50.16931493735477,0.8858549267115221,0
0.04397658182313881,50.16931493735477,0.8858549267115221,0
0.04615098597617142,50.151402564021794,0.8838489733626539,0
0.04615098597617142,50.151402564021794,0.8838489733626539,0
0.046128483531129846,50.55906060010761,0.8698136344373182,0
0.053788038058392176,50.17806483819411,0.8916268331590809,0
0.053788038058392176,50.17806483819411,0.8916268331590809,0
0.05931880592864462,50.302521637531626,0.9118002002781777,0
0.05931880592864462,50.302521637531626,0.9118002002781777,0
0.06837139994358417,50.148958100988736,0.8997709840469975,0
0.0854390763477739,50.25706043915008,0.9158685953642451,0
0.0854390763477739,50.25706043915008,0.9158685953642451,0
0.0854390763477739,50.25706043915008,0.9158685953642451,0
0.09087408747331299,50.1501620082251,0.8798590215295615,0
0.10980457632753843,50.491358263131495,0.8784587643533055,0
0.10980457632753843,50.491358263131495,0.8784587643533055,0
0.11225139558241193,50.56411566579929,0.8749594036190219,0
0.11225139558241193,50.56411566579929,0.8749594036190219,0
0.11225139558241193,50.56411566579929,0.8749594036190219,0
0.12012622262626718,50.54133660242202,0.8652171324027184,0
0.12012622262626718,50.54133660242202,0.8652171324027184,0
0.10333511835003001,50.48721993326053,0.8565445826996346,0
0.08248483538323123,50.68173872847741,0.8489438214557907,0
0.08248483538323123,50.68173872847741,0.8489438214557907,0
0.08248483538323123,50.68173872847741,0.8489438214557907,0
0.07306945936093322,50.78241115508487,0.8577341443416193,0
0.07306945936093322,50.78241115508487,0.8577341443416193,0
0.08780359017535078,50.87386852014922,0.8562697778619429,0
0.08780359017535078,50.87386852014922,0.8562697778619429,0
0.07789252701947727,51.35786792242615,0.8545305783498225,0
0.07789252701947727,51.35786792242615,0.8545305783498225,0
0.07789252701947727,51.35786792242615,0.8545305783498225,0
0.07789252701947727,51.35786792242615,0.8545305783498225,0
0.09027136389866458,51.50131348157245,0.816254983653244,0
0.08483353585513735,52.20697197451081,0.81449827008117,0
0.08483353585513735,52.20697197451081,0.81449827008117,0
0.08483353585513735,52.20697197451081,0.81449827008117,0
0.09307074512557527,51.905482818227306,0.8066537498227644,0
0.08628095198205545,51.90169916991173,0.8252613069752223,0
0.08628095198205545,51.90169916991173,0.8252613069752223,0
0.10165452750103347,52.007429246093686,0.8142208123949908,0
0.11518526327645406,52.740530655906525,0.7978849488095856,0
0.1160868315531298,52.24741060064822,0.7967712477565857,0
0.1161400601576468,52.81751534011659,0.8209197483228097,0
0.1161400601576468,52.81751534011659,0.8209197483228097,0
0.11526099528395466,52.332816051247285,0.8017830140652168,0
0.12973158224426568,52.25460531167563,0.834590095943183,0
0.12973158224426568,52.25460531167563,0.834590095943183,0
0.12973158224426568,52.25460531167563,0.834590095943183,0
0.12387240013974983,52.388686702153294,0.8155793717994682,0
0.12207299926091678,52.61359436543156,0.7954131940739829,0
0.11859917092493145,51.89918664831842,0.786961974418008,0
0.11460368150904716,51.76349840185256,0.7865639409998763,0
0.12151430716771594,52.48148746425345,0.7772763331559673,0
0.126366289482493,52.361678886536126,0.7845860800567375,0
0.126366289482493,52.361678886536126,0.7845860800567375,0
0.1386949269155831,52.25088080153707,0.8044987761790942,0
0.13179377150406366,51.508111221775934,0.8073221565557469,0
0.11422900429660052,51.388225715329135,0.833059001808657,0
0.11422900429660052,51.388225715329135,0.833059001808657,0
0.11422900429660052,51.388225715329135,0.833059001808657,0
0.11568530744003937,51.58484060382155,0.8158193547023895,0
0.10456486489644735,52.00252910077266,0.8395422047447662,0
0.10456486489644735,52.00252910077266,0.8395422047447662,0
0.10758744708130197,51.94585210185276,0.8385296424836264,0
0.11465277221028024,51.908467641070395,0.8157255053506032,0
0.11532832705108849,51.965934596860905,0.8189638926963045,0
0.125722017500274,51.42291732034383,0.8224779018196016,0
0.125722017500274,51.42291732034383,0.8224779018196016,0
0.125722017500274,51.42291732034383,0.8224779018196016,0
0.125722017500274,51.42291732034383,0.8224779018196016,0
0.125722017500274,51.42291732034383,0.8224779018196016,0
0.125722017500274,51.42291732034383,0.8224779018196016,0
0.125722017500274,51.42291732034383,0.8224779018196016,0
0.13732294596670952,51.945943445867776,0.8130805968352101,0
0.14482060150329076,52.14169146454183,0.8052078474092692,0
0.14482060150329076,52.14169146454183,0.8052078474092692,0
0.14482060150329076,52.14169146454183,0.8052078474092692,0
0.1286510075016413,51.87493170170039,0.8229903937598093,0
0.1286510075016413,51.87493170170039,0.8229903937598093,0
0.1286510075016413,51.87493170170039,0.8229903937598093,0
0.126207718949846,51.793049649639286,0.8144391064679668,0
0.13176683926284044,51.56114942896357,0.8237490419512924,0
0.13176683926284044,51.56114942896357,0.8237490419512924,0
0.14242661556027178,51.75353370106606,0.8256384417876852,0
0.1418622045914007,51.46518445660231,0.8166487731922911,0
0.1418622045914007,51.46518445660231,0.8166487731922911,0
0.14861827092304547,51.745349045718434,0.8114983492140952,0
0.142182659673539,51.615542030045546,0.8308944389619302,0
0.15092543646272963,51.12458710707014,0.8137839099037586,0
0.15092543646272963,51.12458710707014,0.8137839099037586,0
0.15092543646272963,51.12458710707014,0.8137839099037586,0
0.14558747706613753,51.12819063725833,0.8030787985711471,0
0.1533861731913653,51.50462672083277,0.8199422847716005,0
0.13797882822872448,51.65408579712484,0.833461861887739,0
0.12766680754432863,51.658672421215904,0.8311365289815317,0
0.12766680754432863,51.658672421215904,0.8311365289815317,0
0.12766680754432863,51.658672421215904,0.8311365289815317,0
0.13259948548271963,51.60490554908287,0.8422231290741795,0
0.13259948548271963,51.60490554908287,0.8422231290741795,0
0.13259948548271963,51.60490554908287,0.8422231290741795,0
0.1269222640501926,51.29449485624258,0.8579471144472378,0
0.1269222640501926,51.29449485624258,0.8579471144472378,0
0.1269222640501926,51.29449485624258,0.8579471144472378,0
0.12352621379412693,50.84959969309398,0.8285743258409319,0
0.12352621379412693,50.84959969309398,0.8285743258409319,0
0.12862760095026135,51.614256432577626,0.8298661189797963,0
0.1343500251521341,50.69248272384827,0.816315888065961,0
0.1343500251521341,50.69248272384827,0.816315888065961,0
0.1289780872119999,50.27683980587273,0.8242440581101024,0
0.13791607467135447,50.65303167222907,0.8470603138973299,0
0.13789689067126393,50.804765122637406,0.8572905879357138,0
0.1339249475720932,50.63854385546752,0.8409394199691145,0
0.13298479583124165,50.30695698014914,0.8276945235826226,0
0.13298479583124165,50.30695698014914,0.8276945235826226,0
0.12738030773329792,49.60370666664302,0.8481189693670053,0
0.12329131683121003,49.62429667681761,0.8709707538228075,0
0.12329131683121003,49.62429667681761,0.8709707538228075,0
0.12329131683121003,49.62429667681761,0.8709707538228075,0
0.12329131683121003,49.62429667681761,0.8709707538228075,0
0.12329131683121003,49.62429667681761,0.8709707538228075,0
0.11684675918238287,49.2861733281358,0.8889418594256598,0
0.11684675918238287,49.2861733281358,0.8889418594256598,0
0.11684675918238287,49.2861733281358,0.8889418594256598,0
0.11684675918238287,49.2861733281358,0.8889418594256598,0
0.11684675918238287,49.2861733281358,0.8889418594256598,0
0.11391272827174313,49.22012272172924,0.8934851153934091,0
0.1181374025141154,49.58313723824881,0.9168705175748125,0
0.12568602143885582,49.435852860918004,0.8665486136593572,0
0.1044043260189977,48.92679405515866,0.8771730782312088,0
0.10624799309075433,49.90226579650201,0.8517912859340125,0
0.1059736595489171,50.05448355790892,0.8370658236032459,0
0.08997416620807365,50.75943666654643,0.8234335325526372,0
0.11028816785585868,50.7431995045877,0.8439946038606209,0
0.11028816785585868,50.7431995045877,0.8439946038606209,0
0.11028816785585868,50.7431995045877,0.8439946038606209,0
0.11028816785585868,50.7431995045877,0.8439946038606209,0
0.11028816785585868,50.7431995045877,0.8439946038606209,0
0.12614820616545735,50.85419089342584,0.8716690110844808,0
0.12614820616545735,50.85419089342584,0.8716690110844808,0
0.12614820616545735,50.85419089342584,0.8716690110844808,0
0.12614820616545735,50.85419089342584,0.8716690110844808,0
0.11066987783805823,50.72151083926871,0.8624185834056243,0
0.09093305107397222,51.25167444165856,0.8570106522895571,0
0.11453077041726833,51.07505259574475,0.848587592636414,0
0.1157174121145083,51.56867627223646,0.837253332130211,0
0.1157174121145083,51.56867627223646,0.837253332130211,0
0.1307297707527804,51.76964041377587,0.822009413509466,0
0.1307297707527804,51.76964041377587,0.822009413509466,0
0.13345932830141427,51.71972312352814,0.8334465971622002,0
0.13345932830141427,51.71972312352814,0.8334465971622002,0
0.13485044569903018,51.67178132224515,0.8167495741067701,0
0.13485044569903018,51.67178132224515,0.8167495741067701,0
0.1368589486717895,51.48502432365473,0.8264556397680329,0
0.1368589486717895,51.48502432365473,0.8264556397680329,0
0.1368589486717895,51.48502432365473,0.8264556397680329,0
0.12547568140218007,51.26417842656823,0.8169653810956522,0
0.12231778654063001,51.85340385172739,0.820950141920637,0
0.1470358773011847,51.938657944737216,0.8151488264418919,0
0.1470358773011847,51.938657944737216,0.8151488264418919,0
0.1470358773011847,51.938657944737216,0.8151488264418919,0
0.15971211290922374,51.5100697428485,0.8149701490840525,0
0.1424585702891467,50.88066651300633,0.8359307406363976,0
0.13779440522907238,50.32626502553731,0.8405199479255662,0
0.13779440522907238,50.32626502553731,0.8405199479255662,0
0.13933520515056108,50.81096992091141,0.8652831539553631,0
0.13268458794694485,51.27965840437123,0.849600308085955,0
0.13268458794694485,51.27965840437123,0.849600308085955,0
0.15281705249489086,51.57531876879747,0.8292799774977906,0
0.15281705249489086,51.57531876879747,0.8292799774977906,0
0.16040058282133152,51.641217982302884,0.8034098803110231,0
0.16040058282133152,51.641217982302884,0.8034098803110231,0
0.16327349043169515,52.01562492529412,0.790074863306886,0
0.15503218321830037,51.391253619940265,0.7967458435396101,0
0.1619087080633905,51.66430953538649,0.8015987289660873,0
0.16747487472016603,51.64296798727275,0.8098565568705354,0
0.16021343069330243,51.82782095009231,0.8232249105762556,0
0.1535166164125804,51.85373699958873,0.8107528603836683,0
0.1535166164125804,51.85373699958873,0.8107528603836683,0
0.17323857593201855,51.75911415130454,0.871388108685881,0
0.17323857593201855,51.75911415130454,0.871388108685881,0
0.17323857593201855,51.75911415130454,0.871388108685881,0
0.1641485989868814,51.96836368857973,0.8687075642696938,0
0.1641485989868814,51.96836368857973,0.8687075642696938,0
0.1641485989868814,51.96836368857973,0.8687075642696938,0
0.17091474450464664,51.645933535261065,0.8755163731397246,0
0.16215414986354085,51.336112043754056,0.8571621936497195,0
0.16215414986354085,51.336112043754056,0.8571621936497195,0
0.1625472805237838,51.72451589318663,0.8219364055568685,0
0.17117815570423736,51.81307580818914,0.8344785975598519,0
0.1613076041588685,51.064055920493615,0.8202375142361926,0
0.1613076041588685,51.064055920493615,0.8202375142361926,0
0.1613076041588685,51.064055920493615,0.8202375142361926,0
0.1613076041588685,51.064055920493615,0.8202375142361926,0
0.1613076041588685,51.064055920493615,0.8202375142361926,0
0.1571249202552304,50.7772210750644,0.8435074305223221,0
0.1571249202552304,50.7772210750644,0.8435074305223221,0
0.16192182556120568,50.937445831987425,0.8639250869423716,0
0.16233388622902187,50.906687992185105,0.8780080497751672,0
0.17250365671140042,51.13985237827031,0.8516695483025083,0
0.17250365671140042,51.13985237827031,0.8516695483025083,0
0.1733573705274263,50.30909991840106,0.8147871392791578,0
0.1733573705274263,50.30909991840106,0.8147871392791578,0
0.16037728628601172,50.61689256233171,0.7857319883439149,0
0.17547599311721487,50.079248372221016,0.803127212087214,0
0.17062868550172494,50.352145252145995,0.8250737622312714,0
0.17804150317157516,50.80672505325293,0.8020418915631122,0
0.16951457202522696,50.9364959360387,0.8072068153030567,0
0.16951457202522696,50.9364959360387,0.8072068153030567,0
0.17823805882484464,51.02941322479816,0.830194352122213,0
0.17779072948296595,50.32683104445968,0.8495169457422952,0
0.17408702338635487,50.49783277317019,0.8365677571727048,0
0.16532137514452291,50.329117896117104,0.8387167312266511,0
0.16862657043039886,51.13507313485085,0.8289074880127769,0
0.16862657043039886,51.13507313485085,0.8289074880127769,0
0.16044159440629502,51.67579836966512,0.8223826143803004,0
0.16044159440629502,51.67579836966512,0.8223826143803004,0
0.1393420879374953,51.29264069485726,0.8143882132545051,0
0.147028125592459,51.01405543133071,0.8404784871968161,0
0.1396229673874478,51.51860533319771,0.8133009422783557,0
0.13556163093273796,51.004353212727075,0.8089580700168294,0
0.13556163093273796,51.004353212727075,0.8089580700168294,0
0.13998385155310394,50.973891685373104,0.8001304237695104,0
0.14548638898344093,52.00479126173891,0.818918832205474,0
0.14548638898344093,52.00479126173891,0.818918832205474,0
0.15252653972665747,51.500308272944785,0.8100407994770988,0
0.15900267949885308,51.41322099183419,0.8128052679865849,0
0.16987722570033773,51.844796361186255,0.80957084792576,0
0.16987722570033773,51.844796361186255,0.80957084792576,0
0.16987722570033773,51.844796361186255,0.80957084792576,0
0.1757297010139263,51.876864762375334,0.7960938141621487,0
0.1757297010139263,51.876864762375334,0.7960938141621487,0
0.17629175754481782,51.73617976642248,0.791157338251917,0
0.17629175754481782,51.73617976642248,0.791157338251917,0
0.17629175754481782,51.73617976642248,0.791157338251917,0
0.17885810135563313,51.82497532488428,0.8019434293107746,0
0.16968761189102552,51.85744686865965,0.8103498859062971,0
0.16968761189102552,51.85744686865965,0.8103498859062971,0
0.16968761189102552,51.85744686865965,0.8103498859062971,0
0.16912815757057284,50.727839929870846,0.8146600452923323,0
0.16912815757057284,50.727839929870846,0.8146600452923323,0
0.16912815757057284,50.727839929870846,0.8146600452923323,0
0.1543560779359625,50.435896460324734,0.8144944476137406,0
0.1543560779359625,50.435896460324734,0.8144944476137406,0
0.15661467629912804,50.59833881973702,0.8520620302536032,0
0.14992558289909383,50.56159948894182,0.8605845091899917,0
0.14992558289909383,50.56159948894182,0.8605845091899917,0
0.14992558289909383,50.56159948894182,0.8605845091899917,0
0.14992558289909383,50.56159948894182,0.8605845091899917,0
0.14992558289909383,50.56159948894182,0.8605845091899917,0
0.14992558289909383,50.56159948894182,0.8605845091899917,0
0.14992558289909383,50.56159948894182,0.8605845091899917,0
0.12970111233865902,50.626304257389755,0.8534232557985683,0
0.11864276051713785,50.65907054780478,0.8557258831487244,0
0.12808691920254056,50.727371689311134,0.8802937705154121,0
0.1269335692544672,51.25952778243472,0.8607249529145834,0
0.1269335692544672,51.25952778243472,0.8607249529145834,0
0.14570493400778362,51.655781488271025,0.828623833334505,0
0.15973963785545867,51.48533319854852,0.8307669347912914,0
0.15973963785545867,51.48533319854852,0.8307669347912914,0
0.15973963785545867,51.48533319854852,0.8307669347912914,0
0.1603794149691472,51.29861171537376,0.8528870606213471,0
0.1561660422226902,51.787908147206245,0.8421210787150142,0
0.1561660422226902,51.787908147206245,0.8421210787150142,0
0.17078403389816327,51.36485707911758,0.8468475643555782,0
0.17078403389816327,51.36485707911758,0.8468475643555782,0
0.15665762367215105,50.707342526348704,0.8192242857257627,0
0.15665762367215105,50.707342526348704,0.8192242857257627,0
0.15665762367215105,50.707342526348704,0.8192242857257627,0
0.15665762367215105,50.707342526348704,0.8192242857257627,0
0.15442940191457893,51.27632091104873,0.8195921700371891,0
0.15442940191457893,51.27632091104873,0.8195921700371891,0
0.1631728261990428,51.8170083080173,0.8342503411859398,0
0.16406791619668096,51.698378448468596,0.8100029753247453,0
0.15451480110848287,51.55737120750099,0.8148320185167939,0
0.1689229270885255,51.53647259356324,0.8349015443343472,0
0.1797160836528467,51.420749194718844,0.8467953485617509,0
0.19293744259363146,51.73867086385181,0.8229856734679838,0
0.19293744259363146,51.73867086385181,0.8229856734679838,0
0.1983962309710229,51.22035941426951,0.833199832452254,0
0.18445787945067665,50.907547361068815,0.8547142918021379,0
0.1831743116711675,51.08592550622299,0.8486247356472073,0
0.18763892188361936,51.055879382345424,0.848876305694244,0
0.18036524447702804,51.07604758512277,0.842630941802111,0
0.18036524447702804,51.07604758512277,0.842630941802111,0
0.16712936146301416,50.30587039719857,0.8403876637998993,0
0.16526178011497064,50.959370173900574,0.8474262792162724,0
0.16997428469342957,50.29150991924829,0.8661767376512676,0
0.17860520922953865,49.884424928255235,0.8697177246014658,0
0.17706487606378,50.08669752479831,0.8643897830976156,0
0.17706487606378,50.08669752479831,0.8643897830976156,0
0.17706487606378,50.08669752479831,0.8643897830976156,0
0.16002387980730592,50.55012548158658,0.8593353368461545,0
0.15790841377650064,50.75500109139823,0.8709593130860396,0
0.16508566986400128,50.81168636041084,0.8458382172286788,0
0.16508566986400128,50.81168636041084,0.8458382172286788,0
0.1531822349823176,51.056989811638786,0.8628554353058626,0
0.16103177786919676,51.23862135126255,0.8614071885292517,0
0.16103177786919676,51.23862135126255,0.8614071885292517,0
0.16103177786919676,51.23862135126255,0.8614071885292517,0
0.16103177786919676,51.23862135126255,0.8614071885292517,0
0.1630638472031358,50.83879264011373,0.8504670941123518,0
0.1630638472031358,50.83879264011373,0.8504670941123518,0
0.1630638472031358,50.83879264011373,0.8504670941123518,0
0.1630638472031358,50.83879264011373,0.8504670941123518,0
0.14916861368095455,51.567878043853284,0.8518698044796743,0
0.14916861368095455,51.567878043853284,0.8518698044796743,0
0.15561974055756575,51.18513039333216,0.8402810027680403,0
0.15098529442131178,50.25876646248702,0.8575161726521077,0
0.16290123056313743,49.9080943876051,0.8644802329710041,0
0.16290123056313743,49.9080943876051,0.8644802329710041,0
0.16290123056313743,49.9080943876051,0.8644802329710041,0
0.16290123056313743,49.9080943876051,0.8644802329710041,0
0.16290123056313743,49.9080943876051,0.8644802329710041,0
0.16290123056313743,49.9080943876051,0.8644802329710041,0
0.14734283644648807,50.74048241697923,0.8626738527659015,0
0.1408687343894719,50.60348653453073,0.8331276976795549,0
0.1369382050136116,51.28718729839994,0.8341607319685012,0
0.151233524759296,51.41553454792148,0.8512253852258826,0
0.1574664354218157,51.589501786512834,0.846568370903571,0
0.1483970655708567,51.591655607684416,0.8468660884077228,0
0.1524214731042919,51.37691928473716,0.8531610145195145,0
0.15073304725226225,50.585943026018214,0.8533520602446515,0
0.15073304725226225,50.585943026018214,0.8533520602446515,0
0.15073304725226225,50.585943026018214,0.8533520602446515,0
0.15073304725226225,50.585943026018214,0.8533520602446515,0
0.1515297746449379,50.26931592488142,0.8645828833370444,0
0.1515297746449379,50.26931592488142,0.8645828833370444,0
0.1515297746449379,50.26931592488142,0.8645828833370444,0
0.1515297746449379,50.26931592488142,0.8645828833370444,0
0.1515297746449379,50.26931592488142,0.8645828833370444,0
0.1515297746449379,50.26931592488142,0.8645828833370444,0
0.1437178643834678,50.530496031798656,0.8599403695271373,0
0.14193214470452928,50.8289689804531,0.8570995773624784,0
0.14663664826023098,51.163067902231916,0.8541581073723064,0
0.1388187459628977,50.73272638064965,0.8695410574116426,0
0.1388187459628977,50.73272638064965,0.8695410574116426,0
0.1388187459628977,50.73272638064965,0.8695410574116426,0
0.1388187459628977,50.73272638064965,0.8695410574116426,0
0.1388187459628977,50.73272638064965,0.8695410574116426,0
0.1395286931171472,50.509623748476024,0.8597806593804038,0
0.15497318789833392,50.17313823961229,0.8502990499130766,0
0.15497318789833392,50.17313823961229,0.8502990499130766,0
0.15497318789833392,50.17313823961229,0.8502990499130766,0
0.16796665720386933,50.03212371571732,0.837662736131421,0
0.16796665720386933,50.03212371571732,0.837662736131421,0
0.16796665720386933,50.03212371571732,0.837662736131421,0
0.16352544266021418,50.411816320132694,0.8437237017900753,0
0.1694286483900781,50.37929348377329,0.8671186254097856,0
0.17389005843255484,50.84306637243006,0.8821270964978571,0
0.17389005843255484,50.84306637243006,0.8821270964978571,0
0.1645268456821019,50.389850842791475,0.8913251018240126,0
0.16381517579357105,49.44697003750591,0.8988272650990964,0
0.16381517579357105,49.44697003750591,0.8988272650990964,0
0.15165861210885143,49.28227426879957,0.8996797155606705,0
0.1694708813846671,49.035839794887366,0.8901420351000049,0
0.16572298985748452,49.39694064937059,0.8605991757977564,0
0.16572298985748452,49.39694064937059,0.8605991757977564,0
0.16572298985748452,49.39694064937059,0.8605991757977564,0
0.16572298985748452,49.39694064937059,0.8605991757977564,0
0.16731395227937457,49.34750909138945,0.8686667006482909,0
0.16731395227937457,49.34750909138945,0.8686667006482909,0
0.16731395227937457,49.34750909138945,0.8686667006482909,0
0.16731395227937457,49.34750909138945,0.8686667006482909,0
0.16731395227937457,49.34750909138945,0.8686667006482909,0
0.1758563508851429,49.4630140800172,0.8733724948316882,0
0.1758563508851429,49.4630140800172,0.8733724948316882,0
0.1681086309293593,50.178563662811854,0.8790086658053593,0
0.1738901800980045,50.10954012517109,0.8726352039938232,0
0.1721943163730316,49.418171040021775,0.8708766558054253,0
0.1721943163730316,49.418171040021775,0.8708766558054253,0
0.19958935770411465,49.851354157514294,0.8546588769292535,0
0.19958935770411465,49.851354157514294,0.8546588769292535,0
0.19958935770411465,49.851354157514294,0.8546588769292535,0
0.19958935770411465,49.851354157514294,0.8546588769292535,0
0.19958935770411465,49.851354157514294,0.8546588769292535,0
0.20376306573443295,50.68347078326311,0.8609597376515769,0
0.20393843475116355,50.17027155620551,0.8511569706867893,0
0.20393843475116355,50.17027155620551,0.8511569706867893,0
0.20393843475116355,50.17027155620551,0.8511569706867893,0
0.21800459008766998,50.332131003995045,0.8758726285466721,0
0.21856602349011164,49.841587424936904,0.8676005236917838,0
0.21594498126266534,49.47865831459333,0.8432904665148698,0
0.21594498126266534,49.47865831459333,0.8432904665148698,0
0.20226375280013228,50.37410760020979,0.8305605455179047,0
0.20547421289178064,50.695266173460034,0.8438110681135303,0
0.20547421289178064,50.695266173460034,0.8438110681135303,0
0.20547421289178064,50.695266173460034,0.8438110681135303,0
0.20547421289178064,50.695266173460034,0.8438110681135303,0
0.18310495790452042,50.573211814198984,0.8374837596503014,0
0.17659199664091896,50.6838994411871,0.8453872225066111,0
0.17659199664091896,50.6838994411871,0.8453872225066111,0
0.17659199664091896,50.6838994411871,0.8453872225066111,0
0.17659199664091896,50.6838994411871,0.8453872225066111,0
0.17659199664091896,50.6838994411871,0.8453872225066111,0
0.18858929444436065,50.91876311105462,0.8467492417753655,0
0.18974110327588856,50.76659280859566,0.8299927765998125,0
0.18974110327588856,50.76659280859566,0.8299927765998125,0
0.18974110327588856,50.76659280859566,0.8299927765998125,0
0.2135797136557073,50.73349649225128,0.8218381611677239,0
0.2135797136557073,50.73349649225128,0.8218381611677239,0
0.20729026010637955,50.31905891085114,0.848028673898012,0
0.22069280411589784,50.57755414693171,0.8389263272172386,0
0.22069280411589784,50.57755414693171,0.8389263272172386,0
0.21034559420905038,49.79570158766013,0.8433143806123167,0
0.22735352179333354,49.461532403482785,0.8492363924047821,0
0.2248151461820782,49.83369919785763,0.8647409761417963,0
0.22808925713405362,49.70587934533373,0.8575903739707057,0
0.22808925713405362,49.70587934533373,0.8575903739707057,0
0.22808925713405362,49.70587934533373,0.8575903739707057,0
0.225040035424662,49.36071455574484,0.8696282869428346,0
0.23515663956172847,49.23785416891374,0.8566362127509379,0
0.23768868466468196,49.68546337002683,0.8621026378816754,0
0.2600770013288262,50.40035709626204,0.8559520825873351,0
0.2600770013288262,50.40035709626204,0.8559520825873351,0
0.2600770013288262,50.40035709626204,0.8559520825873351,0
0.2600770013288262,50.40035709626204,0.8559520825873351,0
0.2600770013288262,50.40035709626204,0.8559520825873351,0
0.2446521552508106,49.95666208526082,0.8366573137271083,0
0.23821391511108558,50.274017406305816,0.8332787306006135,0
0.23821391511108558,50.274017406305816,0.8332787306006135,0
0.23821391511108558,50.274017406305816,0.8332787306006135,0
0.23821391511108558,50.274017406305816,0.8332787306006135,0
0.23821391511108558,50.274017406305816,0.8332787306006135,0
0.23672056274037062,50.191383421294596,0.8219549451034135,0
0.23733071129451266,50.63609014955686,0.8199707103988925,0
0.2413217433474952,50.3652899988399,0.8314126248708621,0
0.24507904632361877,50.798198500429805,0.8456818341197518,0
0.24507904632361877,50.798198500429805,0.8456818341197518,0
0.24507904632361877,50.798198500429805,0.8456818341197518,0
0.24433142068948568,50.751199113315415,0.8013762318076825,0
0.24275824236100102,50.671052641903906,0.8296945172992278,0
0.24275824236100102,50.671052641903906,0.8296945172992278,0
0.24275824236100102,50.671052641903906,0.8296945172992278,0
0.24353680960367405,50.48574611513398,0.8502183106613651,0
0.24353680960367405,50.48574611513398,0.8502183106613651,0
0.26630219649910497,50.51655128822872,0.834911200358959,0
0.2544525444162628,50.79252873638152,0.7996188793112737,0
0.2626296604788919,51.010668462997955,0.7952256458725026,0
0.26827906701436005,51.096137648562106,0.7796631690352908,0
0.26827906701436005,51.096137648562106,0.7796631690352908,0
0.2829667044609059,51.11105454212542,0.790838589730046,0
0.2885518562769815,50.78966275730506,0.8017810358388328,0
0.2804655515782559,50.485284295482394,0.8243198987030788,0
0.2804655515782559,50.485284295482394,0.8243198987030788,0
0.28779194724291085,49.9852919050772,0.8314541514837978,0
0.28690949273997984,50.490323753509664,0.8253679480940019,0
0.2847709367300407,50.001700637943735,0.8457114950464061,0
0.28826865490719134,49.96604260438077,0.8246558337841728,0
0.30209737729759867,50.06687137569801,0.804472826956836,0
0.30209737729759867,50.06687137569801,0.804472826956836,0
0.30209737729759867,50.06687137569801,0.804472826956836,0
0.30209737729759867,50.06687137569801,0.804472826956836,0
0.30209737729759867,50.06687137569801,0.804472826956836,0
0.30570935613813865,50.73596944216733,0.8255212872128194,0
0.31026947795922993,50.07014706213859,0.7989626369329506,0
0.296814766979901,49.95736355160429,0.805045645856674,0
0.2865721436363124,49.91030301932038,0.8151186516071551,0
0.29718733134044995,50.213829736705655,0.816591783506999,0
0.28972538380487944,49.67837623878339,0.806374241740416,0
0.28972538380487944,49.67837623878339,0.806374241740416,0
0.2905175342829208,48.9698717822319,0.853490665372379,0
0.2902281169597732,49.1620387618886,0.8614811604932817,0
0.2902281169597732,49.1620387618886,0.8614811604932817,0
0.29844748897085993,49.45018335774771,0.841414812686048,0
0.29844748897085993,49.45018335774771,0.841414812686048,0
0.27803890046438473,49.60932895907427,0.8252328273421499,0
0.2834449954938555,50.669369344599666,0.8530240325137511,0
0.2834449954938555,50.669369344599666,0.8530240325137511,0
0.2834449954938555,50.669369344599666,0.8530240325137511,0
0.2834449954938555,50.669369344599666,0.8530240325137511,0
0.2834449954938555,50.669369344599666,0.8530240325137511,0
0.2834449954938555,50.669369344599666,0.8530240325137511,0
0.2834449954938555,50.669369344599666,0.8530240325137511,0
0.2834449954938555,50.669369344599666,0.8530240325137511,0
0.2834449954938555,50.669369344599666,0.8530240325137511,0
0.2857060755942992,50.63000144847998,0.865839735198804,0
0.2772208258407728,50.10570562606618,0.8507990101257581,0
0.2794421482662673,50.09222770784858,0.855105885991533,0
0.2731689390070985,50.825057792021255,0.8497516694505836,0
0.27799280138042304,49.90680269083372,0.8339409804561252,0
0.27799280138042304,49.90680269083372,0.8339409804561252,0
0.27429824800218555,50.052709074546875,0.8563227221531458,0
0.26963035612175035,50.486596834809966,0.8428997462505323,0
0.26485433318841856,50.086928602647475,0.8497526902344283,0
0.27643402371407405,49.994872136588896,0.8243277070361803,0
0.28038001792777945,50.91693034328603,0.8322022070224683,0
0.27651105242126695,51.30002232671117,0.8274122343107333,0
0.27651105242126695,51.30002232671117,0.8274122343107333,0
0.27651105242126695,51.30002232671117,0.8274122343107333,0
0.2697103608809828,51.234825207251404,0.8356891820269781,0
0.2697103608809828,51.234825207251404,0.8356891820269781,0
0.27422123371802104,51.10411460366488,0.8224992281035126,0
0.29099692821677514,51.01001867513934,0.8136318305129701,0
0.30195835188032855,50.64883849570565,0.8017372836374901,0
0.30196105292121034,50.778644169657255,0.8435706654253998,0
0.27818051329370236,50.94179364137304,0.8443282653151918,0
0.27861501353721696,51.064767296071125,0.8437546995616958,0
0.2847454556349248,50.793726897473874,0.8248009728489123,0
0.31498327016114874,50.43579817558326,0.8268038310981138,0
0.316147954311663,49.969185400238594,0.8179543722411137,0
0.316147954311663,49.969185400238594,0.8179543722411137,0
0.3042291412022442,50.73346580738553,0.8383852495607433,0
0.2956792933931604,50.80926072979529,0.8289668213478462,0
0.2959696891082133,50.68432460025251,0.788194611216398,0
0.2951586175427197,50.44192440050139,0.7769880665598027,0
0.2951586175427197,50.44192440050139,0.7769880665598027,0
0.2951586175427197,50.44192440050139,0.7769880665598027,0
0.2848863115758431,50.06657543224931,0.7938668479776338,0
0.2804076474580785,51.043921689954935,0.8009160979214082,0
0.2804076474580785,51.043921689954935,0.8009160979214082,0
0.29009505277731407,51.26807654283312,0.7973327780571399,0
0.29009505277731407,51.26807654283312,0.7973327780571399,0
0.29009505277731407,51.26807654283312,0.7973327780571399,0
0.29009505277731407,51.26807654283312,0.7973327780571399,0
0.29322045191713986,51.50548470426467,0.7834924790724956,0
0.2894161243073197,51.36381311741092,0.7957125182690008,0
0.2894161243073197,51.36381311741092,0.7957125182690008,0
0.2894161243073197,51.36381311741092,0.7957125182690008,0
0.2900759573265022,51.131607207795334,0.7754311344112952,0
0.2895911183217956,50.89881381800103,0.76171899456413,0
0.2887678615398683,51.533835284964496,0.751053950910476,0
0.2887678615398683,51.533835284964496,0.751053950910476,0
0.2887678615398683,51.533835284964496,0.751053950910476,0
0.28009933794063474,52.15183452634619,0.7572821378594895,0
0.28009933794063474,52.15183452634619,0.7572821378594895,0
0.28009933794063474,52.15183452634619,0.7572821378594895,0
0.28180585735813524,51.4565783095309,0.753507253599265,0
0.28180585735813524,51.4565783095309,0.753507253599265,0
0.2836124362876424,52.41055255620434,0.7704647193892118,0
0.29179313722038724,51.71172061573175,0.7512152673155901,0
0.29179313722038724,51.71172061573175,0.7512152673155901,0
0.2928062077719199,51.17285243670812,0.7597002300646939,0
0.2928062077719199,51.17285243670812,0.7597002300646939,0
0.2793638438017526,51.37592106406084,0.7714972349909993,0
0.2793638438017526,51.37592106406084,0.7714972349909993,0
0.28148498081306483,51.56676633130065,0.7704297381024291,0
0.29234823998179515,51.25827657942326,0.7901532190602434,0
0.297733218518206,51.252261619473785,0.7838544862451005,0
0.2895631320107852,51.40122820795799,0.7688501048402578,0
0.29843139529877727,51.06205326853742,0.7791020047088824,0
0.30100835251154284,50.80374088755005,0.7942652890534458,0
0.30490140642258695,50.91159024449303,0.7934268948285993,0
0.3092119513485835,51.02628407523925,0.7946087614890996,0
0.30280179218870784,51.873167195620496,0.7736003626221287,0
0.30280179218870784,51.873167195620496,0.7736003626221287,0
0.30280179218870784,51.873167195620496,0.7736003626221287,0
0.281278133960165,51.99337787268454,0.7635960654470034,0
0.29213422798990557,51.33954442349207,0.7795349392475678,0
0.29213422798990557,51.33954442349207,0.7795349392475678,0
0.2829634024678025,51.64230702610423,0.7742873766333644,0
0.29568579108552345,51.26796258941925,0.7761132520768735,0
0.29568579108552345,51.26796258941925,0.7761132520768735,0
0.27829763646031414,50.73984009308665,0.7824804366083682,0
0.2790469072459764,51.25946689790368,0.7587339744271226,0
0.28093401688008857,50.90738692911642,0.787363516705671,0
0.29001988489622005,51.0524535926608,0.8232481522922427,0
0.27503093210011864,51.04859045210796,0.8305748916709239,0
0.2658853816321794,51.19894772301682,0.8084432417951664,0
0.2658853816321794,51.19894772301682,0.8084432417951664,0
0.256217446420519,51.481302724623404,0.8088672146654137,0
0.25317937855525124,52.10271791655752,0.8116003447904904,0
0.2631289345309179,51.76394791010407,0.797831302438406,0
0.2631289345309179,51.76394791010407,0.797831302438406,0
0.2631289345309179,51.76394791010407,0.797831302438406,0
0.2600618043531507,52.08602207868007,0.7831498330755355,0
0.2577871280770773,52.33662624223717,0.7855119023756647,0
0.2577871280770773,52.33662624223717,0.7855119023756647,0
0.2577871280770773,52.33662624223717,0.7855119023756647,0
0.2577871280770773,52.33662624223717,0.7855119023756647,0
0.2653965833358885,52.16007807652827,0.8015354698212993,0
0.2653965833358885,52.16007807652827,0.8015354698212993,0
0.2804126020622004,51.306759423361136,0.7923673043302362,0
0.28889776311608545,52.07970766325046,0.7971687345830778,0
0.28889776311608545,52.07970766325046,0.7971687345830778,0
0.28889776311608545,52.07970766325046,0.7971687345830778,0
0.28835701135570635,52.35840594184727,0.7948552777334887,0
0.28835701135570635,52.35840594184727,0.7948552777334887,0
0.28835701135570635,52.35840594184727,0.7948552777334887,0
0.28835701135570635,52.35840594184727,0.7948552777334887,0
0.31566989844730187,52.653846978593094,0.7727355787467043,0
0.31566989844730187,52.653846978593094,0.7727355787467043,0
0.31566989844730187,52.653846978593094,0.7727355787467043,0
0.2980708097277374,51.87128278134289,0.7548066756242189,0
0.2980708097277374,51.87128278134289,0.7548066756242189,0
0.2980708097277374,51.87128278134289,0.7548066756242189,0
0.29193538413484593,52.31174451294249,0.7544270236306017,0
0.28358158124636557,52.282353187152104,0.7391251010926533,0
0.2812190849201287,51.810039220556305,0.7589629878866652,0
0.28548748972034294,51.58600785348518,0.7618728488273714,0
0.2846492645053233,51.15221238485354,0.7632827734077947,0
0.2846492645053233,51.15221238485354,0.7632827734077947,0
0.2777026709715347,52.412566730932525,0.7809964864808494,0
0.2777026709715347,52.412566730932525,0.7809964864808494,0
0.27667934999720145,52.18950392675608,0.7921608579918001,0
0.27667934999720145,52.18950392675608,0.7921608579918001,0
0.2846684792731117,51.719722555829705,0.7702529842074795,0
0.3008096185033565,51.77017332340324,0.7577884005385568,0
0.3008096185033565,51.77017332340324,0.7577884005385568,0
0.29885957472681235,51.47371038824304,0.7799315862474226,0
0.3017903412594815,51.606369228282034,0.7650691780963337,0
0.30540035229579593,51.96446709813837,0.7631913415659664,0
0.30540035229579593,51.96446709813837,0.7631913415659664,0
0.30540035229579593,51.96446709813837,0.7631913415659664,0
0.30191448263624604,51.56109397241558,0.774225906946842,0
0.30617895679822876,51.28064442699366,0.7964143907306831,0
0.2973503016527528,50.98888273759814,0.8291428949775164,0
0.29377020859384256,51.13257309241992,0.8322387398679931,0
0.28470546909910877,51.107149783865275,0.825106510336807,0
0.28470546909910877,51.107149783865275,0.825106510336807,0
0.2879539856842192,50.94383811708137,0.821985240320369,0
0.2879539856842192,50.94383811708137,0.821985240320369,0
0.2879170954277353,50.55326687093998,0.8399817569629346,0
0.2874395492428499,50.41792999326813,0.8377426202783017,0
0.28639168270637183,50.37874347920525,0.8339826382479657,0
0.28891617585229573,50.75534951161918,0.8093774352959942,0
0.2714309955574605,51.18854821179798,0.8143839011598034,0
0.2714309955574605,51.18854821179798,0.8143839011598034,0
0.2799748421642442,50.695058333899944,0.8034574139895501,0
0.2799748421642442,50.695058333899944,0.8034574139895501,0
0.2836549425291894,50.200460448084606,0.8246524862059148,0
0.2836549425291894,50.200460448084606,0.8246524862059148,0
0.30204107287866455,50.030207400568685,0.8377314426243736,0
0.30204107287866455,50.030207400568685,0.8377314426243736,0
0.3023567295515637,49.856015225037524,0.8622772655572175,0
0.30548838562488717,49.890000210619334,0.8311429465144958,0
0.30548838562488717,49.890000210619334,0.8311429465144958,0
0.30548838562488717,49.890000210619334,0.8311429465144958,0
0.30548838562488717,49.890000210619334,0.8311429465144958,0
0.3100001468234634,49.66626839151609,0.8226212351098745,0
0.31408706519703705,49.937606564796255,0.8223345550196363,0
0.31408706519703705,49.937606564796255,0.8223345550196363,0
0.31408706519703705,49.937606564796255,0.8223345550196363,0
0.3102202287721542,49.92888961632175,0.8215393103910728,0
0.28664535418228104,50.869327769825674,0.8185935441203817,0
0.28664535418228104,50.869327769825674,0.8185935441203817,0
0.3013425918273665,50.57642096640773,0.8337551438591835,0
0.2968164024308271,50.45364588380739,0.8594320463957695,0
0.28365976687808275,49.479993300962484,0.8376820040005405,0
0.28365976687808275,49.479993300962484,0.8376820040005405,0
0.27347987964040593,50.080203500917584,0.8457537654061625,0
0.27347987964040593,50.080203500917584,0.8457537654061625,0
0.2730477813714458,50.51429189078092,0.8638011137488689,0
0.26567221273076636,50.52656680698291,0.857374263148124,0
0.26366031509581883,51.54513075546282,0.8221342584080518,0
0.2757778041677804,50.812185007946056,0.8092593099027268,0
0.2757778041677804,50.812185007946056,0.8092593099027268,0
0.28244067699291187,51.06637267045503,0.7918518364169052,0
0.273446274597221,50.900074340069274,0.8349211949603227,0
0.26157100883734924,50.99024201040123,0.8078852764390565,0
0.26157100883734924,50.99024201040123,0.8078852764390565,0
0.26157100883734924,50.99024201040123,0.8078852764390565,0
0.26429101990618115,50.676082017707024,0.8023179476330345,0
0.2608032930941681,50.789111812258035,0.834172516753426,0
0.2608032930941681,50.789111812258035,0.834172516753426,0
0.24978192280153286,50.37231387072309,0.8170758184147703,0
0.2559283632823511,50.99989307907545,0.8232393201892719,0
0.2559283632823511,50.99989307907545,0.8232393201892719,0
0.2559283632823511,50.99989307907545,0.8232393201892719,0
0.24630759198163507,50.743395704477074,0.8213424280507019,0
0.23855352074153152,50.99362796696963,0.828480605035016,0
0.23855352074153152,50.99362796696963,0.828480605035016,0
0.24136558530076058,51.4800241476875,0.8217310769724836,0
0.24323700516846272,50.822496843168715,0.7934277415028334,0
0.2551968469522804,50.983951458371074,0.8233418759264339,0
0.26576294544269646,51.325765823110935,0.8051156461517605,0
0.2711259597647792,51.13284643580512,0.7917502460456545,0
0.25441536891639466,51.48268307348155,0.7726788297517739,0
0.25441536891639466,51.48268307348155,0.7726788297517739,0
0.2733091643765682,52.17521288700587,0.7797684088516831,0
0.2733091643765682,52.17521288700587,0.7797684088516831,0
0.2733091643765682,52.17521288700587,0.7797684088516831,0
0.25205906312753806,52.47965814529439,0.7616866255287015,0
0.2583248270254481,52.60693520805075,0.7519244500219294,0
0.25958318757765647,52.402202431794564,0.7297397073498693,0
0.25958318757765647,52.402202431794564,0.7297397073498693,0
0.25958318757765647,52.402202431794564,0.7297397073498693,0
0.26519980565568385,52.96558483592508,0.715491609882826,0
0.2671579895344985,52.10981514833347,0.7535024149915082,0
0.2527702382620965,52.319563784488324,0.7613016138754631,0
0.25552660608538724,52.07227534340752,0.7778466668982732,0
0.2399229313459563,52.039360949070556,0.7665691733672241,0
0.24421040922049175,52.5781002204304,0.7597040581304868,0
0.24470781587493773,52.1317341158114,0.7545450162656655,0
0.24171295696702158,51.78340415955867,0.7631146748387821,0
0.24171295696702158,51.78340415955867,0.7631146748387821,0
0.23356009267907624,51.934424737108834,0.7787333064009659,0
0.22085056430502065,51.22865610982074,0.8122219400488718,0
0.22085056430502065,51.22865610982074,0.8122219400488718,0
0.22085056430502065,51.22865610982074,0.8122219400488718,0
0.22085056430502065,51.22865610982074,0.8122219400488718,0
0.21964287853828057,51.14359651425566,0.8287167949798312,0
0.20077982925844678,51.72452969468743,0.8451287808797843,0
0.20025261549840542,52.23147811173881,0.8157039001816462,0
0.20738309115045075,51.845896730688835,0.7826758635331874,0
0.20738309115045075,51.845896730688835,0.7826758635331874,0
0.1893007156004106,50.782347958880905,0.8101236122160589,0
0.1893007156004106,50.782347958880905,0.8101236122160589,0
0.19349272168331663,50.85645950697264,0.8320266938423109,0
0.18618559693130443,50.87204873130496,0.8316697210764631,0
0.183457976454594,50.677145975594584,0.8331270858330329,0
0.17297370002924875,51.07804393054481,0.8135993816777077,0
0.17297370002924875,51.07804393054481,0.8135993816777077,0
0.17297370002924875,51.07804393054481,0.8135993816777077,0
0.192111560429933,50.939374826147976,0.8383763793711769,0
0.1925020112855786,51.14708424129472,0.8397755511594044,0
0.18564669515704807,50.65505997978513,0.827004027351864,0
0.18343850730154476,51.01019741802072,0.8530986613482944,0
0.18343850730154476,51.01019741802072,0.8530986613482944,0
0.18823653050206055,50.34009322550519,0.8530752615681568,0
0.1933290103461914,50.21371438023798,0.8745893740646847,0
0.18385838207525187,49.702670757249635,0.8570342527541132,0
0.1942819352455487,49.63490684835281,0.8577654460421307,0
0.20318220682298055,49.444955936298534,0.8525639152530307,0
0.20130225744214833,49.32747293954961,0.8527754193636121,0
0.21776718819698665,49.62021605567265,0.8688417038360975,0
0.21576864757597541,49.26631712408829,0.8819214284807998,0
0.20154236108847792,49.10228231237549,0.8802634880111687,0
0.2163597170338992,49.3422018308266,0.9077269863689417,0
0.21717359539814998,48.87390292202148,0.907965577032873,0
0.21717359539814998,48.87390292202148,0.907965577032873,0
0.2213083908387072,49.10457797801433,0.8963392073935689,0
0.22599708686412606,49.01353851334007,0.8389468068964697,0
0.22599708686412606,49.01353851334007,0.8389468068964697,0
0.22599708686412606,49.01353851334007,0.8389468068964697,0
0.2251637605941599,49.03685193473708,0.8660328162065821,0
0.2251637605941599,49.03685193473708,0.8660328162065821,0
0.2251637605941599,49.03685193473708,0.8660328162065821,0
0.24132657812979716,49.12524575361866,0.8479293150717107,0
0.24132657812979716,49.12524575361866,0.8479293150717107,0
0.24132657812979716,49.12524575361866,0.8479293150717107,0
0.26192423712319457,49.03087140268647,0.8902419116729607,0
0.26192423712319457,49.03087140268647,0.8902419116729607,0
0.26192423712319457,49.03087140268647,0.8902419116729607,0
0.2642139364798385,49.339125273920374,0.8902104715835768,0
0.2653157422576521,48.81672082676708,0.8923401954756305,0
0.2653157422576521,48.81672082676708,0.8923401954756305,0
0.2653157422576521,48.81672082676708,0.8923401954756305,0
0.2678392005710666,48.57755444601739,0.8736255314919434,0
0.2678392005710666,48.57755444601739,0.8736255314919434,0
0.2678392005710666,48.57755444601739,0.8736255314919434,0
0.2623449303733126,48.35904079221239,0.8843741268947249,0
0.25451759125733964,48.95729003130553,0.9020578816689807,0
0.26053309128077884,49.42011234200258,0.8625123071616334,0
0.26053309128077884,49.42011234200258,0.8625123071616334,0
0.26053309128077884,49.42011234200258,0.8625123071616334,0
0.26053309128077884,49.42011234200258,0.8625123071616334,0
0.2542722866450549,49.300770480470845,0.8448606884946319,0
0.24690963774363298,49.20796501306732,0.8618380192153333,0
0.23992200355548482,49.602270572699936,0.8782826055265405,0
0.23992200355548482,49.602270572699936,0.8782826055265405,0
0.23992200355548482,49.602270572699936,0.8782826055265405,0
0.23992200355548482,49.602270572699936,0.8782826055265405,0
0.23992200355548482,49.602270572699936,0.8782826055265405,0
0.23992200355548482,49.602270572699936,0.8782826055265405,0
0.23007547770556105,49.5497822303576,0.8481402698138507,0
0.23748190480399178,49.17322003346212,0.8655902398567118,0
0.2312887315577598,49.468375580739774,0.8523671052844389,0
0.21282994281149156,49.530030282961,0.8429496276901237,0
0.21282994281149156,49.530030282961,0.8429496276901237,0
0.2219125569041648,49.67924590104853,0.850536514673736,0
0.2124636607281422,49.29645194440437,0.8690815248206537,0
0.2124636607281422,49.29645194440437,0.8690815248206537,0
0.21348788883533132,50.02737237410117,0.8542749375038795,0
0.21348788883533132,50.02737237410117,0.8542749375038795,0
0.21348788883533132,50.02737237410117,0.8542749375038795,0
0.23152719366786,50.09468209226247,0.8480509526192477,0
0.23152719366786,50.09468209226247,0.8480509526192477,0
0.23152719366786,50.09468209226247,0.8480509526192477,0
0.23152719366786,50.09468209226247,0.8480509526192477,0
0.21626133510098317,49.76723427160748,0.8312412493726693,0
0.23253987478792382,50.77852897393993,0.8149554983112036,0
0.23780544729285955,51.05792790001109,0.8227080137414986,0
0.23780544729285955,51.05792790001109,0.8227080137414986,0
0.22720390831687687,51.455788440451364,0.8405554812317276,0
0.22720390831687687,51.455788440451364,0.8405554812317276,0
0.20702146745888017,51.415589243498424,0.8271904697426362,0
0.20702146745888017,51.415589243498424,0.8271904697426362,0
0.20702146745888017,51.415589243498424,0.8271904697426362,0
0.20502605190565462,51.41317505736012,0.8445517997196597,0
0.20445035428160058,51.19852937208635,0.8418752025645589,0
0.20445035428160058,51.19852937208635,0.8418752025645589,0
0.20445035428160058,51.19852937208635,0.8418752025645589,0
0.20445035428160058,51.19852937208635,0.8418752025645589,0
0.20379404746273472,50.886508652146745,0.843391033563846,0
0.21276766205293496,50.87995293664841,0.8370585774626089,0
0.21276766205293496,50.87995293664841,0.8370585774626089,0
0.21276766205293496,50.87995293664841,0.8370585774626089,0
0.20024913993113586,50.747914951652476,0.8184465063688187,0
0.20024913993113586,50.747914951652476,0.8184465063688187,0
0.2031222459568958,51.05829236197285,0.8271954750660493,0
0.21487909998920596,50.17674956485589,0.850962205833228,0
0.22219404308725463,49.515036851474285,0.8510613397734094,0
0.22219404308725463,49.515036851474285,0.8510613397734094,0
0.22724900352933738,49.90364511970235,0.8768047446235712,0
0.22724900352933738,49.90364511970235,0.8768047446235712,0
0.2333724527303219,50.3829007465924,0.8716302168958224,0
0.2428020102914185,49.78314633281352,0.8680631882056044,0
0.24240076971338523,50.140915358665524,0.8555305570153537,0
0.24240076971338523,50.140915358665524,0.8555305570153537,0
0.2273259577155975,50.29858636755881,0.8337998564906679,0
0.2273259577155975,50.29858636755881,0.8337998564906679,0
0.22656396832839945,50.460185165988165,0.8434738843628382,0
0.22650629286657162,49.795239654767876,0.858029607369042,0
0.22650629286657162,49.795239654767876,0.858029607369042,0
0.23946581974941428,49.875710723075905,0.8540362113855848,0
0.23076234957283995,50.754593956416315,0.8334441594878892,0
0.23076234957283995,50.754593956416315,0.8334441594878892,0
0.2370042807150135,51.20420949232187,0.8446064997268823,0
0.22637279361345927,51.13417177170939,0.8251017734918296,0
0.22637279361345927,51.13417177170939,0.8251017734918296,0
0.23561854717941114,50.98559940309432,0.8155362307316657,0
0.23175381845224205,51.12019229750815,0.7943123869449573,0
0.23810791146242496,51.563537335211194,0.7745992635656237,0
0.2327805547320722,51.57178992331135,0.8029381518814367,0
0.2327805547320722,51.57178992331135,0.8029381518814367,0
0.22292180498214675,51.21072878819705,0.7978481308133044,0
0.22084752261517865,50.9384434222496,0.8135233261612604,0
0.22437171640527906,50.63809510836493,0.8253225430685185,0
0.23160434700351676,50.25382221346922,0.8154620579608701,0
0.23160434700351676,50.25382221346922,0.8154620579608701,0
0.23160434700351676,50.25382221346922,0.8154620579608701,0
0.23160434700351676,50.25382221346922,0.8154620579608701,0
0.22753128028033193,50.05217455700891,0.8169616823206669,0
0.23565224240717791,49.55841566708456,0.8305297398265996,0
0.22759156767766225,49.98284862840228,0.8273222071076943,0
0.2134920327775178,50.21044999072085,0.8316614435799848,0
0.2134920327775178,50.21044999072085,0.8316614435799848,0
0.21305752643242853,50.29367441269497,0.8388042820685623,0
0.21305752643242853,50.29367441269497,0.8388042820685623,0
0.20093542619496088,50.35995926764279,0.8462240465673533,0
0.20093542619496088,50.35995926764279,0.8462240465673533,0
0.20093542619496088,50.35995926764279,0.8462240465673533,0
0.2081216424488714,50.28094865326937,0.8574346120728101,0
0.20639231132047212,50.36302233330758,0.8623601739026873,0
0.20060036147522312,49.691380107252485,0.8948558747006832,0
0.2050745685872469,49.02938405988743,0.8793919723638256,0
0.21016574427775658,49.69994186572807,0.8551341596729884,0
0.20892241606926756,49.797907897950054,0.8724257286987059,0
0.20892241606926756,49.797907897950054,0.8724257286987059,0
0.20809650145181596,50.00052794360327,0.8629359041101645,0
0.20809650145181596,50.00052794360327,0.8629359041101645,0
0.20809650145181596,50.00052794360327,0.8629359041101645,0
0.20245336907420355,50.39209621123949,0.8591879196920849,0
0.19252804099923165,50.42498204883332,0.8625946951082206,0
0.19252804099923165,50.42498204883332,0.8625946951082206,0
0.18536584984811902,50.56940122466301,0.8559321997905478,0
0.18536584984811902,50.56940122466301,0.8559321997905478,0
0.18536584984811902,50.56940122466301,0.8559321997905478,0
0.18536584984811902,50.56940122466301,0.8559321997905478,0
0.1785350937760289,51.29482956453459,0.8713518315744108,0
0.17746298208650654,51.24347259119714,0.8719833140200384,0
0.17746298208650654,51.24347259119714,0.8719833140200384,0
0.17746298208650654,51.24347259119714,0.8719833140200384,0
0.17746298208650654,51.24347259119714,0.8719833140200384,0
0.19265685884296166,49.85749477588418,0.8907432929211067,0
0.19257037258283927,48.682509168261866,0.8996660494659023,0
0.196209242621055,48.974922986791675,0.8914325272191211,0
0.196209242621055,48.974922986791675,0.8914325272191211,0
0.196209242621055,48.974922986791675,0.8914325272191211,0
0.1966511418166154,49.17163088938194,0.8628274615542738,0
0.20266218125681554,48.897551326960084,0.8593770218345941,0
0.1993395596939448,48.90124381402525,0.8627519737391579,0
0.20312832881414652,49.02336468564054,0.8574650997938444,0
0.20599027823968968,49.524380682295664,0.8555551383276515,0
0.20599027823968968,49.524380682295664,0.8555551383276515,0
0.20043801879798764,49.71745413279176,0.8561202457578524,0
0.20043801879798764,49.71745413279176,0.8561202457578524,0
0.20426696974960457,49.833227545430915,0.8731136508068222,0
0.20426696974960457,49.833227545430915,0.8731136508068222,0
0.20426696974960457,49.833227545430915,0.8731136508068222,0
0.20426696974960457,49.833227545430915,0.8731136508068222,0
0.20426696974960457,49.833227545430915,0.8731136508068222,0
0.20426696974960457,49.833227545430915,0.8731136508068222,0
0.20426696974960457,49.833227545430915,0.8731136508068222,0
0.20426696974960457,49.833227545430915,0.8731136508068222,0
0.20593432144593815,49.43474871879031,0.8904572870890625,0
0.2097627785345896,50.71990970926261,0.8602898193424255,0
0.20734908398757596,50.715954214200245,0.851038163061294,0
0.20734908398757596,50.715954214200245,0.851038163061294,0
0.20734908398757596,50.715954214200245,0.851038163061294,0
0.20734908398757596,50.715954214200245,0.851038163061294,0
0.20734908398757596,50.715954214200245,0.851038163061294,0
0.2039878379613125,49.78671024532976,0.8600832455153379,0
0.18617051297030152,50.353976469678365,0.87539715603318,0
0.18617051297030152,50.353976469678365,0.87539715603318,0
0.16798293527906233,49.603446752867605,0.8606769980293846,0
0.17186430451214413,49.76578757948203,0.8830191142585052,0
0.17186430451214413,49.76578757948203,0.8830191142585052,0
0.17186430451214413,49.76578757948203,0.8830191142585052,0
0.17186430451214413,49.76578757948203,0.8830191142585052,0
0.17186430451214413,49.76578757948203,0.8830191142585052,0
0.1733591455195392,50.36767865599475,0.8947219034077267,0
0.1733591455195392,50.36767865599475,0.8947219034077267,0
0.1733591455195392,50.36767865599475,0.8947219034077267,0
0.1579847160282728,49.775744724674766,0.8843659033537673,0
0.1579847160282728,49.775744724674766,0.8843659033537673,0
0.1579847160282728,49.775744724674766,0.8843659033537673,0
0.1535594513728845,50.338211142527086,0.8644993608192736,0
0.1535594513728845,50.338211142527086,0.8644993608192736,0
0.1535594513728845,50.338211142527086,0.8644993608192736,0
0.1647377953783817,50.1827578064908,0.8569546473373482,0
0.1647377953783817,50.1827578064908,0.8569546473373482,0
0.1694027235458768,50.468955360505475,0.8746226387159967,0
0.16527162401790965,50.605231671991206,0.8692420290307834,0
0.16965626026567626,50.776077114970285,0.8615888238134993,0
0.15636327303645828,50.84919564345304,0.8575034340573533,0
0.15636327303645828,50.84919564345304,0.8575034340573533,0
0.15636327303645828,50.84919564345304,0.8575034340573533,0
0.15838645484204184,50.44354747605966,0.8540048364172765,0
0.13859979817314827,50.906735849976286,0.8385912512238332,0
0.13859979817314827,50.906735849976286,0.8385912512238332,0
0.13859979817314827,50.906735849976286,0.8385912512238332,0
0.13859979817314827,50.906735849976286,0.8385912512238332,0
0.13859979817314827,50.906735849976286,0.8385912512238332,0
0.13585125713284343,51.29654636034424,0.8381643228424219,0
0.13585125713284343,51.29654636034424,0.8381643228424219,0
0.13585125713284343,51.29654636034424,0.8381643228424219,0
0.13585125713284343,51.29654636034424,0.8381643228424219,0
0.1603292846687725,51.385306973102765,0.8386139287654967,0
0.17143491207170017,51.134244408632526,0.8256729759773221,0
0.17143491207170017,51.134244408632526,0.8256729759773221,0
0.17092515341864764,51.1043172097846,0.8413233395907701,0
0.17092515341864764,51.1043172097846,0.8413233395907701,0
0.17092515341864764,51.1043172097846,0.8413233395907701,0
0.17092515341864764,51.1043172097846,0.8413233395907701,0
0.17092515341864764,51.1043172097846,0.8413233395907701,0
0.17143913196181856,50.94037167846899,0.8380806494578917,0
0.17143913196181856,50.94037167846899,0.8380806494578917,0
0.17143913196181856,50.94037167846899,0.8380806494578917,0
0.17347277720877566,51.22754882010861,0.835009643014491,0
0.1766124287337678,51.25668101373435,0.8377647168600336,0
0.1766124287337678,51.25668101373435,0.8377647168600336,0
0.16456875924842737,50.62694541154632,0.8186216603038706,0
0.17352656435879993,50.92257188257046,0.82206228303948,0
0.17352656435879993,50.92257188257046,0.82206228303948,0
0.17352656435879993,50.92257188257046,0.82206228303948,0
0.17352656435879993,50.92257188257046,0.82206228303948,0
0.17352656435879993,50.92257188257046,0.82206228303948,0
0.18196001327804973,50.47827957019198,0.8430403573429117,0
0.18196001327804973,50.47827957019198,0.8430403573429117,0
0.17580070667063155,50.69166403130073,0.8389049140718738,0
0.17709852989525,50.23582089313661,0.8545157362618039,0
0.17709852989525,50.23582089313661,0.8545157362618039,0
0.17709852989525,50.23582089313661,0.8545157362618039,0
0.17709852989525,50.23582089313661,0.8545157362618039,0
0.1788614561062146,50.13588109958746,0.8535045955447111,0
0.1788614561062146,50.13588109958746,0.8535045955447111,0
0.16484049614578694,49.76069344542422,0.8834730010577176,0
0.1640832207824985,50.11289927970227,0.833897870699701,0
0.16246969373880737,49.872179268257014,0.8375170698481237,0
0.14123094453992383,50.33330323884298,0.8423774210750875,0
0.14123094453992383,50.33330323884298,0.8423774210750875,0
0.14123094453992383,50.33330323884298,0.8423774210750875,0
0.14069751491745655,50.7653250518801,0.8545120846233221,0
0.11083928957635732,51.03794615409433,0.8344424964332404,0
0.11083928957635732,51.03794615409433,0.8344424964332404,0
0.11083928957635732,51.03794615409433,0.8344424964332404,0
0.12109861089215959,50.28233481084638,0.855731905649624,0
0.12109861089215959,50.28233481084638,0.855731905649624,0
0.12109861089215959,50.28233481084638,0.855731905649624,0
0.12109861089215959,50.28233481084638,0.855731905649624,0
0.12109861089215959,50.28233481084638,0.855731905649624,0
0.12109861089215959,50.28233481084638,0.855731905649624,0
0.12109861089215959,50.28233481084638,0.855731905649624,0
0.10765466285932654,49.609962437688175,0.8712632166838555,0
0.11642297181996707,49.3431453131085,0.8878756876346522,0
0.11642297181996707,49.3431453131085,0.8878756876346522,0
0.1154591536843822,49.6654023574496,0.8771383049772362,0
0.10493987546458397,49.54846210199063,0.8991621556448202,0
0.09623455573728981,49.6261942241752,0.9091426076591751,0
0.09623455573728981,49.6261942241752,0.9091426076591751,0
0.08660123503259437,49.08424607937238,0.8824996925453422,0
0.08660123503259437,49.08424607937238,0.8824996925453422,0
0.07765851499105882,50.110152457341854,0.8535148629323159,0
0.07765851499105882,50.110152457341854,0.8535148629323159,0
0.07765851499105882,50.110152457341854,0.8535148629323159,0
0.09577885390184668,49.76729914680537,0.857891250353252,0
0.09242846367449349,49.50787649016478,0.8671802495031604,0
0.1023391305828085,49.086470354055976,0.8871496075956204,0
0.1023391305828085,49.086470354055976,0.8871496075956204,0
0.10541323824774873,49.17377627780658,0.8819046704248815,0
0.12987302436212902,49.82628152222979,0.8674834281289057,0
0.1271368738150828,49.71915925054434,0.8704008676945576,0
0.13152503904869975,50.44520331656399,0.8441283055144744,0
0.13152503904869975,50.44520331656399,0.8441283055144744,0
0.14154213124884812,50.91736449262312,0.8388409916442063,0
0.13867899718097998,50.191511785740424,0.8544757962051627,0
0.15153897082776283,50.08609692906234,0.8516402132811547,0
0.15153897082776283,50.08609692906234,0.8516402132811547,0
0.15153897082776283,50.08609692906234,0.8516402132811547,0
0.16828581749517676,50.263785034397394,0.8908803265579996,0
0.17781885301160458,50.03816958994418,0.8805883497723167,0
0.17781885301160458,50.03816958994418,0.8805883497723167,0
0.17482930070582706,49.71735337037517,0.8645595741772127,0
0.17482930070582706,49.71735337037517,0.8645595741772127,0
0.17482930070582706,49.71735337037517,0.8645595741772127,0
0.17482930070582706,49.71735337037517,0.8645595741772127,0
0.19097176164957602,49.99083312788319,0.8779560425955415,0
0.19097176164957602,49.99083312788319,0.8779560425955415,0
0.19097176164957602,49.99083312788319,0.8779560425955415,0
0.19097176164957602,49.99083312788319,0.8779560425955415,0
0.19133619890783912,50.41367081210986,0.8391297601835946,0
0.19133619890783912,50.41367081210986,0.8391297601835946,0
0.19199594393889916,51.270860972288155,0.8345270363213619,0
0.20054554147054604,50.60768663826348,0.8301093721903448,0
0.19598829136214094,50.53823073191093,0.8470775011696016,0
0.20152990621296266,50.16388957764659,0.8498114852361458,0
0.1932162492249896,50.2364729678451,0.8459482716973732,0
0.1932162492249896,50.2364729678451,0.8459482716973732,0
0.1932162492249896,50.2364729678451,0.8459482716973732,0
0.20315509525976883,50.340805917327096,0.8611712826934996,0
0.20315509525976883,50.340805917327096,0.8611712826934996,0
0.21800665870914734,50.18288883316718,0.8615814539738264,0
0.21824530292104316,50.03393467602453,0.860980985017657,0
0.227183486456619,49.702508564956176,0.8584562448721916,0
0.227183486456619,49.702508564956176,0.8584562448721916,0
0.227183486456619,49.702508564956176,0.8584562448721916,0
0.22187681755922808,50.270423489381244,0.8577937236849514,0
0.22187681755922808,50.270423489381244,0.8577937236849514,0
0.21334591758687652,50.02279917928442,0.8940684450912458,0
0.21334591758687652,50.02279917928442,0.8940684450912458,0
0.21554031717307584,50.48607921389295,0.8708627021720488,0
0.21566377174733725,49.92888438736759,0.8511910922335125,0
0.2100327709725342,50.167444156307326,0.8447506396607498,0
0.2100327709725342,50.167444156307326,0.8447506396607498,0
0.2213466385921173,50.12784213581332,0.8406976597947456,0
0.2213466385921173,50.12784213581332,0.8406976597947456,0
0.2213466385921173,50.12784213581332,0.8406976597947456,0
0.2213466385921173,50.12784213581332,0.8406976597947456,0
0.2213466385921173,50.12784213581332,0.8406976597947456,0
0.21178781271183805,50.16496395315933,0.8235420597549087,0
0.21178781271183805,50.16496395315933,0.8235420597549087,0
0.21178781271183805,50.16496395315933,0.8235420597549087,0
0.20618429778761604,50.95023575351884,0.8091920513103441,0
0.20380418055881724,50.41044739335021,0.8290072860017013,0
0.20380418055881724,50.41044739335021,0.8290072860017013,0
0.18933472534456122,50.69378934683576,0.8534367300058526,0
0.18933472534456122,50.69378934683576,0.8534367300058526,0
0.1887150532142164,50.42760042218614,0.8350371277843787,0
0.1749972976363067,50.301313403190534,0.837090923203468,0
0.17779550028649793,51.58357006233691,0.8346589513965371,0
0.18794881853031645,51.703361884409674,0.8634456668207646,0
0.18546458645060612,50.8114994403624,0.8310509729445298,0
0.18546458645060612,50.8114994403624,0.8310509729445298,0
0.18546458645060612,50.8114994403624,0.8310509729445298,0
0.17741960825518202,50.31881043832745,0.8548179713566367,0
0.18096581986293225,50.201345724203314,0.867646631051311,0
0.18096581986293225,50.201345724203314,0.867646631051311,0
0.18096581986293225,50.201345724203314,0.867646631051311,0
0.18096581986293225,50.201345724203314,0.867646631051311,0
0.18444140579835389,50.071999234582385,0.8683407523941534,0
0.18097704327650288,50.92771063404863,0.8482560618715493,0
0.18097704327650288,50.92771063404863,0.8482560618715493,0
0.17647265689824435,50.990851202667415,0.8350425229961133,0
0.17790566858472132,50.10380285402526,0.8487416141292135,0
0.17790566858472132,50.10380285402526,0.8487416141292135,0
0.17790566858472132,50.10380285402526,0.8487416141292135,0
0.16285438915801478,49.83543382385361,0.8571706289403203,0
0.14886033197519058,50.02809179959036,0.8569702910379943,0
0.1680035860612284,49.90147744828163,0.8803303587445261,0
0.1680035860612284,49.90147744828163,0.8803303587445261,0
0.1680035860612284,49.90147744828163,0.8803303587445261,0
0.16365400106986694,49.77696009530973,0.8577344507786051,0
0.16365400106986694,49.77696009530973,0.8577344507786051,0
0.14767972485820133,49.26988024923963,0.8849412455595341,0
0.14767972485820133,49.26988024923963,0.8849412455595341,0
0.12095384903600731,49.372349911066415,0.8839615157983151,0
0.1358142379711588,49.85468960814822,0.861287682087379,0
0.1358142379711588,49.85468960814822,0.861287682087379,0
0.13378654441452062,50.623922265162484,0.8681001226572033,0
0.13378654441452062,50.623922265162484,0.8681001226572033,0
0.13378654441452062,50.623922265162484,0.8681001226572033,0
0.13378654441452062,50.623922265162484,0.8681001226572033,0
0.13378654441452062,50.623922265162484,0.8681001226572033,0
0.13694235695649426,50.46298591006751,0.8747340542314952,0
0.1302989751607643,50.527507074361125,0.8800425351442873,0
0.1302989751607643,50.527507074361125,0.8800425351442873,0
0.13785719020264803,50.56648777309115,0.8553276155729683,0
0.13785719020264803,50.56648777309115,0.8553276155729683,0
0.14496869177199326,50.691073023735235,0.8586020606741287,0
0.12757881949999414,50.25479346919445,0.8576477203107201,0
0.12213560157726665,50.13098695263224,0.8533391892410109,0
0.11872046343345265,50.99293386669417,0.8665820948708229,0
0.11311745566447115,50.95875997251319,0.8660158281577776,0
0.10543790132706964,50.57419486364127,0.8862263085643118,0
0.09449093745676092,50.552624691606546,0.8885865036268943,0
0.09449093745676092,50.552624691606546,0.8885865036268943,0
0.09449093745676092,50.552624691606546,0.8885865036268943,0
0.09449093745676092,50.552624691606546,0.8885865036268943,0
0.09556780065171061,50.22876087006739,0.8965461947781519,0
0.08869851565309343,50.435497516620146,0.8937919659625405,0
0.06942330429592597,49.7077190559641,0.8708466361333113,0
0.060593585234786224,49.91493072070342,0.875225413074744,0
0.07124637895177821,50.291331632174305,0.8966634721983971,0
0.07124637895177821,50.291331632174305,0.8966634721983971,0
0.07124637895177821,50.291331632174305,0.8966634721983971,0
0.08277320772659391,51.07702913064969,0.8676598847941919,0
0.09688487946808667,50.491306537636554,0.8448355798829754,0
0.09370281474676083,49.712097897778115,0.8578331393528268,0
0.09370281474676083,49.712097897778115,0.8578331393528268,0
0.09370281474676083,49.712097897778115,0.8578331393528268,0
0.09370281474676083,49.712097897778115,0.8578331393528268,0
0.09434750400778755,50.02617253665702,0.8531078104522067,0
0.08981555666810019,49.94329007833009,0.852959083519295,0
0.09443109584771298,49.71778946360669,0.8781897850155159,0
0.10034163060413773,50.30282266571652,0.8579697091412177,0
0.10034163060413773,50.30282266571652,0.8579697091412177,0
0.11521653638336268,49.728756018314286,0.848804155774872,0
0.11521653638336268,49.728756018314286,0.848804155774872,0
0.09572615069418344,49.50535731524485,0.8520459919460488,0
0.09430896973874513,49.32247895572109,0.8689374091403784,0
0.09430896973874513,49.32247895572109,0.8689374091403784,0
0.11149134215325894,49.715640789866875,0.8932285462594574,0
0.10538526819026264,49.45354933673937,0.8885209464031976,0
0.10538526819026264,49.45354933673937,0.8885209464031976,0
0.10538526819026264,49.45354933673937,0.8885209464031976,0
0.10392865745828829,49.424530072786474,0.9009937883954305,0
0.07892935021746433,48.88368021394501,0.8997728286812124,0
0.09576683144371417,49.17505343427406,0.9014034342658422,0
0.0954429186758998,49.72714512535891,0.8896012252226935,0
0.0954429186758998,49.72714512535891,0.8896012252226935,0
0.0954429186758998,49.72714512535891,0.8896012252226935,0
0.0900982124587738,49.40000828236674,0.8963804632075157,0
0.0900982124587738,49.40000828236674,0.8963804632075157,0
0.0900982124587738,49.40000828236674,0.8963804632075157,0
0.09562549746777142,49.27967314304888,0.8850404964886909,0
0.09562549746777142,49.27967314304888,0.8850404964886909,0
0.09562549746777142,49.27967314304888,0.8850404964886909,0
0.09562549746777142,49.27967314304888,0.8850404964886909,0
0.09159475885770998,49.17189145571759,0.9064731332864723,0
0.11126344528683665,50.39394160688078,0.8523463826980706,0
0.11028841299766909,50.034468090946,0.847050947279976,0
0.11028841299766909,50.034468090946,0.847050947279976,0
0.11028841299766909,50.034468090946,0.847050947279976,0
0.10386414620058472,49.96579159748624,0.8390950391634645,0
0.10386414620058472,49.96579159748624,0.8390950391634645,0
0.10386414620058472,49.96579159748624,0.8390950391634645,0
0.09300094062176993,50.71244237854911,0.875507691107579,0
0.09051840529544816,50.931928698758206,0.850868746665895,0
0.09051840529544816,50.931928698758206,0.850868746665895,0
0.08586092521139453,50.76934899725633,0.8698623447222221,0
0.08586092521139453,50.76934899725633,0.8698623447222221,0
0.08585079288602837,50.52425094051732,0.862987771291465,0
0.08585079288602837,50.52425094051732,0.862987771291465,0
0.08585079288602837,50.52425094051732,0.862987771291465,0
0.08585079288602837,50.52425094051732,0.862987771291465,0
0.10101104413152362,51.085206475054385,0.8512840897609316,0
0.10560934719617189,49.926492349950635,0.8734871720785852,0
0.10560934719617189,49.926492349950635,0.8734871720785852,0
0.10560934719617189,49.926492349950635,0.8734871720785852,0
0.12346062521583079,50.43051748138093,0.8616092654994705,0
0.12346062521583079,50.43051748138093,0.8616092654994705,0
0.13826292390554387,50.69305350181197,0.8682073231313497,0
0.14486965303556637,50.68531812039357,0.8608230573019735,0
0.15182970090204836,50.613332065783005,0.8448563617271969,0
0.15782796865665488,50.58133923796872,0.854634561962353,0
0.15782796865665488,50.58133923796872,0.854634561962353,0
0.16666581826927448,50.38743389528158,0.8486282024991315,0
0.16312751789360036,50.071155877107934,0.8860728960118606,0
0.16312751789360036,50.071155877107934,0.8860728960118606,0
0.163425025340189,49.93915363097403,0.8627178576598922,0
0.163425025340189,49.93915363097403,0.8627178576598922,0
0.17899397134116332,50.51659628633688,0.8620861626756295,0
0.17899397134116332,50.51659628633688,0.8620861626756295,0
0.16137279121643788,50.19361372038999,0.8329934002250308,0
0.16881687855341504,50.005913638402376,0.8401072678673049,0
0.16158353195809272,50.03849817158449,0.8785252843090253,0
0.15809867117782375,50.23071289039432,0.8472147397596566,0
0.17329973240199245,49.99210957592189,0.8682254127577865,0
0.1794155260522005,50.327615789527385,0.8591766059675322,0
0.19033459040981904,49.94812335753083,0.8747352903680831,0
0.19383016989613963,49.7171268563537,0.875734809862215,0
0.19630573974302756,49.739220773833495,0.8649317387807656,0
0.1957554600791246,49.80622301191745,0.8526045977154634,0
0.1957554600791246,49.80622301191745,0.8526045977154634,0
0.1957554600791246,49.80622301191745,0.8526045977154634,0
0.1819698186431035,49.687920249693285,0.8567177305273613,0
0.17058717880035135,49.88773559277332,0.857005524390406,0
0.17406227189968218,49.62784961739652,0.8846682271876484,0
0.17406227189968218,49.62784961739652,0.8846682271876484,0
0.17078484773301456,49.94400728763029,0.8786847576038566,0
0.17078484773301456,49.94400728763029,0.8786847576038566,0
0.18965825719557403,49.935243163489204,0.8528320615638987,0
0.18546241876906402,49.94095542116986,0.8326912970781964,0
0.2078574475655014,50.18009577153495,0.8324740221442325,0
0.19490777778075707,50.953312719612974,0.8340001583612134,0
0.19201613379665095,51.19389976395024,0.8222859277814297,0
0.19852730429222165,50.47266633852741,0.8440276715664784,0
0.1974831938808649,51.05206676884442,0.840004948009646,0
0.18536001959794535,51.43194525535349,0.8224881489291842,0
0.18537049145877071,51.492557347198165,0.788366210124829,0
0.19332279364520785,51.30338832993621,0.7838715750405626,0
0.19332279364520785,51.30338832993621,0.7838715750405626,0
0.19332279364520785,51.30338832993621,0.7838715750405626,0
0.19332279364520785,51.30338832993621,0.7838715750405626,0
0.19332279364520785,51.30338832993621,0.7838715750405626,0
0.19332279364520785,51.30338832993621,0.7838715750405626,0
0.1830619736358947,51.32300229381709,0.7849286012379416,0
0.18936622651569635,51.02655028665245,0.7986295805109519,0
0.18936622651569635,51.02655028665245,0.7986295805109519,0
0.18936622651569635,51.02655028665245,0.7986295805109519,0
0.17514014053093016,50.9264438818412,0.8195461923461659,0
0.17514014053093016,50.9264438818412,0.8195461923461659,0
0.17514014053093016,50.9264438818412,0.8195461923461659,0
0.17629563576257481,51.02136207901744,0.8483677279109663,0
0.17191768077885616,50.65845373165083,0.8374124553440287,0
0.1699924150836236,50.61297128425517,0.8207985006119933,0
0.16438312507483321,50.792884117398614,0.8235236667370632,0
0.16438312507483321,50.792884117398614,0.8235236667370632,0
0.16438312507483321,50.792884117398614,0.8235236667370632,0
0.17144692653907906,50.69026803142993,0.822696921117785,0
0.17765944264802963,50.33009401275026,0.8188747969221868,0
0.19489034159575472,50.2198567214571,0.8279864056689183,0
0.20946820854286874,50.37000344017769,0.856873279710787,0
0.20946820854286874,50.37000344017769,0.856873279710787,0
0.20946820854286874,50.37000344017769,0.856873279710787,0
0.20946820854286874,50.37000344017769,0.856873279710787,0
0.19363865434564637,51.17481896869351,0.8456838648478089,0
0.18141861047604843,50.63089294996004,0.8537543117968873,0
0.17029529132823487,51.0010351167865,0.8404949908574922,0
0.1581649532697484,50.73713054360655,0.8472291346926184,0
0.1553914206504382,50.754235602772944,0.8611532839293401,0
0.1522904675645439,50.23212459498487,0.8626751735077904,0
0.1522904675645439,50.23212459498487,0.8626751735077904,0
0.15021224567734012,49.85160764317148,0.8768159880097284,0
0.13441505870539588,49.68466323741575,0.8733029319269312,0
0.12834757027892024,49.4841413287062,0.8654369729864883,0
0.12173178143468462,50.22305947871034,0.8752010657811597,0
0.1136606462282714,50.27031522539413,0.8776813721532718,0
0.1136606462282714,50.27031522539413,0.8776813721532718,0
0.1265695607546655,50.36880487769043,0.8724357197329506,0
0.1265695607546655,50.36880487769043,0.8724357197329506,0
0.1265695607546655,50.36880487769043,0.8724357197329506,0
0.11836944872827047,50.9178790037843,0.8465770186529191,0
0.11836944872827047,50.9178790037843,0.8465770186529191,0
0.11411659675628938,50.98842669486537,0.858006003163246,0
0.11411659675628938,50.98842669486537,0.858006003163246,0
0.11411659675628938,50.98842669486537,0.858006003163246,0
0.11411659675628938,50.98842669486537,0.858006003163246,0
0.12472749933231518,50.64418723943247,0.8705208940250379,0
0.12472749933231518,50.64418723943247,0.8705208940250379,0
0.12472749933231518,50.64418723943247,0.8705208940250379,0
0.12472749933231518,50.64418723943247,0.8705208940250379,0
0.13062100434869858,50.477244826435694,0.8522745315339654,0
0.13062100434869858,50.477244826435694,0.8522745315339654,0
0.13937841398630807,50.911278775658616,0.850527106124102,0
0.132447608466426,50.593661760097454,0.8672841731014648,0
0.132447608466426,50.593661760097454,0.8672841731014648,0
0.1357514860229858,51.213515213632014,0.8411056835643951,0
0.13530011221785737,51.12816814052258,0.8487005410769543,0
0.12200559407123329,51.41306711487547,0.8693310165768283,0
0.12200559407123329,51.41306711487547,0.8693310165768283,0
0.12200559407123329,51.41306711487547,0.8693310165768283,0
0.12386642300813627,50.66598946160063,0.8670361024568265,0
0.12581048177754195,50.09368934270722,0.8598333411852862,0
0.12581048177754195,50.09368934270722,0.8598333411852862,0
0.12524539230363904,50.35189648408443,0.8520026925101777,0
0.1172305982962088,49.96647417085553,0.8412392881792096,0
0.1172305982962088,49.96647417085553,0.8412392881792096,0
0.1172305982962088,49.96647417085553,0.8412392881792096,0
0.12144073132081433,49.276483837903676,0.8580930322587549,0
0.12144073132081433,49.276483837903676,0.8580930322587549,0
0.12710474484740678,49.762978556628276,0.8667914258491538,0
0.12710474484740678,49.762978556628276,0.8667914258491538,0
0.14512117089087184,50.18822215822923,0.871031076844586,0
0.14763603620105,50.256840722713044,0.8460063011326862,0
0.1498479010544617,50.04879816207978,0.8527598415067801,0
0.15758481996544937,50.38035435261264,0.8561029072584769,0
0.1439126910524294,51.275715721953226,0.8532650872870541,0
0.1439126910524294,51.275715721953226,0.8532650872870541,0
0.1483566250882061,51.221965644737864,0.8656474469873291,0
0.1464543959049751,51.39101860549103,0.8568242920484201,0
0.14897703854500943,51.49312906830185,0.8688830124735787,0
0.15607840207377485,51.039973321826594,0.857431679441154,0
0.15607840207377485,51.039973321826594,0.857431679441154,0
0.14908923869970814,51.66767717706991,0.8460200254040809,0
0.14908923869970814,51.66767717706991,0.8460200254040809,0
0.15446453698164758,51.70447173257965,0.8355324920653212,0
0.15446453698164758,51.70447173257965,0.8355324920653212,0
0.15486285466387892,51.55441418608714,0.8129682779512062,0
0.15486285466387892,51.55441418608714,0.8129682779512062,0
0.15486285466387892,51.55441418608714,0.8129682779512062,0
0.15610672279440538,51.87978389991576,0.8116573471155469,0
0.1542776148925283,51.4862250823122,0.8139396985383193,0
0.1416508697723451,51.75594434263053,0.7951967144080566,0
0.1416508697723451,51.75594434263053,0.7951967144080566,0
0.1454602192408308,52.34119288934391,0.828528892574355,0
0.1454602192408308,52.34119288934391,0.828528892574355,0
0.1454602192408308,52.34119288934391,0.828528892574355,0
0.15012698722163845,51.684973463243644,0.8370678847901387,0
0.1591915684297621,51.4343133668845,0.8176888256766548,0
0.1544497022712147,50.95140720729241,0.8156645545163365,0
0.15138960104024662,51.78858682738582,0.801276478122597,0
0.1409772086771255,51.824975612356596,0.8249385862935583,0
0.15229078019965867,51.614846663506476,0.8360399806949852,0
0.1565025710363009,51.3448770742101,0.8483589794379467,0
0.1565025710363009,51.3448770742101,0.8483589794379467,0
0.1611048177683638,50.83649728679084,0.8365612406239907,0
0.1611048177683638,50.83649728679084,0.8365612406239907,0
0.15162804773994004,50.612787714696,0.861542283983714,0
0.15162804773994004,50.612787714696,0.861542283983714,0
0.15162804773994004,50.612787714696,0.861542283983714,0
0.14311861550182434,50.5161812043169,0.869314789466603,0
0.14582156496890264,50.4037210605639,0.8644134380347357,0
0.14631094889598376,50.439353418353186,0.8676910534162565,0
0.14075923165248622,50.38005962394077,0.8667959005915407,0
0.14075923165248622,50.38005962394077,0.8667959005915407,0
0.14220209314381077,50.01482649448629,0.8611973440674836,0
0.15849407329189968,50.024257417848766,0.8647327376320016,0
0.1536617662122451,50.01636795766228,0.840427668345947,0
0.1536617662122451,50.01636795766228,0.840427668345947,0
0.16830103025738843,50.431566832216056,0.8668084550642516,0
0.18217824295409768,50.768060544298294,0.8577510813566689,0
0.18217824295409768,50.768060544298294,0.8577510813566689,0
0.18217824295409768,50.768060544298294,0.8577510813566689,0
0.17194874367229054,50.52556150515286,0.8370914968426982,0
0.1596492987897083,50.85909493041533,0.8331589294377179,0
0.1596492987897083,50.85909493041533,0.8331589294377179,0
0.15615835715630913,51.12529558353426,0.8455731862222888,0
0.16986632276394753,51.07286688964275,0.8031004370414302,0
0.16986632276394753,51.07286688964275,0.8031004370414302,0
0.16986632276394753,51.07286688964275,0.8031004370414302,0
0.16524053429107669,51.69060618837482,0.8022821138059624,0
0.1660315324965349,51.470288111181624,0.8115394502510604,0
0.1795247129810416,51.794218519924875,0.8252767894777576,0
0.16572228654792998,51.3561591040753,0.8211770416057751,0
0.16572228654792998,51.3561591040753,0.8211770416057751,0
0.16572228654792998,51.3561591040753,0.8211770416057751,0
0.16572228654792998,51.3561591040753,0.8211770416057751,0
0.16572228654792998,51.3561591040753,0.8211770416057751,0
0.16464107816576076,50.98359369545996,0.8288163022754712,0
0.15121753479109876,50.990944608099674,0.8402646139267351,0
0.1602934904841887,50.60886072915756,0.8406196333708786,0
0.1602934904841887,50.60886072915756,0.8406196333708786,0
0.1602934904841887,50.60886072915756,0.8406196333708786,0
0.16270269760875022,51.01375310929667,0.8223863858475036,0
0.16270269760875022,51.01375310929667,0.8223863858475036,0
0.16270269760875022,51.01375310929667,0.8223863858475036,0
0.16121036675695033,51.28834835641319,0.8263943758571094,0
0.16327726748191057,50.56519467914813,0.8362462068900068,0
0.1616112844054144,51.08932686734353,0.8218574957596689,0
0.1616112844054144,51.08932686734353,0.8218574957596689,0
0.1723996335480138,51.14501939800907,0.8069535463432397,0
0.1637840447392357,50.9329417688936,0.8174513536295795,0
0.15264801642308692,50.87820131409006,0.8392340973078468,0
0.15475912385929821,51.5019144825019,0.8619061444679668,0
0.13139171009572434,50.94902833489425,0.8771728267156566,0
0.11588919589287147,50.785682040600776,0.8839424389894373,0
0.13058490285048657,50.498172192373566,0.8710726848077747,0
0.13006044518553156,50.673628677278614,0.8679877482598528,0
0.12206900685524684,50.733709143968134,0.8768920024647932,0
0.12206900685524684,50.733709143968134,0.8768920024647932,0
0.12583305257011912,50.417513265543455,0.8642765683609687,0
0.1380770173694069,50.73526848780362,0.8438172650365207,0
0.11433925683405263,50.44829840595391,0.8630378185689188,0
0.11433925683405263,50.44829840595391,0.8630378185689188,0
0.11433925683405263,50.44829840595391,0.8630378185689188,0
0.11433925683405263,50.44829840595391,0.8630378185689188,0
0.11433925683405263,50.44829840595391,0.8630378185689188,0
0.11433925683405263,50.44829840595391,0.8630378185689188,0
0.09261727543549675,50.17090206755808,0.8619455209519176,0
0.09261727543549675,50.17090206755808,0.8619455209519176,0
0.08488634048394594,50.65593136266188,0.8376734653891347,0
0.0864693108561251,51.136158901397714,0.8350108279543961,0
0.09438062052810069,51.05004883235066,0.843698678486092,0
0.09438062052810069,51.05004883235066,0.843698678486092,0
0.09913564385961951,50.78758257497332,0.8734931235302995,0
0.09913564385961951,50.78758257497332,0.8734931235302995,0
0.09260371479732799,50.03850988276566,0.904540463663549,0
0.09260371479732799,50.03850988276566,0.904540463663549,0
0.09064467904739823,49.55111867834133,0.8966230957718936,0
0.09064467904739823,49.55111867834133,0.8966230957718936,0
0.09064467904739823,49.55111867834133,0.8966230957718936,0
0.0934015863748187,49.89361771472475,0.8993017906470667,0
0.10093270938359646,49.974977082241146,0.8948939007771444,0
0.11623668739813554,49.73602631235443,0.9027201727856913,0
0.11014110887549919,49.332115119698685,0.8956431323682943,0
0.11014110887549919,49.332115119698685,0.8956431323682943,0
0.11014110887549919,49.332115119698685,0.8956431323682943,0
0.10455959101654201,49.558655157042566,0.8953604271840817,0
0.10263271475567373,49.507537293061496,0.8949119410186861,0
0.10243611288482286,50.05030535965209,0.9137100583355993,0
0.08456992468352609,50.6086216877329,0.9045520324528875,0
0.09172719749427381,50.122355271112696,0.8808505515868224,0
0.09172719749427381,50.122355271112696,0.8808505515868224,0
0.0875259969106721,50.099940828947595,0.8548286616561961,0
0.07669859377171251,49.9022189317906,0.8733346529355877,0
0.07669859377171251,49.9022189317906,0.8733346529355877,0
0.07127674108761912,50.27555708374506,0.8699905161960476,0
0.059620127688561994,51.19946193946986,0.8696447673382278,0
0.05556907597125609,51.789444809198656,0.859147197175387,0
0.05556907597125609,51.789444809198656,0.859147197175387,0
0.06930162738766084,52.1634159236096,0.8538154099026949,0
0.07259480470711518,51.74747244877769,0.8539055112128819,0
0.07567993835324809,50.903989329473426,0.850119104761524,0
0.07567993835324809,50.903989329473426,0.850119104761524,0
0.07567993835324809,50.903989329473426,0.850119104761524,0
0.08230207217231195,50.69887783237866,0.8549122786927031,0
0.08230207217231195,50.69887783237866,0.8549122786927031,0
0.08230207217231195,50.69887783237866,0.8549122786927031,0
0.08230207217231195,50.69887783237866,0.8549122786927031,0
0.08210502361385792,50.665928813474224,0.8675762873868893,0
0.08210502361385792,50.665928813474224,0.8675762873868893,0
0.0844127515634107,50.27134646383802,0.8856052213935965,0
0.0844127515634107,50.27134646383802,0.8856052213935965,0
0.0844127515634107,50.27134646383802,0.8856052213935965,0
0.09675117617206504,50.78938543912542,0.8734924263604299,0
0.09701751797682737,50.14811312427342,0.8693935810331972,0
0.09075561428557012,49.9466701456856,0.8543956804055904,0
0.09075561428557012,49.9466701456856,0.8543956804055904,0
0.0755616207599876,50.068700258676486,0.8644620276866742,0
0.07812710297852925,49.674998062026795,0.8693991062692986,0
0.06674484848102673,50.04596302188126,0.885759661343774,0
0.06674484848102673,50.04596302188126,0.885759661343774,0
0.07327986169641186,49.79050669099792,0.8812800180688586,0
0.0702607295522427,49.83605167439044,0.8730790257215818,0
0.0702607295522427,49.83605167439044,0.8730790257215818,0
0.08057486018164975,50.57506757155392,0.8590631735032029,0
0.08057486018164975,50.57506757155392,0.8590631735032029,0
0.08057486018164975,50.57506757155392,0.8590631735032029,0
0.08057486018164975,50.57506757155392,0.8590631735032029,0
0.08057486018164975,50.57506757155392,0.8590631735032029,0
0.08057486018164975,50.57506757155392,0.8590631735032029,0
0.09564254610283536,50.08638726170745,0.8806318950313765,0
0.09538615280400363,50.36730947082674,0.8686607215732829,0
0.09538615280400363,50.36730947082674,0.8686607215732829,0
0.09311768553701906,50.794430963485986,0.8811066276944504,0
0.08142104157608389,50.45009494332467,0.8848309449416131,0
0.061101709675646855,50.44348315540039,0.8910595324176144,0
0.06635491935617738,50.5553452345635,0.8802264472296365,0
0.046993025753582475,50.62205177534891,0.861164939925037,0
0.041209599504967026,50.86161388433045,0.8895116075937239,0
0.046750247869425735,50.13937421375401,0.8944220792136246,0
0.04615118849265411,50.753988004067104,0.8836129096930495,0
0.04615118849265411,50.753988004067104,0.8836129096930495,0
0.07166752122555534,50.21469162239874,0.882318908062059,0
0.07513440278581147,50.348500376914295,0.878524033981931,0
0.07513440278581147,50.348500376914295,0.878524033981931,0
0.07293449360867771,50.64696587332584,0.8718309768282989,0
0.07293449360867771,50.64696587332584,0.8718309768282989,0
0.06886441706548341,51.23272812791823,0.8478969744766086,0
0.059880012397942585,51.953993324924134,0.8305088055795152,0
0.059880012397942585,51.953993324924134,0.8305088055795152,0
0.06847765304590338,51.3236963155242,0.8383493378007135,0
0.06962114414410935,51.51226255767972,0.8477810339576313,0
0.06028443629993033,51.02449846817235,0.8620795766396393,0
0.06028443629993033,51.02449846817235,0.8620795766396393,0
0.06495579507898286,51.72090939283083,0.8624148257848783,0
0.06495579507898286,51.72090939283083,0.8624148257848783,0
0.06495579507898286,51.72090939283083,0.8624148257848783,0
0.06495579507898286,51.72090939283083,0.8624148257848783,0
0.07687250943522923,51.12731069334715,0.8361748254933224,0
0.08943669857380558,51.26430492978365,0.8316447205737266,0
0.0655762838501649,51.16902377255515,0.8165837857898621,0
0.07552659163400496,51.457363889620105,0.8244929587658449,0
0.060553124146802285,51.752685429618545,0.8370809176763127,0
0.060553124146802285,51.752685429618545,0.8370809176763127,0
0.05313045777522584,51.83893902381108,0.8373489548406734,0
0.05313045777522584,51.83893902381108,0.8373489548406734,0
0.04952718190096597,51.224643915855154,0.836377525064688,0
0.041662030760975174,51.66152704288325,0.8351875144989532,0
0.052288504401293213,51.564002117281035,0.8347036167343261,0
0.046660680354476104,51.56047884701329,0.848948242856967,0
0.04254733803177312,51.81968482828063,0.8326933036360522,0
0.03674827975865385,52.24552476489515,0.8339128344847255,0
0.03674827975865385,52.24552476489515,0.8339128344847255,0
0.03674827975865385,52.24552476489515,0.8339128344847255,0
0.03287865378559953,51.94690593273198,0.8669202178411064,0
0.03287865378559953,51.94690593273198,0.8669202178411064,0
0.03287865378559953,51.94690593273198,0.8669202178411064,0
0.03287865378559953,51.94690593273198,0.8669202178411064,0
0.021594297422552325,50.67869093025798,0.8788279549206824,0
0.021594297422552325,50.67869093025798,0.8788279549206824,0
0.016814708296876663,50.34252813018407,0.881184676431035,0
0.016814708296876663,50.34252813018407,0.881184676431035,0
0.016814708296876663,50.34252813018407,0.881184676431035,0
0.016814708296876663,50.34252813018407,0.881184676431035,0
0.00043851526743468247,50.79161402543772,0.8666123891802493,0
0.00043851526743468247,50.79161402543772,0.8666123891802493,0
0.0063707090744757845,51.17585589410802,0.8648175664056628,0
0.0063707090744757845,51.17585589410802,0.8648175664056628,0
0.0063707090744757845,51.17585589410802,0.8648175664056628,0
0.019148372710392384,50.46193907765136,0.8976982927129605,0
0.022323554495421366,50.264417020386226,0.8643568344624939,0
0.020927455510763568,50.43178947383262,0.8778813433905458,0
0.020927455510763568,50.43178947383262,0.8778813433905458,0
0.010002095673042413,51.14531420295223,0.8591996086421939,0
0.016254178269041453,50.73521697966179,0.891043911357375,0
0.02086268673203815,50.60141347565223,0.9042183170977168,0
0.02086268673203815,50.60141347565223,0.9042183170977168,0
0.02575383009446865,50.06712243931104,0.9084945111904634,0
0.02582748947297238,49.64052635117262,0.915654559874346,0
0.025101619999900213,49.60623761664328,0.9138543546958736,0
0.02142462378743694,49.676154664150765,0.900976070448598,0
0.02142462378743694,49.676154664150765,0.900976070448598,0
0.02142462378743694,49.676154664150765,0.900976070448598,0
0.02142462378743694,49.676154664150765,0.900976070448598,0
0.02142462378743694,49.676154664150765,0.900976070448598,0
0.02142462378743694,49.676154664150765,0.900976070448598,0
0.02142462378743694,49.676154664150765,0.900976070448598,0
0.02142462378743694,49.676154664150765,0.900976070448598,0
0.02142462378743694,49.676154664150765,0.900976070448598,0
0.02142462378743694,49.676154664150765,0.900976070448598,0
0.02357322267638486,49.74213331481538,0.911513402162596,0
0.02357322267638486,49.74213331481538,0.911513402162596,0
0.022260487925520996,49.05021006789259,0.9170474425146937,0
0.022260487925520996,49.05021006789259,0.9170474425146937,0
0.022260487925520996,49.05021006789259,0.9170474425146937,0
0.03326906765933389,49.551708518117955,0.9245338070620958,0
0.03542011000354853,49.829405971839115,0.9182207328852835,0
0.03542011000354853,49.829405971839115,0.9182207328852835,0
0.049219238010519265,49.62535159100018,0.8991452520979818,0
0.049219238010519265,49.62535159100018,0.8991452520979818,0
0.05347587613688691,49.08271256116922,0.9118264992195624,0
0.06978633157596643,49.436974588224125,0.88418606822714,0
0.07175963288542665,50.50681546025298,0.8668138364182942,0
0.07175963288542665,50.50681546025298,0.8668138364182942,0
0.07175963288542665,50.50681546025298,0.8668138364182942,0
0.06979195299725129,50.47399218782319,0.8875336258860127,0
0.06979195299725129,50.47399218782319,0.8875336258860127,0
0.08012711791295128,50.814216589668156,0.9013592678644711,0
0.06714848820302968,50.49547586500958,0.897085063185525,0
0.06714848820302968,50.49547586500958,0.897085063185525,0
0.06714848820302968,50.49547586500958,0.897085063185525,0
0.06714848820302968,50.49547586500958,0.897085063185525,0
0.05890294178170065,50.44024885935573,0.9117752814116973,0
0.05058152276196128,50.80383348419587,0.902408833945414,0
0.05600206926744825,50.24807565670857,0.875362173560686,0
0.06355476084315223,50.37433561186718,0.8938112882254101,0
0.055603707818354775,51.05469505563764,0.8633521129455207,0
0.055603707818354775,51.05469505563764,0.8633521129455207,0
0.055603707818354775,51.05469505563764,0.8633521129455207,0
0.06205105073344524,51.37936961274971,0.8423606164148216,0
0.06205105073344524,51.37936961274971,0.8423606164148216,0
0.06205105073344524,51.37936961274971,0.8423606164148216,0
0.06166122305116994,51.25749463928207,0.8512383490211561,0
0.06800501959612745,51.45362317781765,0.8476994713967294,0
0.06800501959612745,51.45362317781765,0.8476994713967294,0
0.05057202281905384,51.47130848499137,0.8437318725447575,0
0.06641802471708913,50.893231425220314,0.8578597315784041,0
0.08828510632640786,51.43186537707866,0.8572289559364488,0
0.07466448456056331,51.226089529599896,0.8434889412581706,0
0.06746901547098198,51.06293280186427,0.8414439994004569,0
0.06746901547098198,51.06293280186427,0.8414439994004569,0
0.06746901547098198,51.06293280186427,0.8414439994004569,0
0.06746901547098198,51.06293280186427,0.8414439994004569,0
0.05677017633516941,51.393318905072235,0.8454450099817356,0
0.06277828182546712,52.2467478671559,0.8566777874245562,0
0.07383820457674672,51.93119814213384,0.8599489476524617,0
0.06090736849658882,51.41455752846546,0.8609766810611854,0
0.06458823558239754,50.563362217119945,0.8709224284211987,0
0.05639394581641456,51.20320622495553,0.8638831398447085,0
0.05639394581641456,51.20320622495553,0.8638831398447085,0
0.05639394581641456,51.20320622495553,0.8638831398447085,0
0.06047746161083093,50.65337087095112,0.8418829367697194,0
0.06047746161083093,50.65337087095112,0.8418829367697194,0
0.07824065459123673,51.106376084736425,0.8334660398496139,0
0.08400260148467166,50.42828299177101,0.820013116825824,0
0.08852490897613079,50.379553429014294,0.8249733870401085,0
0.08852490897613079,50.379553429014294,0.8249733870401085,0
0.09084428406241667,50.58496122361402,0.8289405703864852,0
0.09084428406241667,50.58496122361402,0.8289405703864852,0
0.09236843867800422,50.379127017375524,0.8334273794953406,0
0.08293432199051201,49.810716306118806,0.8596062426260699,0
0.0848002634355923,49.47598769951353,0.8562703333042124,0
0.09791696320376064,49.37486765479,0.8593776482265243,0
0.09791696320376064,49.37486765479,0.8593776482265243,0
0.08237617499355443,49.50121589917881,0.8584624069276615,0
0.08367583791471439,49.51903075592409,0.8636458043866632,0
0.08367583791471439,49.51903075592409,0.8636458043866632,0
0.08367583791471439,49.51903075592409,0.8636458043866632,0
0.09498521587726463,49.365494726497836,0.8437875569087175,0
0.10210481759069867,49.56890865391242,0.8518525843206951,0
0.0999613737227274,49.382007344505936,0.8482554394348295,0
0.0999613737227274,49.382007344505936,0.8482554394348295,0
0.10465059024113793,49.28602447327469,0.8795712104196092,0
0.10046984395132648,49.37533039372209,0.8917030735707977,0
0.09173025545009766,49.33890186600861,0.8863713758783349,0
0.08733302543526526,49.89490916507701,0.8744003611831282,0
0.08733302543526526,49.89490916507701,0.8744003611831282,0
0.07319789333768832,50.20895507915959,0.8642565283205113,0
0.07319789333768832,50.20895507915959,0.8642565283205113,0
0.06512823905746211,49.90537153608758,0.8733489487918611,0
0.040786446073377045,50.913074717978965,0.8839200184628278,0
0.03935104160675688,49.985397963702844,0.8974144596878325,0
0.033699161324448015,50.257363810794516,0.8930384382825779,0
0.033699161324448015,50.257363810794516,0.8930384382825779,0
0.033699161324448015,50.257363810794516,0.8930384382825779,0
0.032853677742111606,50.84063716366812,0.8911149083170553,0
0.032853677742111606,50.84063716366812,0.8911149083170553,0
0.026991670976321866,49.93006437122437,0.9100165253694148,0
0.02985997967778863,49.50821769733452,0.8814824564694252,0
0.03224353061057435,49.341318004678506,0.8982462385779326,0
0.03224353061057435,49.341318004678506,0.8982462385779326,0
0.050225454710359475,50.383117126728344,0.9001007626824117,0
0.0472409654554584,50.81990422797153,0.8898129822859707,0
0.0496173041258753,50.813526202730905,0.8784367288843136,0
0.04435537666595658,50.96018663857366,0.8588989661565647,0
0.04887267012219174,50.72439715874907,0.8614463122495293,0
0.04887267012219174,50.72439715874907,0.8614463122495293,0
0.04914955633295247,51.6860624983523,0.8222472705843314,0
0.04914955633295247,51.6860624983523,0.8222472705843314,0
0.05099464187018027,52.46894773607951,0.831216746785796,0
0.06427237082532246,52.28894355742455,0.8164062385607901,0
0.052681339891646445,52.5306994055296,0.8086886763056852,0
0.05766792398785646,51.958841516542456,0.8240987205828011,0
0.05288455010294285,52.53838973858955,0.8162439690182097,0
0.05468017384067191,52.9103406754468,0.8184429068611623,0
0.06476810923309323,52.866499214217846,0.8342332284082585,0
0.057035144422979814,52.4091015116302,0.8473403304372387,0
0.057035144422979814,52.4091015116302,0.8473403304372387,0
0.061268189265070834,52.55308900848727,0.8398601064624331,0
0.07319671641459793,52.52598127915561,0.8504835953361103,0
0.07319671641459793,52.52598127915561,0.8504835953361103,0
0.07534125729395827,52.17504602738013,0.8470241644108112,0
0.07534125729395827,52.17504602738013,0.8470241644108112,0
0.08511108460074458,52.13065918769135,0.8272843372972605,0
0.08511108460074458,52.13065918769135,0.8272843372972605,0
0.08511108460074458,52.13065918769135,0.8272843372972605,0
0.08511108460074458,52.13065918769135,0.8272843372972605,0
0.09015921890478543,51.99152916850756,0.8338842443772396,0
0.09015921890478543,51.99152916850756,0.8338842443772396,0
0.09015921890478543,51.99152916850756,0.8338842443772396,0
0.0973087378151854,52.29449542233096,0.8181170849597742,0
0.0973087378151854,52.29449542233096,0.8181170849597742,0
0.0973087378151854,52.29449542233096,0.8181170849597742,0
0.0973087378151854,52.29449542233096,0.8181170849597742,0
0.09504538348486405,52.34243690196849,0.8220021280228497,0
0.09589321634887216,52.981066680574514,0.81964901484712,0
0.0892013865184861,52.072523166014435,0.8251646430856369,0
0.10974138940320452,52.30164090465737,0.8388995901688705,0
0.10974138940320452,52.30164090465737,0.8388995901688705,0
0.11779383570048474,52.31921619435262,0.843093968454217,0
0.10331216048745817,51.75581701547265,0.8440899691446557,0
0.1003922378731914,51.02109616311281,0.843343501563661,0
0.1003922378731914,51.02109616311281,0.843343501563661,0
0.1003922378731914,51.02109616311281,0.843343501563661,0
0.10042509571768232,51.06915975780896,0.8514278042840405,0
0.09503536063489137,50.6101978552628,0.8512814816301416,0
0.11054607468144832,50.4480842303002,0.8502177785958001,0
0.10859847241414146,50.726162662899746,0.8631439672635272,0
0.1159124888513236,50.87090629560537,0.8670207831517374,0
0.1159124888513236,50.87090629560537,0.8670207831517374,0
0.11895166907356997,51.298821194658366,0.8496372649771243,0
0.11895166907356997,51.298821194658366,0.8496372649771243,0
0.11895166907356997,51.298821194658366,0.8496372649771243,0
0.12102024224632789,51.421911335821086,0.8435274472239264,0
0.1345980177493679,50.904410220750655,0.8364784361795177,0
0.13330253137152462,50.65771748648405,0.8566692792569057,0
0.1443370634186497,50.43289644114798,0.8609166098166646,0
0.13538225431386272,50.49497905721467,0.8615447455682615,0
0.13538225431386272,50.49497905721467,0.8615447455682615,0
0.13538225431386272,50.49497905721467,0.8615447455682615,0
0.13538225431386272,50.49497905721467,0.8615447455682615,0
0.13538225431386272,50.49497905721467,0.8615447455682615,0
0.13538225431386272,50.49497905721467,0.8615447455682615,0
0.13538225431386272,50.49497905721467,0.8615447455682615,0
0.13616546123125203,50.39356507538467,0.8587153236958639,0
0.1363895336411429,50.66363055886379,0.8617019442179116,0
0.1404070164391907,51.07669233069017,0.850581426403459,0
0.1404070164391907,51.07669233069017,0.850581426403459,0
0.1404070164391907,51.07669233069017,0.850581426403459,0
0.13539860487390537,50.891317960720215,0.8524934825613381,0
0.13539860487390537,50.891317960720215,0.8524934825613381,0
0.13539860487390537,50.891317960720215,0.8524934825613381,0
0.14356089569064492,50.34053357049781,0.8678403294152601,0
0.14356089569064492,50.34053357049781,0.8678403294152601,0
0.15852577716742872,49.96616721358991,0.88879735150622,0
0.15852577716742872,49.96616721358991,0.88879735150622,0
0.15852577716742872,49.96616721358991,0.88879735150622,0
0.1401734564029784,50.215826997766804,0.882173743625177,0
0.13886242784342545,50.49391587563231,0.873045895028665,0
0.13886242784342545,50.49391587563231,0.873045895028665,0
0.12650569203527584,49.89597663506175,0.875830493461857,0
0.12650569203527584,49.89597663506175,0.875830493461857,0
0.1228243266963373,50.042806280637606,0.879592926345767,0
0.1228243266963373,50.042806280637606,0.879592926345767,0
0.12800336857811864,49.8375779851181,0.8803169791309635,0
0.12800336857811864,49.8375779851181,0.8803169791309635,0
0.12800336857811864,49.8375779851181,0.8803169791309635,0
0.12800336857811864,49.8375779851181,0.8803169791309635,0
0.12774067428139896,50.9777861410797,0.8849660080353616,0
0.12211995553029777,50.79141279092578,0.8968085510584292,0
0.1191401967022038,50.71089265052774,0.8878461349053183,0
0.1191401967022038,50.71089265052774,0.8878461349053183,0
0.1311654723786828,50.028894107539216,0.8600784488855211,0
0.11902745551777068,50.03349995385526,0.8841260112170762,0
0.1142605214681263,49.92549097620059,0.8955825736848293,0
0.1142605214681263,49.92549097620059,0.8955825736848293,0
0.1142605214681263,49.92549097620059,0.8955825736848293,0
0.1142605214681263,49.92549097620059,0.8955825736848293,0
0.13715552762158387,50.11912900433286,0.8891048331904174,0
0.13715552762158387,50.11912900433286,0.8891048331904174,0
0.1403402617493278,49.5261938892104,0.9024315211052422,0
0.1498957260048556,49.6666985169538,0.8995045266284327,0
0.1498957260048556,49.6666985169538,0.8995045266284327,0
0.1498957260048556,49.6666985169538,0.8995045266284327,0
0.13462976867120843,49.01589984139851,0.8838848876054013,0
0.1487100759702646,49.19975145598836,0.8832856666374188,0
0.1487100759702646,49.19975145598836,0.8832856666374188,0
0.14172363401153376,49.63165046319458,0.8736876184839196,0
0.14227602660442243,50.23899238764105,0.8667685858805887,0
0.14227602660442243,50.23899238764105,0.8667685858805887,0
0.13542353767057555,50.94232949212154,0.8722411313712809,0
0.1367398307848673,50.68959200112329,0.8722074751613814,0
0.1367398307848673,50.68959200112329,0.8722074751613814,0
0.11994559343497445,49.82623292496307,0.8845668903124603,0
0.10843055032124001,49.976275812882356,0.8872983806622885,0
0.10778346437214223,50.19547841457354,0.890464451404099,0
0.10778346437214223,50.19547841457354,0.890464451404099,0
0.09415195923628966,50.02061576491715,0.8591421551299391,0
0.1093508099873905,50.52704386899143,0.8661539128672026,0
0.1093508099873905,50.52704386899143,0.8661539128672026,0
0.1093508099873905,50.52704386899143,0.8661539128672026,0
0.1093508099873905,50.52704386899143,0.8661539128672026,0
0.10185685217824283,50.39535553126744,0.8731725743962965,0
0.10185685217824283,50.39535553126744,0.8731725743962965,0
0.11944569299336037,50.17082471864514,0.8714039368674509,0
0.11944569299336037,50.17082471864514,0.8714039368674509,0
0.11667499992297498,50.120612864736216,0.8866332651712306,0
0.11871667859750021,50.47036776796559,0.8509877836230858,0
0.11871667859750021,50.47036776796559,0.8509877836230858,0
0.11871667859750021,50.47036776796559,0.8509877836230858,0
0.11457964879729197,49.718065153633624,0.8615040876061828,0
0.10421723907146073,49.43045601842323,0.8775485354492856,0
0.11717192274159224,49.98184714208701,0.8744830596400409,0
0.11717192274159224,49.98184714208701,0.8744830596400409,0
0.11717192274159224,49.98184714208701,0.8744830596400409,0
0.11717192274159224,49.98184714208701,0.8744830596400409,0
0.11717192274159224,49.98184714208701,0.8744830596400409,0
0.11717192274159224,49.98184714208701,0.8744830596400409,0
0.12610825818768664,49.721396361255394,0.8642242373402453,0
0.14073343151388643,48.78293837319503,0.8752198425598892,0
0.14073343151388643,48.78293837319503,0.8752198425598892,0
0.14073343151388643,48.78293837319503,0.8752198425598892,0
0.1564652218026194,49.02957998989209,0.9111111031275303,0
0.1564652218026194,49.02957998989209,0.9111111031275303,0
0.15468230158272817,49.38960369514075,0.8863565869615847,0
0.15468230158272817,49.38960369514075,0.8863565869615847,0
0.16768208511150387,49.33439274488654,0.8691031805874435,0
0.16768208511150387,49.33439274488654,0.8691031805874435,0
0.16768208511150387,49.33439274488654,0.8691031805874435,0
0.16768208511150387,49.33439274488654,0.8691031805874435,0
0.1728223371611179,49.865304920895404,0.8659238184228591,0
0.178524062202203,50.13419900433195,0.8616152812340097,0
0.1675770073733405,50.41664470777427,0.8738771950495113,0
0.1675770073733405,50.41664470777427,0.8738771950495113,0
0.16274963293010708,50.26932678917741,0.8600720514817037,0
0.17163807071865136,49.5602694223874,0.8402023327855753,0
0.17163807071865136,49.5602694223874,0.8402023327855753,0
0.17163807071865136,49.5602694223874,0.8402023327855753,0
0.18286231481164958,50.3559004072875,0.8227857874983503,0
0.18286231481164958,50.3559004072875,0.8227857874983503,0
0.1943856850608926,51.00505164025739,0.8418702606070182,0
0.1943856850608926,51.00505164025739,0.8418702606070182,0
0.1943856850608926,51.00505164025739,0.8418702606070182,0
0.1943856850608926,51.00505164025739,0.8418702606070182,0
0.2132412540965337,51.507160624751336,0.8351627115735488,0
0.21683612804366545,50.94234992688117,0.8416162403042882,0
0.2035288036750578,50.90708281845859,0.818244810307151,0
0.21998602981123988,50.93669576560087,0.8223929400151744,0
0.19987223120042666,50.638194886340344,0.8316171823892613,0
0.19987223120042666,50.638194886340344,0.8316171823892613,0
0.19987223120042666,50.638194886340344,0.8316171823892613,0
0.19987223120042666,50.638194886340344,0.8316171823892613,0
0.2141301859361992,50.64180111775716,0.8495435187127898,0
0.19811029080413597,51.360422346679776,0.8515678260279348,0
0.186928762523066,51.410813211154895,0.8286490746611329,0
0.186928762523066,51.410813211154895,0.8286490746611329,0
0.1615921792181194,50.56858115388373,0.8597463112816757,0
0.1615921792181194,50.56858115388373,0.8597463112816757,0
0.15959631000648103,50.36624771905071,0.8611787318518893,0
0.15959631000648103,50.36624771905071,0.8611787318518893,0
0.15959631000648103,50.36624771905071,0.8611787318518893,0
0.16484788290678373,50.00475704575018,0.8690877971178205,0
0.16484788290678373,50.00475704575018,0.8690877971178205,0
0.17249074483048388,50.886437454615205,0.8403484111684362,0
0.17249074483048388,50.886437454615205,0.8403484111684362,0
0.17249074483048388,50.886437454615205,0.8403484111684362,0
0.17249074483048388,50.886437454615205,0.8403484111684362,0
0.17249074483048388,50.886437454615205,0.8403484111684362,0
0.1771662427502381,51.112448272507315,0.8310850470779371,0
0.16981176955783917,51.05273273855823,0.8438683003957335,0
0.16981176955783917,51.05273273855823,0.8438683003957335,0
0.16981176955783917,51.05273273855823,0.8438683003957335,0
0.15312740963555374,50.59914118075769,0.8603311197830795,0
0.15312740963555374,50.59914118075769,0.8603311197830795,0
0.15312740963555374,50.59914118075769,0.8603311197830795,0
0.14629899689089854,50.23030209186544,0.8549110240853116,0
0.1650403158895091,50.03320952030693,0.8617940284091488,0
0.1650403158895091,50.03320952030693,0.8617940284091488,0
0.1650403158895091,50.03320952030693,0.8617940284091488,0
0.1513714087960056,49.90107097324016,0.8833094182832918,0
0.1513714087960056,49.90107097324016,0.8833094182832918,0
0.15296056165436286,49.48729646753901,0.8917190585380118,0
0.13928896464937834,49.574871176231895,0.8893675933780935,0
0.13928896464937834,49.574871176231895,0.8893675933780935,0
0.13928896464937834,49.574871176231895,0.8893675933780935,0
0.1434256321743541,49.539800700363315,0.8729366645882247,0
0.1434256321743541,49.539800700363315,0.8729366645882247,0
0.1331272707108643,49.744429074669746,0.8617962126868639,0
0.13279918761306433,50.04200807787817,0.8808521531491702,0
0.13279918761306433,50.04200807787817,0.8808521531491702,0
0.12258665177823827,49.95297477955807,0.8731344711819407,0
0.12258665177823827,49.95297477955807,0.8731344711819407,0
0.12258665177823827,49.95297477955807,0.8731344711819407,0
0.12258665177823827,49.95297477955807,0.8731344711819407,0
0.12506450236670708,50.00087853513602,0.8695317785795893,0
0.1142379851254795,50.21222268079045,0.8789488684678598,0
0.1142379851254795,50.21222268079045,0.8789488684678598,0
0.1142379851254795,50.21222268079045,0.8789488684678598,0
0.1142379851254795,50.21222268079045,0.8789488684678598,0
0.1142379851254795,50.21222268079045,0.8789488684678598,0
0.11284541200357454,50.3139841721787,0.8687967766863476,0
0.1364234092373217,50.430816043881364,0.8675605328682866,0
0.13277127388893337,50.93452984919003,0.834205884956627,0
0.13277127388893337,50.93452984919003,0.834205884956627,0
0.13277127388893337,50.93452984919003,0.834205884956627,0
0.13277127388893337,50.93452984919003,0.834205884956627,0
0.13277127388893337,50.93452984919003,0.834205884956627,0
0.13277127388893337,50.93452984919003,0.834205884956627,0
0.12967811786838826,51.83626451316793,0.8248721140020973,0
0.12967811786838826,51.83626451316793,0.8248721140020973,0
0.12921925692703368,51.50572584824248,0.8421430241567206,0
0.12921925692703368,51.50572584824248,0.8421430241567206,0
0.1421055637437921,51.58063969751032,0.8320690022144444,0
0.14177043583718896,51.68484862844221,0.8136659151870138,0
0.14177043583718896,51.68484862844221,0.8136659151870138,0
0.13756888670968376,51.901086081176416,0.816080122270573,0
0.13756888670968376,51.901086081176416,0.816080122270573,0
0.14473353875278785,51.81859020610883,0.8195331479677082,0
0.14473353875278785,51.81859020610883,0.8195331479677082,0
0.14450180431042675,51.57505918719328,0.8148824839787736,0
0.14450180431042675,51.57505918719328,0.8148824839787736,0
0.15079962255327956,51.911723770222025,0.7963792695298292,0
0.15079962255327956,51.911723770222025,0.7963792695298292,0
0.15652613964318363,51.93258557685731,0.8247047419418091,0
0.15652613964318363,51.93258557685731,0.8247047419418091,0
0.15593701184821054,51.36535611273431,0.8239296286609115,0
0.15593701184821054,51.36535611273431,0.8239296286609115,0
0.15276364070053886,51.917188548111696,0.8203221836103454,0
0.135886535182105,51.83113383238751,0.7949380921830929,0
0.14116110827357486,50.94229880180581,0.8231819597497511,0
0.14116110827357486,50.94229880180581,0.8231819597497511,0
0.14116110827357486,50.94229880180581,0.8231819597497511,0
0.12480783695808348,50.382205759155276,0.8301725051019453,0
0.12480783695808348,50.382205759155276,0.8301725051019453,0
0.1153773850106742,50.574859594511736,0.8288522679370406,0
0.10908619306922021,50.59585913808378,0.8262616602182927,0
0.10908619306922021,50.59585913808378,0.8262616602182927,0
0.09888290439277952,50.47550921603248,0.8409421911017363,0
0.09888290439277952,50.47550921603248,0.8409421911017363,0
0.09888290439277952,50.47550921603248,0.8409421911017363,0
0.09888290439277952,50.47550921603248,0.8409421911017363,0
0.09888290439277952,50.47550921603248,0.8409421911017363,0
0.09888290439277952,50.47550921603248,0.8409421911017363,0
0.09888290439277952,50.47550921603248,0.8409421911017363,0
0.09888290439277952,50.47550921603248,0.8409421911017363,0
0.09227703574101064,50.24022297302702,0.8378511532779978,0
0.09227703574101064,50.24022297302702,0.8378511532779978,0
0.09642943496662684,50.04886685671554,0.8407683618944919,0
0.09642943496662684,50.04886685671554,0.8407683618944919,0
0.09642943496662684,50.04886685671554,0.8407683618944919,0
0.09642943496662684,50.04886685671554,0.8407683618944919,0
0.10979396188345814,49.707968261029116,0.8663473552872012,0
0.11720986188188358,49.613228195536074,0.8611384296117904,0
0.12598442010341998,49.81187547833358,0.8476022635758165,0
0.14579705465063922,49.93748237698168,0.8649887721134688,0
0.15119590452313153,50.07416124898053,0.8671627501137702,0
0.16016981077638132,50.43348236663587,0.8724406196740012,0
0.16402539883186604,50.39997839840183,0.8662755014470997,0
0.16402539883186604,50.39997839840183,0.8662755014470997,0
0.16402539883186604,50.39997839840183,0.8662755014470997,0
0.16385026146035003,49.97636991958615,0.8839566284659057,0
0.16385026146035003,49.97636991958615,0.8839566284659057,0
0.1481651830799741,50.73550437596887,0.8533605586560058,0
0.13778831620326712,50.94231431870618,0.8416332796547656,0
0.1581879578039867,50.44149741712639,0.8377081235048347,0
0.1652910493236525,50.67267364746192,0.8211721027502146,0
0.1652910493236525,50.67267364746192,0.8211721027502146,0
0.1652910493236525,50.67267364746192,0.8211721027502146,0
0.1652910493236525,50.67267364746192,0.8211721027502146,0
0.15348736734186902,50.18319113308005,0.8350831511760988,0
0.14454921240734986,49.98670670102142,0.8549399287500247,0
0.14454921240734986,49.98670670102142,0.8549399287500247,0
0.13176511300695362,50.640132312857595,0.8655511912126577,0
0.13176511300695362,50.640132312857595,0.8655511912126577,0
0.13176511300695362,50.640132312857595,0.8655511912126577,0
0.14485991641162085,50.97581080033166,0.8570980098025139,0
0.14485991641162085,50.97581080033166,0.8570980098025139,0
0.14613064303591594,51.84594401401209,0.8284230031257782,0
0.14613064303591594,51.84594401401209,0.8284230031257782,0
0.15266721049177234,51.32679753883883,0.8317963564498723,0
0.16400938079343083,50.990789074555764,0.8264342825893845,0
0.16400938079343083,50.990789074555764,0.8264342825893845,0
0.15789250043161368,50.969472376727545,0.8290352976332572,0
0.15789250043161368,50.969472376727545,0.8290352976332572,0
0.16159445500211572,50.385151499945344,0.843615642690508,0
0.16159445500211572,50.385151499945344,0.843615642690508,0
0.16159445500211572,50.385151499945344,0.843615642690508,0
0.16159445500211572,50.385151499945344,0.843615642690508,0
0.16149130840931422,50.851860902036925,0.8379150244394963,0
0.15969463352650776,50.83554739078247,0.8600458108113452,0
0.1491212950917411,51.64680445982568,0.8541895008316189,0
0.12082624206925074,51.96400425540635,0.8562097536248566,0
0.11679799535814256,51.67639533533996,0.848818145088248,0
0.11679799535814256,51.67639533533996,0.848818145088248,0
0.11600825354796779,51.424282126278136,0.8527864565863953,0
0.10241438936302918,51.54064128081776,0.8219428144758678,0
0.08222747529586294,51.45308280448201,0.8541354885220497,0
0.08222747529586294,51.45308280448201,0.8541354885220497,0
0.07457535484998272,51.13929850311409,0.8541486526865099,0
0.06824640839737348,50.86025500320738,0.8738537308716997,0
0.051777483576886836,50.45117024425727,0.8645736431334319,0
0.051777483576886836,50.45117024425727,0.8645736431334319,0
0.047620196433466544,50.74545525207613,0.8509293087543347,0
0.047620196433466544,50.74545525207613,0.8509293087543347,0
0.047620196433466544,50.74545525207613,0.8509293087543347,0
0.02670936800210026,50.13999633447631,0.8636394281173947,0
0.02670936800210026,50.13999633447631,0.8636394281173947,0
0.03626785382823232,50.47637771855962,0.8764844711191606,0
0.03626785382823232,50.47637771855962,0.8764844711191606,0
0.03626785382823232,50.47637771855962,0.8764844711191606,0
0.03728098576544558,51.012304082887056,0.8752955918200628,0
0.042373635694694635,50.680979307857164,0.8611714656702584,0
0.042373635694694635,50.680979307857164,0.8611714656702584,0
0.042373635694694635,50.680979307857164,0.8611714656702584,0
0.041950106313123486,51.00942106347736,0.8778954279838758,0
0.041950106313123486,51.00942106347736,0.8778954279838758,0
0.041950106313123486,51.00942106347736,0.8778954279838758,0
0.041950106313123486,51.00942106347736,0.8778954279838758,0
0.041950106313123486,51.00942106347736,0.8778954279838758,0
0.02810027509986602,51.1634693307344,0.8668453608464494,0
0.03021537523419073,51.19072592388923,0.8762800326234521,0
0.039565577141516574,49.829148767451706,0.880079904126609,0
0.039565577141516574,49.829148767451706,0.880079904126609,0
0.039594202900787204,50.09385658906558,0.8800160184687876,0
0.039594202900787204,50.09385658906558,0.8800160184687876,0
0.039594202900787204,50.09385658906558,0.8800160184687876,0
0.039594202900787204,50.09385658906558,0.8800160184687876,0
0.039594202900787204,50.09385658906558,0.8800160184687876,0
0.039594202900787204,50.09385658906558,0.8800160184687876,0
0.034950846139980854,50.51810251360388,0.8732702783119485,0
0.0473486292260512,50.498425483448784,0.8759051555187004,0
0.04212351963797059,50.22487050187496,0.881328481455436,0
0.04212351963797059,50.22487050187496,0.881328481455436,0
0.04212351963797059,50.22487050187496,0.881328481455436,0
0.04212351963797059,50.22487050187496,0.881328481455436,0
0.05581977832831664,50.14115843846449,0.8795148645632788,0
0.05581977832831664,50.14115843846449,0.8795148645632788,0
0.05581977832831664,50.14115843846449,0.8795148645632788,0
0.05581977832831664,50.14115843846449,0.8795148645632788,0
0.05581977832831664,50.14115843846449,0.8795148645632788,0
0.05581977832831664,50.14115843846449,0.8795148645632788,0
0.05549516763744683,50.41237960739445,0.8847401523138626,0
0.05342645690650292,50.061585353616955,0.878038729914612,0
0.03659500712702069,50.48255951988327,0.8533354504711024,0
0.03659500712702069,50.48255951988327,0.8533354504711024,0
0.04119245412150891,50.50856757451443,0.8802169496245733,0
0.04119245412150891,50.50856757451443,0.8802169496245733,0
0.04119245412150891,50.50856757451443,0.8802169496245733,0
0.04119245412150891,50.50856757451443,0.8802169496245733,0
0.04119245412150891,50.50856757451443,0.8802169496245733,0
0.03623908243132196,50.26133629586142,0.8995976672116464,0
0.04750345111136499,49.660746234348125,0.9038758474015396,0
0.04750345111136499,49.660746234348125,0.9038758474015396,0
0.04750345111136499,49.660746234348125,0.9038758474015396,0
0.04750345111136499,49.660746234348125,0.9038758474015396,0
0.04750345111136499,49.660746234348125,0.9038758474015396,0
0.04750345111136499,49.660746234348125,0.9038758474015396,0
0.04750345111136499,49.660746234348125,0.9038758474015396,0
0.04750345111136499,49.660746234348125,0.9038758474015396,0
0.04750345111136499,49.660746234348125,0.9038758474015396,0
0.04750345111136499,49.660746234348125,0.9038758474015396,0
0.04539101831525219,49.796897099624,0.890885697596813,0
0.06424793497310809,49.877199594313716,0.8955433331671375,0
0.06424793497310809,49.877199594313716,0.8955433331671375,0
0.06424793497310809,49.877199594313716,0.8955433331671375,0
0.06424793497310809,49.877199594313716,0.8955433331671375,0
0.06424793497310809,49.877199594313716,0.8955433331671375,0
0.07316744077684466,50.051354643584155,0.8661633455491953,0
0.0693321628446267,50.49881848930878,0.8707109453211637,0
0.0693321628446267,50.49881848930878,0.8707109453211637,0
0.0693321628446267,50.49881848930878,0.8707109453211637,0
0.0693321628446267,50.49881848930878,0.8707109453211637,0
0.056118678991364995,50.07623572574532,0.8724894827299245,0
0.056118678991364995,50.07623572574532,0.8724894827299245,0
0.056118678991364995,50.07623572574532,0.8724894827299245,0
0.056118678991364995,50.07623572574532,0.8724894827299245,0
0.052299311840526816,50.11314866744851,0.8836684284744211,0
0.052299311840526816,50.11314866744851,0.8836684284744211,0
0.052299311840526816,50.11314866744851,0.8836684284744211,0
0.042066199032867894,50.10479936090536,0.8906424684347938,0
0.03642581493907465,50.38656546625407,0.9005940339286777,0
0.019885153286467755,50.614754558943794,0.8852474900598502,0
0.019885153286467755,50.614754558943794,0.8852474900598502,0
0.02503047854021231,50.933330766599035,0.8875948050817764,0
0.037801289162078686,51.138842100370326,0.8635284184943668,0
0.02992365876049595,51.25445420501759,0.8771241023603319,0
0.0381789128342867,50.3580707904675,0.8562749221384561,0
0.029204861405589765,51.11210938273955,0.8974309668301642,0
0.029204861405589765,51.11210938273955,0.8974309668301642,0
0.023479869645777716,51.82955591996467,0.8765167654435969,0
0.015989620653162288,51.83615274795539,0.8821796106336911,0
0.015989620653162288,51.83615274795539,0.8821796106336911,0
0.015989620653162288,51.83615274795539,0.8821796106336911,0
0.015989620653162288,51.83615274795539,0.8821796106336911,0
0.04366387461154561,51.11195606138797,0.8810122257283236,0
0.055995423874708974,50.49489752061836,0.8761172822522582,0
0.05212057655312537,50.14604523529949,0.8810757423426383,0
0.05212057655312537,50.14604523529949,0.8810757423426383,0
0.05212057655312537,50.14604523529949,0.8810757423426383,0
0.05212057655312537,50.14604523529949,0.8810757423426383,0
0.04857659711118678,50.78562768678215,0.8810852420699687,0
0.033198262593415344,51.108010171568644,0.8758770077985205,0
0.0378460512144206,51.22556702147095,0.8794957393317959,0
0.045712048561025134,51.12612075302842,0.8503917909427362,0
0.045712048561025134,51.12612075302842,0.8503917909427362,0
0.045712048561025134,51.12612075302842,0.8503917909427362,0
0.057404360810772784,50.90047291756173,0.8470822598741844,0
0.057404360810772784,50.90047291756173,0.8470822598741844,0
0.06376836516505208,52.1312111245738,0.8314357392586987,0
0.06384054973230384,51.99352495969522,0.8445090189309952,0
0.07458983317816739,51.949877887255475,0.8396948580147406,0
0.07981703137332867,51.82171355440923,0.8328952159968049,0
0.07981703137332867,51.82171355440923,0.8328952159968049,0
0.05841914149579684,51.747610511212805,0.8177356157432639,0
0.05841914149579684,51.747610511212805,0.8177356157432639,0
0.07064605632150577,51.262781704528976,0.817742248248391,0
0.0797890975838015,51.66020580698665,0.8237995785384218,0
0.0797890975838015,51.66020580698665,0.8237995785384218,0
0.07450376552230054,52.008390842847696,0.8112576598642337,0
0.07387196724063622,52.05101522852741,0.8337525438422684,0
0.07204346826754329,52.13915374639151,0.8517350135222507,0
0.07204346826754329,52.13915374639151,0.8517350135222507,0
0.05628423468567411,51.29415286241844,0.8671287438547051,0
0.05628423468567411,51.29415286241844,0.8671287438547051,0
0.04814560262715664,50.94072867489379,0.8709232674386778,0
0.04814560262715664,50.94072867489379,0.8709232674386778,0
0.052325193677584286,50.936379489889376,0.8600055957626206,0
0.06481085148515835,50.666750749078965,0.8541636685021915,0
0.05767459271669939,50.92478878724849,0.8605757076292887,0
0.05767459271669939,50.92478878724849,0.8605757076292887,0
0.05767459271669939,50.92478878724849,0.8605757076292887,0
0.05767459271669939,50.92478878724849,0.8605757076292887,0
0.05767459271669939,50.92478878724849,0.8605757076292887,0
0.039288648799208764,50.54728727589858,0.8709779522777447,0
0.03826483399872096,50.45181089446283,0.8473621516213445,0
0.03826483399872096,50.45181089446283,0.8473621516213445,0
0.030168888169165173,50.64797777067001,0.8542341968685387,0
0.030168888169165173,50.64797777067001,0.8542341968685387,0
0.030168888169165173,50.64797777067001,0.8542341968685387,0
0.05374588046942887,51.0224927662283,0.8569585828526558,0
0.05374588046942887,51.0224927662283,0.8569585828526558,0
0.05374588046942887,51.0224927662283,0.8569585828526558,0
0.05374588046942887,51.0224927662283,0.8569585828526558,0
0.048099415807309906,50.14345743622649,0.884564697407272,0
0.048099415807309906,50.14345743622649,0.884564697407272,0
0.05017280550343809,49.891848904087226,0.9001056293370095,0
0.05017280550343809,49.891848904087226,0.9001056293370095,0
0.05017280550343809,49.891848904087226,0.9001056293370095,0
0.05017280550343809,49.891848904087226,0.9001056293370095,0
0.05017280550343809,49.891848904087226,0.9001056293370095,0
0.04866963100917417,49.52996956669946,0.8827082228857936,0
0.04866963100917417,49.52996956669946,0.8827082228857936,0
0.04866963100917417,49.52996956669946,0.8827082228857936,0
0.04866963100917417,49.52996956669946,0.8827082228857936,0
0.0610002337574019,50.22024066208588,0.8933042532847443,0
0.060171338393821695,50.617553568242876,0.8704142409361101,0
0.04172476617365943,50.83587235708612,0.8503006725931331,0
0.04292103633238758,50.95993213667526,0.8690565033636342,0
0.051241788215304895,51.057432170259105,0.8602161977542461,0
0.051241788215304895,51.057432170259105,0.8602161977542461,0
0.05574423838568038,50.70469184574392,0.8806176660828434,0
0.05574423838568038,50.70469184574392,0.8806176660828434,0
0.05574423838568038,50.70469184574392,0.8806176660828434,0
0.04856463557952711,50.678041674301475,0.8457905247140806,0
0.04856463557952711,50.678041674301475,0.8457905247140806,0
0.04512810281529669,50.6443561506863,0.8445979720662723,0
0.04512810281529669,50.6443561506863,0.8445979720662723,0
0.04512810281529669,50.6443561506863,0.8445979720662723,0
0.044104505475399125,51.17939295587153,0.8512416714021808,0
0.032269623366710506,50.9356545965112,0.8689626984553945,0
0.02026187470747983,50.89633246232501,0.8687802894048691,0
0.02026187470747983,50.89633246232501,0.8687802894048691,0
0.0001025310627429353,50.51318190221537,0.8793352492448572,0
0.0001025310627429353,50.51318190221537,0.8793352492448572,0
0.0001025310627429353,50.51318190221537,0.8793352492448572,0
0.017756092627679163,50.11213424068407,0.8744077883698965,0
0.017756092627679163,50.11213424068407,0.8744077883698965,0
0.01609222998171788,50.293539127721516,0.880518296534112,0
0.01609222998171788,50.293539127721516,0.880518296534112,0
0.01609222998171788,50.293539127721516,0.880518296534112,0
0.015584998640829689,50.1296392277136,0.8892124539095199,0
0.015584998640829689,50.1296392277136,0.8892124539095199,0
0.015584998640829689,50.1296392277136,0.8892124539095199,0
0.007440083762215607,50.22729327023638,0.9133539116615295,0
0.014922537190502164,49.99602014939047,0.9093068364666198,0
0.014922537190502164,49.99602014939047,0.9093068364666198,0
0.01522792023632054,49.95627196154304,0.8818768136377368,0
0.01522792023632054,49.95627196154304,0.8818768136377368,0
0.0253276567317111,50.2435154311156,0.889492352330625,0
0.0253276567317111,50.2435154311156,0.889492352330625,0
0.011326633949534558,50.52693443211023,0.8883749697330561,0
0.011326633949534558,50.52693443211023,0.8883749697330561,0
0.015744036095343625,50.22280242133831,0.9010318650215402,0
0.015744036095343625,50.22280242133831,0.9010318650215402,0
0.015744036095343625,50.22280242133831,0.9010318650215402,0
0.013359750815615632,50.745057192973945,0.8941924270743373,0
0.013359750815615632,50.745057192973945,0.8941924270743373,0
0.02619573711669699,50.99216725261319,0.8880078125953277,0
0.02619573711669699,50.99216725261319,0.8880078125953277,0
0.027947795680741714,51.284187457240854,0.8803285120765905,0
0.016598395342714047,50.88105192388979,0.8755078032256307,0
0.023220466734917056,51.51054067167584,0.8483868590509382,0
0.01964184176428454,51.907899187829166,0.8378246483431683,0
0.01964184176428454,51.907899187829166,0.8378246483431683,0
0.01964184176428454,51.907899187829166,0.8378246483431683,0
0.03216436623894075,51.94578660183859,0.8512197302774066,0
0.03618188533899762,51.92811932569162,0.8442537478944355,0
0.03618188533899762,51.92811932569162,0.8442537478944355,0
0.04923099551744091,51.7491516985928,0.8291531571435389,0
0.05754227986992823,52.01938379060683,0.8240454289064535,0
0.05754227986992823,52.01938379060683,0.8240454289064535,0
0.05671710251177221,51.33163121390001,0.8409886587678436,0
0.05191435222552801,52.12769103789441,0.8129288590647493,0
0.05191435222552801,52.12769103789441,0.8129288590647493,0
0.05191435222552801,52.12769103789441,0.8129288590647493,0
0.05191435222552801,52.12769103789441,0.8129288590647493,0
0.05099753627506268,52.64155592546796,0.8453856840120332,0
0.04298360868267112,52.214438994980696,0.8483001125625462,0
0.04298360868267112,52.214438994980696,0.8483001125625462,0
0.04298360868267112,52.214438994980696,0.8483001125625462,0
0.04298360868267112,52.214438994980696,0.8483001125625462,0
0.04572895705378162,51.726252299888095,0.8665251285822232,0
0.032152024310643706,50.942724075046904,0.8553473861245903,0
0.051696933430258184,51.89167119124321,0.8463226475595794,0
0.035293313024660385,51.93068655400325,0.8495629025993419,0
0.035293313024660385,51.93068655400325,0.8495629025993419,0
0.035293313024660385,51.93068655400325,0.8495629025993419,0
0.035293313024660385,51.93068655400325,0.8495629025993419,0
0.035293313024660385,51.93068655400325,0.8495629025993419,0
0.035293313024660385,51.93068655400325,0.8495629025993419,0
0.03831006021275757,51.662852918387216,0.8522372387542722,0
0.03831006021275757,51.662852918387216,0.8522372387542722,0
0.03831006021275757,51.662852918387216,0.8522372387542722,0
0.044279392526754904,51.345019413638596,0.8300442868740963,0
0.044279392526754904,51.345019413638596,0.8300442868740963,0
0.05048736691822889,51.94135553034643,0.8509437128530303,0
0.05048736691822889,51.94135553034643,0.8509437128530303,0
0.043776056201123806,51.53822527320828,0.8383039714170467,0
0.03418230890870491,51.30767048441843,0.8507043156989182,0
0.03418230890870491,51.30767048441843,0.8507043156989182,0
0.03620171339817678,50.911947355054345,0.8660191532476501,0
0.03415223896844628,50.54989274350253,0.8803538134017586,0
0.03396463937420998,50.14178313019226,0.8857594047464664,0
0.03396463937420998,50.14178313019226,0.8857594047464664,0
0.03396463937420998,50.14178313019226,0.8857594047464664,0
0.03396463937420998,50.14178313019226,0.8857594047464664,0
0.04094151976435082,50.286995075840274,0.883777432909104,0
0.03835360426847516,50.43411699816956,0.8942009479453812,0
0.0414421098515128,50.20267241045694,0.8876638680134015,0
0.028212740422480995,51.0332793322431,0.8768403957429844,0
0.028212740422480995,51.0332793322431,0.8768403957429844,0
0.028212740422480995,51.0332793322431,0.8768403957429844,0
0.028212740422480995,51.0332793322431,0.8768403957429844,0
0.028662848177394472,50.454672430734654,0.8731307962248993,0
0.03453791407978675,50.20515780322923,0.8666339323174621,0
0.03453791407978675,50.20515780322923,0.8666339323174621,0
0.028131364994762414,50.06621994965109,0.8799814571941306,0
0.028131364994762414,50.06621994965109,0.8799814571941306,0
0.036295124414268555,49.79312372407748,0.8898702881783881,0
0.036295124414268555,49.79312372407748,0.8898702881783881,0
0.036295124414268555,49.79312372407748,0.8898702881783881,0
0.049789650563422085,49.978391659069274,0.868543616740805,0
0.049789650563422085,49.978391659069274,0.868543616740805,0
0.03978120421026023,50.53883549059984,0.8604000831322732,0
0.03978120421026023,50.53883549059984,0.8604000831322732,0
0.05130365310805713,51.2535318106505,0.8425939968145273,0
0.04727329596441669,50.91164798957436,0.847486449636813,0
0.046163608151114435,51.169645108416645,0.8431845754090801,0
0.046163608151114435,51.169645108416645,0.8431845754090801,0
0.036644363991176196,51.442281691160254,0.848696033388331,0
0.044545191115633334,51.27920658213495,0.8302013486383288,0
0.044545191115633334,51.27920658213495,0.8302013486383288,0
0.05463915432504847,50.92106929880002,0.8464914250673589,0
0.05463915432504847,50.92106929880002,0.8464914250673589,0
0.042948525524903955,51.256565946523565,0.8676300606923347,0
0.03573362905246121,51.06980397213722,0.8704626361685728,0
0.03573362905246121,51.06980397213722,0.8704626361685728,0
0.03573362905246121,51.06980397213722,0.8704626361685728,0
0.03573362905246121,51.06980397213722,0.8704626361685728,0
0.027304030394002303,50.559692018751925,0.8639305602366409,0
0.027304030394002303,50.559692018751925,0.8639305602366409,0
0.02054350236595995,50.16249032005168,0.8699276071201225,0
0.024973914108519034,50.4633510063545,0.8917654176980158,0
0.013652679819223815,50.574160480279154,0.8844959176187893,0
0.013652679819223815,50.574160480279154,0.8844959176187893,0
0.017908582322906492,50.51915208490126,0.8794383482297816,0
0.0005610322989598043,51.18901960735056,0.8730003799540682,0
0.0005610322989598043,51.18901960735056,0.8730003799540682,0
0.0034653874557952456,50.898726775201304,0.8704734397315174,0
0.0034653874557952456,50.898726775201304,0.8704734397315174,0
0.0034653874557952456,50.898726775201304,0.8704734397315174,0
0.005408637997550441,51.42573109523177,0.8800019897374097,0
0.005408637997550441,51.42573109523177,0.8800019897374097,0
0.005408637997550441,51.42573109523177,0.8800019897374097,0
0.005408637997550441,51.42573109523177,0.8800019897374097,0
0.005408637997550441,51.42573109523177,0.8800019897374097,0
0.005408637997550441,51.42573109523177,0.8800019897374097,0
0.005408637997550441,51.42573109523177,0.8800019897374097,0
0.005408637997550441,51.42573109523177,0.8800019897374097,0
0.005408637997550441,51.42573109523177,0.8800019897374097,0
0.005408637997550441,51.42573109523177,0.8800019897374097,0
0.02380239365982273,51.977743038122604,0.866285436121275,0
0.011032354174304291,52.330239931125675,0.8612905871130654,0
0.011032354174304291,52.330239931125675,0.8612905871130654,0
0.011032354174304291,52.330239931125675,0.8612905871130654,0
0.005636957740541705,52.67519475694359,0.8321780072649835,0
0.005636957740541705,52.67519475694359,0.8321780072649835,0
0.005636957740541705,52.67519475694359,0.8321780072649835,0
0.005636957740541705,52.67519475694359,0.8321780072649835,0
0.005636957740541705,52.67519475694359,0.8321780072649835,0
0.005636957740541705,52.67519475694359,0.8321780072649835,0
0.005636957740541705,52.67519475694359,0.8321780072649835,0
0.005636957740541705,52.67519475694359,0.8321780072649835,0
0.005636957740541705,52.67519475694359,0.8321780072649835,0
0.005636957740541705,52.67519475694359,0.8321780072649835,0
0.005636957740541705,52.67519475694359,0.8321780072649835,0
0.005636957740541705,52.67519475694359,0.8321780072649835,0
0.005636957740541705,52.67519475694359,0.8321780072649835,0
0.005636957740541705,52.67519475694359,0.8321780072649835,0
0.005636957740541705,52.67519475694359,0.8321780072649835,0
0.012269121637584535,52.50675429524601,0.8329020466782361,0
0.012269121637584535,52.50675429524601,0.8329020466782361,0
0.008890043156702101,51.57119416383381,0.8316402676245639,0
0.025493831346431822,51.2817833030404,0.8452703873409463,0
0.03638346162028169,50.80431907676188,0.8467913296920404,0
0.03638346162028169,50.80431907676188,0.8467913296920404,0
0.0315218196785546,50.979044688403945,0.8651911066030697,0
0.0315218196785546,50.979044688403945,0.8651911066030697,0
0.0315218196785546,50.979044688403945,0.8651911066030697,0
0.02661794358091947,50.31141095206495,0.8750557100947252,0
0.02661794358091947,50.31141095206495,0.8750557100947252,0
0.02661794358091947,50.31141095206495,0.8750557100947252,0
0.023334703095790804,50.35638014997545,0.8903130341101962,0
0.023334703095790804,50.35638014997545,0.8903130341101962,0
0.01951930993128959,49.89220225456364,0.8696247980363686,0
0.01951930993128959,49.89220225456364,0.8696247980363686,0
0.01951930993128959,49.89220225456364,0.8696247980363686,0
0.011941342867256163,49.96972538271613,0.8744225876387318,0
0.006374870724339087,49.897658307333,0.9175950621767489,0
0.006374870724339087,49.897658307333,0.9175950621767489,0
0.006374870724339087,49.897658307333,0.9175950621767489,0
0.013437357941912295,50.1578686819832,0.9058307151428299,0
0.013437357941912295,50.1578686819832,0.9058307151428299,0
0.008657680736551349,49.61362477016981,0.8873455269264969,0
0.008657680736551349,49.61362477016981,0.8873455269264969,0
0.015216001682944333,50.00863031947572,0.8958051416936335,0
0.008139627371951366,49.77935493976277,0.8911127809232156,0
0.008139627371951366,49.77935493976277,0.8911127809232156,0
0.008139627371951366,49.77935493976277,0.8911127809232156,0
0.03211079451726945,49.742418555992224,0.8859021896472914,0
0.039076576192032704,49.801685676715394,0.8989275157475051,0
0.0425926180822997,49.90428548569236,0.9017082165453788,0
0.054485864567833685,50.929439275181366,0.8795013360194265,0
0.061690304363763264,49.490514199511175,0.8928735350090756,0
0.061690304363763264,49.490514199511175,0.8928735350090756,0
0.061690304363763264,49.490514199511175,0.8928735350090756,0
0.061690304363763264,49.490514199511175,0.8928735350090756,0
0.06883395753150351,49.03139746830846,0.8875321242414138,0
0.06883395753150351,49.03139746830846,0.8875321242414138,0
0.06502251266089176,48.979770653078006,0.8903426371784853,0
0.06511126037506137,49.52674332986976,0.8783790337374613,0
0.06511126037506137,49.52674332986976,0.8783790337374613,0
0.06511126037506137,49.52674332986976,0.8783790337374613,0
0.05686659988693393,50.07445022617724,0.8798367033316877,0
0.05686659988693393,50.07445022617724,0.8798367033316877,0
0.05686659988693393,50.07445022617724,0.8798367033316877,0
0.05559837493040439,50.68482344734167,0.8620820323236893,0
0.06525060122013542,51.05148237964184,0.8675765052926857,0
0.06525060122013542,51.05148237964184,0.8675765052926857,0
0.0611221037381129,51.070418194436826,0.8708708506920864,0
0.0611221037381129,51.070418194436826,0.8708708506920864,0
0.04364993036486528,50.90858769694001,0.8606870540898511,0
0.048567412286881974,51.899886214683164,0.82179524161178,0
0.048567412286881974,51.899886214683164,0.82179524161178,0
0.048567412286881974,51.899886214683164,0.82179524161178,0
0.057025695525047715,51.78174689694157,0.845279228524663,0
0.057025695525047715,51.78174689694157,0.845279228524663,0
0.05752314803292602,51.831237508242936,0.8466655435434854,0
0.05566808405102881,51.149264272411706,0.879192257587799,0
0.06418746737558469,51.030030553742264,0.859031958855725,0
0.06418746737558469,51.030030553742264,0.859031958855725,0
0.06418746737558469,51.030030553742264,0.859031958855725,0
0.06418746737558469,51.030030553742264,0.859031958855725,0
0.07040319509977885,50.96239552545914,0.8554152364809328,0
0.07040319509977885,50.96239552545914,0.8554152364809328,0
0.07321843115070813,50.471966496940624,0.8682667334797218,0
0.0579261233512612,50.70390814679182,0.8790471783326226,0
0.0579261233512612,50.70390814679182,0.8790471783326226,0
0.05876846040852179,50.38785050032197,0.8844634614702429,0
0.06093774726269165,49.94725989557891,0.8751922486731294,0
0.052513307713384604,50.10402968638174,0.8835544905989909,0
0.052513307713384604,50.10402968638174,0.8835544905989909,0
0.0508683490726554,50.11909520100756,0.880052416171078,0
0.0508683490726554,50.11909520100756,0.880052416171078,0
0.0508683490726554,50.11909520100756,0.880052416171078,0
0.0508683490726554,50.11909520100756,0.880052416171078,0
0.0508683490726554,50.11909520100756,0.880052416171078,0
0.043445337896316834,50.83536683950447,0.8803993365317491,0
0.04224546619797396,50.836599220054325,0.8592215326694432,0
0.04536720238648925,51.31550384780362,0.8639855457506835,0
0.043882481702419596,51.313232169406895,0.8683319783003045,0
0.04660187923628049,50.61188385509204,0.8570855568605307,0
0.04660187923628049,50.61188385509204,0.8570855568605307,0
0.04660187923628049,50.61188385509204,0.8570855568605307,0
0.04660187923628049,50.61188385509204,0.8570855568605307,0
0.04660187923628049,50.61188385509204,0.8570855568605307,0
0.0676332745701855,51.14528986822542,0.8639962893604456,0
0.0637150416677101,50.98989512673932,0.8948459266973287,0
0.0637150416677101,50.98989512673932,0.8948459266973287,0
0.567225046520927,49.09395430141281,0.7622857187251458,1
0.567225046520927,49.09395430141281,0.7622857187251458,1
0.567225046520927,49.09395430141281,0.7622857187251458,1
0.5810684573823809,48.67877030195363,0.7786765080747365,1
0.579932893688463,48.782328160500555,0.8203973007807115,1
0.579932893688463,48.782328160500555,0.8203973007807115,1
0.5774117550578342,49.21712093476327,0.8108779376432361,1
0.5774117550578342,49.21712093476327,0.8108779376432361,1
0.5774117550578342,49.21712093476327,0.8108779376432361,1
0.5738549831912808,49.433155181023054,0.8255181773712065,1
0.5884490058458679,49.30729753520622,0.8193022675406847,1
0.568373549480925,49.55016483127555,0.8211162463082008,1
0.5663544930590984,49.91593013284357,0.7886660197670805,1
0.5594528432733574,50.44060233641136,0.7703213511003598,1
0.5594528432733574,50.44060233641136,0.7703213511003598,1
0.5457415324732425,51.07081038704883,0.7236614604993966,1
0.5457415324732425,51.07081038704883,0.7236614604993966,1
0.5524828443688541,51.29644458673887,0.7360120939155703,1
0.5516983655252226,51.442492993600155,0.7353190127085781,1
0.5554663430364639,51.23410793209122,0.7295606838212183,1
0.5554663430364639,51.23410793209122,0.7295606838212183,1
0.5554663430364639,51.23410793209122,0.7295606838212183,1
0.5580629723044505,50.77265004097753,0.755580309813064,1
0.5580629723044505,50.77265004097753,0.755580309813064,1
0.558058741301727,50.858554903713184,0.7389674234787108,1
0.5736157384015658,50.71529793530576,0.7432136982813793,1
0.5769686327299343,50.19634369128665,0.7638400557089288,1
0.5801476596864685,49.67657076275967,0.7716403787624058,1
0.5786609064144391,49.708764877617426,0.7691882995887509,1
0.5786609064144391,49.708764877617426,0.7691882995887509,1
0.5718688639860469,49.54038898839369,0.7497554353797038,1
0.5715462576950346,50.045423080588584,0.7436055720175528,1
0.5715462576950346,50.045423080588584,0.7436055720175528,1
0.5710839378177015,50.092449112210865,0.7326264601250323,1
0.5517431822666421,49.788907931282324,0.7320122674507547,1
0.5544341198715036,50.37233847764679,0.7305053361722021,1
0.5544341198715036,50.37233847764679,0.7305053361722021,1
0.5448637971040579,49.86258607594466,0.7432384089864184,1
0.5448637971040579,49.86258607594466,0.7432384089864184,1
0.5396416026489737,49.560965646358945,0.772829683403633,1
0.5409581828242942,50.06969693862427,0.7840952475942331,1
0.5409581828242942,50.06969693862427,0.7840952475942331,1
0.5409581828242942,50.06969693862427,0.7840952475942331,1
0.5409581828242942,50.06969693862427,0.7840952475942331,1
0.5409581828242942,50.06969693862427,0.7840952475942331,1
0.5409581828242942,50.06969693862427,0.7840952475942331,1
0.5409581828242942,50.06969693862427,0.7840952475942331,1
0.5435710766038111,49.513586234809736,0.7711958519471962,1
0.5473647338433489,49.930383008138726,0.7695573375904913,1
0.5376700400862464,50.00857599976675,0.7835232030034415,1
0.5376700400862464,50.00857599976675,0.7835232030034415,1
0.5370486284278005,49.802139801724586,0.7685539918017775,1
0.5437802283605998,49.40618049878873,0.7452523252870416,1
0.5437802283605998,49.40618049878873,0.7452523252870416,1
0.5355848575542628,49.599326651095254,0.7662615969435598,1
0.5363635929403465,49.45369061943728,0.7813040627477598,1
0.5290736384074046,49.30236033368485,0.7943469363198442,1
0.5290736384074046,49.30236033368485,0.7943469363198442,1
0.5290736384074046,49.30236033368485,0.7943469363198442,1
0.5227261631806092,49.47840603426539,0.7926089463674726,1
0.5227261631806092,49.47840603426539,0.7926089463674726,1
0.5225654266807556,49.822128170072446,0.7996694659701278,1
0.5234648229481255,49.38999945618468,0.7862771194105204,1
0.5283666603933819,48.939183848648305,0.7698497866363562,1
0.5257994447615658,49.67707225099392,0.754212604251108,1
0.5257994447615658,49.67707225099392,0.754212604251108,1
0.5326861206740571,49.442853134571415,0.7488692269359932,1
0.53681752682805,49.83473832933376,0.7306554073806035,1
0.53681752682805,49.83473832933376,0.7306554073806035,1
0.5360277351509453,49.947393645360876,0.7455291408790157,1
0.5421136533465231,50.65629911098281,0.7089863892798862,1
0.5421136533465231,50.65629911098281,0.7089863892798862,1
0.5421136533465231,50.65629911098281,0.7089863892798862,1
0.5346306278899644,50.58340335964952,0.6737783040964558,1
0.5278017780004038,51.02454264460589,0.6919721890603084,1
0.5264680657452607,50.38562126024456,0.6947251121726499,1
0.5185263468016488,50.484277998903615,0.7128069972888781,1
0.5102987948941836,50.28130745722877,0.7237386074241531,1
0.5102987948941836,50.28130745722877,0.7237386074241531,1
0.5102987948941836,50.28130745722877,0.7237386074241531,1
0.5209708557727663,50.881734999495364,0.718804318088401,1
0.5113372008142605,50.74023662633069,0.7183959444276949,1
0.5217879113234831,50.10929007766697,0.7138099739544614,1
0.5112500674463878,49.696102773240966,0.7454410599803305,1
0.5152627335317225,49.84820216966196,0.759529397405685,1
0.5284693614859446,49.77280669142498,0.7307150575958734,1
0.5284693614859446,49.77280669142498,0.7307150575958734,1
0.528583370522056,49.81679582952213,0.7373474627860526,1
0.5257755286062487,49.62423585230356,0.7210604895861544,1
0.5252392115085079,49.44525092944594,0.7381807227465297,1
0.5233782443606271,49.726712707008325,0.7535021499833859,1
0.5167974178956145,49.86466011342415,0.7583059561700142,1
0.5314471159127707,49.89234702941987,0.7475997481324588,1
0.5274492072285509,49.85599377885014,0.7656616358793272,1
0.5129573120966369,50.05469910951007,0.7822479518932618,1
0.5018656138796984,49.91076371556028,0.7846859481988422,1
0.4956967753721168,50.00996780977242,0.7637265763123219,1
0.49247828334127125,50.4245393147584,0.7717608409425386,1
0.4919249675273028,49.81970802334005,0.7529932414053286,1
0.4919249675273028,49.81970802334005,0.7529932414053286,1
0.4919249675273028,49.81970802334005,0.7529932414053286,1
0.4919249675273028,49.81970802334005,0.7529932414053286,1
0.49666559196655585,49.75371388660234,0.7943608372629792,1
0.4690177548565301,49.64687545353754,0.8035533814235863,1
0.472983104393287,49.8087052461531,0.8023998637303259,1
0.4722472174109784,50.716386744860884,0.8051751330834066,1
0.4701673397311607,50.65418600823786,0.7837985871964048,1
0.48111786190363537,50.29273035514601,0.7846779245104578,1
0.4833550395109159,49.471312018407424,0.8037525376447995,1
0.47703993301237857,49.82870897997653,0.7863214459227073,1
0.4899993924568559,49.94823804408448,0.749450170028848,1
0.4899993924568559,49.94823804408448,0.749450170028848,1
0.4899993924568559,49.94823804408448,0.749450170028848,1
0.4638352207049302,49.94908317264616,0.7455217008586693,1
0.45943349861863275,50.67050816190802,0.7236417853459853,1
0.45943349861863275,50.67050816190802,0.7236417853459853,1
0.45943349861863275,50.67050816190802,0.7236417853459853,1
0.45864609332957973,50.835485347517846,0.7318880984618218,1
0.45864609332957973,50.835485347517846,0.7318880984618218,1
0.461946380552922,51.04229876986271,0.7264840623621612,1
0.4488714725542368,51.3007642504426,0.7388442024516069,1
0.4582859870939235,50.70194392432314,0.7540688604200421,1
0.4582859870939235,50.70194392432314,0.7540688604200421,1
0.4640019620474865,50.55522575099056,0.7683306296826716,1
0.46669634895120576,50.299630798525094,0.7702035971468545,1
0.4556091153199814,50.39399369428103,0.7507551876657146,1
0.4556091153199814,50.39399369428103,0.7507551876657146,1
0.4696940989114083,50.14260708241891,0.7459415281233707,1
0.4696940989114083,50.14260708241891,0.7459415281233707,1
0.47381422701532977,50.12032900553602,0.7512842593461683,1
0.4697068775132147,49.527277910293684,0.7758736507917805,1
0.4651604748360463,49.451924031058745,0.7883973598102861,1
0.4651604748360463,49.451924031058745,0.7883973598102861,1
0.4458067063870074,49.67737625011149,0.7696367626666999,1
0.4516561121189737,50.4175234633349,0.7529053835434033,1
0.471210206902977,49.9404160447189,0.7549261877095944,1
0.45244909892059365,50.16836016946733,0.7533576653668986,1
0.45244909892059365,50.16836016946733,0.7533576653668986,1
0.45244909892059365,50.16836016946733,0.7533576653668986,1
0.43524590013900444,50.34137545275719,0.7498882032785674,1
0.4521393551037061,49.53208332734851,0.7793717609373098,1
0.4378271010963243,50.04125620813032,0.789653667597295,1
0.42824837503415275,50.199247196721174,0.7846644597536613,1
0.40686410342159385,50.75986607645329,0.7888982039258197,1
0.39368399684995325,50.432539252545396,0.7917641118172731,1
0.4012958384157061,49.37433026356713,0.8279806340888787,1
0.4012958384157061,49.37433026356713,0.8279806340888787,1
0.4012958384157061,49.37433026356713,0.8279806340888787,1
0.4012958384157061,49.37433026356713,0.8279806340888787,1
0.37886098176152233,49.38687950677618,0.8005018836953288,1
0.37886098176152233,49.38687950677618,0.8005018836953288,1
0.37886098176152233,49.38687950677618,0.8005018836953288,1
0.37886098176152233,49.38687950677618,0.8005018836953288,1
0.37925215145069663,49.33195650150124,0.8124624495091973,1
0.3908846568106034,49.36254532703289,0.8238645975438481,1
0.39346831507691177,49.97470337491443,0.8183930446395098,1
0.38942762739170095,50.218711922726946,0.8100678373059039,1
0.4080693833397399,50.742523095991466,0.8297459473859141,1
0.4126681874813814,50.92240609952083,0.8349187925236211,1
0.4126681874813814,50.92240609952083,0.8349187925236211,1
0.4052500375953584,50.78160958279046,0.8480496666113766,1
0.4052500375953584,50.78160958279046,0.8480496666113766,1
0.4126686096281232,50.755940994951466,0.8210832458561212,1
0.4126686096281232,50.755940994951466,0.8210832458561212,1
0.40491862607481316,50.90214261068211,0.8216318404645313,1
0.40491862607481316,50.90214261068211,0.8216318404645313,1
0.4089644170051623,50.546927517451266,0.8270310328617715,1
0.4089644170051623,50.546927517451266,0.8270310328617715,1
0.4089644170051623,50.546927517451266,0.8270310328617715,1
0.4089644170051623,50.546927517451266,0.8270310328617715,1
0.4201890613673475,50.74493478070554,0.7897496833124176,1
0.41481149014090907,50.84969949763914,0.794614954100228,1
0.4231953683319669,50.388326092516735,0.7797782454351116,1
0.41780531880474453,50.30810027172867,0.7569345916265081,1
0.4144580912500912,50.36207866938859,0.7599776198616128,1
0.4086823253911999,50.5552618064943,0.7683464977051134,1
0.4086823253911999,50.5552618064943,0.7683464977051134,1
0.4015040658808106,51.267876696323995,0.7626570912591305,1
0.4015040658808106,51.267876696323995,0.7626570912591305,1
0.4015040658808106,51.267876696323995,0.7626570912591305,1
0.4015040658808106,51.267876696323995,0.7626570912591305,1
0.38856081307024426,51.53806893689721,0.7595458921018539,1
0.38856081307024426,51.53806893689721,0.7595458921018539,1
0.38856081307024426,51.53806893689721,0.7595458921018539,1
0.390378625610152,50.93327592906342,0.7842612313393332,1
0.38521455673958294,50.63988781690044,0.7686694667816144,1
0.3810547063663522,50.066032270060326,0.7657714876160935,1
0.37322902539352043,49.67260466954495,0.7582921639843972,1
0.37322902539352043,49.67260466954495,0.7582921639843972,1
0.37375002511218364,49.39370605465331,0.7787016487344394,1
0.3757161447687434,49.568940076524214,0.7862860712686365,1
0.3757161447687434,49.568940076524214,0.7862860712686365,1
0.3757161447687434,49.568940076524214,0.7862860712686365,1
0.3757161447687434,49.568940076524214,0.7862860712686365,1
0.3757161447687434,49.568940076524214,0.7862860712686365,1
0.3734940677557795,49.60530461433933,0.7807499448403831,1
0.3744438759699722,49.2260894159042,0.7903520401643064,1
0.3744438759699722,49.2260894159042,0.7903520401643064,1
0.3864341492929275,48.919333289142,0.830046384645958,1
0.3864341492929275,48.919333289142,0.830046384645958,1
0.3864341492929275,48.919333289142,0.830046384645958,1
0.37638292189682737,48.904501863380624,0.8562874750195939,1
0.37638292189682737,48.904501863380624,0.8562874750195939,1
0.37884130104013214,49.08882222947895,0.9011187226892713,1
0.37884130104013214,49.08882222947895,0.9011187226892713,1
0.3668179331056527,48.39064726967734,0.8785020118938129,1
0.35155172538703794,48.26742015705506,0.86314616412013,1
0.3468966177169474,48.802599317901276,0.8549439854440064,1
0.3518741344588722,48.73380072579244,0.8772000267201103,1
0.35610186159577656,48.569516343000025,0.8702547680044609,1
0.34659488998447757,48.45465796218015,0.8588955949779777,1
0.351743240842695,49.055838146736534,0.8394322666053459,1
0.3778817532807977,48.950913127078195,0.8520231178657548,1
0.3778817532807977,48.950913127078195,0.8520231178657548,1
0.38158160473571373,48.177424222429856,0.863346799354847,1
0.38158160473571373,48.177424222429856,0.863346799354847,1
0.3957096479597003,48.295031719657445,0.8616475105637857,1
0.39952850039281024,48.38420235698456,0.9132656896452227,1
0.39952850039281024,48.38420235698456,0.9132656896452227,1
0.3837010799343772,48.13889458559052,0.9104246467698619,1
0.37140413712184517,48.00903886023277,0.9015137761865792,1
0.3821353319398367,48.20291857800975,0.858491943095505,1
0.3821353319398367,48.20291857800975,0.858491943095505,1
0.3821353319398367,48.20291857800975,0.858491943095505,1
0.38331939517542685,48.302232722384105,0.8352659106282391,1
0.3748083649972625,48.25010954797274,0.8569346119936397,1
0.3863285200328585,48.681433900119686,0.8561699928419028,1
0.3863285200328585,48.681433900119686,0.8561699928419028,1
0.3863285200328585,48.681433900119686,0.8561699928419028,1
0.39155924615042115,49.1247649180551,0.8318441996850684,1
0.38066586426667887,49.59088013828104,0.8155789703061249,1
0.38334516564736126,49.54526274073644,0.8311614643600039,1
0.38334516564736126,49.54526274073644,0.8311614643600039,1
0.3798093584986148,49.66022412406472,0.8509253196433281,1
0.3811192294942923,49.98229279408161,0.8505911195183977,1
0.37088971369986795,50.28198200708549,0.8568408407114319,1
0.3603858252972704,50.374172613561385,0.8543035750805771,1
0.3603858252972704,50.374172613561385,0.8543035750805771,1
0.35042526897156934,49.937770486474086,0.8693039383972516,1
0.344538934307479,49.07341806765802,0.8638881492507586,1
0.3426080144140908,49.19490540165216,0.8428042294609892,1
0.3426080144140908,49.19490540165216,0.8428042294609892,1
0.3468358324202732,48.97890781965734,0.8362322431473375,1
0.3468358324202732,48.97890781965734,0.8362322431473375,1
0.3349254695395361,49.47970943092299,0.8572781752926394,1
0.3371288134564362,50.038552968043355,0.8322208747619276,1
0.3371288134564362,50.038552968043355,0.8322208747619276,1
0.3490915354051982,50.836015880118346,0.8527854068720576,1
0.31503927111119606,50.10888594893268,0.8106937973435954,1
0.32811879964029744,49.717999707624315,0.8152160072572946,1
0.3286753401007209,49.707805854678206,0.818948074397269,1
0.3290388068463417,49.280996070345545,0.8208153607721231,1
0.33261206460368126,49.90151263531378,0.7941126176871919,1
0.33261206460368126,49.90151263531378,0.7941126176871919,1
0.33261206460368126,49.90151263531378,0.7941126176871919,1
0.333825396982412,50.03785296729661,0.7992042652366137,1
0.3201209225682922,50.224215566372344,0.7868190500030258,1
0.3201209225682922,50.224215566372344,0.7868190500030258,1
0.3201209225682922,50.224215566372344,0.7868190500030258,1
0.3246170470536496,50.255040867398264,0.8197799119422751,1
0.34051328081400223,49.31169183653487,0.8437958496113427,1
0.34279187901135283,49.71310021567001,0.8242711074509443,1
0.34122272529979375,49.561101640186294,0.8283607994552727,1
0.3354613740597875,49.91497574760016,0.8396921574013625,1
0.3259348498031536,50.44274242040286,0.8546116571837105,1
0.33309193024815215,50.06824998424177,0.8046078630678493,1
0.31198764953452474,50.092294626014606,0.7902972145236542,1
0.3231570428385452,51.19356846974827,0.7962368262297073,1
0.3231570428385452,51.19356846974827,0.7962368262297073,1
0.3311050820680295,50.50429334366677,0.8145485328166527,1
0.31422855621786233,50.397200195860066,0.8391086689101713,1
0.3224458047414011,50.23259803803654,0.8383823919049415,1
0.3224458047414011,50.23259803803654,0.8383823919049415,1
0.3335885088819196,49.98515525642364,0.8467808200625144,1
0.33803038274948133,49.37179759221006,0.877840722752918,1
0.33803038274948133,49.37179759221006,0.877840722752918,1
0.3559658108327577,49.846355420437604,0.8581396909736813,1
0.3559658108327577,49.846355420437604,0.8581396909736813,1
0.3714431282182297,49.63093454797641,0.8526160098212187,1
0.3714431282182297,49.63093454797641,0.8526160098212187,1
0.368272734286863,49.991032745289495,0.8247703227670496,1
0.36336591915367944,49.484303865817054,0.8236651834686283,1
0.36336591915367944,49.484303865817054,0.8236651834686283,1
0.36463934151590627,49.75490775619284,0.8286968073449533,1
0.35855161093166527,50.00003219894866,0.8320827376698261,1
0.36305387693424884,49.52439701255605,0.8234100543201941,1
0.3520002374586651,49.34093468153915,0.842906571758551,1
0.3520002374586651,49.34093468153915,0.842906571758551,1
0.3520002374586651,49.34093468153915,0.842906571758551,1
0.3639613509509007,49.12247413776361,0.8381468387103597,1
0.3557826690910521,49.647122153258636,0.8506580681766861,1
0.3557826690910521,49.647122153258636,0.8506580681766861,1
0.3557826690910521,49.647122153258636,0.8506580681766861,1
0.36011048202245616,50.461927555944854,0.8404992018069858,1
0.3622390572482163,50.426048302370425,0.8237907986272063,1
0.3622390572482163,50.426048302370425,0.8237907986272063,1
0.34462065519386054,50.21338212198109,0.8198245751717395,1
0.34462065519386054,50.21338212198109,0.8198245751717395,1
0.32458501230863457,50.346019190383096,0.8182183265170191,1
0.3303946560912745,50.08392430847689,0.827540345171017,1
0.32632856689456446,49.54600176589481,0.8457257448960175,1
0.31648169582845653,49.46528882591753,0.8366316168659884,1
0.30344160663456743,50.17522078198582,0.8356213554450113,1
0.2992256634057175,50.042057416044415,0.8235892804351654,1
0.2992256634057175,50.042057416044415,0.8235892804351654,1
0.32321750382775244,50.3510473893819,0.8048830681416743,1
0.3232626405983756,50.10233141775642,0.8226990519653734,1
0.3232626405983756,50.10233141775642,0.8226990519653734,1
0.3189082184526983,50.80614965876681,0.8160119626220653,1
0.3055411825415297,50.23571782652038,0.8305582763716362,1
0.30061750283621014,49.983403070676836,0.8344915943442172,1
0.30061750283621014,49.983403070676836,0.8344915943442172,1
0.29560348141458276,50.2942550214175,0.8391327018497869,1
0.29391521450369645,50.175816763848275,0.8521104311472081,1
0.28183353203018785,49.98875899511739,0.8668145425079689,1
0.28183353203018785,49.98875899511739,0.8668145425079689,1
0.28115073541172897,49.08488206256609,0.8560467863948555,1
0.28115073541172897,49.08488206256609,0.8560467863948555,1
0.28190808975530324,49.022551246565286,0.8486886800070778,1
0.30044319024424465,49.52184153091097,0.861250360207155,1
0.2981649477358214,49.16894053517738,0.8701371680458103,1
0.3092269088022152,49.79868932374957,0.882395389908157,1
0.29936827090322077,50.04140068531261,0.8639082981749807,1
0.29936827090322077,50.04140068531261,0.8639082981749807,1
0.2835431033320523,50.096112402488,0.8656168024081716,1
0.2835431033320523,50.096112402488,0.8656168024081716,1
0.27425436998277325,49.74310774531308,0.8584025290365873,1
0.28068593604975994,49.48204272995612,0.8690418912745053,1
0.2734832899401905,49.665833090054264,0.8655474699836717,1
0.2678347772936051,50.11362376795307,0.8683261559846833,1
0.2678347772936051,50.11362376795307,0.8683261559846833,1
0.2670371231076451,50.06731849140361,0.8953114520463114,1
0.2578856766563174,49.64036227664243,0.9080125004797545,1
0.2578856766563174,49.64036227664243,0.9080125004797545,1
0.2578856766563174,49.64036227664243,0.9080125004797545,1
0.2578856766563174,49.64036227664243,0.9080125004797545,1
0.2578856766563174,49.64036227664243,0.9080125004797545,1
0.2578856766563174,49.64036227664243,0.9080125004797545,1
0.2578856766563174,49.64036227664243,0.9080125004797545,1
0.22739638501309387,49.08757558292994,0.8607214137620278,1
0.22739638501309387,49.08757558292994,0.8607214137620278,1
0.2382483460413478,49.404384291888725,0.8553699605154607,1
0.2382483460413478,49.404384291888725,0.8553699605154607,1
0.23994567200180067,49.71407869279257,0.8406271264630792,1
0.23270908033288926,50.0658727199643,0.8596777486485384,1
0.24447037686788772,49.33174684084745,0.8767529602307468,1
0.24943528998376346,49.286334871699744,0.8761309211169904,1
0.26102129760518655,49.71851603350418,0.8760756078206224,1
0.2611301704798569,49.31464814548544,0.8623603410044478,1
0.2611301704798569,49.31464814548544,0.8623603410044478,1
0.2566177826092865,49.92538855318948,0.8768156420954271,1
0.24868181251726124,49.88512939645459,0.871835875424113,1
0.25571282446298066,49.49802883134896,0.877470788344649,1
0.2427429302427938,49.99369712678678,0.8688766589789264,1
0.23205211834858927,49.69399391236059,0.8623097070182424,1
0.21001171947057856,49.97275082111642,0.8616414382517703,1
0.20730406114270403,49.65181311430726,0.8728637728646703,1
0.20368726093756262,50.045331302379466,0.8719641053777535,1
0.21474448512277608,50.25879378554299,0.8620514297201346,1
0.21293750442654574,49.594610401742685,0.8539645701612287,1
0.21293750442654574,49.594610401742685,0.8539645701612287,1
0.20943604823876155,49.68786270543495,0.861094218483321,1
0.20943604823876155,49.68786270543495,0.861094218483321,1
0.20594244629060918,49.55544435483018,0.8533487633143414,1
0.20594244629060918,49.55544435483018,0.8533487633143414,1
0.21373665136866424,49.70721870710512,0.8495771454081753,1
0.21373665136866424,49.70721870710512,0.8495771454081753,1
0.2063602183800935,50.160378155828916,0.8580390163018563,1
0.19882312536881286,50.111285510432396,0.8307778818863207,1
0.21094161116714777,49.612615157882196,0.8471110767092225,1
0.21993530819790977,49.8283903667673,0.8507329287946356,1
0.19747338680459733,49.84169168311674,0.8450214693535242,1
0.19469817846125695,49.72704296432291,0.8427311341193919,1
0.18749244025413964,49.6666282880805,0.8605894718018042,1
0.18340259537698228,50.32780534649804,0.868720941823568,1
0.18340259537698228,50.32780534649804,0.868720941823568,1
0.18325203122111813,50.44819868392823,0.8556694422577733,1
0.18325203122111813,50.44819868392823,0.8556694422577733,1
0.18325203122111813,50.44819868392823,0.8556694422577733,1
0.18325203122111813,50.44819868392823,0.8556694422577733,1
0.16915498013086783,50.833490744705685,0.8361001749559382,1
0.16915498013086783,50.833490744705685,0.8361001749559382,1
0.16929935307914337,51.564045027192044,0.8178882128448303,1
0.16929935307914337,51.564045027192044,0.8178882128448303,1
0.16929935307914337,51.564045027192044,0.8178882128448303,1
0.16929935307914337,51.564045027192044,0.8178882128448303,1
0.16607128423059492,51.70649633668127,0.8422814621116109,1
0.16223229502476536,51.873591804539245,0.8304710504627281,1
0.16223229502476536,51.873591804539245,0.8304710504627281,1
0.15920168479502522,51.8898738718552,0.8200800468697468,1
0.15920168479502522,51.8898738718552,0.8200800468697468,1
0.15920168479502522,51.8898738718552,0.8200800468697468,1
0.15979451212399878,52.19906027696967,0.8402378255084175,1
0.15979451212399878,52.19906027696967,0.8402378255084175,1
0.17141869695764847,51.5046550759165,0.828411645965039,1
0.17141869695764847,51.5046550759165,0.828411645965039,1
0.17141869695764847,51.5046550759165,0.828411645965039,1
0.17141869695764847,51.5046550759165,0.828411645965039,1
0.15689493274113547,51.08505600274879,0.831905529205275,1
0.15689493274113547,51.08505600274879,0.831905529205275,1
0.15689493274113547,51.08505600274879,0.831905529205275,1
0.15689493274113547,51.08505600274879,0.831905529205275,1
0.151425584604202,51.30048732572465,0.8365732010890652,1
0.16020183614752131,51.30393149038949,0.813870482548603,1
0.16020183614752131,51.30393149038949,0.813870482548603,1
0.16020183614752131,51.30393149038949,0.813870482548603,1
0.16020183614752131,51.30393149038949,0.813870482548603,1
0.16327813882991882,51.35738405188346,0.8166562571970407,1
0.142235502030273,52.58876229882974,0.8025618745266587,1
0.142235502030273,52.58876229882974,0.8025618745266587,1
0.142235502030273,52.58876229882974,0.8025618745266587,1
0.14624329375970374,53.085418596980574,0.7993745138504664,1
0.14637764326444316,52.863430486669095,0.7883796266844606,1
0.15557833639103452,52.49393210757181,0.784266071878498,1
0.15557833639103452,52.49393210757181,0.784266071878498,1
0.15557833639103452,52.49393210757181,0.784266071878498,1
0.1569507132780638,52.705266073146795,0.8177045162088188,1
0.16302975253082233,52.208723540486936,0.8383938299018429,1
0.16930675021088362,51.596692950668974,0.8478910010882882,1
0.17277884400494106,51.646613903002674,0.839349918714056,1
0.17544998631874625,51.973030766256784,0.8105837328080958,1
0.17544998631874625,51.973030766256784,0.8105837328080958,1
0.16983882640042797,51.73010762577433,0.8189606499368782,1
0.1675667203412419,51.81577919309006,0.8218555692308057,1
0.1675667203412419,51.81577919309006,0.8218555692308057,1
0.1675667203412419,51.81577919309006,0.8218555692308057,1
0.1751638962176269,51.66528724098638,0.820527939257029,1
0.1725775714584622,51.78482243142089,0.8393736003165553,1
0.17100423435704415,52.411042670974545,0.8084781426207657,1
0.17100423435704415,52.411042670974545,0.8084781426207657,1
0.1621308505249622,52.18213969561927,0.8112415235614677,1
0.1620383731539173,52.55699286731129,0.8203020084779407,1
0.1620383731539173,52.55699286731129,0.8203020084779407,1
0.15503900160296394,52.49899140061103,0.8223713172506346,1
0.1605219064452337,52.22684862846255,0.8081990453023947,1
0.1605219064452337,52.22684862846255,0.8081990453023947,1
0.130201278964983,52.20676546072374,0.8157902045956532,1
0.130201278964983,52.20676546072374,0.8157902045956532,1
0.130201278964983,52.20676546072374,0.8157902045956532,1
0.130201278964983,52.20676546072374,0.8157902045956532,1
0.130201278964983,52.20676546072374,0.8157902045956532,1
0.13945196327684414,52.40949607849909,0.8134952691984271,1
0.14257361675142227,52.42441639640252,0.7813345968512454,1
0.12373827016011515,53.14279198914099,0.7859656814689143,1
0.1399427808991972,53.193428938795826,0.8142573860185445,1
0.14222986199338963,53.039751169715764,0.8360065267446652,1
0.12857226036786626,52.77382722494464,0.827352769560639,1
0.12857226036786626,52.77382722494464,0.827352769560639,1
0.11964690657423506,51.25037771324273,0.8794050487875978,1
0.11964690657423506,51.25037771324273,0.8794050487875978,1
0.1320236333424873,50.63014736275309,0.8900623198161863,1
0.14722166071222906,50.65954160706176,0.8726468566884618,1
0.14722166071222906,50.65954160706176,0.8726468566884618,1
0.14722166071222906,50.65954160706176,0.8726468566884618,1
0.14722166071222906,50.65954160706176,0.8726468566884618,1
0.1382108032275018,49.98555374912039,0.8851570495408184,1
0.1279506160389199,49.526127288263154,0.9076889782944515,1
0.13799272089281422,48.63051264743138,0.9131616784837264,1
0.13401790199205768,48.94580400845758,0.9061961179507375,1
0.11082563298774908,48.76160090192887,0.8887488533044087,1
0.11082563298774908,48.76160090192887,0.8887488533044087,1
0.10393203146588675,49.24154553329618,0.8756500313162479,1
0.10393203146588675,49.24154553329618,0.8756500313162479,1
0.10393203146588675,49.24154553329618,0.8756500313162479,1
0.09763930799550281,48.988127184104194,0.8993335327911783,1
0.076153756511205,49.06634673808901,0.8731947921808063,1
0.076153756511205,49.06634673808901,0.8731947921808063,1
0.076153756511205,49.06634673808901,0.8731947921808063,1
0.076153756511205,49.06634673808901,0.8731947921808063,1
0.08160230904370333,49.662013264276695,0.8920537389559476,1
0.08160230904370333,49.662013264276695,0.8920537389559476,1
0.08160230904370333,49.662013264276695,0.8920537389559476,1
0.07111102376982413,49.518634679450074,0.8907517336853044,1
0.07111102376982413,49.518634679450074,0.8907517336853044,1
0.07111102376982413,49.518634679450074,0.8907517336853044,1
0.07111102376982413,49.518634679450074,0.8907517336853044,1
0.07083739587819177,50.23112589532249,0.8700169604895566,1
0.07083739587819177,50.23112589532249,0.8700169604895566,1
0.07083739587819177,50.23112589532249,0.8700169604895566,1
0.07083739587819177,50.23112589532249,0.8700169604895566,1
0.07083739587819177,50.23112589532249,0.8700169604895566,1
0.07083739587819177,50.23112589532249,0.8700169604895566,1
0.07083739587819177,50.23112589532249,0.8700169604895566,1
0.07949350207440356,50.35496949039489,0.8581570708745566,1
0.07168614966490591,50.65209377741372,0.8693746581200172,1
0.07168614966490591,50.65209377741372,0.8693746581200172,1
0.0748928747464315,50.60908417303935,0.8857693809982737,1
0.08060981398895957,50.83994576247494,0.8779037213130546,1
0.08060981398895957,50.83994576247494,0.8779037213130546,1
0.07158215609875654,50.321480613299165,0.8754201703327844,1
0.057698884260321756,51.06364099803308,0.8433198352357332,1
0.057698884260321756,51.06364099803308,0.8433198352357332,1
0.057698884260321756,51.06364099803308,0.8433198352357332,1
0.07413993223204927,50.70216357462669,0.8708806345573574,1
0.07413993223204927,50.70216357462669,0.8708806345573574,1
0.09189050858045883,51.07418562060528,0.869961300233629,1
0.09189050858045883,51.07418562060528,0.869961300233629,1
0.08723236914609386,50.817871973799456,0.8776786652319334,1
0.08723236914609386,50.817871973799456,0.8776786652319334,1
0.08375189659714802,50.59623862832862,0.844350132837752,1
0.08945184080463309,50.30079716179637,0.8769722805533282,1
0.08945184080463309,50.30079716179637,0.8769722805533282,1
0.08945184080463309,50.30079716179637,0.8769722805533282,1
0.08945184080463309,50.30079716179637,0.8769722805533282,1
0.08448422950114047,50.665917563154665,0.8670242154664325,1
0.08603221163054137,49.93382805410734,0.860890187738839,1
0.08603221163054137,49.93382805410734,0.860890187738839,1
0.08603221163054137,49.93382805410734,0.860890187738839,1
0.08603221163054137,49.93382805410734,0.860890187738839,1
0.08603221163054137,49.93382805410734,0.860890187738839,1
0.10391289643228967,49.64776837495711,0.8816709054689168,1
0.09730842471047312,49.81300182635749,0.8684518418714543,1
0.09012625748280574,50.32988228039889,0.8877311370880908,1
0.09420891592843955,49.68210401917873,0.8617601956731841,1
0.07312435785241685,50.84955114818501,0.8530550970826559,1
0.07312435785241685,50.84955114818501,0.8530550970826559,1
0.06481787973334062,50.739859675995234,0.8637621555608881,1
0.06481787973334062,50.739859675995234,0.8637621555608881,1
0.06481787973334062,50.739859675995234,0.8637621555608881,1
0.05521546876165784,50.72931649408474,0.8512830612192225,1
0.05521546876165784,50.72931649408474,0.8512830612192225,1
0.05521546876165784,50.72931649408474,0.8512830612192225,1
0.06743590628073269,50.371595984077196,0.8729200464338422,1
0.050536082812802086,50.42706938134011,0.8795434025359786,1
0.05411752476976695,50.085480669443385,0.8641792719084581,1
0.04211653599318861,50.080249210246855,0.8705212179970839,1
0.04211653599318861,50.080249210246855,0.8705212179970839,1
0.04566665871182058,50.41443628114688,0.881782989387773,1
0.04346013651047021,50.83406696860828,0.8611079791082749,1
0.05223559691940762,50.510306617527384,0.8626750659315532,1
0.038878832815534746,50.80847251617079,0.8604513913931419,1
0.038878832815534746,50.80847251617079,0.8604513913931419,1
0.043697328422560376,50.65125678838371,0.8831498784646635,1
0.02492561087179678,50.944257708916766,0.876780968663567,1
0.02492561087179678,50.944257708916766,0.876780968663567,1
0.021959979473115274,51.414872184413525,0.8723529958181793,1
0.021959979473115274,51.414872184413525,0.8723529958181793,1
0.021959979473115274,51.414872184413525,0.8723529958181793,1
0.013900601064580548,52.306509015658676,0.8269214767276389,1
0.009864119353231688,51.490657933676246,0.82915675549393,1
0.0026269568204291306,51.54928157428754,0.8220464507012966,1
0.0026269568204291306,51.54928157428754,0.8220464507012966,1
0.0026269568204291306,51.54928157428754,0.8220464507012966,1
0.0026269568204291306,51.54928157428754,0.8220464507012966,1
0.0026269568204291306,51.54928157428754,0.8220464507012966,1
0.0026269568204291306,51.54928157428754,0.8220464507012966,1
0.0026269568204291306,51.54928157428754,0.8220464507012966,1
0.0026269568204291306,51.54928157428754,0.8220464507012966,1
0.0026269568204291306,51.54928157428754,0.8220464507012966,1
0.0026269568204291306,51.54928157428754,0.8220464507012966,1
0.0026269568204291306,51.54928157428754,0.8220464507012966,1
0.00296989720547237,52.111866176320135,0.8621751791905812,1
0.00296989720547237,52.111866176320135,0.8621751791905812,1
0.0021264946629585457,51.94695966529071,0.8466013239168843,1
0.015820014124164623,51.66832623745497,0.8506410710839722,1
0.015820014124164623,51.66832623745497,0.8506410710839722,1
0.015820014124164623,51.66832623745497,0.8506410710839722,1
0.015820014124164623,51.66832623745497,0.8506410710839722,1
0.026365011315549462,52.40884441262411,0.8577095224421103,1
0.026365011315549462,52.40884441262411,0.8577095224421103,1
0.026365011315549462,52.40884441262411,0.8577095224421103,1
0.026365011315549462,52.40884441262411,0.8577095224421103,1
0.04788248779963015,52.730563762393864,0.8267340507046873,1
0.04788248779963015,52.730563762393864,0.8267340507046873,1
0.04788248779963015,52.730563762393864,0.8267340507046873,1
0.04788248779963015,52.730563762393864,0.8267340507046873,1
0.05756551453145226,52.886276517672414,0.8264011704362642,1
0.044734362801856976,52.60511905920371,0.8176195713637033,1
0.056930177454455715,52.87914700125153,0.8226083262531365,1
0.056930177454455715,52.87914700125153,0.8226083262531365,1
0.056930177454455715,52.87914700125153,0.8226083262531365,1
0.056930177454455715,52.87914700125153,0.8226083262531365,1
0.05928637099383997,52.704318395391645,0.8147533922474022,1
0.06647821715562013,52.505017502418326,0.8339437275889338,1
0.059717027226110234,52.21619710265629,0.8487446533344293,1
0.05252997929158394,51.34046139869524,0.8317641068185567,1
0.05252997929158394,51.34046139869524,0.8317641068185567,1
0.04644296567305141,51.76388093209769,0.8378215919266583,1
0.03514836076263056,51.7755699286761,0.8442930224438673,1
0.016737346370102244,50.99881091710423,0.8918777045240631,1
0.016737346370102244,50.99881091710423,0.8918777045240631,1
0.016737346370102244,50.99881091710423,0.8918777045240631,1
0.016737346370102244,50.99881091710423,0.8918777045240631,1
0.016737346370102244,50.99881091710423,0.8918777045240631,1
0.022685694826047924,51.13558593730662,0.891055600218024,1
0.013364769648170011,51.756170068856676,0.8582536923402153,1
0.013364769648170011,51.756170068856676,0.8582536923402153,1
0.01657731304958211,50.978977037978225,0.8752805694431834,1
0.004273041983521889,50.0599281486979,0.8642970054234443,1
0.017251737220060216,50.889672905255566,0.8711776005749563,1
0.020493703486224785,50.32512696361817,0.8758463075615032,1
0.017209896169648534,50.469303444181335,0.8673568984129881,1
0.017209896169648534,50.469303444181335,0.8673568984129881,1
0.017209896169648534,50.469303444181335,0.8673568984129881,1
0.017209896169648534,50.469303444181335,0.8673568984129881,1
0.008225716748530239,51.19839105277962,0.874822103064194,1
0.008225716748530239,51.19839105277962,0.874822103064194,1
0.008225716748530239,51.19839105277962,0.874822103064194,1
0.008225716748530239,51.19839105277962,0.874822103064194,1
0.008480717018784294,51.72487738094458,0.8927762285932934,1
0.014697362631295778,51.25513950316224,0.892547116745759,1
0.014697362631295778,51.25513950316224,0.892547116745759,1
0.002218391773729244,50.650411989720375,0.9014869267041108,1
0.002218391773729244,50.650411989720375,0.9014869267041108,1
0.0031923105985468495,50.77388239522077,0.8992936481986188,1
0.0031923105985468495,50.77388239522077,0.8992936481986188,1
0.0031923105985468495,50.77388239522077,0.8992936481986188,1
0.0031923105985468495,50.77388239522077,0.8992936481986188,1
0.0031923105985468495,50.77388239522077,0.8992936481986188,1
0.0031923105985468495,50.77388239522077,0.8992936481986188,1
0.0031923105985468495,50.77388239522077,0.8992936481986188,1
0.016060614449801426,50.0156550256978,0.8838946637073568,1
0.016060614449801426,50.0156550256978,0.8838946637073568,1
0.016060614449801426,50.0156550256978,0.8838946637073568,1
0.016060614449801426,50.0156550256978,0.8838946637073568,1
0.029493442668161805,49.146634603178384,0.8860489164990017,1
0.02779107501403889,48.96606295367961,0.881718123876436,1
0.03734559250925746,50.05536685126271,0.8774309111663978,1
0.03166750712931723,49.804740732046895,0.8760527192676827,1
0.04500485051803214,50.195619161899764,0.8832378996864186,1
0.04500485051803214,50.195619161899764,0.8832378996864186,1
0.04500485051803214,50.195619161899764,0.8832378996864186,1
0.04500485051803214,50.195619161899764,0.8832378996864186,1
0.04500485051803214,50.195619161899764,0.8832378996864186,1
0.031601693484753536,50.05711263870092,0.8967297544312811,1
0.03318823059143875,49.63873281016979,0.8782766058791436,1
0.03318823059143875,49.63873281016979,0.8782766058791436,1
0.021044241492238144,49.51501545162798,0.9003477793558996,1
0.021044241492238144,49.51501545162798,0.9003477793558996,1
0.030431364452269204,49.7276350146869,0.8999538254231781,1
0.030431364452269204,49.7276350146869,0.8999538254231781,1
0.01170646473381836,50.218639006368605,0.9106032792755097,1
0.01170646473381836,50.218639006368605,0.9106032792755097,1
0.014069296983334673,50.31647388714334,0.8774208845555459,1
0.007882596925877883,50.935670947536174,0.8579144826459739,1
0.024584238341273372,50.121496916381666,0.8531325581499225,1
0.027295195242290994,50.010470016183405,0.8804529236317966,1
0.027295195242290994,50.010470016183405,0.8804529236317966,1
0.02763631449888616,49.76518531557446,0.9075722477280616,1
0.02763631449888616,49.76518531557446,0.9075722477280616,1
0.028725272479225326,49.98153871438865,0.8821736117965948,1
0.028725272479225326,49.98153871438865,0.8821736117965948,1
0.028725272479225326,49.98153871438865,0.8821736117965948,1
0.028725272479225326,49.98153871438865,0.8821736117965948,1
0.028725272479225326,49.98153871438865,0.8821736117965948,1
0.028704156862328124,50.54192528297356,0.8520027329215658,1
0.028704156862328124,50.54192528297356,0.8520027329215658,1
0.028704156862328124,50.54192528297356,0.8520027329215658,1
0.028704156862328124,50.54192528297356,0.8520027329215658,1
0.026801058043291755,50.705405319814,0.8491991250017958,1
0.021253741381903588,50.01472190638896,0.8680529196630944,1
0.021253741381903588,50.01472190638896,0.8680529196630944,1
0.021253741381903588,50.01472190638896,0.8680529196630944,1
0.003722992702285193,50.361766441992245,0.8614660539441054,1
0.003722992702285193,50.361766441992245,0.8614660539441054,1
0.010163604597783944,50.839151493246135,0.8682355381938043,1
0.01994026160192306,50.81267657919083,0.8702684294148483,1
0.01994026160192306,50.81267657919083,0.8702684294148483,1
0.01994026160192306,50.81267657919083,0.8702684294148483,1
0.01994026160192306,50.81267657919083,0.8702684294148483,1
0.03453324521453504,50.74925732813931,0.8714456273663382,1
0.03235050167168896,50.66379284472978,0.8729156431389866,1
0.03234920866687546,50.958166019882626,0.8740915968004546,1
0.03234920866687546,50.958166019882626,0.8740915968004546,1
0.033567553676056,50.95005157057214,0.8506535950226505,1
0.033567553676056,50.95005157057214,0.8506535950226505,1
0.033567553676056,50.95005157057214,0.8506535950226505,1
0.01496179413664599,50.833968924030515,0.8735980849555359,1
0.01496179413664599,50.833968924030515,0.8735980849555359,1
0.002574576217822899,51.336881850814024,0.8612145704929325,1
0.002574576217822899,51.336881850814024,0.8612145704929325,1
0.002574576217822899,51.336881850814024,0.8612145704929325,1
0.0012955016350107353,50.92540719236949,0.8721153518307261,1
0.006904709168987044,50.67451793747606,0.8775446360038784,1
0.006904709168987044,50.67451793747606,0.8775446360038784,1
0.006904709168987044,50.67451793747606,0.8775446360038784,1
0.0029130426359237635,50.36272901091502,0.8856427724097966,1
0.0029130426359237635,50.36272901091502,0.8856427724097966,1
0.015829471495924917,50.077860878272205,0.8746647995174485,1
0.008106693942058357,50.22913650394527,0.8561903399700199,1
0.008106693942058357,50.22913650394527,0.8561903399700199,1
0.008811463346161598,50.39541680978104,0.8764298804737539,1
0.008811463346161598,50.39541680978104,0.8764298804737539,1
0.006967647552978783,50.6001032668751,0.872727003776114,1
0.011003393251457466,50.53158266060861,0.8809693846706804,1
0.011003393251457466,50.53158266060861,0.8809693846706804,1
0.01381990028440448,50.205161106750026,0.8637686432202967,1
0.01381990028440448,50.205161106750026,0.8637686432202967,1
0.006714267273978498,50.555168943802805,0.8690970824318244,1
0.007375260789634999,50.9291413108157,0.8777747659673215,1
0.007375260789634999,50.9291413108157,0.8777747659673215,1
0.007375260789634999,50.9291413108157,0.8777747659673215,1
0.007300117788503059,50.37338466353828,0.895124993905018,1
0.018989560092051244,50.30448757583054,0.864699772378603,1
0.005022753758552703,50.764514251249715,0.8429687766734221,1
0.005022753758552703,50.764514251249715,0.8429687766734221,1
0.0121115244727442,50.84678770590951,0.8632699043013145,1
0.0121115244727442,50.84678770590951,0.8632699043013145,1
0.0121115244727442,50.84678770590951,0.8632699043013145,1
0.0026711694143585,50.995129245584316,0.863953051108951,1
0.0034303849996043714,50.806389491445564,0.8664267927557205,1
0.0007508610870603097,51.097883458523306,0.857864760515138,1
0.0007785018223741573,50.698829732204935,0.8537996944272344,1
0.0007785018223741573,50.698829732204935,0.8537996944272344,1
0.0007785018223741573,50.698829732204935,0.8537996944272344,1
0.0007785018223741573,50.698829732204935,0.8537996944272344,1
0.0007785018223741573,50.698829732204935,0.8537996944272344,1
0.005975788152236606,50.949213250301355,0.8695404157006834,1
0.005975788152236606,50.949213250301355,0.8695404157006834,1
0.005975788152236606,50.949213250301355,0.8695404157006834,1
0.005975788152236606,50.949213250301355,0.8695404157006834,1
0.005394853607854101,51.512210234372276,0.836598941815806,1
0.005394853607854101,51.512210234372276,0.836598941815806,1
0.005394853607854101,51.512210234372276,0.836598941815806,1
0.005394853607854101,51.512210234372276,0.836598941815806,1
0.02559783494352778,52.18813719598613,0.8346715735865617,1
0.02559783494352778,52.18813719598613,0.8346715735865617,1
0.02559783494352778,52.18813719598613,0.8346715735865617,1
0.03480320858154985,51.598182468684634,0.8472812740626295,1
0.03550512148992195,51.73295646495514,0.8708315121256411,1
0.033510327702914115,52.13917350081365,0.86608709912651,1
0.035259596568508834,51.811940857374445,0.8455858424560405,1
0.025369524320312094,53.00121258029742,0.8500759385728026,1
0.025369524320312094,53.00121258029742,0.8500759385728026,1
0.01211694365162405,52.467580117694126,0.8444766816470131,1
0.01211694365162405,52.467580117694126,0.8444766816470131,1
0.01211694365162405,52.467580117694126,0.8444766816470131,1
0.01211694365162405,52.467580117694126,0.8444766816470131,1
0.010186298340097624,51.91743411203953,0.8209336659655693,1
0.023402687054044177,52.63421786482136,0.8266439637213153,1
0.0189406714511191,52.40784903637976,0.8456067938377292,1
0.0189406714511191,52.40784903637976,0.8456067938377292,1
0.0189406714511191,52.40784903637976,0.8456067938377292,1
0.023375656774641384,52.22400921020547,0.8428534189448412,1
0.03730413046677261,53.026956188942776,0.8259705613934644,1
0.028109868323718694,52.647719215240215,0.8282970489591932,1
0.028109868323718694,52.647719215240215,0.8282970489591932,1
0.019589950068211855,52.87425103775334,0.843122643419848,1
0.026947439898939836,52.69382134357472,0.8268575005243362,1
0.026947439898939836,52.69382134357472,0.8268575005243362,1
0.026947439898939836,52.69382134357472,0.8268575005243362,1
0.01570522235186765,52.118275412688845,0.8470466712034384,1
0.01570522235186765,52.118275412688845,0.8470466712034384,1
0.013487206356563416,52.616425837940795,0.8406628723471373,1
0.022140013583862916,52.95616850654693,0.8259224467590894,1
0.022140013583862916,52.95616850654693,0.8259224467590894,1
0.022140013583862916,52.95616850654693,0.8259224467590894,1
0.022140013583862916,52.95616850654693,0.8259224467590894,1
0.005176862220074897,52.450718792249745,0.8489619014790338,1
0.005176862220074897,52.450718792249745,0.8489619014790338,1
0.005176862220074897,52.450718792249745,0.8489619014790338,1
0.005176862220074897,52.450718792249745,0.8489619014790338,1
0.017876898213921223,52.67554462097309,0.8422661867201315,1
0.017876898213921223,52.67554462097309,0.8422661867201315,1
0.005629308949348325,52.00039008120116,0.8449728834738108,1
0.007173152485188189,52.15619723740977,0.8355537604443616,1
0.007173152485188189,52.15619723740977,0.8355537604443616,1
0.007173152485188189,52.15619723740977,0.8355537604443616,1
0.007173152485188189,52.15619723740977,0.8355537604443616,1
0.007173152485188189,52.15619723740977,0.8355537604443616,1
0.007173152485188189,52.15619723740977,0.8355537604443616,1
0.007173152485188189,52.15619723740977,0.8355537604443616,1
0.007173152485188189,52.15619723740977,0.8355537604443616,1
0.007173152485188189,52.15619723740977,0.8355537604443616,1
0.005473102827474176,52.13578580919374,0.8472553815635222,1
0.0028671253150038133,51.98383653772785,0.8427518055732081,1
0.0028671253150038133,51.98383653772785,0.8427518055732081,1
0.0028671253150038133,51.98383653772785,0.8427518055732081,1
0.0028671253150038133,51.98383653772785,0.8427518055732081,1
0.006505338462499973,52.13308783617036,0.8302374804570719,1
0.026074521899248023,51.82301168179084,0.8491076759142687,1
0.03878397157359078,51.51387269549541,0.8488189138918821,1
0.03878397157359078,51.51387269549541,0.8488189138918821,1
0.03878397157359078,51.51387269549541,0.8488189138918821,1
0.023810780077912156,51.05659242340555,0.8596437872140731,1
0.019838726260848538,51.01387083201696,0.8783655649147198,1
0.015062810081784173,51.017073374252384,0.8669816229745474,1
0.015062810081784173,51.017073374252384,0.8669816229745474,1
0.02791833358313332,51.071274352900055,0.8567293997922393,1
0.02791833358313332,51.071274352900055,0.8567293997922393,1
0.02791833358313332,51.071274352900055,0.8567293997922393,1
0.02791833358313332,51.071274352900055,0.8567293997922393,1
0.03721866447112198,51.50704929812641,0.8680088839032895,1
0.057463763861869216,51.71811691416709,0.8433852938386428,1
0.057463763861869216,51.71811691416709,0.8433852938386428,1
0.057463763861869216,51.71811691416709,0.8433852938386428,1
0.057463763861869216,51.71811691416709,0.8433852938386428,1
0.057463763861869216,51.71811691416709,0.8433852938386428,1
0.053654500131047285,52.20135333201243,0.8476448358808317,1
0.053654500131047285,52.20135333201243,0.8476448358808317,1
0.053654500131047285,52.20135333201243,0.8476448358808317,1
0.053654500131047285,52.20135333201243,0.8476448358808317,1
0.05228750758701715,52.30511984102863,0.816075229133892,1
0.05228750758701715,52.30511984102863,0.816075229133892,1
0.04520361707110653,51.91489840410535,0.8167862160148348,1
0.04934501233878179,52.322235455506394,0.824196506324336,1
0.04934501233878179,52.322235455506394,0.824196506324336,1
0.04934501233878179,52.322235455506394,0.824196506324336,1
0.04934501233878179,52.322235455506394,0.824196506324336,1
0.02335208613927483,52.54890755032088,0.8483850501922465,1
0.02335208613927483,52.54890755032088,0.8483850501922465,1
0.02185183088624667,52.56067331472957,0.8271361102536164,1
0.02185183088624667,52.56067331472957,0.8271361102536164,1
0.014210146357083075,52.349154875565,0.8371333541953042,1
0.01779380941366216,52.561993087987496,0.8405792218959731,1
0.01779380941366216,52.561993087987496,0.8405792218959731,1
0.021879396533997758,52.34763445097274,0.8277886011233917,1
0.019478748164045098,51.35190229129652,0.8473335712546888,1
0.03338530767022866,51.594620904517136,0.8630244242971226,1
0.04637968711633073,51.965906501847556,0.868948043317952,1
0.04637968711633073,51.965906501847556,0.868948043317952,1
0.04777765607667691,52.20960722431797,0.840687126742785,1
0.05433676152946386,51.46108685957751,0.8435491761988523,1
0.06234312750656894,51.25577609014463,0.8448725870955859,1
0.07803720298249077,50.70096359176826,0.8732375160766609,1
0.08976045198158639,50.66705142735184,0.8827164471813038,1
0.0840927295249872,50.934922829340636,0.8625637608340793,1
0.08336646411977579,50.8581490764203,0.8618073330621698,1
0.08336646411977579,50.8581490764203,0.8618073330621698,1
0.08803323078141524,50.1686042053634,0.864603876462711,1
0.08803323078141524,50.1686042053634,0.864603876462711,1
0.08803323078141524,50.1686042053634,0.864603876462711,1
0.07690991183502872,50.02283371155928,0.8794017275188668,1
0.07690991183502872,50.02283371155928,0.8794017275188668,1
0.07848052619600787,49.543333410824815,0.9047774477101662,1
0.07004794987285964,49.24122934562864,0.8853867549446776,1
0.07004794987285964,49.24122934562864,0.8853867549446776,1
0.07855351816233799,49.49784334349343,0.8651938410820129,1
0.09801373935617354,48.92156626672953,0.8730272708182051,1
0.08240767687846229,49.39356043582307,0.8613154064294204,1
0.08240767687846229,49.39356043582307,0.8613154064294204,1
0.07537162968888944,49.69140389902108,0.8753929024251577,1
0.07537162968888944,49.69140389902108,0.8753929024251577,1
0.07537162968888944,49.69140389902108,0.8753929024251577,1
0.07537162968888944,49.69140389902108,0.8753929024251577,1
0.09037716455797046,49.60204131219059,0.8403646582846885,1
0.09037716455797046,49.60204131219059,0.8403646582846885,1
0.09810280773923391,49.406083191585346,0.8451098006880757,1
0.0909939199472288,49.2562752361062,0.8435959020244883,1
0.09353992575217929,49.36808635038964,0.848237965136279,1
0.07469483045699353,50.266610310698994,0.8516805520429068,1
0.07469483045699353,50.266610310698994,0.8516805520429068,1
0.05756581290121074,49.932727859072784,0.8617737921682064,1
0.05756581290121074,49.932727859072784,0.8617737921682064,1
0.05756581290121074,49.932727859072784,0.8617737921682064,1
0.05756581290121074,49.932727859072784,0.8617737921682064,1
0.05756581290121074,49.932727859072784,0.8617737921682064,1
0.052347672059140905,50.162265674067186,0.8624031218152481,1
0.06278697660407086,50.122726443432384,0.8803961852403589,1
0.07588294321641952,50.55363822351596,0.9003063195825697,1
0.09032187256275608,50.085594296086455,0.8698683934968829,1
0.09032187256275608,50.085594296086455,0.8698683934968829,1
0.09032187256275608,50.085594296086455,0.8698683934968829,1
0.09668410387113201,49.65833894680971,0.9007595643622285,1
0.11520421201386544,49.573520580233705,0.9008897352321993,1
0.10466918837390801,50.08377212817143,0.9021471598254389,1
0.10466918837390801,50.08377212817143,0.9021471598254389,1
0.11366288873786602,49.85149510083509,0.9136721518716506,1
0.11366288873786602,49.85149510083509,0.9136721518716506,1
0.11366288873786602,49.85149510083509,0.9136721518716506,1
0.11366288873786602,49.85149510083509,0.9136721518716506,1
0.11366288873786602,49.85149510083509,0.9136721518716506,1
0.11366288873786602,49.85149510083509,0.9136721518716506,1
0.09572857138550653,50.10496875901908,0.9230811371910773,1
0.09572857138550653,50.10496875901908,0.9230811371910773,1
0.08960111464883704,50.69523888494029,0.9009821745980909,1
0.08043658888818321,52.17391588142305,0.8501941274726187,1
0.09537280320907766,52.29341829640603,0.8390327108905825,1
0.09537280320907766,52.29341829640603,0.8390327108905825,1
0.08571020783381907,52.117885385340614,0.8341174510845284,1
0.08905078020191845,51.74000332828856,0.8328493906006731,1
0.08905078020191845,51.74000332828856,0.8328493906006731,1
0.08501706284099629,51.26186806592252,0.8289372860347735,1
0.09194287937660946,51.22795739182959,0.8408141817227358,1
0.09747597478504373,51.65261462225873,0.8388144985137013,1
0.10199386073937268,52.065809560807466,0.8225034943985415,1
0.10199386073937268,52.065809560807466,0.8225034943985415,1
0.10199386073937268,52.065809560807466,0.8225034943985415,1
0.10199386073937268,52.065809560807466,0.8225034943985415,1
0.10765244866019764,51.85037360527992,0.8542764755713663,1
0.12103669307621955,51.76036338767195,0.8445467391978413,1
0.10860911151191707,51.70696146053558,0.835549507100821,1
0.10860911151191707,51.70696146053558,0.835549507100821,1
0.09895623171536634,51.45497158872503,0.8553560209704447,1
0.09895623171536634,51.45497158872503,0.8553560209704447,1
0.09227107655240334,50.82783818311687,0.8341718886344236,1
0.09227107655240334,50.82783818311687,0.8341718886344236,1
0.10458137260426024,51.20185199763777,0.8669197855902384,1
0.1047166221213808,50.55833246444535,0.8748779929898118,1
0.11979865067977336,50.886465769821726,0.8624855103043075,1
0.11044439347241738,51.06476840721526,0.8550954548642634,1
0.09886978253165933,51.18051639784892,0.8494937686620132,1
0.09886978253165933,51.18051639784892,0.8494937686620132,1
0.09886978253165933,51.18051639784892,0.8494937686620132,1
0.10166927719791943,51.09040736801475,0.8597415618548043,1
0.10166927719791943,51.09040736801475,0.8597415618548043,1
0.10166927719791943,51.09040736801475,0.8597415618548043,1
0.08742577216744217,51.693716543219814,0.8272809617203969,1
0.08742577216744217,51.693716543219814,0.8272809617203969,1
0.08742577216744217,51.693716543219814,0.8272809617203969,1
0.08999890555970579,51.188054292254044,0.8235107946095215,1
0.08512747478846812,51.214108829329646,0.825523576064693,1
0.07936245503198891,51.508200479424474,0.8386992531618702,1
0.05111882596070067,51.20243737202998,0.8427942066517021,1
0.05111882596070067,51.20243737202998,0.8427942066517021,1
0.042952482361156494,51.79965222824845,0.8454479040844872,1
0.042952482361156494,51.79965222824845,0.8454479040844872,1
0.051535035095926496,51.88252965813726,0.8522385038873384,1
0.05090480893464264,52.28018531651891,0.8371733414127933,1
0.06454779911465246,52.31771801106862,0.8232795629286436,1
0.06454779911465246,52.31771801106862,0.8232795629286436,1
0.07296710127853936,52.085491496822925,0.8321596006308147,1
0.06757109626476768,51.840176848595924,0.8282182937086033,1
0.06757109626476768,51.840176848595924,0.8282182937086033,1
0.0950004466096395,52.14160770114494,0.8213963691794653,1
0.0957314850633556,51.920334858795485,0.8268851041683914,1
0.0957314850633556,51.920334858795485,0.8268851041683914,1
0.09580568764588085,51.70557197172459,0.8537034556514078,1
0.09843221539625649,51.58719368127609,0.8572435265868704,1
0.09051924675967125,51.525936317487556,0.8155786385635817,1
0.09051924675967125,51.525936317487556,0.8155786385635817,1
0.09051924675967125,51.525936317487556,0.8155786385635817,1
0.09051924675967125,51.525936317487556,0.8155786385635817,1
0.07062299085931201,51.91235259973046,0.8267124582435238,1
0.08342259905569381,51.3930822851892,0.8339965268435561,1
0.07574319049903062,52.25905386362797,0.8351658232881751,1
0.07574319049903062,52.25905386362797,0.8351658232881751,1
0.05662112432202038,52.20231457961652,0.8262874323705349,1
0.03828649073926416,52.47169695503251,0.830579804321497,1
0.03828649073926416,52.47169695503251,0.830579804321497,1
0.021690143357252556,52.82438162185084,0.8243268645143983,1
0.021690143357252556,52.82438162185084,0.8243268645143983,1
0.014760014534770782,51.965622462302036,0.8347933273530173,1
0.014760014534770782,51.965622462302036,0.8347933273530173,1
0.0033329670872655377,51.130578023827226,0.840990188999008,1
0.011141711203515352,50.377077735604495,0.8831555785789049,1
0.011141711203515352,50.377077735604495,0.8831555785789049,1
0.011141711203515352,50.377077735604495,0.8831555785789049,1
0.011141711203515352,50.377077735604495,0.8831555785789049,1
0.011141711203515352,50.377077735604495,0.8831555785789049,1
0.011141711203515352,50.377077735604495,0.8831555785789049,1
0.011141711203515352,50.377077735604495,0.8831555785789049,1
0.011141711203515352,50.377077735604495,0.8831555785789049,1
0.01824643755810305,50.14816851409219,0.8872792032395715,1
0.012752657844081817,49.76408255170776,0.8887995166638145,1
0.010392211158908869,49.75253704732802,0.9054885870913916,1
0.010392211158908869,49.75253704732802,0.9054885870913916,1
0.010392211158908869,49.75253704732802,0.9054885870913916,1
0.010392211158908869,49.75253704732802,0.9054885870913916,1
0.010392211158908869,49.75253704732802,0.9054885870913916,1
0.02301738607169044,50.28567418741647,0.8844553684290729,1
0.024887479021583715,50.79330484364254,0.8777686471164021,1
0.03835315710241398,51.01440743797767,0.8580960890706957,1
0.03835315710241398,51.01440743797767,0.8580960890706957,1
0.03835315710241398,51.01440743797767,0.8580960890706957,1
0.059651567543149306,51.14065412618029,0.866469488879579,1
0.059651567543149306,51.14065412618029,0.866469488879579,1
0.052091103081075146,50.73544493929521,0.8823104771914181,1
0.052091103081075146,50.73544493929521,0.8823104771914181,1
0.06941747841581752,49.97215277248654,0.8750261848904466,1
0.06401833492701321,50.559224002805024,0.885671801561801,1
0.06401833492701321,50.559224002805024,0.885671801561801,1
0.06401833492701321,50.559224002805024,0.885671801561801,1
0.06401833492701321,50.559224002805024,0.885671801561801,1
0.06401833492701321,50.559224002805024,0.885671801561801,1
0.06401833492701321,50.559224002805024,0.885671801561801,1
0.05084475199217242,50.46907117918564,0.8907030141957135,1
0.05084475199217242,50.46907117918564,0.8907030141957135,1
0.05084475199217242,50.46907117918564,0.8907030141957135,1
0.050712675765367095,49.46699257061538,0.8661897146902169,1
0.050712675765367095,49.46699257061538,0.8661897146902169,1
0.04315849872370058,49.507510856203005,0.8723126859526749,1
0.03888516904677686,49.32152665158531,0.9056948081492984,1
0.029397617814495673,48.96732523046123,0.9020834519765797,1
0.029397617814495673,48.96732523046123,0.9020834519765797,1
0.029397617814495673,48.96732523046123,0.9020834519765797,1
0.029397617814495673,48.96732523046123,0.9020834519765797,1
0.029397617814495673,48.96732523046123,0.9020834519765797,1
0.02340554568803676,48.89650172930551,0.891498809688622,1
0.02340554568803676,48.89650172930551,0.891498809688622,1
0.02715694370609014,48.93676023108394,0.926736814099358,1
0.02715694370609014,48.93676023108394,0.926736814099358,1
0.02715694370609014,48.93676023108394,0.926736814099358,1
0.030177705633205296,48.54216647040038,0.9297694691119944,1
0.030177705633205296,48.54216647040038,0.9297694691119944,1
0.030177705633205296,48.54216647040038,0.9297694691119944,1
0.03301625950256158,48.23425129449048,0.9306413247516537,1
0.02818692943218777,48.944272424315365,0.9209203989401707,1
0.02818692943218777,48.944272424315365,0.9209203989401707,1
0.02818692943218777,48.944272424315365,0.9209203989401707,1
0.03233742920578904,49.306436591039265,0.8762640857338974,1
0.03233742920578904,49.306436591039265,0.8762640857338974,1
0.050567713827907965,49.38776585236631,0.8946785788976833,1
0.05254747193002614,49.102299833638085,0.8993803310313365,1
0.05254747193002614,49.102299833638085,0.8993803310313365,1
0.05254747193002614,49.102299833638085,0.8993803310313365,1
0.05249140520986352,49.393631696883645,0.9170704062842997,1
0.06058646510251971,50.028000253616106,0.906792650759354,1
0.06958417405472811,49.88368516018481,0.9070132053522763,1
0.07881081683082342,50.157984928799905,0.9064981020925394,1
0.09232866707760488,50.27367513579242,0.8894519271207395,1
0.07418544936990433,50.2419496216789,0.8877400947223206,1
0.07418544936990433,50.2419496216789,0.8877400947223206,1
0.07418544936990433,50.2419496216789,0.8877400947223206,1
0.08222920367285835,50.12199671857945,0.8458441837679664,1
0.0877972762211568,50.40632659620912,0.8536788805117285,1
0.0877972762211568,50.40632659620912,0.8536788805117285,1
0.08229499986163563,50.538241404495025,0.8640903201675085,1
0.0884319960312717,50.84092392319265,0.8776770539997473,1
0.0884319960312717,50.84092392319265,0.8776770539997473,1
0.0985024118017653,50.38610817452793,0.8819352406515619,1
0.09353982977215428,50.87186068441184,0.8632961070349823,1
0.09076479023592313,50.833475395050975,0.8561883802906078,1
0.09076479023592313,50.833475395050975,0.8561883802906078,1
0.08618154798827728,51.156477422054174,0.8502058847555547,1
0.06973275434430724,50.97596156661495,0.8365360442618458,1
0.06912173746699594,50.33268171878661,0.8548261551807871,1
0.06912173746699594,50.33268171878661,0.8548261551807871,1
0.08337455171767301,50.606397138619705,0.8646522191235126,1
0.0815080797833803,51.13775757793669,0.8539926677530358,1
0.0815080797833803,51.13775757793669,0.8539926677530358,1
0.08359179002707551,52.01366244390023,0.8508994665548582,1
0.06455453407578704,51.23226652842894,0.8262889496086496,1
0.06455453407578704,51.23226652842894,0.8262889496086496,1
0.06718860885653241,51.187195220963886,0.8616970641073218,1
0.06718860885653241,51.187195220963886,0.8616970641073218,1
0.06718860885653241,51.187195220963886,0.8616970641073218,1
0.06718860885653241,51.187195220963886,0.8616970641073218,1
0.0729786814355104,51.245274315827054,0.8575177580386324,1
0.07166784399525604,51.22167696952885,0.8242022986371449,1
0.07166784399525604,51.22167696952885,0.8242022986371449,1
0.07166784399525604,51.22167696952885,0.8242022986371449,1
0.07166784399525604,51.22167696952885,0.8242022986371449,1
0.07166784399525604,51.22167696952885,0.8242022986371449,1
0.07111591850452524,51.58683944064861,0.8386221148841454,1
0.07111591850452524,51.58683944064861,0.8386221148841454,1
0.07111591850452524,51.58683944064861,0.8386221148841454,1
0.05687679467302011,51.45184636599219,0.8455832213436193,1
0.048397535944880776,51.380965447038704,0.8504507297590396,1
0.05273854461328417,51.18640649701955,0.8602662740950243,1
0.05273854461328417,51.18640649701955,0.8602662740950243,1
0.05969462219166958,51.04155050628635,0.852776670309165,1
0.059213634353527375,51.24940341186507,0.8553837172242587,1
0.03613425139674947,51.18026285336751,0.8642047691130534,1
0.04948496938401873,51.083608684938376,0.879295045462438,1
0.04948496938401873,51.083608684938376,0.879295045462438,1
0.04948496938401873,51.083608684938376,0.879295045462438,1
0.0466282252000569,51.563490252544426,0.8482855173805607,1
0.0466282252000569,51.563490252544426,0.8482855173805607,1
0.04635119861783584,51.915556382685374,0.8410637450559807,1
0.04635119861783584,51.915556382685374,0.8410637450559807,1
0.04635119861783584,51.915556382685374,0.8410637450559807,1
0.04635119861783584,51.915556382685374,0.8410637450559807,1
0.058636314630431376,51.6143752052982,0.8284474081030482,1
0.058636314630431376,51.6143752052982,0.8284474081030482,1
0.05338654450981459,51.2571036133306,0.8280604278035464,1
0.052410567164156985,52.02627244215021,0.8332927746124629,1
0.052410567164156985,52.02627244215021,0.8332927746124629,1
0.052410567164156985,52.02627244215021,0.8332927746124629,1
0.052410567164156985,52.02627244215021,0.8332927746124629,1
0.04194941926049225,51.49298411863366,0.8372830049555606,1
0.04194941926049225,51.49298411863366,0.8372830049555606,1
0.04051065860574794,51.03781497197644,0.8293455540591311,1
0.03355337074621031,51.44410949882648,0.8211473590034651,1
0.03355337074621031,51.44410949882648,0.8211473590034651,1
0.03158929165853229,52.27679765777108,0.813053244741181,1
0.03158929165853229,52.27679765777108,0.813053244741181,1
0.03158929165853229,52.27679765777108,0.813053244741181,1
0.03158929165853229,52.27679765777108,0.813053244741181,1
0.03829600045134389,52.87895673076778,0.8108948133018096,1
0.03148323939918638,53.003239537609176,0.8225844636906485,1
0.03148323939918638,53.003239537609176,0.8225844636906485,1
0.040309026334680906,53.084902060728716,0.8065061635847691,1
0.03052561521051788,52.7222786909281,0.8166842111463516,1
0.03052561521051788,52.7222786909281,0.8166842111463516,1
0.03052561521051788,52.7222786909281,0.8166842111463516,1
0.018437191160123594,52.26372364800909,0.812862448872917,1
0.018437191160123594,52.26372364800909,0.812862448872917,1
0.018437191160123594,52.26372364800909,0.812862448872917,1
0.02258508239507063,52.37209592609634,0.8124760310094649,1
0.01937806984099544,52.46730492278772,0.8291959613554867,1
0.01937806984099544,52.46730492278772,0.8291959613554867,1
0.023200277285156543,52.21166450331581,0.7968522435859257,1
0.03408478179233667,52.60453145065763,0.8257638669801466,1
0.03408478179233667,52.60453145065763,0.8257638669801466,1
0.03434068316029664,52.499288034375475,0.82063308469054,1
0.03314795524019438,52.14343348101351,0.8258576995449414,1
0.04143894028746769,51.7634515320049,0.8300443337390269,1
0.040794796412148025,50.736078389747355,0.8458922305317399,1
0.040794796412148025,50.736078389747355,0.8458922305317399,1
0.04755142544134869,50.93848285703475,0.8520446131255819,1
0.04755142544134869,50.93848285703475,0.8520446131255819,1
0.04372996161773512,51.299579951931804,0.8654302527745603,1
0.045088018662241415,50.69027429592216,0.8543705305951091,1
0.05428642414856302,50.37124863933595,0.8621907531037447,1
0.05428642414856302,50.37124863933595,0.8621907531037447,1
0.05428642414856302,50.37124863933595,0.8621907531037447,1
0.05117000505854376,50.285163082408644,0.8695077440348687,1
0.05636686580778838,51.60511953072096,0.8666168347542033,1
0.06186010936522985,51.495154709699776,0.8673916574864706,1
0.05619274021624038,50.66723829797408,0.8562208152279835,1
0.05619274021624038,50.66723829797408,0.8562208152279835,1
0.0420931807938268,51.34062715140994,0.8730045426355008,1
0.04678519255840347,50.856238190801584,0.8523409439513379,1
0.043171697282352955,51.02718034233959,0.8698431775422791,1
0.043171697282352955,51.02718034233959,0.8698431775422791,1
0.04443711719593632,51.41396749823479,0.8678692548910274,1
0.04443711719593632,51.41396749823479,0.8678692548910274,1
0.04443711719593632,51.41396749823479,0.8678692548910274,1
0.04506390840392168,51.47638159140867,0.8785231882259499,1
0.04506390840392168,51.47638159140867,0.8785231882259499,1
0.06142634245415657,51.57927505137555,0.8623757633670374,1
0.06142634245415657,51.57927505137555,0.8623757633670374,1
0.07149180382642786,52.06090042682214,0.8408497481025088,1
0.08469766815251847,51.466910784543856,0.8707696167640032,1
0.10414073536767085,51.75886966658989,0.8561918204241109,1
0.10414073536767085,51.75886966658989,0.8561918204241109,1
0.10414073536767085,51.75886966658989,0.8561918204241109,1
0.1036334387485678,51.80632278988443,0.8521055610844542,1
0.11071004326590009,51.915963480979784,0.8273074789211194,1
0.13032673443841727,52.10137742150709,0.8322658462868698,1
0.1339070754467447,51.785214576582604,0.8312202801976859,1
0.14718511684538385,51.32407457762719,0.8242620705101373,1
0.14169931846562892,51.39600080580826,0.8408053085153581,1
0.13761212033895173,51.24880696717222,0.8649745852081377,1
0.13761212033895173,51.24880696717222,0.8649745852081377,1
0.12852579531345107,50.63815206070597,0.854630594846685,1
0.12852579531345107,50.63815206070597,0.854630594846685,1
0.10271881620004583,51.00778702387174,0.8529300974232891,1
0.10822366694829973,51.65734305269436,0.8427240740513334,1
0.10822366694829973,51.65734305269436,0.8427240740513334,1
0.10912668128148402,51.58541790706764,0.8349428593386816,1
0.11492316577132387,51.622841162623665,0.8059589410153398,1
0.11492316577132387,51.622841162623665,0.8059589410153398,1
0.1215687170442656,50.988009870436095,0.8200030666337309,1
0.12008652848472884,51.719328996799234,0.8091107112346391,1
0.11430865934380759,51.808624422844424,0.8070249567787949,1
0.11430865934380759,51.808624422844424,0.8070249567787949,1
0.10538549473022633,52.52404403247889,0.8177606193423762,1
0.10538549473022633,52.52404403247889,0.8177606193423762,1
0.10538549473022633,52.52404403247889,0.8177606193423762,1
0.10538549473022633,52.52404403247889,0.8177606193423762,1
0.10538549473022633,52.52404403247889,0.8177606193423762,1
0.1141132918257107,51.62378482383439,0.8331319164902034,1
0.1212255349069147,51.956526687680736,0.8278239015432917,1
0.11309562070797156,51.791248984705724,0.8209063917067088,1
0.11309562070797156,51.791248984705724,0.8209063917067088,1
0.11309562070797156,51.791248984705724,0.8209063917067088,1
0.09598886340539951,51.61913573242703,0.8287121804785752,1
0.09094413713017976,50.32117528033887,0.8441715411941543,1
0.08021991590492399,51.0745881675952,0.837257900749867,1
0.07592078952790486,51.308184097647604,0.8682393807024851,1
0.07592078952790486,51.308184097647604,0.8682393807024851,1
0.08717040378029876,52.0706198517489,0.8628514275748436,1
0.08576729534784702,51.8619404117005,0.8479198911120531,1
0.06940835977264387,51.74827298292107,0.8620298912993187,1
0.06399571593451198,51.96843510563465,0.8515566295205115,1
0.06399571593451198,51.96843510563465,0.8515566295205115,1
0.0698984463532054,51.64029658824063,0.8496947475919923,1
0.08339274474086968,51.441648144773694,0.8668783324574045,1
0.08927488016071232,51.67597158748257,0.8548049127845012,1
0.08375160552408184,51.91496132454317,0.846148081461441,1
0.08375160552408184,51.91496132454317,0.846148081461441,1
0.08383379764676906,51.24995930977415,0.8375629539486997,1
0.08383379764676906,51.24995930977415,0.8375629539486997,1
0.06706041153772414,51.10522470515343,0.860448465342372,1
0.06706041153772414,51.10522470515343,0.860448465342372,1
0.06706041153772414,51.10522470515343,0.860448465342372,1
0.0774246452972015,51.00122431778356,0.86897509100456,1
0.07201999728071108,50.865185370742026,0.8584522910430357,1
0.06354312351321197,50.691803881424285,0.8699950090628676,1
0.06006413198552212,50.491081096468754,0.8813704858018091,1
0.05820124676381223,50.87486070814906,0.864898231541314,1
0.05820124676381223,50.87486070814906,0.864898231541314,1
0.06494609781533774,50.905842330226264,0.8572197534817256,1
0.06537902814014962,50.56724950400161,0.8688096700891047,1
0.06537902814014962,50.56724950400161,0.8688096700891047,1
0.07511436257752116,50.08971204088056,0.8705258089438156,1
0.06981605545403,50.09816621608269,0.8657118097215264,1
0.06981605545403,50.09816621608269,0.8657118097215264,1
0.07468817975647028,50.522226660607245,0.8526120893526097,1
0.0816623438331808,50.78890396107681,0.8620599149309225,1
0.07530867431872418,51.48526209392627,0.8531404456820462,1
0.07530867431872418,51.48526209392627,0.8531404456820462,1
0.06153331553254863,50.2613460706005,0.8698730846488412,1
0.06153331553254863,50.2613460706005,0.8698730846488412,1
0.06153331553254863,50.2613460706005,0.8698730846488412,1
0.06153331553254863,50.2613460706005,0.8698730846488412,1
0.0668383333999947,50.280065723669125,0.8730875929449794,1
0.07611154663880092,50.285531443879975,0.889149294510112,1
0.06313826827993356,50.42180672385516,0.8689540715447477,1
0.08479089735331441,51.05007996951026,0.884438971515127,1
0.08653840297990589,50.388474037119,0.8553302891104952,1
0.07293627405065892,50.94047354533966,0.8584255919638623,1
0.07513073180369981,51.25588558806982,0.8257918512524774,1
0.07513073180369981,51.25588558806982,0.8257918512524774,1
0.07513073180369981,51.25588558806982,0.8257918512524774,1
0.0774203808424175,51.33916608996036,0.8370244670708077,1
0.0774203808424175,51.33916608996036,0.8370244670708077,1
0.0774203808424175,51.33916608996036,0.8370244670708077,1
0.08563048132171981,51.63242272123983,0.8512545380961142,1
0.08563048132171981,51.63242272123983,0.8512545380961142,1
0.07794537774902013,51.837753646111985,0.8579107248075968,1
0.07039614218244154,51.59084245933837,0.8634598586704839,1
0.06103153297665651,50.92451662911528,0.8458764993282063,1
0.03459583636261075,50.36513247035442,0.8631728259259144,1
0.03459583636261075,50.36513247035442,0.8631728259259144,1
0.038768560119104185,50.05660159924453,0.8869411822063057,1
0.028960989513549536,49.58748364570246,0.9032613716432144,1
0.02486532939215872,49.21944117422798,0.8993184092440466,1
0.017794614887642633,49.99586625968385,0.8717475476499875,1
0.017794614887642633,49.99586625968385,0.8717475476499875,1
0.017794614887642633,49.99586625968385,0.8717475476499875,1
0.017794614887642633,49.99586625968385,0.8717475476499875,1
0.006447087623251456,50.24451352532832,0.877178928056156,1
0.006447087623251456,50.24451352532832,0.877178928056156,1
0.006447087623251456,50.24451352532832,0.877178928056156,1
0.006447087623251456,50.24451352532832,0.877178928056156,1
0.006447087623251456,50.24451352532832,0.877178928056156,1
0.006447087623251456,50.24451352532832,0.877178928056156,1
0.0001715550728702284,49.874932483053634,0.8831939322650909,1
0.0001715550728702284,49.874932483053634,0.8831939322650909,1
0.0001715550728702284,49.874932483053634,0.8831939322650909,1
0.0001715550728702284,49.874932483053634,0.8831939322650909,1
0.0001715550728702284,49.874932483053634,0.8831939322650909,1
0.0001715550728702284,49.874932483053634,0.8831939322650909,1
0.0031105069564215885,49.61741968700702,0.8820165755096899,1
0.0031105069564215885,49.61741968700702,0.8820165755096899,1
0.0031105069564215885,49.61741968700702,0.8820165755096899,1
0.001128173061736004,48.963224454293105,0.9069781877436489,1
0.001128173061736004,48.963224454293105,0.9069781877436489,1
0.004531172952288026,49.036290481954936,0.912664866283507,1
0.004531172952288026,49.036290481954936,0.912664866283507,1
0.004914134046479244,49.12205574141487,0.8794830591315429,1
0.004914134046479244,49.12205574141487,0.8794830591315429,1
0.012171437297754162,49.66008613063744,0.8891285296560436,1
0.012171437297754162,49.66008613063744,0.8891285296560436,1
0.012171437297754162,49.66008613063744,0.8891285296560436,1
0.012171437297754162,49.66008613063744,0.8891285296560436,1
0.00976206778078318,49.842431311787834,0.8867623396209916,1
0.00976206778078318,49.842431311787834,0.8867623396209916,1
0.010038608651711113,50.222300606900134,0.8854610829545032,1
0.0035093741387368814,50.86189551517059,0.8828838726160423,1
0.0035093741387368814,50.86189551517059,0.8828838726160423,1
0.0035093741387368814,50.86189551517059,0.8828838726160423,1
0.0035093741387368814,50.86189551517059,0.8828838726160423,1
0.0035093741387368814,50.86189551517059,0.8828838726160423,1
0.0005261130018539735,51.22357738150606,0.8977247675401092,1
0.010940885992541512,50.97500409384096,0.858145992360499,1
0.010940885992541512,50.97500409384096,0.858145992360499,1
0.029357889979078435,49.89382570922914,0.8883739866802732,1
0.029357889979078435,49.89382570922914,0.8883739866802732,1
0.029357889979078435,49.89382570922914,0.8883739866802732,1
0.03521115754351667,50.08672469620317,0.8913137924884387,1
0.041483736165260035,50.04866536272462,0.86250209153297,1
0.041483736165260035,50.04866536272462,0.86250209153297,1
0.041483736165260035,50.04866536272462,0.86250209153297,1
0.041483736165260035,50.04866536272462,0.86250209153297,1
0.03880632163531574,49.71036557819058,0.8770840743321013,1
0.04166985133138086,49.781042400473545,0.8642801446047804,1
0.05388154290621959,49.04594763772712,0.909765896717931,1
0.05388154290621959,49.04594763772712,0.909765896717931,1
0.04476816741935884,49.33188723476127,0.8731202205413323,1
0.04546953038355035,50.04804144892535,0.8826498507276372,1
0.04546953038355035,50.04804144892535,0.8826498507276372,1
0.05458601862194277,49.889461829135406,0.8965367494758343,1
0.07424292834558041,49.60489193536615,0.8986059795263946,1
0.0498172727859056,50.28100409878381,0.9151959488789398,1
0.05641404739091397,50.9080710737873,0.848343110522948,1
0.06023318064408802,50.33302881961613,0.8609253618845661,1
0.05121264670105475,50.13636417274374,0.8742900938414601,1
0.05121264670105475,50.13636417274374,0.8742900938414601,1
0.028120520761277988,49.55144895309878,0.9050730890433913,1
0.028120520761277988,49.55144895309878,0.9050730890433913,1
0.028120520761277988,49.55144895309878,0.9050730890433913,1
0.028120520761277988,49.55144895309878,0.9050730890433913,1
0.028120520761277988,49.55144895309878,0.9050730890433913,1
0.025213623399249017,49.93713967238932,0.888947981918427,1
0.023962554801572486,50.04589841799831,0.8723093323352907,1
0.03681644168907519,49.834294963833244,0.8841486675707376,1
0.03681644168907519,49.834294963833244,0.8841486675707376,1
0.03681644168907519,49.834294963833244,0.8841486675707376,1
0.03681644168907519,49.834294963833244,0.8841486675707376,1
0.03681644168907519,49.834294963833244,0.8841486675707376,1
0.03294637891994935,49.62680645203579,0.8898795022340099,1
0.042172975206197,49.12546158857615,0.9068258677649675,1
0.04508908651463662,48.70766550851869,0.8956934571958606,1
0.04508908651463662,48.70766550851869,0.8956934571958606,1
0.04508908651463662,48.70766550851869,0.8956934571958606,1
0.04508908651463662,48.70766550851869,0.8956934571958606,1
0.04508908651463662,48.70766550851869,0.8956934571958606,1
0.040843536842695524,49.37467518915614,0.8865423075137455,1
0.03758412265864685,49.693509954030496,0.8810818847275448,1
0.01699429737184096,49.725318959018715,0.882184677647308,1
0.01699429737184096,49.725318959018715,0.882184677647308,1
0.01699429737184096,49.725318959018715,0.882184677647308,1
0.01699429737184096,49.725318959018715,0.882184677647308,1
0.01699429737184096,49.725318959018715,0.882184677647308,1
0.01699429737184096,49.725318959018715,0.882184677647308,1
0.01699429737184096,49.725318959018715,0.882184677647308,1
0.01699429737184096,49.725318959018715,0.882184677647308,1
0.01699429737184096,49.725318959018715,0.882184677647308,1
0.01699429737184096,49.725318959018715,0.882184677647308,1
0.01699429737184096,49.725318959018715,0.882184677647308,1
0.025834336561691665,49.49086327292125,0.894186341306526,1
0.01990637533938787,49.84284726140338,0.908765835072331,1
0.012988503141179678,49.7251984256669,0.8926012334837158,1
0.012988503141179678,49.7251984256669,0.8926012334837158,1
0.01583294324474095,49.9790466915023,0.9088080237005427,1
0.01583294324474095,49.9790466915023,0.9088080237005427,1
0.01583294324474095,49.9790466915023,0.9088080237005427,1
0.027637695704020963,49.28286984482791,0.9185241715144299,1
0.014300458323938883,49.97582483999732,0.8942883331806437,1
0.029944273412572463,50.55850443097698,0.9001960760629439,1
0.018660079499148337,50.868882280817715,0.9044007978783746,1
0.002811016837339461,50.88763563646247,0.8864947015243958,1
0.005694502453011904,50.548473731577346,0.8846918721405226,1
0.005694502453011904,50.548473731577346,0.8846918721405226,1
0.016544293870824105,50.20158923591056,0.8774495619822659,1
0.016544293870824105,50.20158923591056,0.8774495619822659,1
0.010924438630474115,50.05242621157367,0.8904852023323597,1
0.01887374727348922,50.082572582770865,0.8759376902038973,1
0.01887374727348922,50.082572582770865,0.8759376902038973,1
0.01887374727348922,50.082572582770865,0.8759376902038973,1
0.01887374727348922,50.082572582770865,0.8759376902038973,1
0.008846455526389978,50.106810684183365,0.9009127893842865,1
0.008846455526389978,50.106810684183365,0.9009127893842865,1
0.008846455526389978,50.106810684183365,0.9009127893842865,1
0.008846455526389978,50.106810684183365,0.9009127893842865,1
0.01820008704457264,49.89551535825243,0.8779527701238617,1
0.026593889039932192,49.875661706221194,0.882844492719708,1
0.04716953162954978,50.345616218295895,0.8790737309788049,1
0.04716953162954978,50.345616218295895,0.8790737309788049,1
0.04716953162954978,50.345616218295895,0.8790737309788049,1
0.036327328666548975,50.660112307996314,0.8809263784341831,1
0.04548447630524356,50.089580216707155,0.8617903909130612,1
0.05654139971336404,50.102795725069775,0.8626743850641777,1
0.05901405693906465,49.76883808498946,0.8856938838745672,1
0.0625300569094197,49.576209643685374,0.8758396408966109,1
0.056859241700785886,48.91552813105962,0.8904224639112577,1
0.056859241700785886,48.91552813105962,0.8904224639112577,1
0.06384225541809803,49.199910834304966,0.8843039161153203,1
0.06384225541809803,49.199910834304966,0.8843039161153203,1
0.05635060479129218,49.42943355431289,0.884678567006943,1
0.05635060479129218,49.42943355431289,0.884678567006943,1
0.04353138446812093,49.70590067759612,0.8849403372955864,1
0.038151406671163166,49.75294527960035,0.8758382791960052,1
0.038151406671163166,49.75294527960035,0.8758382791960052,1
0.03396738963017534,50.0466679639257,0.8656069386781011,1
0.045630375195057735,49.80916790559711,0.8939264028084409,1
0.045630375195057735,49.80916790559711,0.8939264028084409,1
0.045630375195057735,49.80916790559711,0.8939264028084409,1
0.045630375195057735,49.80916790559711,0.8939264028084409,1
0.058504151720123306,50.23850645639661,0.8860784349201352,1
0.058504151720123306,50.23850645639661,0.8860784349201352,1
0.0749288198163218,50.12825529228457,0.8781514750669384,1
0.0749288198163218,50.12825529228457,0.8781514750669384,1
0.0749288198163218,50.12825529228457,0.8781514750669384,1
0.08351471034973242,49.72581504201967,0.8732036850595166,1
0.07821257992532046,50.305422650411195,0.8745001675165655,1
0.07821257992532046,50.305422650411195,0.8745001675165655,1
0.07704994716696212,49.64576723139272,0.8898848893926355,1
0.08640764986784229,49.7006875785791,0.8866484757153441,1
0.08640764986784229,49.7006875785791,0.8866484757153441,1
0.08640764986784229,49.7006875785791,0.8866484757153441,1
0.07947687020236598,50.05605820230321,0.8958291056633497,1
0.06481114423451408,49.50918238026483,0.904884997369433,1
0.06481114423451408,49.50918238026483,0.904884997369433,1
0.06597958561469229,49.70920540834187,0.902877629484675,1
0.06484421427913642,49.70236255020077,0.9054772696949266,1
0.06484421427913642,49.70236255020077,0.9054772696949266,1
0.06484421427913642,49.70236255020077,0.9054772696949266,1
0.06681827409824027,50.38823595841674,0.8898538813479251,1
0.06681827409824027,50.38823595841674,0.8898538813479251,1
0.07410474491083491,51.11964886872845,0.853416621690913,1
0.07410474491083491,51.11964886872845,0.853416621690913,1
0.051750602773210926,50.96677519663797,0.8813036030527435,1
0.05574271597387552,50.4080971090913,0.8782308908133685,1
0.05574271597387552,50.4080971090913,0.8782308908133685,1
0.04307422664190025,50.67590421741308,0.8927384519031318,1
0.02986800252488278,50.44247809155682,0.8970699240446715,1
0.02986800252488278,50.44247809155682,0.8970699240446715,1
0.03169568985242195,50.77424821503157,0.8865790816630512,1
0.03169568985242195,50.77424821503157,0.8865790816630512,1
0.03169568985242195,50.77424821503157,0.8865790816630512,1
0.03738094220150459,51.73975370893548,0.8630744913340933,1
0.052826652230095555,52.1851112358565,0.8549905062680101,1
0.06827830026648792,51.59151683107323,0.8178292093679062,1
0.07859937752428964,50.50407887740458,0.8281450763430503,1
0.08530768857803413,50.02819220974348,0.8471476965244374,1
0.08532182175595072,50.70752358528787,0.8578243770975483,1
0.07437946004934234,50.37349680037039,0.8649352043450518,1
0.08301921224720071,50.598324242145104,0.8691413914982412,1
0.08301921224720071,50.598324242145104,0.8691413914982412,1
0.08301921224720071,50.598324242145104,0.8691413914982412,1
0.08301921224720071,50.598324242145104,0.8691413914982412,1
0.08301921224720071,50.598324242145104,0.8691413914982412,1
0.08081286821970725,50.43759657485237,0.8475553086245767,1
0.08081286821970725,50.43759657485237,0.8475553086245767,1
0.09869279061942969,49.663302272475036,0.885280187267782,1
0.10178420817313631,49.73707250186722,0.8909413087449933,1
0.10178420817313631,49.73707250186722,0.8909413087449933,1
0.10178420817313631,49.73707250186722,0.8909413087449933,1
0.10178420817313631,49.73707250186722,0.8909413087449933,1
0.09782575609271571,49.88004674548585,0.8728829403573851,1
0.09782575609271571,49.88004674548585,0.8728829403573851,1
0.09782575609271571,49.88004674548585,0.8728829403573851,1
0.09782575609271571,49.88004674548585,0.8728829403573851,1
0.09576304116266077,50.29434518439651,0.8525384069094133,1
0.09576304116266077,50.29434518439651,0.8525384069094133,1
0.08823144529805294,51.05842239794249,0.8363263343810025,1
0.08823144529805294,51.05842239794249,0.8363263343810025,1
0.08823144529805294,51.05842239794249,0.8363263343810025,1
0.08823144529805294,51.05842239794249,0.8363263343810025,1
0.08823144529805294,51.05842239794249,0.8363263343810025,1
0.08262638409756819,51.14441545063377,0.8326091421624315,1
0.08262638409756819,51.14441545063377,0.8326091421624315,1
0.08586646528320788,51.05066255124108,0.861390815396469,1
0.08586646528320788,51.05066255124108,0.861390815396469,1
0.0804520047203595,51.019575545781315,0.8647098824792063,1
0.0804520047203595,51.019575545781315,0.8647098824792063,1
0.0804520047203595,51.019575545781315,0.8647098824792063,1
0.0804520047203595,51.019575545781315,0.8647098824792063,1
0.09486688563492454,50.66866886979417,0.8633024910359122,1
0.09330962412364607,50.65197612051424,0.8563645209559596,1
0.08944438314184579,50.88797627797273,0.837418910589843,1
0.1027036374565385,50.286697299880714,0.8512935188708985,1
0.09809852495985014,50.810838596981704,0.8232741812813815,1
0.08785737537785203,50.330234713339706,0.8387155145543256,1
0.08785737537785203,50.330234713339706,0.8387155145543256,1
0.1152828104645092,50.68561827293112,0.8448879174902344,1
0.10537672592219637,51.233073097254554,0.8597886187907636,1
0.10455436041771711,50.69448831452399,0.8485273659973949,1
0.10131533057323068,50.589140864969984,0.8700795614548251,1
0.10131533057323068,50.589140864969984,0.8700795614548251,1
0.10842854322913006,50.751749101124666,0.8798114297742976,1
0.10842854322913006,50.751749101124666,0.8798114297742976,1
0.1177230503640062,50.09219586071539,0.8798997964850077,1
0.1177230503640062,50.09219586071539,0.8798997964850077,1
0.1177230503640062,50.09219586071539,0.8798997964850077,1
0.1177230503640062,50.09219586071539,0.8798997964850077,1
0.10834292412172683,49.833751374333886,0.8771936193320703,1
0.1105648753922621,49.8005183494863,0.8774164056551613,1
0.10166351790602839,50.36556109370926,0.8664791876319944,1
0.10166351790602839,50.36556109370926,0.8664791876319944,1
0.1100015465341408,49.65372717133277,0.8787579480787369,1
0.1100015465341408,49.65372717133277,0.8787579480787369,1
0.1100015465341408,49.65372717133277,0.8787579480787369,1
0.08886653998470329,50.22899304267841,0.8793803053951099,1
0.0975132726104719,50.086118271866184,0.8707457831632373,1
0.0975132726104719,50.086118271866184,0.8707457831632373,1
0.0975132726104719,50.086118271866184,0.8707457831632373,1
0.10780567931447535,50.11516260204586,0.8573797031023863,1
0.1200460730983684,50.04997173618714,0.8605684102120793,1
0.1200460730983684,50.04997173618714,0.8605684102120793,1
0.11519682721563249,49.85029115548196,0.8648995068079587,1
0.11519682721563249,49.85029115548196,0.8648995068079587,1
0.11179510170401769,49.5750874164353,0.8567360671350681,1
0.10202578370808502,50.11855509933017,0.8398822655376978,1
0.10664716707678064,50.357978567310944,0.8365422955523213,1
0.10740443595237609,50.62255974593045,0.8408568956443,1
0.10902916175153204,51.09421996694145,0.854839264422315,1
0.1113693842116447,50.95565785232168,0.8606766768011227,1
0.13430304022378908,50.07036281919624,0.8492451730878586,1
0.12669413803976903,49.92758757312219,0.8472808910494338,1
0.12669413803976903,49.92758757312219,0.8472808910494338,1
0.13931261860448696,49.56733930730112,0.8694770805353969,1
0.13931261860448696,49.56733930730112,0.8694770805353969,1
0.13931261860448696,49.56733930730112,0.8694770805353969,1
0.13593520547332721,49.896738845306764,0.8680119351987314,1
0.14033568943217845,49.78850021938813,0.8862419009710123,1
0.14259717133307498,50.28541725643558,0.8731778477360492,1
0.15686478391198672,49.897414710640916,0.8478488339676773,1
0.15802370837647173,50.445181798395176,0.8591405827364265,1
0.1594422899989129,50.115069726976735,0.8537288482116538,1
0.16119314763753026,50.65938561142748,0.8582888394307484,1
0.16119314763753026,50.65938561142748,0.8582888394307484,1
0.16119314763753026,50.65938561142748,0.8582888394307484,1
0.16119314763753026,50.65938561142748,0.8582888394307484,1
0.1628416927538032,50.223686648058965,0.8446272300653686,1
0.1637809265507423,49.98774882068954,0.8482520261920418,1
0.1621790275672981,50.54227892989977,0.8377672869855481,1
0.1621790275672981,50.54227892989977,0.8377672869855481,1
0.17858229164597836,50.881676842475756,0.8531005477055569,1
0.18444947981124132,50.50848086291221,0.8517183930112775,1
0.18444947981124132,50.50848086291221,0.8517183930112775,1
0.18151307635074226,50.40049737991241,0.8359213311525298,1
0.18151307635074226,50.40049737991241,0.8359213311525298,1
0.18151307635074226,50.40049737991241,0.8359213311525298,1
0.18601877271221434,50.75068093226088,0.8259562049133946,1
0.2023024641096552,51.00675341936029,0.8527797528564712,1
0.20810921466335933,51.11357482822134,0.8456281274426141,1
0.21003292291915923,51.718047395078464,0.8034843099030688,1
0.2101338260791218,50.50130140531379,0.829285427780311,1
0.21328768212858332,50.800005183473395,0.8420158388046989,1
0.2322579575257294,50.51420371286738,0.8440333065262023,1
0.22630114725075035,50.76421212410019,0.8562717680640753,1
0.22630114725075035,50.76421212410019,0.8562717680640753,1
0.22630114725075035,50.76421212410019,0.8562717680640753,1
0.231347782659544,50.245303347934005,0.8618612743052453,1
0.23861458303677788,50.67231462914279,0.8460718069759229,1
0.2449990678921664,50.22604455118223,0.8437691040258448,1
0.2449990678921664,50.22604455118223,0.8437691040258448,1
0.2437657328475798,49.70526428554398,0.8384808403495927,1
0.24638454149163438,49.406192496663365,0.8462197964823261,1
0.24638454149163438,49.406192496663365,0.8462197964823261,1
0.22947244746478615,50.04815533655276,0.8365386365259204,1
0.2233191522515835,50.11084053796139,0.840241698696271,1
0.24206900310789425,50.10626700408412,0.8512210301515252,1
0.2412120964747366,50.4036228491773,0.8377587994865249,1
0.24682093446780448,50.19117932491397,0.8561726643796227,1
0.22941446303545526,50.76604319646763,0.8266364240371831,1
0.22264995563992412,50.83128403553113,0.8375097454207088,1
0.2274195552622536,50.93448437709552,0.7979073181924585,1
0.22090667399786934,50.92413857087341,0.8361283131485983,1
0.21113274297622692,50.8079570258894,0.8358947651329681,1
0.21025657994510155,50.579218405982054,0.8394878245159134,1
0.20385054798949062,50.521034322191475,0.8541433347073913,1
0.21874891773440744,50.74346213361548,0.8311606642527665,1
0.21874891773440744,50.74346213361548,0.8311606642527665,1
0.21874891773440744,50.74346213361548,0.8311606642527665,1
0.21874891773440744,50.74346213361548,0.8311606642527665,1
0.2111141059404155,50.559770450797586,0.8331962297867351,1
0.2111141059404155,50.559770450797586,0.8331962297867351,1
0.21617972315039183,49.79018832325577,0.8508864263379575,1
0.20650963559199723,50.09357945915567,0.8437564435867722,1
0.2065502069226416,50.60988651391451,0.8292491433294293,1
0.2049914651181287,50.42124618298183,0.826575470038211,1
0.2049914651181287,50.42124618298183,0.826575470038211,1
0.2049914651181287,50.42124618298183,0.826575470038211,1
0.20389533975948843,50.465975240061596,0.8434184361184803,1
0.21877700323382743,50.97292444630057,0.8186091702833429,1
0.2156277949852204,50.81630089961069,0.7978099379450265,1
0.22199967229409653,50.40624940492512,0.8010380777259611,1
0.22199967229409653,50.40624940492512,0.8010380777259611,1
0.22221449122060305,50.31429605197116,0.8099597286946625,1
0.22221449122060305,50.31429605197116,0.8099597286946625,1
0.23650647673225883,50.952690878625845,0.8145531819230443,1
0.23650647673225883,50.952690878625845,0.8145531819230443,1
0.21859858289267467,51.08404222692658,0.8191038991246335,1
0.22299367997753505,50.72623555985742,0.7999646819060059,1
0.22799382541951146,51.37012914269486,0.8286349081126154,1
0.2190477528551967,51.255323759599996,0.840391897012448,1
0.2190477528551967,51.255323759599996,0.840391897012448,1
0.211288656817449,50.74014097309092,0.8220946831573774,1
0.211288656817449,50.74014097309092,0.8220946831573774,1
0.21908133781113834,50.71923080491396,0.8434071450604588,1
0.22228877744800488,51.06246455325471,0.8265479987848946,1
0.22228877744800488,51.06246455325471,0.8265479987848946,1
0.2038758007525267,51.485624818719494,0.8329124683014829,1
0.2035890755186212,51.54665766930573,0.8237056432209604,1
0.20924815199250543,51.4950684337119,0.8209255515807496,1
0.20924815199250543,51.4950684337119,0.8209255515807496,1
0.20924815199250543,51.4950684337119,0.8209255515807496,1
0.20924815199250543,51.4950684337119,0.8209255515807496,1
0.22588105351067408,51.7831207132114,0.8197261933617636,1
0.22588105351067408,51.7831207132114,0.8197261933617636,1
0.22865803427995257,51.47200382987612,0.8220757180913199,1
0.23286248510213575,51.45192510144202,0.8042000953972043,1
0.24592168848285192,50.848807803810715,0.7902398491157467,1
0.24592168848285192,50.848807803810715,0.7902398491157467,1
0.24185499911581712,51.89241642164352,0.7663786798563373,1
0.24185499911581712,51.89241642164352,0.7663786798563373,1
0.24185499911581712,51.89241642164352,0.7663786798563373,1
0.2465672448826446,51.928967240461496,0.7602235140036544,1
0.2465672448826446,51.928967240461496,0.7602235140036544,1
0.24828066005935354,52.35558093029085,0.7336399657471143,1
0.25622683495298504,52.80192819377107,0.7322034527061554,1
0.26406343055809967,52.61766499912386,0.747666983007661,1
0.2598459693333845,52.899629937034206,0.7678128020288385,1
0.2598459693333845,52.899629937034206,0.7678128020288385,1
0.2545106690995686,52.14590279568597,0.766664775281489,1
0.24203553022875832,52.25601175934367,0.7690516964982732,1
0.24203553022875832,52.25601175934367,0.7690516964982732,1
0.24203553022875832,52.25601175934367,0.7690516964982732,1
0.24203553022875832,52.25601175934367,0.7690516964982732,1
0.2145482969537982,52.06592952178414,0.7798737916563085,1
0.20798743774545947,52.453677451066824,0.782449891825535,1
0.21448366628552804,51.95960572241231,0.7891066124626768,1
0.21423532914578278,51.9491104677874,0.7826438549909008,1
0.21423532914578278,51.9491104677874,0.7826438549909008,1
0.23044861937527877,52.15481078215828,0.8103827167134603,1
0.23044861937527877,52.15481078215828,0.8103827167134603,1
0.21041420018034374,52.15789796394742,0.8296814177294831,1
0.20634304989747101,52.24153280420499,0.8201216187976119,1
0.20634304989747101,52.24153280420499,0.8201216187976119,1
0.20634304989747101,52.24153280420499,0.8201216187976119,1
0.20540284043981155,52.351133994841824,0.8054037720074113,1
0.19815074012103767,52.40713147461598,0.8179538345559683,1
0.1975734808446357,51.246523062428636,0.8222278572891903,1
0.19754814302280085,50.98763017642493,0.8492848790841149,1
0.19754814302280085,50.98763017642493,0.8492848790841149,1
0.19754814302280085,50.98763017642493,0.8492848790841149,1
0.19754814302280085,50.98763017642493,0.8492848790841149,1
0.2042340363637354,50.54200152386472,0.8349426336387803,1
0.20254789260430167,50.369965114825376,0.8585872201555678,1
0.19278491990368435,50.81020938017563,0.8264253148488775,1
0.19278491990368435,50.81020938017563,0.8264253148488775,1
0.19278491990368435,50.81020938017563,0.8264253148488775,1
0.18716127065089297,51.6658427694849,0.8308326382710141,1
0.18716127065089297,51.6658427694849,0.8308326382710141,1
0.19502678961278455,50.9545817926125,0.8380397652345105,1
0.2147688958583323,50.820258379223226,0.8144634088327967,1
0.22117801683723018,50.29313212395044,0.842224239664113,1
0.20418679849918606,50.276296244510725,0.8267643364098592,1
0.1920366052444825,50.87860380258061,0.8547801415521158,1
0.19333331494700118,51.44466580283885,0.8431302992653038,1
0.2061932822839979,51.62494893034502,0.8152298099773291,1
0.18584206552021057,51.3842040562639,0.8063151119989483,1
0.17254628084419948,51.9501687580299,0.8405969138270059,1
0.17081679644665654,51.263840378352235,0.8104370585654249,1
0.17049620237392402,50.961574396637005,0.835521216887754,1
0.17049620237392402,50.961574396637005,0.835521216887754,1
0.18012075759728496,50.78505087182856,0.838017986771717,1
0.18012075759728496,50.78505087182856,0.838017986771717,1
0.17208984596153953,50.103191921451476,0.8663544144841793,1
0.17208984596153953,50.103191921451476,0.8663544144841793,1
0.17208984596153953,50.103191921451476,0.8663544144841793,1
0.16775602927096941,50.01888853533242,0.8548871141909499,1
0.16775602927096941,50.01888853533242,0.8548871141909499,1
0.1876320229998267,50.19005289450273,0.8461130094892587,1
0.18446908927280234,50.44570651141771,0.8311796009896907,1
0.18446908927280234,50.44570651141771,0.8311796009896907,1
0.18781605513326105,51.20036183663518,0.8449835895089594,1
0.18781605513326105,51.20036183663518,0.8449835895089594,1
0.1882837559846163,50.92729214240632,0.8409782865092269,1
0.2097742691868998,50.62871300749717,0.8103737397183951,1
0.20653347433312236,49.89748280667452,0.8472690474745406,1
0.23120921486773388,50.072370043089954,0.8214598439245173,1
0.23364684093633903,50.165187636041956,0.8228040072615078,1
0.2339850625972892,50.095154162950685,0.8395563977483382,1
0.250877000423121,50.364616388028054,0.8165983317850996,1
0.23782273574753435,51.38882146283564,0.8103974376774996,1
0.241066812131951,51.901236083589545,0.7995868586262411,1
0.21180025834356378,52.36249216662117,0.808357425905377,1
0.21180025834356378,52.36249216662117,0.808357425905377,1
0.2184674152300861,51.965250340704856,0.797073493985449,1
0.22045867868986208,52.214687322345185,0.7811354984998842,1
0.21455911816219442,51.543517760746965,0.7762479955344458,1
0.21455911816219442,51.543517760746965,0.7762479955344458,1
0.21418301187433758,51.67675949955531,0.7592945665583734,1
0.2081249813368365,52.15120524448116,0.7622986135795093,1
0.21673139013884885,51.97629011877587,0.76025493714558,1
0.21184690986916394,52.132221926919314,0.7892841222397448,1
0.21583723176186048,52.20885723471036,0.7958040037839011,1
0.20169487712284634,51.344775088845296,0.7805274995119169,1
0.20216401461084868,51.44951635355278,0.791537526865626,1
0.2040712767973983,51.14413807508259,0.7909868382370182,1
0.21219326203636057,50.87463134609082,0.7919443010177962,1
0.21219326203636057,50.87463134609082,0.7919443010177962,1
0.2116926644104498,50.62583113443254,0.7956014250126803,1
0.2116926644104498,50.62583113443254,0.7956014250126803,1
0.21543172199427163,50.81173201734365,0.790905927737776,1
0.20517719032254184,50.85543986920206,0.7991313134070803,1
0.19366763033496195,51.27406843456032,0.7929253904726759,1
0.19009312791418165,51.708067026914584,0.8055902867929622,1
0.19009312791418165,51.708067026914584,0.8055902867929622,1
0.18241234194800282,51.482178248637105,0.7979123473009981,1
0.17719463664997007,51.94697294001958,0.7904562488941147,1
0.18162085974308323,51.81103251405891,0.7856045145975035,1
0.18194584418557647,51.58230325402957,0.7930412421716558,1
0.18598820813594558,51.12928911462045,0.8037404577635497,1
0.18598820813594558,51.12928911462045,0.8037404577635497,1
0.18598820813594558,51.12928911462045,0.8037404577635497,1
0.188398657667052,50.7213941433598,0.813771185874216,1
0.18572840156824091,51.102704911435794,0.8009751896589452,1
0.18073794424129702,51.849989535753416,0.8160688341188114,1
0.18073794424129702,51.849989535753416,0.8160688341188114,1
0.18073794424129702,51.849989535753416,0.8160688341188114,1
0.1724804942180174,52.13256167292036,0.8168452287824943,1
0.16787629552989905,50.93927403866292,0.8209817206260993,1
0.1597945312134593,50.420221599225734,0.8504602347567772,1
0.15834176851217985,50.58430074481898,0.8614820207128888,1
0.16347398141941874,50.69297711234737,0.8456435723299363,1
0.16347398141941874,50.69297711234737,0.8456435723299363,1
0.16494875653588387,50.438801281458105,0.8703886603736176,1
0.1680771889722601,50.70226024973946,0.8677884501539171,1
0.174661279000564,50.4093223179423,0.8477663107600101,1
0.174661279000564,50.4093223179423,0.8477663107600101,1
0.174661279000564,50.4093223179423,0.8477663107600101,1
0.191145015898059,50.97964632697482,0.8409012682677139,1
0.191145015898059,50.97964632697482,0.8409012682677139,1
0.191145015898059,50.97964632697482,0.8409012682677139,1
0.191145015898059,50.97964632697482,0.8409012682677139,1
0.19376767078207566,51.01885430945578,0.8466103508919999,1
0.19376767078207566,51.01885430945578,0.8466103508919999,1
0.17371817632879386,51.1499034337041,0.8340238707986426,1
0.18056794168113263,51.22057200372989,0.8592407102207581,1
0.18735775233922755,50.36642694194711,0.8771327153203841,1
0.1983532655960425,49.89685644929394,0.8650086922984765,1
0.1983532655960425,49.89685644929394,0.8650086922984765,1
0.19842578546804848,50.261273664805614,0.8441582668951497,1
0.19842578546804848,50.261273664805614,0.8441582668951497,1
0.1810185636128527,50.45973829102115,0.8504909639335633,1
0.1810185636128527,50.45973829102115,0.8504909639335633,1
0.19143542962266533,50.3832268906497,0.8398802126099423,1
0.20043471321253503,50.64505698119297,0.8201945065457686,1
0.19353953891462536,50.782142929765364,0.8043994239822759,1
0.19353953891462536,50.782142929765364,0.8043994239822759,1
0.19838358534046469,51.22651215737918,0.8268440634755321,1
0.1942589468804643,51.297688509071605,0.8153744187070026,1
0.1818014445399281,50.95693675141745,0.8366507097823389,1
0.17691224326958177,50.639788636865894,0.8317998079191223,1
0.17747156940703884,50.32370666460788,0.8410608480231364,1
0.16241878791096828,50.75469937456251,0.858863217365432,1
0.16241878791096828,50.75469937456251,0.858863217365432,1
0.1653806490015815,49.52882728790647,0.8561966745129957,1
0.18457220388110224,50.09972058280344,0.8553515402936717,1
0.1875857736537757,50.40071146175844,0.8614365678076689,1
0.18902729793536197,50.1682473116823,0.8517879604541682,1
0.18902729793536197,50.1682473116823,0.8517879604541682,1
0.1786145250125844,50.28559292755966,0.8678279686790784,1
0.1805579143916467,50.682666654543794,0.8728961361225882,1
0.18657552839549138,50.579389457684094,0.866761884934536,1
0.1921704805334132,50.629804684095355,0.8651027737421364,1
0.18442145192560633,50.68853097707524,0.8368558812522527,1
0.18442145192560633,50.68853097707524,0.8368558812522527,1
0.17603620307122667,50.4859941680157,0.8299457199706356,1
0.18772954597860508,50.50050703458118,0.8534880191594397,1
0.17431834336454816,50.66693789961321,0.8522480161134433,1
0.17431834336454816,50.66693789961321,0.8522480161134433,1
0.19257234264658496,50.198053386424306,0.8521474252139573,1
0.19257234264658496,50.198053386424306,0.8521474252139573,1
0.19257234264658496,50.198053386424306,0.8521474252139573,1
0.18295721208775298,50.32526483542349,0.8564172248039011,1
0.18295721208775298,50.32526483542349,0.8564172248039011,1
0.16880986022670963,50.86705526043819,0.8396054687467058,1
0.16845809229951803,50.38265717007837,0.8534273116353569,1
0.16845809229951803,50.38265717007837,0.8534273116353569,1
0.16845809229951803,50.38265717007837,0.8534273116353569,1
0.1744303685257587,50.28033926504267,0.8525712153133523,1
0.1744303685257587,50.28033926504267,0.8525712153133523,1
0.16460730586476993,50.565841620204594,0.8728553448519812,1
0.16633311933840877,50.187630849203195,0.8809071850152452,1
0.16633311933840877,50.187630849203195,0.8809071850152452,1
0.16633311933840877,50.187630849203195,0.8809071850152452,1
0.17302641039276867,50.78019121014728,0.8739374367809832,1
0.17621035849620678,50.21477842716209,0.8733913257220141,1
0.1815244986732823,49.82895589383186,0.8538494576609749,1
0.19357793538704868,49.93126073025052,0.8773399803806171,1
0.19426559540511965,49.61441909667489,0.8752087790713867,1
0.17370492057422562,49.30143266977262,0.8654686253939217,1
0.17370492057422562,49.30143266977262,0.8654686253939217,1
0.19185958208554843,50.54822424304502,0.8286989558741586,1
0.19185958208554843,50.54822424304502,0.8286989558741586,1
0.19185958208554843,50.54822424304502,0.8286989558741586,1
0.19529631810082557,51.157039213885774,0.8646981139602054,1
0.19529631810082557,51.157039213885774,0.8646981139602054,1
0.19529631810082557,51.157039213885774,0.8646981139602054,1
0.19529631810082557,51.157039213885774,0.8646981139602054,1
0.19529631810082557,51.157039213885774,0.8646981139602054,1
0.1914311279478923,50.976130582265405,0.8530741201080306,1
0.1914311279478923,50.976130582265405,0.8530741201080306,1
0.19743387855614553,50.715272462580785,0.8332596650330906,1
0.19743387855614553,50.715272462580785,0.8332596650330906,1
0.19743387855614553,50.715272462580785,0.8332596650330906,1
0.192346212739052,50.60946441274218,0.8324247889881276,1
0.1953219112832384,50.75008078463673,0.8452161331128508,1
0.19359477524954047,50.32586879682676,0.857038027848264,1
0.19359477524954047,50.32586879682676,0.857038027848264,1
0.18722043376772643,50.2233592793636,0.8430449703629929,1
0.19036269373507192,50.25957133431374,0.8427444234964352,1
0.2037041302887429,49.45728469120959,0.8581097836544899,1
0.2037041302887429,49.45728469120959,0.8581097836544899,1
0.2037041302887429,49.45728469120959,0.8581097836544899,1
0.2161320958536587,49.67849555979804,0.8328486956419262,1
0.2125603159857426,50.29423513321002,0.8067658882055256,1
0.2336384218335158,50.454986676869844,0.796034751149496,1
0.2210029555176174,51.0635882784529,0.8010970836238822,1
0.23471974529372253,50.7462541112515,0.8054333994646334,1
0.21974504678525686,50.83067538819931,0.8221608517934483,1
0.21974504678525686,50.83067538819931,0.8221608517934483,1
0.23880728408112753,50.81762538345353,0.8397595243953566,1
0.23880728408112753,50.81762538345353,0.8397595243953566,1
0.23693362956643688,50.9265474711458,0.8390547927851061,1
0.23093504287339459,50.60326664947977,0.8215807481087531,1
0.23093504287339459,50.60326664947977,0.8215807481087531,1
0.23093504287339459,50.60326664947977,0.8215807481087531,1
0.23093504287339459,50.60326664947977,0.8215807481087531,1
0.23093504287339459,50.60326664947977,0.8215807481087531,1
0.23093504287339459,50.60326664947977,0.8215807481087531,1
0.23093504287339459,50.60326664947977,0.8215807481087531,1
0.25139012971477726,50.73004149445658,0.8184817149782849,1
0.25139012971477726,50.73004149445658,0.8184817149782849,1
0.25139012971477726,50.73004149445658,0.8184817149782849,1
0.2587621436798243,50.7534946185803,0.8312197184862621,1
0.2587621436798243,50.7534946185803,0.8312197184862621,1
0.2587621436798243,50.7534946185803,0.8312197184862621,1
0.2587621436798243,50.7534946185803,0.8312197184862621,1
0.2637956040910393,50.19006058103207,0.852448643504308,1
0.2637956040910393,50.19006058103207,0.852448643504308,1
0.2637956040910393,50.19006058103207,0.852448643504308,1
0.2658038480910993,50.033888341682974,0.8830771965517119,1
0.2658038480910993,50.033888341682974,0.8830771965517119,1
0.2658038480910993,50.033888341682974,0.8830771965517119,1
0.25268792575952387,50.42337286022032,0.8651458645968674,1
0.25215741508974043,49.49354921903921,0.8707353020016503,1
0.25215741508974043,49.49354921903921,0.8707353020016503,1
0.25098379841501933,49.542616070856425,0.8798198310226693,1
0.24263368824862858,49.63169364924794,0.8634410062178538,1
0.23884541968790296,49.3208106736375,0.8602445183923432,1
0.23450027158256675,49.05945533665669,0.8739335287039326,1
0.24280775321687476,49.30976474359196,0.8721174561966262,1
0.23454181603701205,49.32401782748088,0.8877176132331916,1
0.24899871375144486,49.34773073644488,0.8975352907308319,1
0.24899871375144486,49.34773073644488,0.8975352907308319,1
0.24299727243669544,49.26290106968028,0.8860476396871857,1
0.24299727243669544,49.26290106968028,0.8860476396871857,1
0.24299727243669544,49.26290106968028,0.8860476396871857,1
0.23959763637920767,49.11282963905782,0.8697299884660853,1
0.23959763637920767,49.11282963905782,0.8697299884660853,1
0.2228177176464673,49.04641887519333,0.8736127330203335,1
0.21091275749730048,49.27321259644573,0.8835085591399245,1
0.21091275749730048,49.27321259644573,0.8835085591399245,1
0.20239917917982556,49.58256712706526,0.863234063645923,1
0.19397754905852405,49.48801625408144,0.8780876302948672,1
0.1898093718706451,49.911915576783066,0.8863322932824025,1
0.2040659152548602,49.588647030429726,0.8822340268079049,1
0.1995923907347588,50.10927558127175,0.8674976436722236,1
0.1921895846643309,50.07326664982242,0.8742304511172532,1
0.1951444751039718,49.80172451108729,0.8603330032794018,1
0.18556931273732755,50.13623753577302,0.8465210487180492,1
0.18556931273732755,50.13623753577302,0.8465210487180492,1
0.1850088150966539,50.13374457695959,0.8661487298119234,1
0.19955489853376315,50.12155942543952,0.850592644619703,1
0.20529333443952985,49.72485317943719,0.8565853345305032,1
0.19724735811141572,49.93087374001728,0.8629762435814387,1
0.19724735811141572,49.93087374001728,0.8629762435814387,1
0.19724735811141572,49.93087374001728,0.8629762435814387,1
0.19724735811141572,49.93087374001728,0.8629762435814387,1
0.184529793760085,49.7887334899503,0.8362161416650598,1
0.184529793760085,49.7887334899503,0.8362161416650598,1
0.18658381828442971,50.55303608822788,0.8056924850239315,1
0.18658381828442971,50.55303608822788,0.8056924850239315,1
0.18658381828442971,50.55303608822788,0.8056924850239315,1
0.18658381828442971,50.55303608822788,0.8056924850239315,1
0.18658381828442971,50.55303608822788,0.8056924850239315,1
0.18658381828442971,50.55303608822788,0.8056924850239315,1
0.18957023088907726,51.05614117105032,0.800943501325058,1
0.18957023088907726,51.05614117105032,0.800943501325058,1
0.18371536536517788,52.10168533195367,0.8289114092151306,1
0.1943542095410001,51.49764545395344,0.8273592260350665,1
0.1890318535299787,51.87220344042362,0.8166484093235672,1
0.20411147837738688,51.702387586090616,0.8083323355490021,1
0.20411147837738688,51.702387586090616,0.8083323355490021,1
0.20083144183734522,52.078040491678834,0.7917538251223939,1
0.20083144183734522,52.078040491678834,0.7917538251223939,1
0.1838674565101338,52.13663069888628,0.812138178239474,1
0.19474544394890414,51.8846462008203,0.816095152897713,1
0.17986810469858844,51.48932071461969,0.780874241529008,1
0.17404775266304162,51.08769599511546,0.7932928067305266,1
0.16808859389613015,50.48978662849036,0.8019447960189646,1
0.15967906616625102,51.12674742365864,0.8160948813336365,1
0.15957470584460653,51.25234477750103,0.8194585409863088,1
0.1604459265878955,50.702382758222655,0.8161742113775372,1
0.1604459265878955,50.702382758222655,0.8161742113775372,1
0.16593916186109972,50.410047121981066,0.8533040793824725,1
0.16593916186109972,50.410047121981066,0.8533040793824725,1
0.17926669656541347,50.45699246742254,0.8439189079355138,1
0.17926669656541347,50.45699246742254,0.8439189079355138,1
0.18043342757069283,50.76207487193155,0.8717070948627786,1
0.18043342757069283,50.76207487193155,0.8717070948627786,1
0.1944635980147482,50.487821517974695,0.8876733802014661,1
0.1944635980147482,50.487821517974695,0.8876733802014661,1
0.1976112429920758,50.22477788987129,0.8638608332425872,1
0.19746653706305356,50.24284770559316,0.8580142627468188,1
0.1962862271502711,50.62753418429754,0.8419868260992573,1
0.19633655462281766,50.845313521956264,0.8402558697936807,1
0.19633655462281766,50.845313521956264,0.8402558697936807,1
0.19633655462281766,50.845313521956264,0.8402558697936807,1
0.19633655462281766,50.845313521956264,0.8402558697936807,1
0.19633655462281766,50.845313521956264,0.8402558697936807,1
0.19633655462281766,50.845313521956264,0.8402558697936807,1
0.20868332862879635,50.889074593430514,0.8401465413029859,1
0.20311222811337942,51.33593534319139,0.833539448105406,1
0.20311222811337942,51.33593534319139,0.833539448105406,1
0.1978675090320856,50.7575717841479,0.8228097511983825,1
0.20579144310671377,50.946994844974064,0.8342674311518585,1
0.2101064184254264,51.21379571310271,0.8235793618214179,1
0.21567802345549417,51.57648361903738,0.8038189513306737,1
0.23011037725956165,51.355319576862954,0.8050013083667773,1
0.23011037725956165,51.355319576862954,0.8050013083667773,1
0.23664568495228827,51.78540564537424,0.7975111158121421,1
0.23733243228434925,51.86448326809825,0.8152451732942703,1
0.23733243228434925,51.86448326809825,0.8152451732942703,1
0.23733243228434925,51.86448326809825,0.8152451732942703,1
0.24178387476806398,52.14442518712704,0.8062044448813227,1
0.24178387476806398,52.14442518712704,0.8062044448813227,1
0.24178387476806398,52.14442518712704,0.8062044448813227,1
0.23664943404268446,52.105908804633984,0.7997064452008414,1
0.23664943404268446,52.105908804633984,0.7997064452008414,1
0.23664943404268446,52.105908804633984,0.7997064452008414,1
0.2346986135480946,51.6773892524435,0.800300423068582,1
0.2346986135480946,51.6773892524435,0.800300423068582,1
0.2346986135480946,51.6773892524435,0.800300423068582,1
0.2346986135480946,51.6773892524435,0.800300423068582,1
0.2346986135480946,51.6773892524435,0.800300423068582,1
0.23618770998961683,50.644895295775584,0.7954388649805849,1
0.23618770998961683,50.644895295775584,0.7954388649805849,1
0.2548100999684993,51.52533012639622,0.7780640931693339,1
0.236862082613314,51.28317074678558,0.7913556877934945,1
0.22421281053259834,50.67188308427119,0.8100841107053304,1
0.22421281053259834,50.67188308427119,0.8100841107053304,1
0.22608412336338413,50.91237422252779,0.8044649020904479,1
0.22608412336338413,50.91237422252779,0.8044649020904479,1
0.22608412336338413,50.91237422252779,0.8044649020904479,1
0.22564789884791003,50.217924761691016,0.8201000614277141,1
0.23618557821130298,50.09211249937221,0.8441342022000593,1
0.23618557821130298,50.09211249937221,0.8441342022000593,1
0.23618557821130298,50.09211249937221,0.8441342022000593,1
0.23618557821130298,50.09211249937221,0.8441342022000593,1
0.23618557821130298,50.09211249937221,0.8441342022000593,1
0.23618557821130298,50.09211249937221,0.8441342022000593,1
0.22116876229869095,50.40918782981416,0.8379496374992139,1
0.22116876229869095,50.40918782981416,0.8379496374992139,1
0.2237064579326537,50.51537098984302,0.8303212083220542,1
0.2237064579326537,50.51537098984302,0.8303212083220542,1
0.2237064579326537,50.51537098984302,0.8303212083220542,1
0.21381066229776158,51.01402052003786,0.8290550542254432,1
0.21381066229776158,51.01402052003786,0.8290550542254432,1
0.21558375095566815,50.64027956790318,0.8393260359881315,1
0.2154057665337345,50.74136546118189,0.8355974674724574,1
0.2154057665337345,50.74136546118189,0.8355974674724574,1
0.2154057665337345,50.74136546118189,0.8355974674724574,1
0.225456714003358,50.37639662850122,0.8333711709491094,1
0.225456714003358,50.37639662850122,0.8333711709491094,1
0.21174404467785815,50.97458154137438,0.830214726311701,1
0.21174404467785815,50.97458154137438,0.830214726311701,1
0.21174404467785815,50.97458154137438,0.830214726311701,1
0.20798895835956963,51.0146863142392,0.8216963140022994,1
0.20828761993883535,50.98338691213179,0.8057898697826895,1
0.21845989053409304,51.31530446238175,0.8098555702980901,1
0.21845989053409304,51.31530446238175,0.8098555702980901,1
0.21845989053409304,51.31530446238175,0.8098555702980901,1
0.21845989053409304,51.31530446238175,0.8098555702980901,1
0.217810022350739,51.43280858107112,0.8282782001254172,1
0.23064893000875092,51.16313498539562,0.8502059988061781,1
0.2301073829695776,51.527965061155854,0.8315859263061689,1
0.221957023701366,51.31182425358477,0.8267825864414028,1
0.23942449193498663,51.42425740489187,0.839886971213048,1
0.24983319210101393,50.23797032818382,0.8578821341862632,1
0.24983319210101393,50.23797032818382,0.8578821341862632,1
0.24983319210101393,50.23797032818382,0.8578821341862632,1
0.26254751882344807,50.167611685965795,0.8250184898794714,1
0.27219115335438143,50.37198095466717,0.829959751922539,1
0.27219115335438143,50.37198095466717,0.829959751922539,1
0.27219115335438143,50.37198095466717,0.829959751922539,1
0.2609858645585106,50.71164864665603,0.8374616042314428,1
0.2609858645585106,50.71164864665603,0.8374616042314428,1
0.2609858645585106,50.71164864665603,0.8374616042314428,1
0.2653026278916681,50.373036336784146,0.8265808181107478,1
0.27405704030449296,51.22611768192888,0.8304379945838234,1
0.2755572975276017,50.87768251277482,0.8439874416379192,1
0.2755572975276017,50.87768251277482,0.8439874416379192,1
0.28670441847587896,50.9933767552028,0.7921708210099719,1
0.28670441847587896,50.9933767552028,0.7921708210099719,1
0.2797832640786857,50.422866316684726,0.8144421670163584,1
0.294860421393714,50.7714114605489,0.7898300142395863,1
0.2993945878538928,50.93142645140697,0.8069912903048408,1
0.2993945878538928,50.93142645140697,0.8069912903048408,1
0.2993945878538928,50.93142645140697,0.8069912903048408,1
0.2993945878538928,50.93142645140697,0.8069912903048408,1
0.30629244721299875,50.85310914197673,0.8133592697006208,1
0.30629244721299875,50.85310914197673,0.8133592697006208,1
0.3037479572278554,50.560019795549515,0.7962068042435483,1
0.2885269623029179,50.3081482501817,0.8093453520241625,1
0.2777223683707668,50.47642512458969,0.8241054647532611,1
0.27093129729762133,50.35063490691244,0.8219848499734506,1
0.27093129729762133,50.35063490691244,0.8219848499734506,1
0.26797511945685343,50.64382704632911,0.8460968382737935,1
0.25816448002132514,50.0752696081767,0.8591750306035433,1
0.25856304531834123,50.154959072727465,0.8288279324594271,1
0.2409250395859606,50.49177311218675,0.8202145669812917,1
0.24379288461695706,50.57559123206031,0.8118950502573116,1
0.2486290938892224,50.7747653414517,0.8375100231512267,1
0.2579302331501621,50.87088691808211,0.8625485167151746,1
0.2656514879325655,50.21732626930777,0.8708057589959257,1
0.2675291365094099,49.640968656165825,0.8567546021435019,1
0.2806538043650456,49.60646604648875,0.8699543887318143,1
0.2806538043650456,49.60646604648875,0.8699543887318143,1
0.26437531972902323,50.00535264804982,0.8515728456877965,1
0.26437531972902323,50.00535264804982,0.8515728456877965,1
0.2652374611404383,49.28761964263055,0.8740489377354301,1
0.2776858859464876,50.38072884684032,0.8426322924363869,1
0.2776858859464876,50.38072884684032,0.8426322924363869,1
0.2776858859464876,50.38072884684032,0.8426322924363869,1
0.2848634505442171,50.13237960916442,0.854677467928102,1
0.2806650792935904,50.37799691915759,0.8586975039276068,1
0.2806650792935904,50.37799691915759,0.8586975039276068,1
0.2806650792935904,50.37799691915759,0.8586975039276068,1
0.2908087975026335,49.458206517981495,0.8671672846210795,1
0.2860389004724203,49.73645993412091,0.864214736344574,1
0.2860389004724203,49.73645993412091,0.864214736344574,1
0.2860389004724203,49.73645993412091,0.864214736344574,1
0.29130307426365426,49.570311665551614,0.8657990455854266,1
0.3103136021419659,49.88452007497753,0.8435017580767314,1
0.305297020022108,50.08752440685733,0.8486111019230769,1
0.30869387772119916,49.97753788797755,0.8669703342388382,1
0.3109815362050703,50.101657719105084,0.8434323883119855,1
0.3109815362050703,50.101657719105084,0.8434323883119855,1
0.30779113191383567,50.94191616652821,0.8203804012334117,1
0.30557967487808024,50.834442705206996,0.8524543535218145,1
0.30557967487808024,50.834442705206996,0.8524543535218145,1
0.30557967487808024,50.834442705206996,0.8524543535218145,1
0.280806196927971,50.74420592119422,0.8458893717812022,1
0.280806196927971,50.74420592119422,0.8458893717812022,1
0.28030687553210343,51.029046419885,0.7807307731371256,1
0.26311196022771655,51.05345817166022,0.8021681453330252,1
0.26311196022771655,51.05345817166022,0.8021681453330252,1
0.26311196022771655,51.05345817166022,0.8021681453330252,1
0.26311196022771655,51.05345817166022,0.8021681453330252,1
0.26311196022771655,51.05345817166022,0.8021681453330252,1
0.24644999970305997,51.25611126147255,0.803698891272337,1
0.24803452623145997,51.48414525944083,0.8105856900693619,1
0.25207878634429665,51.23848978792713,0.812899551521172,1
0.2402444351886062,51.07641137944443,0.8255290936909946,1
0.23848263025871874,50.706745836741376,0.8428875680719062,1
0.2604137849605234,50.07932411794476,0.8222110237359318,1
0.28850619625383,50.30080449163464,0.8279145711731533,1
0.2871909023325753,50.35593230072462,0.8295584609829737,1
0.2871909023325753,50.35593230072462,0.8295584609829737,1
0.2871909023325753,50.35593230072462,0.8295584609829737,1
0.283048926555497,50.75132704051649,0.827788915888861,1
0.2759022785185004,50.38724843548026,0.8060976664117488,1
0.2817213470115866,50.118690690705286,0.8484931917618055,1
0.2817213470115866,50.118690690705286,0.8484931917618055,1
0.2817213470115866,50.118690690705286,0.8484931917618055,1
0.2753264854503302,50.17689553056256,0.8329479853539239,1
0.28016943356553003,50.18119661514062,0.8157551585440305,1
0.28882807876037797,49.66576417910006,0.8085052491533377,1
0.28882807876037797,49.66576417910006,0.8085052491533377,1
0.28882807876037797,49.66576417910006,0.8085052491533377,1
0.2937267545249594,49.858788280947486,0.8384789504936704,1
0.2937267545249594,49.858788280947486,0.8384789504936704,1
0.30352817335028737,50.48229421992362,0.8201111734188343,1
0.2848270171860313,50.74347507714599,0.8270383667198286,1
0.2848270171860313,50.74347507714599,0.8270383667198286,1
0.2848270171860313,50.74347507714599,0.8270383667198286,1
0.2848270171860313,50.74347507714599,0.8270383667198286,1
0.27518263623642486,51.24991460017897,0.8075457240785144,1
0.2796769002290599,51.45090579634202,0.8005026313728189,1
0.2796769002290599,51.45090579634202,0.8005026313728189,1
0.2796769002290599,51.45090579634202,0.8005026313728189,1
0.26184032888363956,51.326818097162636,0.7922472926625339,1
0.2612110395508912,51.30467054833146,0.7967866481971827,1
0.25426297601006914,50.733423681349024,0.8123263879350636,1
0.25426297601006914,50.733423681349024,0.8123263879350636,1
0.25426297601006914,50.733423681349024,0.8123263879350636,1
0.25019111726042076,51.01570508483635,0.7550845505620003,1
0.2677119532355829,51.335374113784304,0.7386537724124101,1
0.27886306849811165,52.06642132856236,0.7355491437369279,1
0.28607493206661033,51.569693706338235,0.7414652470329997,1
0.300316976244632,50.87315523165657,0.7515225085322991,1
0.300316976244632,50.87315523165657,0.7515225085322991,1
0.3113925875344632,51.464117628399336,0.7618043068428803,1
0.3099389525775106,51.24944963539297,0.7639815191477555,1
0.3202379110582317,50.55256424834738,0.7976703780969286,1
0.3202379110582317,50.55256424834738,0.7976703780969286,1
0.3114389102239038,50.766154975807815,0.8153884150125076,1
0.29671006575028247,50.77917029261502,0.8253210353523885,1
0.3102071867207123,50.50292881957826,0.8246491781097908,1
0.32774615415904945,50.93563438798631,0.8533385681407346,1
0.32774615415904945,50.93563438798631,0.8533385681407346,1
0.3097449389617152,50.3249903783929,0.8667992200220748,1
0.3099201655226996,49.90352304656855,0.8488670332399016,1
0.31650557211391334,49.7538372636257,0.8208929554111832,1
0.3113697504021148,49.15726441377489,0.836436911390489,1
0.3113697504021148,49.15726441377489,0.836436911390489,1
0.301181191401241,49.56778228834133,0.835152232478472,1
0.301181191401241,49.56778228834133,0.835152232478472,1
0.31039516982427184,49.996944236692414,0.839993561994994,1
0.31039516982427184,49.996944236692414,0.839993561994994,1
0.31039516982427184,49.996944236692414,0.839993561994994,1
0.31039516982427184,49.996944236692414,0.839993561994994,1
0.31039516982427184,49.996944236692414,0.839993561994994,1
0.31039516982427184,49.996944236692414,0.839993561994994,1
0.296682370286547,49.80640521374313,0.8208309983582299,1
0.31285067483273404,49.469300270462995,0.8409456459464386,1
0.2972773449924504,49.1990678338735,0.8621085162645755,1
0.2972773449924504,49.1990678338735,0.8621085162645755,1
0.2972773449924504,49.1990678338735,0.8621085162645755,1
0.2972773449924504,49.1990678338735,0.8621085162645755,1
0.2972773449924504,49.1990678338735,0.8621085162645755,1
0.2977409264902115,50.48587581935241,0.8378668424556913,1
0.28850717970562084,50.09416269090758,0.8265592642292547,1
0.2901520175129135,49.810834591918,0.8478213507892646,1
0.2901520175129135,49.810834591918,0.8478213507892646,1
0.2901520175129135,49.810834591918,0.8478213507892646,1
0.2901520175129135,49.810834591918,0.8478213507892646,1
0.2901520175129135,49.810834591918,0.8478213507892646,1
0.31612644797912004,49.754037400113205,0.8489105744365253,1
0.31612644797912004,49.754037400113205,0.8489105744365253,1
0.31648253106134544,50.22324857715236,0.8516843250575176,1
0.32218184005381084,50.16939544989144,0.8323136588838028,1
0.32218184005381084,50.16939544989144,0.8323136588838028,1
0.33338004712197494,50.07562941453889,0.8133071211554387,1
0.33338004712197494,50.07562941453889,0.8133071211554387,1
0.33338004712197494,50.07562941453889,0.8133071211554387,1
0.33338004712197494,50.07562941453889,0.8133071211554387,1
0.33338004712197494,50.07562941453889,0.8133071211554387,1
0.33338004712197494,50.07562941453889,0.8133071211554387,1
0.3366546349056687,50.36307515896492,0.8104082913082625,1
0.3366546349056687,50.36307515896492,0.8104082913082625,1
0.33114564526205303,50.08847721007073,0.8039897263311239,1
0.3341506292976265,50.03952288354555,0.8065614019738923,1
0.3341506292976265,50.03952288354555,0.8065614019738923,1
0.3369494693842425,50.515520060007,0.8162834954998183,1
0.34655226225190844,50.36645248731171,0.7955018730817441,1
0.3468957207195444,49.894449809357276,0.8221701558439993,1
0.3543864002186756,50.01177670188519,0.8173831897102088,1
0.3543864002186756,50.01177670188519,0.8173831897102088,1
0.35505191270322356,50.203143187418064,0.8086625527983602,1
0.35505191270322356,50.203143187418064,0.8086625527983602,1
0.35977306626175604,50.64691577891379,0.834630596034625,1
0.35977306626175604,50.64691577891379,0.834630596034625,1
0.3705619367005909,50.68429943978226,0.8247043587486941,1
0.36451611443648974,51.12945295416958,0.7738110212031726,1
0.3646087372279645,51.05175591295422,0.8085122302942231,1
0.3576748555446936,50.650751214551136,0.8067831256953278,1
0.3574369223034043,50.81953440913222,0.8073599049360684,1
0.3601877126900692,50.74461702956909,0.8076944763570068,1
0.3601877126900692,50.74461702956909,0.8076944763570068,1
0.3605549505108972,50.7089166824138,0.8250001808140836,1
0.3605549505108972,50.7089166824138,0.8250001808140836,1
0.3410088049893402,49.50896439437116,0.8467970329693205,1
0.3410088049893402,49.50896439437116,0.8467970329693205,1
0.3410088049893402,49.50896439437116,0.8467970329693205,1
0.3408207237600203,49.549185635693725,0.8634318483999377,1
0.3507297162120248,49.937934350242756,0.8400386130478952,1
0.3507297162120248,49.937934350242756,0.8400386130478952,1
0.35699402450464524,49.547627692685296,0.7962731906243946,1
0.35699402450464524,49.547627692685296,0.7962731906243946,1
0.35699402450464524,49.547627692685296,0.7962731906243946,1
0.3345681894406624,49.2873326183008,0.8082790029980538,1
0.35018601179855696,49.78194548397096,0.8035170043544778,1
0.34846291025859405,49.78138295250313,0.8131736915417943,1
0.34846291025859405,49.78138295250313,0.8131736915417943,1
0.34846291025859405,49.78138295250313,0.8131736915417943,1
0.34846291025859405,49.78138295250313,0.8131736915417943,1
0.34846291025859405,49.78138295250313,0.8131736915417943,1
0.35169282523576284,49.898371082089426,0.821596854251161,1
0.35169282523576284,49.898371082089426,0.821596854251161,1
0.3570159519873885,50.1065961394224,0.845649368595827,1
0.3597155620210369,50.0749783212122,0.8566752183011261,1
0.35867034017529004,49.125217954050264,0.8679381179258466,1
0.35867034017529004,49.125217954050264,0.8679381179258466,1
0.3537030148336641,50.14370612886451,0.8566337511723375,1
0.3537030148336641,50.14370612886451,0.8566337511723375,1
0.3537030148336641,50.14370612886451,0.8566337511723375,1
0.3564275851691536,49.7212230195245,0.8269321190149066,1
0.3564275851691536,49.7212230195245,0.8269321190149066,1
0.35422910480814196,50.05376093722077,0.8204883269064929,1
0.35422910480814196,50.05376093722077,0.8204883269064929,1
0.36723217219934173,49.88849827839353,0.8006663146550379,1
0.3598514073013459,50.169724669932194,0.8276592099133326,1
0.35891044631038543,50.17672590205388,0.8365869414125006,1
0.34279592807992837,49.70213113872146,0.850696761911109,1
0.34279592807992837,49.70213113872146,0.850696761911109,1
0.3531844372881652,50.06306703809161,0.812466852181906,1
0.3531844372881652,50.06306703809161,0.812466852181906,1
0.35865317148801446,49.756744286612324,0.7988093465143846,1
0.36845534285822407,49.83662187324999,0.8074039688213862,1
0.36845534285822407,49.83662187324999,0.8074039688213862,1
0.3599303179447055,50.196558812207456,0.8113573486833198,1
0.3602735340449127,50.43721058672537,0.7696370427641515,1
0.3602735340449127,50.43721058672537,0.7696370427641515,1
0.34225521140536763,50.14495208031132,0.7745584609461524,1
0.337300962644391,50.59593119775664,0.7905609686795254,1
0.33918149965498723,50.44590738035546,0.8122209439493049,1
0.3366422343022911,50.59711353486984,0.7991416994495825,1
0.3441167971581229,50.02059107503886,0.8223001884500004,1
0.3533235251357158,48.98685001677831,0.8431816093554081,1
0.3533235251357158,48.98685001677831,0.8431816093554081,1
0.3473937091432086,49.39220835491407,0.8212818904172922,1
0.3813031188023913,49.45034085664879,0.8163230117907669,1
0.3813031188023913,49.45034085664879,0.8163230117907669,1
0.3840464099866421,50.23355505552568,0.841122858712549,1
0.391256608262219,49.93394000050251,0.8163268690755802,1
0.3960080472916985,50.00101356035218,0.8365827409368827,1
0.3864494430736826,49.80765428619734,0.8359523931786126,1
0.38368239981306,49.854506007828284,0.8195841482373896,1
0.38368239981306,49.854506007828284,0.8195841482373896,1
0.36639781017522477,50.27591525080722,0.8263419369592208,1
0.38294860214081056,50.43874951345329,0.806962050756944,1
0.38294860214081056,50.43874951345329,0.806962050756944,1
0.38294860214081056,50.43874951345329,0.806962050756944,1
0.36897090746204114,51.23024502072601,0.8019724203894816,1
0.36465185260165195,51.369830871764876,0.802100428028494,1
0.36465185260165195,51.369830871764876,0.802100428028494,1
0.3510280951296063,50.38954430053249,0.8203184576023422,1
0.34013919842322915,49.94680721908179,0.8549300267154906,1
0.3307211375984991,49.42512126717793,0.8558200600156619,1
0.3306722139200539,49.75746275867719,0.8532702333051138,1
0.33562139676004243,48.95462248273358,0.863308961281492,1
0.33562139676004243,48.95462248273358,0.863308961281492,1
0.34444618069939004,49.196944306131044,0.855323071435283,1
0.3298077129932345,48.9948202124814,0.8738817873879058,1
0.3298077129932345,48.9948202124814,0.8738817873879058,1
0.3298077129932345,48.9948202124814,0.8738817873879058,1
0.35005888568629684,48.66219646292536,0.8737422632693662,1
0.35005888568629684,48.66219646292536,0.8737422632693662,1
0.3522621465825468,48.6879544842336,0.8722162322783513,1
0.3522621465825468,48.6879544842336,0.8722162322783513,1
0.3522621465825468,48.6879544842336,0.8722162322783513,1
0.3563662197308965,48.880047425036864,0.8805635862926227,1
0.34828348152588073,49.64407970760936,0.877956636531166,1
0.34828348152588073,49.64407970760936,0.877956636531166,1
0.34791536108729115,49.72068389130753,0.8969658813652688,1
0.34791536108729115,49.72068389130753,0.8969658813652688,1
0.33332304625566017,49.39809692479163,0.8873892342569386,1
0.3163523023318666,49.6859321124074,0.8669368482882593,1
0.33265323494012605,49.90153195709881,0.8747678738162489,1
0.33244628062247233,49.332089927993934,0.8751159996850297,1
0.33391853129585386,49.86717068235892,0.8627250728689252,1
0.33391853129585386,49.86717068235892,0.8627250728689252,1
0.35134511837384413,50.098258999743855,0.8671909566514256,1
0.3536029412273934,50.227555185317314,0.8695554545493765,1
0.36176696131072317,49.72804443039052,0.8733149056066621,1
0.36176696131072317,49.72804443039052,0.8733149056066621,1
0.36628758811318457,49.29115647013577,0.85230301997011,1
0.36628758811318457,49.29115647013577,0.85230301997011,1
0.36628758811318457,49.29115647013577,0.85230301997011,1
0.34081314676347135,49.79002868857947,0.8526658757808809,1
0.34081314676347135,49.79002868857947,0.8526658757808809,1
0.3310039606894456,49.30868649609507,0.8413337663330251,1
0.33002616214678837,50.25108656290159,0.8383599316963205,1
0.3281495065621132,49.827010021693624,0.8358555511945976,1
0.3281495065621132,49.827010021693624,0.8358555511945976,1
0.3156935820530137,50.03594608867306,0.7909568858476541,1
0.3143560665215995,49.98432748032329,0.790910175225269,1
0.30882120910449423,50.903461290669966,0.7776188005445186,1
0.3029915814797479,50.39967960182788,0.800950367760348,1
0.2864657120704354,50.27198852992209,0.7956774292602693,1
0.2864657120704354,50.27198852992209,0.7956774292602693,1
0.2837010426013465,50.30462479584172,0.8320183830559038,1
0.2837010426013465,50.30462479584172,0.8320183830559038,1
0.28613750775410046,50.05925466667896,0.791318198117481,1
0.28613750775410046,50.05925466667896,0.791318198117481,1
0.2859780636044146,49.961328775837416,0.7914790156258865,1
0.3000895656940302,50.97202349817555,0.7977342301820547,1
0.3105778241998574,51.367525063989845,0.7723824530608414,1
0.3163874366109333,50.903908170731896,0.7732150921426344,1
0.31847011672137027,51.45995720212117,0.7595080464193049,1
0.32055594256821,51.24058613525597,0.7590409498658435,1
0.3229370305914249,51.4957358447471,0.7782966033996593,1
0.3234677412647503,51.52066120502754,0.7731393780620214,1
0.3337950281293071,51.6694411500593,0.7941278326171728,1
0.3337950281293071,51.6694411500593,0.7941278326171728,1
0.3337950281293071,51.6694411500593,0.7941278326171728,1
0.3488452571123621,51.452532860041956,0.785257755022548,1
0.3374309048797436,51.56246707605361,0.7676424931024405,1
0.3374309048797436,51.56246707605361,0.7676424931024405,1
0.3374309048797436,51.56246707605361,0.7676424931024405,1
0.34834814877064985,50.808954759100665,0.7269918429714871,1
0.34834814877064985,50.808954759100665,0.7269918429714871,1
0.34834814877064985,50.808954759100665,0.7269918429714871,1
0.34834814877064985,50.808954759100665,0.7269918429714871,1
0.3486215412969626,50.77468655468665,0.7384787562476196,1
0.3486215412969626,50.77468655468665,0.7384787562476196,1
0.34441756268067303,50.698402357391515,0.7445383330755582,1
0.32350933236131374,51.55836861681048,0.735608814833678,1
0.33003180123700304,51.55945312831256,0.7495182472438525,1
0.34567477948379893,51.609614926957576,0.7530473294128103,1
0.3352608593481783,50.82721239567021,0.742750881607216,1
0.33822360120344414,50.95760830616301,0.7275234802969399,1
0.32057278291044466,52.2000232620236,0.7192081175044283,1
0.32057278291044466,52.2000232620236,0.7192081175044283,1
0.32057278291044466,52.2000232620236,0.7192081175044283,1
0.3051876050771756,52.326921467593856,0.7409711978370151,1
0.3226999007289376,52.40943420918081,0.7423678091010693,1
0.3226999007289376,52.40943420918081,0.7423678091010693,1
0.3137785681302403,52.35746074471301,0.7273129657640306,1
0.3137785681302403,52.35746074471301,0.7273129657640306,1
0.30861212966877616,52.3966258157602,0.7109010646327357,1
0.2998445637766825,52.43149406272801,0.7488850579818696,1
0.29965351187318895,52.33056055419746,0.758095808253032,1
0.2914719104083986,51.90726364719046,0.7564329513796645,1
0.2712362091496807,51.29505655372068,0.7873993722497349,1
0.26063181821928294,51.273047892329295,0.7869210247548926,1
0.24827758570234748,50.96236422251944,0.7720463877190297,1
0.24827758570234748,50.96236422251944,0.7720463877190297,1
0.24827758570234748,50.96236422251944,0.7720463877190297,1
0.23879398885742642,51.946086726339345,0.7733895428109816,1
0.23879398885742642,51.946086726339345,0.7733895428109816,1
0.23971149231442376,52.023167063334114,0.7594937922567995,1
0.23971149231442376,52.023167063334114,0.7594937922567995,1
0.24589726615764615,51.97823243799999,0.7769795466288427,1
0.2618371629013144,52.10136804181763,0.7986783799462652,1
0.26225339124948743,51.72493606144663,0.7910995866841354,1
0.26225339124948743,51.72493606144663,0.7910995866841354,1
0.24414507504846159,52.08188576773663,0.80079518262069,1
0.24414507504846159,52.08188576773663,0.80079518262069,1
0.2325023972179554,51.61889521071566,0.7807635605276797,1
0.23575151490930987,51.83035740750394,0.7979999836903624,1
0.22393860241165367,51.61019719791375,0.7730205526432624,1
0.22393860241165367,51.61019719791375,0.7730205526432624,1
0.23828368212927586,51.69587434790328,0.7564349818187591,1
0.22177953495035896,51.396291269626715,0.7924575095365584,1
0.22177953495035896,51.396291269626715,0.7924575095365584,1
0.22299560393540233,51.20113312723121,0.8068609018801158,1
0.22299560393540233,51.20113312723121,0.8068609018801158,1
0.22299560393540233,51.20113312723121,0.8068609018801158,1
0.21760554027758194,51.22163367569784,0.8126608019339515,1
0.21760554027758194,51.22163367569784,0.8126608019339515,1
0.21143109713420755,51.50001298351886,0.8227038045370014,1
0.22022436485224706,51.737021076034786,0.8201333097648894,1
0.22022436485224706,51.737021076034786,0.8201333097648894,1
0.2184551178378531,51.489513896956915,0.8263325964194977,1
0.2127624597153444,51.27137319313747,0.8441126491967118,1
0.21066626252728354,50.8897499221297,0.8595294726601371,1
0.20690647638695048,49.99851791850227,0.8840494999982665,1
0.19732368728719235,50.52905757181918,0.8601095623404819,1
0.20660386247542492,49.83684252303113,0.8826480956449175,1
0.2103827138532711,49.997474808693966,0.8715534647822031,1
0.221123359098137,49.69856550756558,0.8594235764611292,1
0.2361738148450116,49.79089875552536,0.8720952913129324,1
0.2361738148450116,49.79089875552536,0.8720952913129324,1
0.2378752440917302,49.809556788118634,0.8610408922251072,1
0.2378752440917302,49.809556788118634,0.8610408922251072,1
0.2543101275272747,50.096117731615244,0.8525413508632429,1
0.2675337783926352,49.622062933727385,0.8822417265185674,1
0.2675337783926352,49.622062933727385,0.8822417265185674,1
0.25747887444143336,49.62850510376766,0.8976168333106034,1
0.2484258257476406,49.53564225598235,0.899559164403415,1
0.24483040582136043,49.25119497112229,0.8687904193926225,1
0.24483040582136043,49.25119497112229,0.8687904193926225,1
0.24483040582136043,49.25119497112229,0.8687904193926225,1
0.22107436277387474,49.92754793588485,0.8660518178650487,1
0.22078973219506004,50.33461234390639,0.8521112785359793,1
0.22078973219506004,50.33461234390639,0.8521112785359793,1
0.21090295243742294,50.37107764877046,0.8371476142771375,1
0.22064594112802238,50.43471758065739,0.8403970673111133,1
0.2290080342072251,50.095049530816574,0.8515425197872656,1
0.2290080342072251,50.095049530816574,0.8515425197872656,1
0.2290080342072251,50.095049530816574,0.8515425197872656,1
0.2169293991168034,50.69617132326567,0.8244898901820794,1
0.2169293991168034,50.69617132326567,0.8244898901820794,1
0.2169293991168034,50.69617132326567,0.8244898901820794,1
0.2169293991168034,50.69617132326567,0.8244898901820794,1
0.22390859365244903,49.64492485094477,0.8560585640621629,1
0.22390859365244903,49.64492485094477,0.8560585640621629,1
0.23250534429743927,50.435665159989604,0.8623317779971463,1
0.23250534429743927,50.435665159989604,0.8623317779971463,1
0.23250534429743927,50.435665159989604,0.8623317779971463,1
0.24684254894111482,51.09581602188318,0.8363101629865124,1
0.24418855324009045,51.234343257258516,0.8272262183706296,1
0.24418855324009045,51.234343257258516,0.8272262183706296,1
0.25379920783854776,50.59680096109928,0.8455399572711676,1
0.2591843448921939,51.159574865578044,0.8355183624244588,1
0.2737710853999507,50.78730249328157,0.8437040639752164,1
0.2707896434481539,50.70832807584587,0.8497589385761266,1
0.2707896434481539,50.70832807584587,0.8497589385761266,1
0.2707896434481539,50.70832807584587,0.8497589385761266,1
0.28021769839839983,50.29476631414907,0.8589544491556088,1
0.2748113528745041,49.87354512884823,0.8513485954387555,1
0.2748113528745041,49.87354512884823,0.8513485954387555,1
0.2802530726843178,50.00328004690138,0.8344926185594486,1
0.27911005339755135,49.93233306008184,0.8353868895183497,1
0.27911005339755135,49.93233306008184,0.8353868895183497,1
0.2790125847534105,50.19322258344899,0.8169233957351407,1
0.2641650530025941,50.675475081662505,0.793374335172094,1
0.2641650530025941,50.675475081662505,0.793374335172094,1
0.26135934498495295,51.03993609029043,0.7843262491204304,1
0.2655537904281044,51.52021176810882,0.8043862147349325,1
0.2650287497670385,51.12553428928852,0.7901181377821961,1
0.2650287497670385,51.12553428928852,0.7901181377821961,1
0.2617566496167453,49.505967255763785,0.840500183227037,1
0.2617566496167453,49.505967255763785,0.840500183227037,1
0.2620825388818967,49.383124446171465,0.8175476036189556,1
0.2682194771061855,49.39290513018284,0.828681774832655,1
0.2682194771061855,49.39290513018284,0.828681774832655,1
0.2682194771061855,49.39290513018284,0.828681774832655,1
0.2682194771061855,49.39290513018284,0.828681774832655,1
0.276630715459441,49.80375718444058,0.8374702853321352,1
0.2800515474946259,49.71606463167726,0.8429578592782374,1
0.2800515474946259,49.71606463167726,0.8429578592782374,1
0.29723091854454187,49.49140117472366,0.8278364450916051,1
0.29723091854454187,49.49140117472366,0.8278364450916051,1
0.29973458456401886,48.94753883008411,0.8482508441893349,1
0.29973458456401886,48.94753883008411,0.8482508441893349,1
0.3031914298098102,48.85260163440306,0.8623641749173541,1
0.3031914298098102,48.85260163440306,0.8623641749173541,1
0.30347944975532026,48.84785473339644,0.8686672515358155,1
0.30347944975532026,48.84785473339644,0.8686672515358155,1
0.30347944975532026,48.84785473339644,0.8686672515358155,1
0.3057333517694197,49.295648787409505,0.8631706663840888,1
0.3057333517694197,49.295648787409505,0.8631706663840888,1
0.3057333517694197,49.295648787409505,0.8631706663840888,1
0.30857993331084815,49.788688179588505,0.8627521893473383,1
0.30902144272204984,49.236392841708444,0.8775166521468378,1
0.30902144272204984,49.236392841708444,0.8775166521468378,1
0.30902144272204984,49.236392841708444,0.8775166521468378,1
0.30902144272204984,49.236392841708444,0.8775166521468378,1
0.30902144272204984,49.236392841708444,0.8775166521468378,1
0.30902144272204984,49.236392841708444,0.8775166521468378,1
0.30902144272204984,49.236392841708444,0.8775166521468378,1
0.30902144272204984,49.236392841708444,0.8775166521468378,1
0.306624854473137,49.600342391257854,0.8749102366432787,1
0.28634936215242995,49.67642390951945,0.8230671092685519,1
0.29577385413021084,49.288144190094286,0.82367034851082,1
0.2937954905060266,49.598679320141954,0.8280986738234956,1
0.2937954905060266,49.598679320141954,0.8280986738234956,1
0.2937954905060266,49.598679320141954,0.8280986738234956,1
0.2937954905060266,49.598679320141954,0.8280986738234956,1
0.2937954905060266,49.598679320141954,0.8280986738234956,1
0.3001239177852718,49.66697310449144,0.8266303973996487,1
0.29857114208845487,51.036870169336844,0.8338264492770888,1
0.29857114208845487,51.036870169336844,0.8338264492770888,1
0.29857114208845487,51.036870169336844,0.8338264492770888,1
0.3055014921759685,50.343941870348644,0.8531775608150858,1
0.3055014921759685,50.343941870348644,0.8531775608150858,1
0.3055014921759685,50.343941870348644,0.8531775608150858,1
0.3055014921759685,50.343941870348644,0.8531775608150858,1
0.3051375562617399,50.43140477508012,0.8509985404525334,1
0.31801589153452664,49.37619685578033,0.8655161048326458,1
0.31801589153452664,49.37619685578033,0.8655161048326458,1
0.31801589153452664,49.37619685578033,0.8655161048326458,1
0.319488216223039,49.65727746606385,0.8544718073620512,1
0.319488216223039,49.65727746606385,0.8544718073620512,1
0.3154582168634374,49.847155621142534,0.8549694910635952,1
0.3154582168634374,49.847155621142534,0.8549694910635952,1
0.315745455744476,49.54677440838638,0.8539754249788789,1
0.31150808719783124,50.43928841853943,0.8531429779247879,1
0.3123576624874217,50.56399113475863,0.8664481693701493,1
0.3043042415340185,50.314737987920665,0.8554575970099744,1
0.3043042415340185,50.314737987920665,0.8554575970099744,1
0.30032562428545434,50.750683760705954,0.840167709089505,1
0.30032562428545434,50.750683760705954,0.840167709089505,1
0.30693133206955225,50.54082280354914,0.8483490248885005,1
0.30693133206955225,50.54082280354914,0.8483490248885005,1
0.30693133206955225,50.54082280354914,0.8483490248885005,1
0.30174779600689794,50.23630696363,0.8359246465496883,1
0.30174779600689794,50.23630696363,0.8359246465496883,1
0.29812765034426875,49.98404106516517,0.8139006423010164,1
0.2882243869999158,49.7823690997159,0.8156000012366565,1
0.30666071991262556,50.053393416252604,0.8162841809764487,1
0.3075343360552333,50.68730566345679,0.815389837564024,1
0.3075343360552333,50.68730566345679,0.815389837564024,1
0.3075343360552333,50.68730566345679,0.815389837564024,1
0.3160362756536023,50.94593163659753,0.8073558223952981,1
0.3269838828230927,51.17416700135645,0.7984245563571374,1
0.32605492278891507,51.061930982406956,0.809841888105418,1
0.32387659530532587,50.39205959070373,0.8153163633297562,1
0.3301265305579764,51.00345781163652,0.7899327495847737,1
0.3301265305579764,51.00345781163652,0.7899327495847737,1
0.3301265305579764,51.00345781163652,0.7899327495847737,1
0.32099785570312017,50.939211843391874,0.8101274654706478,1
0.32765750433974083,50.27068091946118,0.8423776044675184,1
0.3331769105645102,50.335849005139885,0.7977329841734966,1
0.3331769105645102,50.335849005139885,0.7977329841734966,1
0.3357608608484466,50.57162410747202,0.7725036173733058,1
0.3379621937185588,51.58314270649644,0.753945920317041,1
0.3379621937185588,51.58314270649644,0.753945920317041,1
0.3379621937185588,51.58314270649644,0.753945920317041,1
0.3379621937185588,51.58314270649644,0.753945920317041,1
0.3379621937185588,51.58314270649644,0.753945920317041,1
0.34505303791463393,51.29279490395893,0.7762793047452101,1
0.34786603609462124,51.255775305913346,0.7637029356608888,1
0.34786603609462124,51.255775305913346,0.7637029356608888,1
0.34786603609462124,51.255775305913346,0.7637029356608888,1
0.35735555004748165,50.973152609173894,0.7670059173467932,1
0.35735555004748165,50.973152609173894,0.7670059173467932,1
0.35735555004748165,50.973152609173894,0.7670059173467932,1
0.35735555004748165,50.973152609173894,0.7670059173467932,1
0.35668855677921246,51.663322817737495,0.7634893518296851,1
0.35174948715763876,51.928501554624496,0.7375358047647873,1
0.3335985594630945,50.68649244135323,0.7394080414145392,1
0.3335985594630945,50.68649244135323,0.7394080414145392,1
0.3449255047315513,51.00176334022183,0.7720703713236283,1
0.3449255047315513,51.00176334022183,0.7720703713236283,1
0.3449255047315513,51.00176334022183,0.7720703713236283,1
0.3361647138594212,50.909665365538906,0.7699917575747114,1
0.33678454421195453,50.86224039345865,0.7341150506089645,1
0.33678454421195453,50.86224039345865,0.7341150506089645,1
0.33315090461653,51.105706037022074,0.7362028238686804,1
0.3563295638254251,52.1654931688441,0.7311196640954041,1
0.3563295638254251,52.1654931688441,0.7311196640954041,1
0.35523840990431327,51.438409996302724,0.7338716076783611,1
0.35608290412273386,50.744617645417925,0.7289640108265504,1
0.35608290412273386,50.744617645417925,0.7289640108265504,1
0.35608290412273386,50.744617645417925,0.7289640108265504,1
0.36422892116469524,51.55058088849023,0.7189838489458817,1
0.36422892116469524,51.55058088849023,0.7189838489458817,1
0.36126728893377014,51.564741125996946,0.7072865073570048,1
0.36126728893377014,51.564741125996946,0.7072865073570048,1
0.36292695885732146,52.17031521974432,0.7382054851741576,1
0.37463958042386064,52.202228817782704,0.7435759641253776,1
0.3861196976954802,51.65024333521855,0.7438460636502572,1
0.37479232715044825,52.2517835487833,0.7663327819889435,1
0.35771227806400135,51.77013234351412,0.7521701875282552,1
0.35771227806400135,51.77013234351412,0.7521701875282552,1
0.35771227806400135,51.77013234351412,0.7521701875282552,1
0.35771227806400135,51.77013234351412,0.7521701875282552,1
0.3703155566847686,51.455577652834044,0.7489989413769067,1
0.3831544834198581,51.2896933623332,0.7445136079102997,1
0.3831544834198581,51.2896933623332,0.7445136079102997,1
0.3898496197651742,51.241793334290726,0.742127495655307,1
0.3898496197651742,51.241793334290726,0.742127495655307,1
0.4033437797227121,50.689194947140514,0.750234108350959,1
0.4029364565130824,50.53360316640988,0.7441465215222393,1
0.4048729298689035,50.69381115637953,0.7489102546090186,1
0.45508262218422857,50.606695995030556,0.7900430905606044,2
0.45508262218422857,50.606695995030556,0.7900430905606044,2
0.44758959670349774,50.289749422615756,0.7533902147291409,2
0.44774047418876045,50.33349187734253,0.7779089493425375,2
0.4423591424616966,50.355618437232145,0.7471083802397317,2
0.4423591424616966,50.355618437232145,0.7471083802397317,2
0.4377623913015521,50.91659794123713,0.7464714845788076,2
0.42888802099640916,51.01764642522665,0.7595002251530903,2
0.4403135293022544,50.542668137677815,0.7735631696471512,2
0.4445514530853394,50.20130997279382,0.7617708790329843,2
0.4445514530853394,50.20130997279382,0.7617708790329843,2
0.4468333808558297,50.9481029885208,0.78344869229755,2
0.44288264927975607,50.80695907962691,0.7837563309166988,2
0.44288264927975607,50.80695907962691,0.7837563309166988,2
0.43922452574006515,49.98483916961688,0.7643319484702069,2
0.43922452574006515,49.98483916961688,0.7643319484702069,2
0.43642823836009614,49.96933556218609,0.7594619938344792,2
0.43642823836009614,49.96933556218609,0.7594619938344792,2
0.43121143312043114,49.620708108107,0.8095689934446357,2
0.4325639391970563,49.9521676510009,0.814664590665829,2
0.42579743001105674,49.59502810595548,0.7986425313229683,2
0.43618707453086514,49.94323788506574,0.7912993189022903,2
0.43050337840499714,49.76553286337094,0.7865907497050196,2
0.43050337840499714,49.76553286337094,0.7865907497050196,2
0.4319783877357773,49.619589468453924,0.7798501669467063,2
0.45531501811156533,49.48779118135416,0.7762859888403574,2
0.4532862847741255,49.91751628227164,0.7388693228969416,2
0.4537904035506938,50.11472786137306,0.717493348422961,2
0.4537904035506938,50.11472786137306,0.717493348422961,2
0.4451474419114525,49.812661547638164,0.7245658966589329,2
0.4451474419114525,49.812661547638164,0.7245658966589329,2
0.4451474419114525,49.812661547638164,0.7245658966589329,2
0.4510427854481834,50.13851184598139,0.7314026620724332,2
0.4510427854481834,50.13851184598139,0.7314026620724332,2
0.4510427854481834,50.13851184598139,0.7314026620724332,2
0.46437860789959623,49.873637839363774,0.7589708332025857,2
0.46437860789959623,49.873637839363774,0.7589708332025857,2
0.4644381818305614,50.31501348017895,0.7626723940815506,2
0.47519191947490985,49.90252529129492,0.7667909997506933,2
0.4692052007856186,49.39322629943422,0.7759883151014492,2
0.4783434840173083,49.74405469111713,0.7801540813296702,2
0.4771568787839174,49.749534595688274,0.8050354415374874,2
0.47732494057687663,49.72179733397963,0.8000569515230718,2
0.47732494057687663,49.72179733397963,0.8000569515230718,2
0.47316224584467814,49.39206711539616,0.7959181454846638,2
0.4692958606778235,49.59185168863576,0.8015155633872,2
0.4692958606778235,49.59185168863576,0.8015155633872,2
0.4692958606778235,49.59185168863576,0.8015155633872,2
0.4692958606778235,49.59185168863576,0.8015155633872,2
0.4815159115055189,49.550152107787156,0.7711958063900775,2
0.4867340544116758,49.69684458940009,0.777099610392871,2
0.4758237444010938,49.2294946424535,0.7885322852156001,2
0.476081106592491,50.327727230512295,0.8008451031239457,2
0.4827272898709474,50.512589884577515,0.7975644678422857,2
0.47680459165886463,50.54096045112799,0.7956441953242995,2
0.48018452570453246,50.134169140008986,0.8037478462307371,2
0.4834965325166135,49.80960945234073,0.8158931852119488,2
0.48064600840354266,49.856692595974145,0.7940626216777625,2
0.48064600840354266,49.856692595974145,0.7940626216777625,2
0.48233642243276925,50.228070535112785,0.802642831874543,2
0.48233642243276925,50.228070535112785,0.802642831874543,2
0.48741924617910193,50.214241076235595,0.8151995737907758,2
0.479475990063558,50.128379436473345,0.8299014523852389,2
0.4640852058606814,49.96160200855067,0.7961787666856649,2
0.45164943854935363,50.23257997147028,0.774021818882126,2
0.4413910480051269,50.326294338551826,0.7777345294776018,2
0.4413910480051269,50.326294338551826,0.7777345294776018,2
0.443109856141812,49.69067541123563,0.7803003983526244,2
0.443109856141812,49.69067541123563,0.7803003983526244,2
0.443109856141812,49.69067541123563,0.7803003983526244,2
0.443109856141812,49.69067541123563,0.7803003983526244,2
0.443109856141812,49.69067541123563,0.7803003983526244,2
0.40728326786179736,49.246650165797725,0.7592428600907482,2
0.40728326786179736,49.246650165797725,0.7592428600907482,2
0.40728326786179736,49.246650165797725,0.7592428600907482,2
0.4240599108548944,48.873946597787985,0.7642832065397537,2
0.4240599108548944,48.873946597787985,0.7642832065397537,2
0.4240599108548944,48.873946597787985,0.7642832065397537,2
0.4240599108548944,48.873946597787985,0.7642832065397537,2
0.4408713599186668,49.3127553583459,0.7503511905596219,2
0.4408713599186668,49.3127553583459,0.7503511905596219,2
0.44152261484119515,49.4258329333288,0.7482498537150564,2
0.45181124406480194,49.83218367952375,0.7276740987036784,2
0.4612684902457301,49.94132595645027,0.740439217290462,2
0.4612684902457301,49.94132595645027,0.740439217290462,2
0.47804396164659313,49.79160523283872,0.7447358285145536,2
0.47709769924156314,49.37720607640177,0.7872545223657773,2
0.47709769924156314,49.37720607640177,0.7872545223657773,2
0.4481031770187841,50.081554386358185,0.7957750551398433,2
0.4417766432930181,49.62205923931711,0.7932246338533696,2
0.4405309552542228,49.72378086639739,0.7815846526553892,2
0.4533789060680063,49.82726496247514,0.7819103524117929,2
0.4533789060680063,49.82726496247514,0.7819103524117929,2
0.4533789060680063,49.82726496247514,0.7819103524117929,2
0.4528434759923818,49.57075433177762,0.7764514376227527,2
0.4528434759923818,49.57075433177762,0.7764514376227527,2
0.45619192363169697,50.053430730808955,0.8189339781617527,2
0.44985691347623785,49.1885883195746,0.8272205278634971,2
0.4545327440126212,48.69208864749647,0.8049764739808591,2
0.4545327440126212,48.69208864749647,0.8049764739808591,2
0.4545327440126212,48.69208864749647,0.8049764739808591,2
0.4545327440126212,48.69208864749647,0.8049764739808591,2
0.44830117398712227,49.26919292256746,0.8138258487385429,2
0.44830117398712227,49.26919292256746,0.8138258487385429,2
0.4479145605196511,49.37352543855735,0.8005193415144491,2
0.4479145605196511,49.37352543855735,0.8005193415144491,2
0.4479145605196511,49.37352543855735,0.8005193415144491,2
0.45903496116578907,49.65329118660027,0.7760880112621785,2
0.45903496116578907,49.65329118660027,0.7760880112621785,2
0.4636687970883503,49.180030813074865,0.7593504446070999,2
0.4520138770609916,49.0133530982121,0.7866258379404912,2
0.43424282888451776,49.370451172283644,0.7666599758483106,2
0.43496863672313907,49.13263517853829,0.7697027716589103,2
0.4492433216988317,49.36573050314439,0.8168364468388086,2
0.4492433216988317,49.36573050314439,0.8168364468388086,2
0.4492433216988317,49.36573050314439,0.8168364468388086,2
0.46096765736866435,49.194328850532166,0.8378432383602753,2
0.4639602470253973,49.02106710205394,0.8426690858789778,2
0.4470986335997663,48.494019224781255,0.8461194017917241,2
0.45276354256615287,48.61151994317506,0.8824456347587775,2
0.45618197258702603,48.00521089802216,0.8992562540001707,2
0.46087319105165514,48.1477369338492,0.9094827691169209,2
0.47704986738068106,48.23570896374909,0.8952081595420428,2
0.47704986738068106,48.23570896374909,0.8952081595420428,2
0.47704986738068106,48.23570896374909,0.8952081595420428,2
0.4654421711648105,47.85961347459776,0.8887707592644659,2
0.4592868409579664,47.72687616004653,0.8659931674329018,2
0.4597237195916017,47.780565398969074,0.8501382079640931,2
0.4597237195916017,47.780565398969074,0.8501382079640931,2
0.43882275912080093,48.093355797501076,0.8823322032176237,2
0.43882275912080093,48.093355797501076,0.8823322032176237,2
0.4436571222917468,48.137822836046524,0.8882894139519761,2
0.4330692393558546,47.84495667024492,0.902293925517176,2
0.42702106631645775,47.82922282123394,0.9321820308085421,2
0.42161947827250434,47.92701695092478,0.9236679906383503,2
0.41761340966704175,48.327398807189795,0.9091110077262331,2
0.41761340966704175,48.327398807189795,0.9091110077262331,2
0.41761340966704175,48.327398807189795,0.9091110077262331,2
0.41761340966704175,48.327398807189795,0.9091110077262331,2
0.4147475835084795,48.0201965710949,0.8880043026316288,2
0.42117158483462014,48.15309648726291,0.8753883616386289,2
0.42117158483462014,48.15309648726291,0.8753883616386289,2
0.4079523732642205,48.32332663431262,0.8772434683775296,2
0.41771525731099574,48.90058288268706,0.8756214207010515,2
0.41248571249841826,49.59517724736259,0.8930066772292978,2
0.4124351622816523,49.95837156615382,0.8761861503556847,2
0.4170196145850963,50.35266045102598,0.8551125711527686,2
0.41711087606243347,51.13600082338208,0.8158847976889709,2
0.41711087606243347,51.13600082338208,0.8158847976889709,2
0.41711087606243347,51.13600082338208,0.8158847976889709,2
0.41711087606243347,51.13600082338208,0.8158847976889709,2
0.43251886134788314,50.862323766877786,0.8073147298505644,2
0.4440318533943247,50.05713168994326,0.8037959276006534,2
0.4543161587747498,49.979689545701966,0.8086826131202913,2
0.4543161587747498,49.979689545701966,0.8086826131202913,2
0.4451428066463034,49.411520438123475,0.811632027604119,2
0.4451428066463034,49.411520438123475,0.811632027604119,2
0.4468303750429668,49.20729703645676,0.7904803324458269,2
0.43201940908522807,49.34438485852645,0.7789237125569575,2
0.43201940908522807,49.34438485852645,0.7789237125569575,2
0.43201940908522807,49.34438485852645,0.7789237125569575,2
0.4522993991811459,49.81304127195728,0.7795535997429452,2
0.4490120316105038,49.98360104847516,0.7582818712068402,2
0.4490120316105038,49.98360104847516,0.7582818712068402,2
0.4438086002329479,49.825875240454586,0.7901835998372485,2
0.4498032672917797,50.12128373201012,0.7572521044595775,2
0.4498032672917797,50.12128373201012,0.7572521044595775,2
0.4498032672917797,50.12128373201012,0.7572521044595775,2
0.4498032672917797,50.12128373201012,0.7572521044595775,2
0.4467103555416542,50.37421463797385,0.7815353521624314,2
0.4467103555416542,50.37421463797385,0.7815353521624314,2
0.4467103555416542,50.37421463797385,0.7815353521624314,2
0.4347492114671095,50.671596386155684,0.767449934457792,2
0.4339619348788276,50.054426722186975,0.7573237787132608,2
0.4339619348788276,50.054426722186975,0.7573237787132608,2
0.42859569073255466,50.12593754455938,0.7716183202718185,2
0.4323480650365823,50.020082575757925,0.7473497745315448,2
0.43359845813860043,50.56853278016008,0.7340163296636385,2
0.4550202972914971,51.089184812788154,0.749616604010212,2
0.451175839289275,50.054880222364176,0.7685952033399954,2
0.477947056037223,50.34824035702806,0.7415746845884036,2
0.4722378223974912,50.22188355668847,0.7640666609325609,2
0.46085855545772936,50.178720634617925,0.755460621256763,2
0.46085855545772936,50.178720634617925,0.755460621256763,2
0.47602240145762326,49.90540239088309,0.7582578331042309,2
0.4707252279927358,50.055795902530576,0.7599089674482999,2
0.4707252279927358,50.055795902530576,0.7599089674482999,2
0.46892687191895305,50.19373331154141,0.7541376834137454,2
0.4738594855654831,50.17894850653675,0.7637352344463361,2
0.4738594855654831,50.17894850653675,0.7637352344463361,2
0.480213702693804,49.83550808234435,0.7757124533551514,2
0.49284870134819453,49.601635294004154,0.785655281166838,2
0.49284870134819453,49.601635294004154,0.785655281166838,2
0.49284870134819453,49.601635294004154,0.785655281166838,2
0.4983901645546839,49.55539797704562,0.8050569090799964,2
0.494411973262159,48.829344328108384,0.8322428398390859,2
0.4959060621029939,48.89698401195827,0.8528301325320751,2
0.4931343202676842,48.91291939478085,0.8532840453155153,2
0.48731210403989783,49.461114629718516,0.8462073634014174,2
0.490426882546984,49.594585043332295,0.8424290009426002,2
0.4837176127813168,48.958662078832994,0.8695551008588059,2
0.4772809716371048,48.75681735669547,0.8456421088908312,2
0.46496192200580877,49.14029760375854,0.8330479089488148,2
0.46213935443743226,49.633999930997916,0.8363944789890719,2
0.4518276782974334,49.41599883263607,0.8656395596641691,2
0.4598680841029155,48.72232234430651,0.8455867471612906,2
0.4598680841029155,48.72232234430651,0.8455867471612906,2
0.4421615237173304,48.90707210085451,0.8237541341386945,2
0.4624788628258535,49.09985157445927,0.8391680894587077,2
0.44478474684654545,48.8973670944742,0.8630028755568331,2
0.44478474684654545,48.8973670944742,0.8630028755568331,2
0.44478474684654545,48.8973670944742,0.8630028755568331,2
0.44813101834712765,49.338058273290635,0.8732690250786215,2
0.44813101834712765,49.338058273290635,0.8732690250786215,2
0.4431724779979837,48.95187832110357,0.855418059115401,2
0.4431724779979837,48.95187832110357,0.855418059115401,2
0.447112985846147,48.28333045919231,0.8770013910739429,2
0.447112985846147,48.28333045919231,0.8770013910739429,2
0.4540199697260412,48.50788040569355,0.8723930070149889,2
0.4540199697260412,48.50788040569355,0.8723930070149889,2
0.46154937696682385,48.52070197331008,0.8534086233065628,2
0.46154937696682385,48.52070197331008,0.8534086233065628,2
0.46154937696682385,48.52070197331008,0.8534086233065628,2
0.4703499820097639,48.40604255399943,0.8404105722362624,2
0.46326652341312347,48.36595057409706,0.8523008256765973,2
0.46326652341312347,48.36595057409706,0.8523008256765973,2
0.46313939959758493,48.2134820075868,0.8516559318121549,2
0.4674022821924982,48.65311574270619,0.8413016686486618,2
0.4763871907833746,48.4095756172277,0.8180535989358042,2
0.46865738674847435,49.16582736754423,0.7876540109164695,2
0.46865738674847435,49.16582736754423,0.7876540109164695,2
0.46958178489421365,48.33336694461145,0.796252790206324,2
0.46958178489421365,48.33336694461145,0.796252790206324,2
0.4605458381396919,47.84946479271874,0.8080996672269226,2
0.4605458381396919,47.84946479271874,0.8080996672269226,2
0.45681187307602905,47.98815298920405,0.8337791235688988,2
0.45681187307602905,47.98815298920405,0.8337791235688988,2
0.45633914322213465,48.44428169435569,0.8103854267674319,2
0.45533537804555574,48.82629390033184,0.8164298185521097,2
0.45533537804555574,48.82629390033184,0.8164298185521097,2
0.46670646391667053,49.1217160107921,0.7973917667541945,2
0.46670646391667053,49.1217160107921,0.7973917667541945,2
0.46670646391667053,49.1217160107921,0.7973917667541945,2
0.4629253140262103,49.2631072348404,0.7810398753684601,2
0.48538281040703035,49.576698361057616,0.7810726484803656,2
0.49292719546164254,49.747851294099725,0.7636933492253972,2
0.4950688758148343,50.12362075565708,0.737340347632019,2
0.500094586307814,49.95298779932034,0.7393244049483865,2
0.5164950801052974,50.73084183339816,0.7336748858803951,2
0.5239135439491127,50.222373897877794,0.7416871654777704,2
0.5239135439491127,50.222373897877794,0.7416871654777704,2
0.5169632961665372,49.898486301752946,0.7490542183964255,2
0.5179524834995273,49.85064494451984,0.7543012483581685,2
0.5179524834995273,49.85064494451984,0.7543012483581685,2
0.5179524834995273,49.85064494451984,0.7543012483581685,2
0.5084448780548992,49.86575507351591,0.7574041560645364,2
0.5014416027696899,49.82068382510089,0.7724758281049013,2
0.5021033975612551,49.91943433178959,0.7850589930532748,2
0.49470429072344574,49.82091129318008,0.8040284447344062,2
0.49470429072344574,49.82091129318008,0.8040284447344062,2
0.4840296986133167,50.118967964280635,0.7862372608855037,2
0.484886297510052,50.590820296352454,0.7551982310222239,2
0.4809917208070869,50.336021455534585,0.7615707645677146,2
0.4809917208070869,50.336021455534585,0.7615707645677146,2
0.4809917208070869,50.336021455534585,0.7615707645677146,2
0.47120295068190776,49.820240168720964,0.7657817456827052,2
0.4611604180342986,49.9510895798783,0.7603961988406054,2
0.4611604180342986,49.9510895798783,0.7603961988406054,2
0.4539389944021656,49.99018031595785,0.7828248819421016,2
0.4313879713083797,49.84335234486605,0.772111291503248,2
0.4110931368165592,49.738366231710174,0.7651500276501073,2
0.4110931368165592,49.738366231710174,0.7651500276501073,2
0.4155025078034367,50.654332036981536,0.7739914400842951,2
0.41622969948841126,50.21709174412769,0.766255004705296,2
0.4167961904225539,50.70563146789661,0.77812496839056,2
0.3939085262058173,50.28511092983521,0.812213211822143,2
0.3939085262058173,50.28511092983521,0.812213211822143,2
0.3964121102284912,50.11135804136796,0.7824284964107922,2
0.3938479668038267,50.42888640938298,0.7969576875606409,2
0.3938479668038267,50.42888640938298,0.7969576875606409,2
0.3938479668038267,50.42888640938298,0.7969576875606409,2
0.3844917963026337,50.824500055767224,0.7968660135918962,2
0.3765744516731951,50.24521623002049,0.7834071930096557,2
0.37583278965108896,49.90365433150047,0.8082140295984807,2
0.38443076003166693,50.25334964675752,0.8140675777098875,2
0.38443076003166693,50.25334964675752,0.8140675777098875,2
0.38443076003166693,50.25334964675752,0.8140675777098875,2
0.38826413401138293,49.63745062806039,0.8330966279153179,2
0.40125204306969786,49.30434371521842,0.8269027043023346,2
0.3942450000404988,50.25353613489038,0.7839241198809712,2
0.4091388136227073,50.03636060788959,0.8080475812202661,2
0.4091388136227073,50.03636060788959,0.8080475812202661,2
0.4091388136227073,50.03636060788959,0.8080475812202661,2
0.4091388136227073,50.03636060788959,0.8080475812202661,2
0.4091388136227073,50.03636060788959,0.8080475812202661,2
0.42073513305459564,49.524280248245276,0.8161319129000969,2
0.42073513305459564,49.524280248245276,0.8161319129000969,2
0.43039005965825844,49.65904730157144,0.8213382163162952,2
0.42458877155993113,50.13287127443221,0.8124661897275396,2
0.4343889897751865,49.75166519194155,0.8025948249728182,2
0.42403097349621205,49.1872867635594,0.8303179795388667,2
0.42403097349621205,49.1872867635594,0.8303179795388667,2
0.410523009266222,49.23536548204825,0.8340120585771524,2
0.410523009266222,49.23536548204825,0.8340120585771524,2
0.39909591073348166,48.89218832383738,0.8397915317367398,2
0.39909591073348166,48.89218832383738,0.8397915317367398,2
0.39909591073348166,48.89218832383738,0.8397915317367398,2
0.3915003030777004,49.31828935247597,0.8314888761977905,2
0.3915003030777004,49.31828935247597,0.8314888761977905,2
0.3864855229144015,50.09363680109327,0.8454199812687428,2
0.3864855229144015,50.09363680109327,0.8454199812687428,2
0.3919067744352241,49.814447730208514,0.8133610241106943,2
0.4048249936924164,50.401929841901044,0.8353689786216812,2
0.39917615017938,49.98064048237952,0.8483552272354055,2
0.3814014078851812,49.76406867008056,0.8162105248327225,2
0.3804871850376331,49.68939601617553,0.8099373745094757,2
0.3579793507987897,50.123005969722,0.824825060615957,2
0.3579793507987897,50.123005969722,0.824825060615957,2
0.36434883140234536,50.13597895542847,0.836391561763215,2
0.36434883140234536,50.13597895542847,0.836391561763215,2
0.36434883140234536,50.13597895542847,0.836391561763215,2
0.3513955264888402,49.948437744864044,0.8513237982710855,2
0.3513955264888402,49.948437744864044,0.8513237982710855,2
0.3577791239086706,49.537805442587604,0.8593210497201956,2
0.3577791239086706,49.537805442587604,0.8593210497201956,2
0.3577791239086706,49.537805442587604,0.8593210497201956,2
0.3577791239086706,49.537805442587604,0.8593210497201956,2
0.3577791239086706,49.537805442587604,0.8593210497201956,2
0.3577791239086706,49.537805442587604,0.8593210497201956,2
0.3577791239086706,49.537805442587604,0.8593210497201956,2
0.3577791239086706,49.537805442587604,0.8593210497201956,2
0.3577791239086706,49.537805442587604,0.8593210497201956,2
0.34778731980542793,48.707782464339125,0.8595751403615189,2
0.34863915400392953,48.6343218056042,0.8685748019984159,2
0.35148313046939955,48.70996774010083,0.8951747751333609,2
0.35148313046939955,48.70996774010083,0.8951747751333609,2
0.35148313046939955,48.70996774010083,0.8951747751333609,2
0.33242600728980054,48.69126369747549,0.9022537353232927,2
0.3258581588894017,48.69805065522407,0.8780314397429918,2
0.31558487824389986,48.95170384870572,0.8740286964567405,2
0.31558487824389986,48.95170384870572,0.8740286964567405,2
0.2992919032371368,48.92053890133101,0.8755627410370482,2
0.2754174058005189,47.96585820736998,0.8890192545469122,2
0.2754174058005189,47.96585820736998,0.8890192545469122,2
0.2670890665641219,48.66045885709666,0.873069557815309,2
0.2670890665641219,48.66045885709666,0.873069557815309,2
0.258354074850422,49.248498101896956,0.8856774489824983,2
0.2623296973952658,49.37712199679165,0.9062743645373913,2
0.26639475054571354,49.09577254885751,0.9070638684281755,2
0.26208489733730583,49.55689051521965,0.8904217087987054,2
0.27504982858010296,49.541659555365335,0.8891736277453837,2
0.2727585273855254,48.95364701827897,0.9067409798246613,2
0.2777585114431813,49.84863097071467,0.8586393951586688,2
0.2777585114431813,49.84863097071467,0.8586393951586688,2
0.272606145448733,49.29795914188629,0.8843197714797918,2
0.2722530363806057,48.93186764937778,0.8774145894959433,2
0.2757234680565497,48.96307985673146,0.8689907244076341,2
0.2644539283042719,49.19728849902076,0.8685639275661569,2
0.26247806192602763,49.92094640649472,0.8619369260459244,2
0.26247806192602763,49.92094640649472,0.8619369260459244,2
0.26247806192602763,49.92094640649472,0.8619369260459244,2
0.27394686998528717,50.089414746334675,0.861733633130476,2
0.27659783012163647,50.364609558673024,0.8485541967534236,2
0.26677884981470185,50.02753847489002,0.845591048079194,2
0.26677884981470185,50.02753847489002,0.845591048079194,2
0.276551030725392,50.44029445148354,0.8580088976694781,2
0.276551030725392,50.44029445148354,0.8580088976694781,2
0.276551030725392,50.44029445148354,0.8580088976694781,2
0.276551030725392,50.44029445148354,0.8580088976694781,2
0.2791652165806699,50.16242856919696,0.8352586099335685,2
0.2900315534981557,50.308818902453716,0.8301809359873763,2
0.2802235735420809,50.941291951512234,0.8262518225648455,2
0.282146615648695,50.51106731031379,0.832166444508578,2
0.282146615648695,50.51106731031379,0.832166444508578,2
0.30843636005945263,49.820996194419635,0.8403709385652353,2
0.31192043229679617,50.42921140765065,0.8337095172721218,2
0.31192043229679617,50.42921140765065,0.8337095172721218,2
0.3138754554197728,50.190417693918995,0.8346761979142487,2
0.31085836351308344,49.97874940501742,0.8591186763776691,2
0.3223135954501482,51.08336837733027,0.8202564136296822,2
0.3223135954501482,51.08336837733027,0.8202564136296822,2
0.31097164185144294,51.702022514428194,0.7887826754109426,2
0.31097164185144294,51.702022514428194,0.7887826754109426,2
0.3170299333714633,51.81343973126846,0.8055839465248565,2
0.3140192346137325,52.4134709103333,0.7946526062368717,2
0.3140192346137325,52.4134709103333,0.7946526062368717,2
0.3282146070503036,51.25159630977379,0.7755816263967135,2
0.3282146070503036,51.25159630977379,0.7755816263967135,2
0.3282146070503036,51.25159630977379,0.7755816263967135,2
0.3282146070503036,51.25159630977379,0.7755816263967135,2
0.3282146070503036,51.25159630977379,0.7755816263967135,2
0.3171988458444434,50.91920563415025,0.7848628662925307,2
0.3313009786007342,50.69234055816246,0.773988755442766,2
0.3313009786007342,50.69234055816246,0.773988755442766,2
0.3313009786007342,50.69234055816246,0.773988755442766,2
0.3313009786007342,50.69234055816246,0.773988755442766,2
0.3305720976907274,50.90246708362116,0.7703592005328339,2
0.3297004472672259,50.13799114848053,0.8018080274751215,2
0.3205384228456562,50.16332313513616,0.819976125393043,2
0.31408259228492696,50.14622560696631,0.8334130388524547,2
0.32241068034022996,50.29219041998275,0.8640583066570982,2
0.32241068034022996,50.29219041998275,0.8640583066570982,2
0.3121974955937391,49.846543121351814,0.8498984689907937,2
0.3121974955937391,49.846543121351814,0.8498984689907937,2
0.31730861522816634,50.30630691338231,0.8131494901631826,2
0.3332710043484724,50.30388323017129,0.7959595338031867,2
0.3332710043484724,50.30388323017129,0.7959595338031867,2
0.33111081061364056,51.136723725136534,0.7987380719227415,2
0.32998488291692574,51.12578015315974,0.7759916777747167,2
0.3290833259104611,51.36018976767873,0.7755827089401142,2
0.3290833259104611,51.36018976767873,0.7755827089401142,2
0.3290833259104611,51.36018976767873,0.7755827089401142,2
0.3290833259104611,51.36018976767873,0.7755827089401142,2
0.3273813314540978,51.33107102460487,0.7889566219186045,2
0.3273813314540978,51.33107102460487,0.7889566219186045,2
0.3224937870699876,51.50172256178238,0.7928763950609811,2
0.3023000536263379,51.755306247542855,0.770490513240033,2
0.312804571648055,51.75431373652753,0.7603299176838902,2
0.31476928236525864,51.43984360565794,0.7934522858416208,2
0.31476928236525864,51.43984360565794,0.7934522858416208,2
0.31476928236525864,51.43984360565794,0.7934522858416208,2
0.30557449306902906,51.28176962089817,0.8066464661796887,2
0.30557449306902906,51.28176962089817,0.8066464661796887,2
0.30606208189412065,51.39259082085776,0.8075642735432517,2
0.30606208189412065,51.39259082085776,0.8075642735432517,2
0.30606208189412065,51.39259082085776,0.8075642735432517,2
0.30606208189412065,51.39259082085776,0.8075642735432517,2
0.30606208189412065,51.39259082085776,0.8075642735432517,2
0.3063339700530464,51.35145874397402,0.808884919592956,2
0.3099526990607369,50.81498106397857,0.7830601918148057,2
0.313392164446614,50.21372500499674,0.8204137858548941,2
0.313392164446614,50.21372500499674,0.8204137858548941,2
0.30279825788605874,50.33937269975852,0.8224765335262039,2
0.30279825788605874,50.33937269975852,0.8224765335262039,2
0.28672247516663346,50.18448364302117,0.8344669235685397,2
0.28672247516663346,50.18448364302117,0.8344669235685397,2
0.2874905741603986,51.0367630695427,0.8511025811566933,2
0.2827866502965352,50.803721037737894,0.8259544537528115,2
0.2827866502965352,50.803721037737894,0.8259544537528115,2
0.2931202714866137,50.23689260591382,0.8418684051662895,2
0.2931202714866137,50.23689260591382,0.8418684051662895,2
0.2873111691819814,50.24378190496655,0.840562723960767,2
0.2804381825390054,50.23609727583703,0.7943180749231571,2
0.2804381825390054,50.23609727583703,0.7943180749231571,2
0.2804381825390054,50.23609727583703,0.7943180749231571,2
0.2804381825390054,50.23609727583703,0.7943180749231571,2
0.2865673828028706,50.73249265602603,0.8118881168648194,2
0.28136916139086526,50.753967195169864,0.7869294786310613,2
0.2807182995743192,51.588940076852325,0.7949991002092184,2
0.2780248764388018,51.26257233580496,0.7551005490999636,2
0.28094602753623593,50.67453389046629,0.7930161387984113,2
0.30310705722324893,50.467647724795484,0.8149812472963001,2
0.30310705722324893,50.467647724795484,0.8149812472963001,2
0.31090683622486975,50.77684736100974,0.7893985140511223,2
0.31658199033931256,50.26232410330097,0.7999582894647705,2
0.30371120266812235,49.30763469730168,0.8075450083551202,2
0.30371120266812235,49.30763469730168,0.8075450083551202,2
0.30371120266812235,49.30763469730168,0.8075450083551202,2
0.3028857446231194,49.7808832029516,0.8353723020010869,2
0.3172644603829877,49.62974059793187,0.8197370870927313,2
0.3172644603829877,49.62974059793187,0.8197370870927313,2
0.3232137071913418,49.049819506136814,0.8227145326883955,2
0.3232137071913418,49.049819506136814,0.8227145326883955,2
0.329029774991575,48.89337823774101,0.8280714740732527,2
0.3326835492800535,49.263252754246956,0.8926805526506038,2
0.3326835492800535,49.263252754246956,0.8926805526506038,2
0.3326835492800535,49.263252754246956,0.8926805526506038,2
0.3326835492800535,49.263252754246956,0.8926805526506038,2
0.325243418759646,49.75204574459628,0.8936780825764975,2
0.325243418759646,49.75204574459628,0.8936780825764975,2
0.33883622560142884,49.13161322713655,0.9073678404775828,2
0.3321140271527348,49.08743964339957,0.8976866446140458,2
0.3321140271527348,49.08743964339957,0.8976866446140458,2
0.3321140271527348,49.08743964339957,0.8976866446140458,2
0.3269170696186823,48.66946736921147,0.885632773417492,2
0.3269170696186823,48.66946736921147,0.885632773417492,2
0.3269170696186823,48.66946736921147,0.885632773417492,2
0.3146729535040263,48.94433384295429,0.8728688989314471,2
0.32905787229233824,49.78718553462426,0.8707426394452786,2
0.32905787229233824,49.78718553462426,0.8707426394452786,2
0.34257283183125026,49.58086563304824,0.8639651905141543,2
0.35318625533254006,49.44980299437793,0.8670860774281045,2
0.3531597324052256,49.79255035509409,0.8638820475299528,2
0.3531597324052256,49.79255035509409,0.8638820475299528,2
0.3664628892256282,49.64060610608412,0.8394331421370101,2
0.35457483797875705,50.254715282996536,0.8038564806965316,2
0.35457483797875705,50.254715282996536,0.8038564806965316,2
0.35457483797875705,50.254715282996536,0.8038564806965316,2
0.35551886647662123,49.48537631473153,0.8114784357906165,2
0.37109098856463585,49.80115194780276,0.8159045943453743,2
0.37109098856463585,49.80115194780276,0.8159045943453743,2
0.3792101719785656,49.833735799712606,0.8245212875485682,2
0.35944112710506154,49.821483689485696,0.814468263139293,2
0.3574325882970669,50.34641304745831,0.8025118272693675,2
0.3589680260683414,49.72566693396372,0.8082133924130952,2
0.3589680260683414,49.72566693396372,0.8082133924130952,2
0.3603381260520279,49.80111181898447,0.8090748436277216,2
0.3603381260520279,49.80111181898447,0.8090748436277216,2
0.3603381260520279,49.80111181898447,0.8090748436277216,2
0.3500957764455951,50.04701441480323,0.8053606499412413,2
0.36179592716578596,50.481426428085655,0.761653812344973,2
0.36179592716578596,50.481426428085655,0.761653812344973,2
0.36293101871473543,51.066169350435274,0.7709184951853485,2
0.36293101871473543,51.066169350435274,0.7709184951853485,2
0.36293101871473543,51.066169350435274,0.7709184951853485,2
0.35553104728966023,51.081906503412426,0.7779727426402034,2
0.35553104728966023,51.081906503412426,0.7779727426402034,2
0.35553104728966023,51.081906503412426,0.7779727426402034,2
0.34923754200525514,49.945502403497954,0.782214761184535,2
0.34923754200525514,49.945502403497954,0.782214761184535,2
0.3373336549828664,51.22676168249149,0.7794093661861702,2
0.3373336549828664,51.22676168249149,0.7794093661861702,2
0.3373336549828664,51.22676168249149,0.7794093661861702,2
0.34205827142818324,51.17910673007685,0.7816945983708498,2
0.34407604291874566,51.13370841072976,0.7745741169866186,2
0.34407604291874566,51.13370841072976,0.7745741169866186,2
0.34407604291874566,51.13370841072976,0.7745741169866186,2
0.35423279628204296,50.529626224614944,0.7857729923772979,2
0.35025034983122927,50.41990519722879,0.8195998603620996,2
0.35025034983122927,50.41990519722879,0.8195998603620996,2
0.3276430056110567,50.406339872930744,0.8326246379388506,2
0.32406819847142826,50.70305548113858,0.8466339378860249,2
0.32406819847142826,50.70305548113858,0.8466339378860249,2
0.32406819847142826,50.70305548113858,0.8466339378860249,2
0.31528824757472174,49.55998603746584,0.8378391538760029,2
0.33036155340829304,49.988521543242655,0.8621331238055104,2
0.32939531559884605,50.075809807621575,0.881632396538881,2
0.3282847198448909,49.41943674442736,0.8615610494650658,2
0.32367300373999536,49.26627899678743,0.8674872546234991,2
0.3006145169115969,49.7867325286848,0.8665781916977597,2
0.2898989992112296,49.288758796235506,0.8716142213165798,2
0.2898989992112296,49.288758796235506,0.8716142213165798,2
0.2898989992112296,49.288758796235506,0.8716142213165798,2
0.30547736607906645,49.216082542925385,0.8417040441816921,2
0.31029214486764295,49.100453009726856,0.8545741608627602,2
0.2897467100773829,49.23488875525268,0.8506596566090538,2
0.2897467100773829,49.23488875525268,0.8506596566090538,2
0.2897467100773829,49.23488875525268,0.8506596566090538,2
0.2945475014788749,49.19483824650004,0.8620542689810526,2
0.2998560295085984,49.461987107838965,0.8626760829335202,2
0.2998560295085984,49.461987107838965,0.8626760829335202,2
0.2812100624900197,49.74348432648119,0.8455608336445813,2
0.2648266701523046,49.619213981768766,0.8620077962071264,2
0.2593624109408702,49.23343535101912,0.8405939913062139,2
0.25594635467653554,50.22177543490185,0.8831658493915574,2
0.23061015818995148,50.97727205082178,0.847545128210775,2
0.2185392240911624,50.37128543439305,0.8552563559978875,2
0.22724613638065932,50.6470559323025,0.8464394591885003,2
0.22422574721466193,51.07528447143303,0.8225889080454836,2
0.21543360943684708,51.37613419689758,0.812082733428806,2
0.19408408335054106,51.323962124813285,0.8275379480751976,2
0.18875208919625017,51.22315045634807,0.8177362332023118,2
0.1779137448056213,51.473941558129184,0.8118315887477919,2
0.1779137448056213,51.473941558129184,0.8118315887477919,2
0.18030730735763426,51.69291331244111,0.8295181274287265,2
0.18030730735763426,51.69291331244111,0.8295181274287265,2
0.18005565171703963,51.228419770528504,0.834958490551271,2
0.18005565171703963,51.228419770528504,0.834958490551271,2
0.18005565171703963,51.228419770528504,0.834958490551271,2
0.18005565171703963,51.228419770528504,0.834958490551271,2
0.18005565171703963,51.228419770528504,0.834958490551271,2
0.19609603664559688,51.21272688354752,0.810352796694857,2
0.19609603664559688,51.21272688354752,0.810352796694857,2
0.19609603664559688,51.21272688354752,0.810352796694857,2
0.19609603664559688,51.21272688354752,0.810352796694857,2
0.20573400727644497,51.26994652216295,0.8183826215268074,2
0.20162566943408008,51.06630448044442,0.8221554770211384,2
0.201219371916797,50.69930164106667,0.8255688958691133,2
0.18930274885244555,50.421450321481316,0.8313939323983456,2
0.18930274885244555,50.421450321481316,0.8313939323983456,2
0.19140683975688302,50.966655385819834,0.806210291060684,2
0.19140683975688302,50.966655385819834,0.806210291060684,2
0.20265008750269223,50.57021550817809,0.8297022551911349,2
0.20026914256095418,50.68457503619491,0.8235382761991641,2
0.19892983037746664,51.128927143905265,0.8263592000417724,2
0.19892983037746664,51.128927143905265,0.8263592000417724,2
0.2118832783076995,50.47597496182374,0.8298854747325268,2
0.21274535121314495,49.48854021318416,0.8218292570630397,2
0.2028116933916102,49.49982082952854,0.8290772057112674,2
0.21452995585537274,50.084014202562564,0.8850502443654232,2
0.22780670977754064,50.24159157527366,0.8447484795210671,2
0.22780670977754064,50.24159157527366,0.8447484795210671,2
0.22780670977754064,50.24159157527366,0.8447484795210671,2
0.23576311925180501,49.888779283829635,0.8688079131583469,2
0.2321288963787984,49.71418091618531,0.8587323396750676,2
0.2321288963787984,49.71418091618531,0.8587323396750676,2
0.2201901052321522,49.66381388240716,0.846308830854638,2
0.2178897568733674,49.31006947030996,0.8651925227822853,2
0.21182963171636945,49.57959623110139,0.8539663602806964,2
0.21182963171636945,49.57959623110139,0.8539663602806964,2
0.1976765443985699,49.28138096250088,0.8599451303860409,2
0.18725124532024634,49.21009439385704,0.8761264985597524,2
0.19000610428052378,49.11806491534596,0.8964915827545521,2
0.1823459669079784,49.376489099045415,0.870490224037181,2
0.18696792789144576,50.118691052240635,0.8431944917271589,2
0.18696792789144576,50.118691052240635,0.8431944917271589,2
0.18622568586556312,49.988296333386444,0.8396521023467619,2
0.18622568586556312,49.988296333386444,0.8396521023467619,2
0.18622568586556312,49.988296333386444,0.8396521023467619,2
0.18622568586556312,49.988296333386444,0.8396521023467619,2
0.19160204612283194,50.12751482733232,0.840224094595712,2
0.19160204612283194,50.12751482733232,0.840224094595712,2
0.19573176678555618,49.596061370691515,0.8351888594861843,2
0.2072447475559534,49.73777746732397,0.8588074980818595,2
0.2072447475559534,49.73777746732397,0.8588074980818595,2
0.2072447475559534,49.73777746732397,0.8588074980818595,2
0.2072447475559534,49.73777746732397,0.8588074980818595,2
0.2072447475559534,49.73777746732397,0.8588074980818595,2
0.21345445994783377,49.9849030050428,0.8581028518107943,2
0.21345445994783377,49.9849030050428,0.8581028518107943,2
0.20894874125606425,50.86148682051815,0.849930845773288,2
0.21085778550302553,50.820497968873035,0.8432170445802805,2
0.21085778550302553,50.820497968873035,0.8432170445802805,2
0.21085778550302553,50.820497968873035,0.8432170445802805,2
0.2107034089252937,50.34958095187592,0.8355220023864041,2
0.21766180863454776,51.166559575901466,0.8461071820080055,2
0.23450612776767332,50.82028760222089,0.8200689541165758,2
0.23450612776767332,50.82028760222089,0.8200689541165758,2
0.225775456506909,50.56138157285462,0.8017513838768707,2
0.225775456506909,50.56138157285462,0.8017513838768707,2
0.225775456506909,50.56138157285462,0.8017513838768707,2
0.20358039295597294,50.82964396898501,0.8116633146949456,2
0.20358039295597294,50.82964396898501,0.8116633146949456,2
0.20358039295597294,50.82964396898501,0.8116633146949456,2
0.20358039295597294,50.82964396898501,0.8116633146949456,2
0.20358039295597294,50.82964396898501,0.8116633146949456,2
0.1904053701925475,50.593807324977,0.8330453146828444,2
0.1904053701925475,50.593807324977,0.8330453146828444,2
0.20000872898336805,50.73574795816284,0.866450173809297,2
0.21307575561323316,51.19636106350764,0.8529426828766642,2
0.2167486799631287,50.56427181894041,0.8532214953998405,2
0.2126683521949334,50.131775575288,0.841796743760319,2
0.21412538336945333,50.72676375571014,0.8441531799757687,2
0.22919955520244115,50.729857230261,0.838499240729942,2
0.22235728653119374,50.53781302619947,0.8618124927359151,2
0.22235728653119374,50.53781302619947,0.8618124927359151,2
0.220691238194215,50.24261153486237,0.8721581645070555,2
0.2221368408856967,50.33746801439845,0.8578304576462984,2
0.2308874137109659,50.633564257857344,0.8505540905322304,2
0.2308874137109659,50.633564257857344,0.8505540905322304,2
0.2265309187566764,50.061960637258075,0.8276384342751052,2
0.24121977438484474,49.71741515971342,0.8484826742605133,2
0.24121977438484474,49.71741515971342,0.8484826742605133,2
0.24121977438484474,49.71741515971342,0.8484826742605133,2
0.24121977438484474,49.71741515971342,0.8484826742605133,2
0.23077552039119703,50.10561482688515,0.8204845730615391,2
0.22328560279667048,50.324332368984116,0.8302203135180767,2
0.22140349165158263,50.86939891738728,0.8253351253082616,2
0.22140349165158263,50.86939891738728,0.8253351253082616,2
0.22140349165158263,50.86939891738728,0.8253351253082616,2
0.21729645377735085,50.59176506661905,0.8134936075665419,2
0.22675718691184504,50.774329666086395,0.8235877168742939,2
0.22675718691184504,50.774329666086395,0.8235877168742939,2
0.2055098328977574,50.84237401129282,0.8476925915379432,2
0.182689155490874,50.08342727259887,0.8436877500642718,2
0.182689155490874,50.08342727259887,0.8436877500642718,2
0.16993334355420403,50.812037437112096,0.8497392068991368,2
0.16676775929977974,50.829249166051184,0.8473995720386003,2
0.16676775929977974,50.829249166051184,0.8473995720386003,2
0.16676775929977974,50.829249166051184,0.8473995720386003,2
0.16676775929977974,50.829249166051184,0.8473995720386003,2
0.16676775929977974,50.829249166051184,0.8473995720386003,2
0.1697607936723566,51.4191384886982,0.845236860621752,2
0.1697607936723566,51.4191384886982,0.845236860621752,2
0.1697607936723566,51.4191384886982,0.845236860621752,2
0.1697607936723566,51.4191384886982,0.845236860621752,2
0.1697607936723566,51.4191384886982,0.845236860621752,2
0.1697607936723566,51.4191384886982,0.845236860621752,2
0.16978690439305938,51.47569432843992,0.8319366460556215,2
0.17832879997458437,51.693548669393856,0.8291859069663726,2
0.16320431412917974,52.11258837396434,0.8102776935446044,2
0.16915125999977804,51.242139859559,0.8143452074822262,2
0.16915125999977804,51.242139859559,0.8143452074822262,2
0.1646370653051669,51.226035471275615,0.8275860928778737,2
0.1487896739379426,50.73137055875643,0.8351101302123599,2
0.12802879074846882,51.340100097091586,0.8212856933783264,2
0.12802879074846882,51.340100097091586,0.8212856933783264,2
0.11767021716985862,51.216872259310605,0.7911830898700175,2
0.12361218537888967,50.961130523499364,0.8035153641065187,2
0.12373704161114982,50.660213405103484,0.8234065370563532,2
0.12373704161114982,50.660213405103484,0.8234065370563532,2
0.12373704161114982,50.660213405103484,0.8234065370563532,2
0.12373704161114982,50.660213405103484,0.8234065370563532,2
0.11837825153974779,51.33543607660779,0.8495740366760467,2
0.11837825153974779,51.33543607660779,0.8495740366760467,2
0.10076835996208083,51.711007794145964,0.825603302917578,2
0.10076835996208083,51.711007794145964,0.825603302917578,2
0.10948950679943294,52.067797142331024,0.8335278487866224,2
0.10948950679943294,52.067797142331024,0.8335278487866224,2
0.09213438085364992,51.70673532139391,0.8297160499865905,2
0.09561360644964371,52.05797905889144,0.8363087643294266,2
0.09561360644964371,52.05797905889144,0.8363087643294266,2
0.0880685028164575,51.83303823768742,0.8535966767813468,2
0.08514580173007387,52.00201786305895,0.8420056423634616,2
0.08050732295939607,51.87384078481978,0.8418363576316112,2
0.07940472422240727,51.406913585086656,0.8224205091392311,2
0.07940472422240727,51.406913585086656,0.8224205091392311,2
0.06425312916715964,51.38983753436266,0.8505249808934952,2
0.06425312916715964,51.38983753436266,0.8505249808934952,2
0.06425312916715964,51.38983753436266,0.8505249808934952,2
0.06425312916715964,51.38983753436266,0.8505249808934952,2
0.06425312916715964,51.38983753436266,0.8505249808934952,2
0.06425312916715964,51.38983753436266,0.8505249808934952,2
0.06425312916715964,51.38983753436266,0.8505249808934952,2
0.06518773453906135,50.67873525749779,0.8865143853471366,2
0.058428536126331115,50.18370434495934,0.8858892699066688,2
0.05873968368723682,50.14429036581454,0.8811729074416864,2
0.05873968368723682,50.14429036581454,0.8811729074416864,2
0.05028244303530678,50.83723710155139,0.8995933178527544,2
0.045459799953625146,50.351605390999886,0.8972865505596924,2
0.056997826700117084,50.34500711890236,0.8978406012864635,2
0.07890348866762717,50.23447400567871,0.8780988403957458,2
0.08207286211172371,50.450423984627335,0.8759083349190955,2
0.08207286211172371,50.450423984627335,0.8759083349190955,2
0.07402078079358647,50.20045052783245,0.8755294798259253,2
0.07061870436179961,50.483010361023524,0.8827523448773097,2
0.07061870436179961,50.483010361023524,0.8827523448773097,2
0.07061870436179961,50.483010361023524,0.8827523448773097,2
0.07061870436179961,50.483010361023524,0.8827523448773097,2
0.07123029142100107,50.24012268098169,0.8958050389247907,2
0.09126986669973258,50.38318049173686,0.8810736074140932,2
0.09126986669973258,50.38318049173686,0.8810736074140932,2
0.09614136205272712,49.83115955065386,0.8699419459388255,2
0.10702056504598904,50.43819029013785,0.8550372438601047,2
0.09707443129634348,50.572767503836495,0.8823016127054815,2
0.09707443129634348,50.572767503836495,0.8823016127054815,2
0.09707443129634348,50.572767503836495,0.8823016127054815,2
0.09206067715379095,50.428936619637234,0.8909107279820803,2
0.09314441961792842,50.17569814579662,0.8608032726913367,2
0.09314441961792842,50.17569814579662,0.8608032726913367,2
0.09314441961792842,50.17569814579662,0.8608032726913367,2
0.07567009317166257,50.68809341703055,0.8755564035490894,2
0.05915901016636187,50.43170534365643,0.883415775298517,2
0.04486469142276537,49.87772915131789,0.8990053093412852,2
0.04486469142276537,49.87772915131789,0.8990053093412852,2
0.04486469142276537,49.87772915131789,0.8990053093412852,2
0.048124184603725716,49.975124312489896,0.9090991201361421,2
0.030639040009951702,49.42185868804679,0.9137460538657409,2
0.026272981245425257,48.97521631996266,0.9005486026237164,2
0.0206524154030386,49.308249304084015,0.8901415323454828,2
0.0206524154030386,49.308249304084015,0.8901415323454828,2
0.0247918158510601,49.72887971274147,0.888501958556847,2
0.024610352167150008,49.85415885845352,0.8761838077896301,2
0.0392888446480577,50.85579587258447,0.8761664337698107,2
0.0392888446480577,50.85579587258447,0.8761664337698107,2
0.0392888446480577,50.85579587258447,0.8761664337698107,2
0.0392888446480577,50.85579587258447,0.8761664337698107,2
0.03482249558168188,50.31946027790762,0.8826850209439919,2
0.03511374157967376,51.077813316323244,0.8736877567622371,2
0.027468358560069954,50.70870733530489,0.8914237293016775,2
0.04047507864321237,50.32017164405326,0.8931715782320543,2
0.04047507864321237,50.32017164405326,0.8931715782320543,2
0.04047507864321237,50.32017164405326,0.8931715782320543,2
0.06120302352476523,50.79285321933112,0.8685921424682124,2
0.06151891867774914,51.30755374691306,0.8770126313368427,2
0.07413094192675396,50.702250164099425,0.8916478860286703,2
0.07413094192675396,50.702250164099425,0.8916478860286703,2
0.07171553837585742,50.08239772068239,0.9025177179308337,2
0.07171553837585742,50.08239772068239,0.9025177179308337,2
0.056858954472195355,50.261686685253984,0.881718100230958,2
0.056858954472195355,50.261686685253984,0.881718100230958,2
0.056858954472195355,50.261686685253984,0.881718100230958,2
0.06813116292041617,50.25704242185942,0.8675255729024314,2
0.06499179630198651,50.70126453823289,0.865097565675218,2
0.06992462865008814,50.96233553068025,0.8495345132290609,2
0.05982936820930234,50.25101332167879,0.8683758517117591,2
0.05982936820930234,50.25101332167879,0.8683758517117591,2
0.040871525329104375,50.754968801941544,0.8569516958403771,2
0.038358055593368114,51.10182259314617,0.846304580389533,2
0.04062911139601477,50.79658781064808,0.8372991747760763,2
0.04062911139601477,50.79658781064808,0.8372991747760763,2
0.051035552593964154,51.763483185377,0.8339441289905222,2
0.051035552593964154,51.763483185377,0.8339441289905222,2
0.051035552593964154,51.763483185377,0.8339441289905222,2
0.051035552593964154,51.763483185377,0.8339441289905222,2
0.043730652387825586,52.49193700042085,0.8244424018449629,2
0.05004161978320293,52.33176900626025,0.8152535943158987,2
0.05004161978320293,52.33176900626025,0.8152535943158987,2
0.05004161978320293,52.33176900626025,0.8152535943158987,2
0.04463419118951175,52.81828153397241,0.8305574566571914,2
0.059675795997359504,52.92431632305627,0.8251865536086943,2
0.059675795997359504,52.92431632305627,0.8251865536086943,2
0.0640661130091845,52.11932379007973,0.8453088465191926,2
0.0640661130091845,52.11932379007973,0.8453088465191926,2
0.0640661130091845,52.11932379007973,0.8453088465191926,2
0.06693552295590767,51.94519734583199,0.8335852206764883,2
0.06693552295590767,51.94519734583199,0.8335852206764883,2
0.06693552295590767,51.94519734583199,0.8335852206764883,2
0.06693552295590767,51.94519734583199,0.8335852206764883,2
0.06693552295590767,51.94519734583199,0.8335852206764883,2
0.0668867297620164,52.20447051005326,0.8574270767086196,2
0.05623929545615537,51.92010479243861,0.8368283737752552,2
0.05623929545615537,51.92010479243861,0.8368283737752552,2
0.05623929545615537,51.92010479243861,0.8368283737752552,2
0.05623929545615537,51.92010479243861,0.8368283737752552,2
0.05623929545615537,51.92010479243861,0.8368283737752552,2
0.056091541076344814,51.80602476356505,0.8540887931959473,2
0.06249296199668275,50.98086581104466,0.8442222976064575,2
0.05771122499847266,51.014914465224486,0.8531196643173747,2
0.05771122499847266,51.014914465224486,0.8531196643173747,2
0.05771122499847266,51.014914465224486,0.8531196643173747,2
0.05771122499847266,51.014914465224486,0.8531196643173747,2
0.06500975998711683,50.83271034667334,0.8510232967353222,2
0.04475132584985893,51.08446346366286,0.8619810551617252,2
0.040886069177477447,51.306208050285875,0.8412808605214829,2
0.04377392780652113,50.69506830252125,0.8472799309143199,2
0.04135709552821185,50.599809358855744,0.829363259081647,2
0.042902040399385895,50.56855855064143,0.83322621633317,2
0.0352443152333638,51.13033397385477,0.8554404801913258,2
0.0352443152333638,51.13033397385477,0.8554404801913258,2
0.0352443152333638,51.13033397385477,0.8554404801913258,2
0.0352443152333638,51.13033397385477,0.8554404801913258,2
0.03696297383744262,51.02601806634453,0.8582317553234865,2
0.01483841841507888,51.20948018167225,0.848818226012073,2
0.0024466575328958903,50.70194871180273,0.8645455229356862,2
0.0024466575328958903,50.70194871180273,0.8645455229356862,2
0.0024466575328958903,50.70194871180273,0.8645455229356862,2
0.0024466575328958903,50.70194871180273,0.8645455229356862,2
0.0024466575328958903,50.70194871180273,0.8645455229356862,2
0.004066743489368117,51.025437953745744,0.8766119406323281,2
0.0019599814489199285,50.67497800464073,0.8852417709775054,2
0.0019599814489199285,50.67497800464073,0.8852417709775054,2
0.0019599814489199285,50.67497800464073,0.8852417709775054,2
0.006266650279613387,50.44322557120316,0.8708873073382783,2
0.0254826550415392,51.13099362045355,0.8452927025142781,2
0.032140811126531145,51.161672424468364,0.8613899696547358,2
0.01842194215905249,51.01466181464749,0.8526429871303914,2
0.01842194215905249,51.01466181464749,0.8526429871303914,2
0.012210128910778759,51.36208413508261,0.8525361865916046,2
0.002397712399830859,50.671930653000274,0.8670030147166266,2
0.002397712399830859,50.671930653000274,0.8670030147166266,2
0.010906689157012747,50.4801995533628,0.8853895610384523,2
0.010906689157012747,50.4801995533628,0.8853895610384523,2
0.010906689157012747,50.4801995533628,0.8853895610384523,2
0.006950609469568996,50.53064968433211,0.8801038506959157,2
0.006950609469568996,50.53064968433211,0.8801038506959157,2
0.01841239113628075,51.11183122994479,0.86854289349296,2
0.01841239113628075,51.11183122994479,0.86854289349296,2
0.01841239113628075,51.11183122994479,0.86854289349296,2
0.01841239113628075,51.11183122994479,0.86854289349296,2
0.01841239113628075,51.11183122994479,0.86854289349296,2
0.01841239113628075,51.11183122994479,0.86854289349296,2
0.01917231898407821,50.866650916227336,0.852480753371088,2
0.01917231898407821,50.866650916227336,0.852480753371088,2
0.01133365822148702,50.81070943499546,0.871666893248805,2
0.01133365822148702,50.81070943499546,0.871666893248805,2
0.01133365822148702,50.81070943499546,0.871666893248805,2
0.01133365822148702,50.81070943499546,0.871666893248805,2
0.004752119969060019,50.66746736929735,0.8783266981989588,2
1.738139568500767e-05,50.62414018476949,0.8826478148056762,2
1.738139568500767e-05,50.62414018476949,0.8826478148056762,2
1.738139568500767e-05,50.62414018476949,0.8826478148056762,2
1.738139568500767e-05,50.62414018476949,0.8826478148056762,2
1.738139568500767e-05,50.62414018476949,0.8826478148056762,2
0.007977949673585958,50.41440776449477,0.8851315661228311,2
0.0031789263290994746,51.26934683366079,0.8634085890620264,2
0.015781027236643673,51.01922345337461,0.8660019310683312,2
0.015781027236643673,51.01922345337461,0.8660019310683312,2
0.0254864830410599,50.86462906622911,0.8670311421191212,2
0.0254864830410599,50.86462906622911,0.8670311421191212,2
0.0254864830410599,50.86462906622911,0.8670311421191212,2
0.020036375435940473,50.56469643213593,0.8338944065462828,2
0.007580701748052726,50.14238897135926,0.8463132404849567,2
0.030520432128519782,50.17873428793746,0.8705892561878429,2
0.022838747805167085,50.01553231910623,0.8812018191498303,2
0.022838747805167085,50.01553231910623,0.8812018191498303,2
0.022838747805167085,50.01553231910623,0.8812018191498303,2
0.03585890614074321,50.01180108245465,0.8968584226896092,2
0.03585890614074321,50.01180108245465,0.8968584226896092,2
0.03585890614074321,50.01180108245465,0.8968584226896092,2
0.04291365229916752,48.89157885261625,0.8954168954817026,2
0.04291365229916752,48.89157885261625,0.8954168954817026,2
0.0502964512629926,49.34963263208295,0.8785486345733147,2
0.032458493764959226,49.30028689337707,0.8948388772538333,2
0.026668319416273685,49.393218133004105,0.9164509089481133,2
0.026668319416273685,49.393218133004105,0.9164509089481133,2
0.026668319416273685,49.393218133004105,0.9164509089481133,2
0.026668319416273685,49.393218133004105,0.9164509089481133,2
0.048275051564898086,49.524890083916084,0.918851036819348,2
0.05303471518926313,49.43150768438222,0.9149695176319615,2
0.05303471518926313,49.43150768438222,0.9149695176319615,2
0.05303471518926313,49.43150768438222,0.9149695176319615,2
0.05303471518926313,49.43150768438222,0.9149695176319615,2
0.05588317411216042,50.00402206745066,0.8781129155286056,2
0.05588317411216042,50.00402206745066,0.8781129155286056,2
0.0578093006497766,50.543307698265146,0.8909247314144595,2
0.05128252809104923,49.76567217260532,0.9010021627783831,2
0.04786503849160866,49.619455010998,0.9088828883358142,2
0.039561880853593676,49.37692077588213,0.8698178512616562,2
0.039561880853593676,49.37692077588213,0.8698178512616562,2
0.03664424199773377,49.846762844822514,0.8700387568698336,2
0.03557024402847879,50.8526675291926,0.8430489756894026,2
0.03361579152110605,49.871550639202084,0.8719734914989169,2
0.03361579152110605,49.871550639202084,0.8719734914989169,2
0.03338206482605335,50.47134189717093,0.8866250853888472,2
0.03338206482605335,50.47134189717093,0.8866250853888472,2
0.03338206482605335,50.47134189717093,0.8866250853888472,2
0.04835080071402236,50.52096439971162,0.8616754261538115,2
0.05267176347008017,51.40723878411274,0.8487969471198188,2
0.033043224420634655,51.46863063136317,0.8671819049469114,2
0.05815309821276912,50.67873191758514,0.8566200501733012,2
0.05815309821276912,50.67873191758514,0.8566200501733012,2
0.05815309821276912,50.67873191758514,0.8566200501733012,2
0.05815309821276912,50.67873191758514,0.8566200501733012,2
0.05815309821276912,50.67873191758514,0.8566200501733012,2
0.05815309821276912,50.67873191758514,0.8566200501733012,2
0.05815309821276912,50.67873191758514,0.8566200501733012,2
0.05815309821276912,50.67873191758514,0.8566200501733012,2
0.06243774477179931,51.185982511952716,0.861124541908211,2
0.06243774477179931,51.185982511952716,0.861124541908211,2
0.06538916671249718,50.56759624981389,0.8547826007883613,2
0.05388723203241148,50.23582060090932,0.8826377802663363,2
0.05388723203241148,50.23582060090932,0.8826377802663363,2
0.05388723203241148,50.23582060090932,0.8826377802663363,2
0.05388723203241148,50.23582060090932,0.8826377802663363,2
0.05388723203241148,50.23582060090932,0.8826377802663363,2
0.06447810872911645,49.48370736455215,0.8695336072359775,2
0.06447810872911645,49.48370736455215,0.8695336072359775,2
0.06447810872911645,49.48370736455215,0.8695336072359775,2
0.06957077594474469,49.76578269754058,0.9000577428582464,2
0.07552968083908417,50.40998254295972,0.8819648530549653,2
0.07662484686409768,49.89729033338455,0.8935676449441295,2
0.07662484686409768,49.89729033338455,0.8935676449441295,2
0.06068769494070622,50.53472959685773,0.888278097810873,2
0.0797977980611438,51.02605784111202,0.8827054680545727,2
0.08667363251141966,50.82258397187182,0.8623109897222063,2
0.08667363251141966,50.82258397187182,0.8623109897222063,2
0.08667363251141966,50.82258397187182,0.8623109897222063,2
0.08627858147036419,52.06335204297103,0.8288059284747399,2
0.10046425480372624,52.23218126832111,0.830943985463861,2
0.10824053470787676,52.155116696320476,0.8153515253174166,2
0.10824053470787676,52.155116696320476,0.8153515253174166,2
0.10824053470787676,52.155116696320476,0.8153515253174166,2
0.09695890029950269,51.94351547139166,0.813929291839079,2
0.09695890029950269,51.94351547139166,0.813929291839079,2
0.10684430327767748,52.01979740356088,0.794853133678828,2
0.1065428713008125,52.50707772226216,0.7757461848456265,2
0.10908348736890756,51.935180398960625,0.8134330897375055,2
0.10908348736890756,51.935180398960625,0.8134330897375055,2
0.0863696218963743,51.752358329841044,0.8220350239344294,2
0.0863696218963743,51.752358329841044,0.8220350239344294,2
0.09237272874952974,51.82432258393002,0.8379381164684134,2
0.09237272874952974,51.82432258393002,0.8379381164684134,2
0.09237272874952974,51.82432258393002,0.8379381164684134,2
0.07560664055977764,52.09176949529759,0.8246577075618144,2
0.07518167303755284,52.17238672748518,0.8237337668816551,2
0.07518167303755284,52.17238672748518,0.8237337668816551,2
0.07902104093120277,52.958693963616135,0.7994630125256653,2
0.07902104093120277,52.958693963616135,0.7994630125256653,2
0.07995414937584795,52.432441553554106,0.8209794545927397,2
0.0807552535686283,51.66549233016082,0.8309154166458956,2
0.0807552535686283,51.66549233016082,0.8309154166458956,2
0.07547567219225111,51.126231719798476,0.8434122747544596,2
0.07547567219225111,51.126231719798476,0.8434122747544596,2
0.07547567219225111,51.126231719798476,0.8434122747544596,2
0.07547567219225111,51.126231719798476,0.8434122747544596,2
0.06395630759318544,50.71636164613322,0.8612971983064507,2
0.0606132276026459,50.221118979475165,0.870587517763153,2
0.06435645711610749,50.6693495185343,0.896019611988074,2
0.06579581396941434,50.32965958006987,0.8935770911592558,2
0.06579581396941434,50.32965958006987,0.8935770911592558,2
0.05668056217886936,50.24849615968273,0.8851556321186977,2
0.05668056217886936,50.24849615968273,0.8851556321186977,2
0.05668056217886936,50.24849615968273,0.8851556321186977,2
0.05668056217886936,50.24849615968273,0.8851556321186977,2
0.05668056217886936,50.24849615968273,0.8851556321186977,2
0.04858483122162667,50.54440545913448,0.8471613012580173,2
0.04858483122162667,50.54440545913448,0.8471613012580173,2
0.0523047899917746,51.0272623923774,0.8795229283401342,2
0.0523047899917746,51.0272623923774,0.8795229283401342,2
0.049014882090202834,51.27485666701584,0.8612559982813666,2
0.049014882090202834,51.27485666701584,0.8612559982813666,2
0.049014882090202834,51.27485666701584,0.8612559982813666,2
0.049014882090202834,51.27485666701584,0.8612559982813666,2
0.049014882090202834,51.27485666701584,0.8612559982813666,2
0.046004026869651354,50.78856029649859,0.8676074996713463,2
0.046004026869651354,50.78856029649859,0.8676074996713463,2
0.046004026869651354,50.78856029649859,0.8676074996713463,2
0.04058000298783525,50.57803692605154,0.854893083196676,2
0.04058000298783525,50.57803692605154,0.854893083196676,2
0.04058000298783525,50.57803692605154,0.854893083196676,2
0.0500649385415152,50.53457743562498,0.8557568805465251,2
0.0500649385415152,50.53457743562498,0.8557568805465251,2
0.05313589280303824,50.92530554325684,0.8466513404761482,2
0.05313589280303824,50.92530554325684,0.8466513404761482,2
0.05536431101086356,50.896996240179206,0.8579322621500615,2
0.05536431101086356,50.896996240179206,0.8579322621500615,2
0.05536431101086356,50.896996240179206,0.8579322621500615,2
0.03621349239433877,51.50194950305056,0.8492868623885252,2
0.03621349239433877,51.50194950305056,0.8492868623885252,2
0.0428232652295664,51.34744252934273,0.8603620913367402,2
0.03332880170603323,51.811194426839165,0.8564743214104134,2
0.03826922708293759,50.82038313560136,0.8609993124640692,2
0.04424609165164128,50.36558456071838,0.8791522930833128,2
0.04751694846335519,50.597190642817594,0.8754094417358991,2
0.04751694846335519,50.597190642817594,0.8754094417358991,2
0.04751694846335519,50.597190642817594,0.8754094417358991,2
0.052020613359907354,50.757407431556,0.8860740423219989,2
0.04173964242389923,50.852278859985034,0.8721885068274549,2
0.04173964242389923,50.852278859985034,0.8721885068274549,2
0.023697294022670207,50.71091855631949,0.8634578023287096,2
0.023697294022670207,50.71091855631949,0.8634578023287096,2
0.023697294022670207,50.71091855631949,0.8634578023287096,2
0.03278868352546312,51.18530122682033,0.8616729070510274,2
0.03278868352546312,51.18530122682033,0.8616729070510274,2
0.03278868352546312,51.18530122682033,0.8616729070510274,2
0.03278868352546312,51.18530122682033,0.8616729070510274,2
0.03278868352546312,51.18530122682033,0.8616729070510274,2
0.032933621701030015,50.991263122834,0.8698143086169201,2
0.032933621701030015,50.991263122834,0.8698143086169201,2
0.02332286796092197,51.161333182087624,0.8353243333495877,2
0.021525633640483356,52.272620369746846,0.8220606790309201,2
0.021525633640483356,52.272620369746846,0.8220606790309201,2
0.01988386820966123,51.79934838789194,0.8180108785346956,2
0.01988386820966123,51.79934838789194,0.8180108785346956,2
0.01988386820966123,51.79934838789194,0.8180108785346956,2
0.01988386820966123,51.79934838789194,0.8180108785346956,2
0.019280985232267227,50.92620932870298,0.8285139223138801,2
0.035268892824213444,50.70188156090852,0.8360515103310989,2
0.035268892824213444,50.70188156090852,0.8360515103310989,2
0.03021555608390735,51.68390871599252,0.8387101798173493,2
0.03021555608390735,51.68390871599252,0.8387101798173493,2
0.023379854111207896,50.35599718737089,0.8587880992809098,2
0.023379854111207896,50.35599718737089,0.8587880992809098,2
0.03444548250808877,49.964266846804094,0.8749572656033291,2
0.06518580661900958,49.440083633178034,0.8825867026399107,2
0.042426781727791824,49.08506880182787,0.9182269565407581,2
0.042426781727791824,49.08506880182787,0.9182269565407581,2
0.042426781727791824,49.08506880182787,0.9182269565407581,2
0.04545698069538694,49.24572793069337,0.9050290827471481,2
0.04545698069538694,49.24572793069337,0.9050290827471481,2
0.04545698069538694,49.24572793069337,0.9050290827471481,2
0.050479757692943245,49.34309932344474,0.8878202735694085,2
0.05182096951973551,50.28453242519412,0.9049425842353017,2
0.060786208924852994,50.39559045524146,0.9073504612899466,2
0.050251382587707116,49.87065129258389,0.9065871655037877,2
0.041352470212336304,49.72584274530087,0.893381478881243,2
0.041352470212336304,49.72584274530087,0.893381478881243,2
0.041352470212336304,49.72584274530087,0.893381478881243,2
0.041352470212336304,49.72584274530087,0.893381478881243,2
0.041352470212336304,49.72584274530087,0.893381478881243,2
0.031601783942683856,49.36812045409027,0.8849560560748957,2
0.031601783942683856,49.36812045409027,0.8849560560748957,2
0.031601783942683856,49.36812045409027,0.8849560560748957,2
0.01884259291823758,49.913511639764906,0.8661016252210241,2
0.018790074375644058,49.74060422841502,0.8735419250807291,2
0.018790074375644058,49.74060422841502,0.8735419250807291,2
0.018790074375644058,49.74060422841502,0.8735419250807291,2
0.003546455693478492,50.39615188086182,0.8773830350511093,2
0.003546455693478492,50.39615188086182,0.8773830350511093,2
0.003546455693478492,50.39615188086182,0.8773830350511093,2
0.021435261149261968,50.82316918156152,0.8890938375046422,2
0.01917841856046019,50.39982356232712,0.8902666370221105,2
0.029256005037619933,49.79688906024301,0.8890419949591767,2
0.039355539694174935,50.760276406105795,0.878520570799908,2
0.039355539694174935,50.760276406105795,0.878520570799908,2
0.027584703238542105,50.47316076425688,0.8914233564423324,2
0.016184186269785815,50.09687291965334,0.8827572475369835,2
0.016184186269785815,50.09687291965334,0.8827572475369835,2
0.016184186269785815,50.09687291965334,0.8827572475369835,2
0.001744598325088536,50.17920534457756,0.886324947676929,2
0.001744598325088536,50.17920534457756,0.886324947676929,2
0.001744598325088536,50.17920534457756,0.886324947676929,2
0.0012656714598333098,49.855004179760826,0.8987191497229133,2
0.0012656714598333098,49.855004179760826,0.8987191497229133,2
0.0012656714598333098,49.855004179760826,0.8987191497229133,2
0.0012656714598333098,49.855004179760826,0.8987191497229133,2
0.0012656714598333098,49.855004179760826,0.8987191497229133,2
0.0012656714598333098,49.855004179760826,0.8987191497229133,2
0.0012656714598333098,49.855004179760826,0.8987191497229133,2
0.0018265413909669202,49.80110959784164,0.8961532576410799,2
0.0018265413909669202,49.80110959784164,0.8961532576410799,2
0.0018265413909669202,49.80110959784164,0.8961532576410799,2
0.0018265413909669202,49.80110959784164,0.8961532576410799,2
0.0018265413909669202,49.80110959784164,0.8961532576410799,2
0.0018265413909669202,49.80110959784164,0.8961532576410799,2
0.0018265413909669202,49.80110959784164,0.8961532576410799,2
0.0018265413909669202,49.80110959784164,0.8961532576410799,2
0.0018265413909669202,49.80110959784164,0.8961532576410799,2
0.0018265413909669202,49.80110959784164,0.8961532576410799,2
0.0018265413909669202,49.80110959784164,0.8961532576410799,2
0.0018265413909669202,49.80110959784164,0.8961532576410799,2
0.006470539387489512,49.941520501064474,0.887007418521722,2
0.006470539387489512,49.941520501064474,0.887007418521722,2
0.006470539387489512,49.941520501064474,0.887007418521722,2
0.0008804235543045718,49.849447869532405,0.8845433179434439,2
0.0008804235543045718,49.849447869532405,0.8845433179434439,2
0.0008804235543045718,49.849447869532405,0.8845433179434439,2
0.0008804235543045718,49.849447869532405,0.8845433179434439,2
0.0008804235543045718,49.849447869532405,0.8845433179434439,2
0.0008804235543045718,49.849447869532405,0.8845433179434439,2
0.0008804235543045718,49.849447869532405,0.8845433179434439,2
0.0008804235543045718,49.849447869532405,0.8845433179434439,2
0.006716734286674446,50.54373428630996,0.8705768952343785,2
0.013111767246062552,51.27850691741583,0.8479547311895728,2
0.013111767246062552,51.27850691741583,0.8479547311895728,2
0.004749160481907612,50.64693210521502,0.8802383917342427,2
0.00784691580812535,51.58119616611411,0.8660728485683455,2
0.00784691580812535,51.58119616611411,0.8660728485683455,2
0.0012926515010038718,51.561110867770566,0.839813243619847,2
0.0012926515010038718,51.561110867770566,0.839813243619847,2
0.0019216520789134433,51.23647227329121,0.8723416792354839,2
0.0019216520789134433,51.23647227329121,0.8723416792354839,2
0.007338861653128427,50.675444356596365,0.8575639933161565,2
0.007338861653128427,50.675444356596365,0.8575639933161565,2
0.008420068816220812,51.53455032954569,0.8789676637983596,2
0.008420068816220812,51.53455032954569,0.8789676637983596,2
0.008420068816220812,51.53455032954569,0.8789676637983596,2
0.006566399367237028,51.722757701108634,0.8631312297076517,2
0.010722977726325312,51.25732840426604,0.8531392300419623,2
0.010623609497679999,51.10077960519125,0.8792594404120291,2
0.012408502532874007,51.37909102682461,0.8709985926763454,2
0.001854324452647691,50.58283310203435,0.8946670650540282,2
0.001854324452647691,50.58283310203435,0.8946670650540282,2
8.741860906322707e-05,50.507113713271075,0.9227033435998002,2
8.741860906322707e-05,50.507113713271075,0.9227033435998002,2
8.741860906322707e-05,50.507113713271075,0.9227033435998002,2
8.741860906322707e-05,50.507113713271075,0.9227033435998002,2
0.012679856718848305,50.88679639187026,0.90115311304502,2
0.021971766104926405,50.59170492290581,0.8857137129516504,2
0.018348948431468715,50.416398121278455,0.8791106958268907,2
0.012505332387522036,50.79142485652422,0.8758636866090397,2
0.012505332387522036,50.79142485652422,0.8758636866090397,2
0.012505332387522036,50.79142485652422,0.8758636866090397,2
0.01221407092911519,51.10688870027978,0.865100840744903,2
0.01221407092911519,51.10688870027978,0.865100840744903,2
0.01221407092911519,51.10688870027978,0.865100840744903,2
0.01221407092911519,51.10688870027978,0.865100840744903,2
0.01221407092911519,51.10688870027978,0.865100840744903,2
0.01221407092911519,51.10688870027978,0.865100840744903,2
0.01221407092911519,51.10688870027978,0.865100840744903,2
0.008722010070750307,51.127678826804356,0.8724338516158837,2
0.01464496238658346,50.72591667930703,0.8725480959795163,2
0.01464496238658346,50.72591667930703,0.8725480959795163,2
0.024954966959934197,49.947740896634734,0.9004418937148667,2
0.024954966959934197,49.947740896634734,0.9004418937148667,2
0.024954966959934197,49.947740896634734,0.9004418937148667,2
0.024954966959934197,49.947740896634734,0.9004418937148667,2
0.024954966959934197,49.947740896634734,0.9004418937148667,2
0.019858758032924275,49.771806051006145,0.9037254294720252,2
0.024603578195811517,50.15111406892205,0.8996296851725945,2
0.01770247427365724,50.21816910937209,0.8792357605386891,2
0.01770247427365724,50.21816910937209,0.8792357605386891,2
0.008239694663424543,50.88384352209052,0.8637868372023514,2
0.0011026046314024426,50.089644697607724,0.8672783716356011,2
0.0011890113988852864,50.44914057413528,0.8740818740272234,2
0.002678211792689434,50.66823126149472,0.847931783706104,2
0.002678211792689434,50.66823126149472,0.847931783706104,2
0.002678211792689434,50.66823126149472,0.847931783706104,2
0.002678211792689434,50.66823126149472,0.847931783706104,2
0.002678211792689434,50.66823126149472,0.847931783706104,2
0.002678211792689434,50.66823126149472,0.847931783706104,2
0.002678211792689434,50.66823126149472,0.847931783706104,2
0.002678211792689434,50.66823126149472,0.847931783706104,2
0.002678211792689434,50.66823126149472,0.847931783706104,2
0.002678211792689434,50.66823126149472,0.847931783706104,2
0.0023353790485711864,50.85887593962433,0.8350483988137553,2
0.0023353790485711864,50.85887593962433,0.8350483988137553,2
0.0023353790485711864,50.85887593962433,0.8350483988137553,2
0.014665726068338769,50.827485682086994,0.8546850437643925,2
0.014665726068338769,50.827485682086994,0.8546850437643925,2
0.014665726068338769,50.827485682086994,0.8546850437643925,2
0.014665726068338769,50.827485682086994,0.8546850437643925,2
0.014665726068338769,50.827485682086994,0.8546850437643925,2
0.014665726068338769,50.827485682086994,0.8546850437643925,2
0.008697443400166264,50.570823595642565,0.8556132232071814,2
0.008697443400166264,50.570823595642565,0.8556132232071814,2
0.008697443400166264,50.570823595642565,0.8556132232071814,2
0.005429493083763793,49.597062251856585,0.8794337165192117,2
0.0025899301073970308,49.45988471881724,0.8771236375842242,2
0.004348428163192042,49.52253933219824,0.8848595339073617,2
0.004348428163192042,49.52253933219824,0.8848595339073617,2
0.004348428163192042,49.52253933219824,0.8848595339073617,2
0.00752093874049768,50.030938959061814,0.9045055833831472,2
0.00752093874049768,50.030938959061814,0.9045055833831472,2
0.00752093874049768,50.030938959061814,0.9045055833831472,2
0.00752093874049768,50.030938959061814,0.9045055833831472,2
0.00752093874049768,50.030938959061814,0.9045055833831472,2
0.007964040991495567,51.02800837712866,0.9033635817091659,2
0.007214794169868939,50.76087360858524,0.9000234716738813,2
0.007214794169868939,50.76087360858524,0.9000234716738813,2
0.007214794169868939,50.76087360858524,0.9000234716738813,2
0.007214794169868939,50.76087360858524,0.9000234716738813,2
0.007214794169868939,50.76087360858524,0.9000234716738813,2
0.007214794169868939,50.76087360858524,0.9000234716738813,2
0.007214794169868939,50.76087360858524,0.9000234716738813,2
0.00784015173608887,50.83762303744936,0.8879648727701138,2
0.015327714160806095,50.583582263004935,0.8902639751567739,2
0.015327714160806095,50.583582263004935,0.8902639751567739,2
0.015327714160806095,50.583582263004935,0.8902639751567739,2
0.015327714160806095,50.583582263004935,0.8902639751567739,2
0.04046746748599836,49.948986938061836,0.8788636758614665,2
0.04046746748599836,49.948986938061836,0.8788636758614665,2
0.04046746748599836,49.948986938061836,0.8788636758614665,2
0.042999446470996405,50.294556613630974,0.8714945431140646,2
0.042999446470996405,50.294556613630974,0.8714945431140646,2
0.042999446470996405,50.294556613630974,0.8714945431140646,2
0.04874093035766533,50.21190243882118,0.8938942804269167,2
0.04874093035766533,50.21190243882118,0.8938942804269167,2
0.04874093035766533,50.21190243882118,0.8938942804269167,2
0.04874093035766533,50.21190243882118,0.8938942804269167,2
0.04912048255586003,50.176181135927514,0.8775715741640645,2
0.04912048255586003,50.176181135927514,0.8775715741640645,2
0.050967752096426545,50.67918916654966,0.839752687879992,2
0.045638570742351794,50.78454611923055,0.8500484207941468,2
0.03512872651167033,51.191898659838486,0.8756790162364526,2
0.03512872651167033,51.191898659838486,0.8756790162364526,2
0.03512872651167033,51.191898659838486,0.8756790162364526,2
0.03512872651167033,51.191898659838486,0.8756790162364526,2
0.03512872651167033,51.191898659838486,0.8756790162364526,2
0.014056119173265304,51.69203969997239,0.856386768298098,2
0.014056119173265304,51.69203969997239,0.856386768298098,2
0.014056119173265304,51.69203969997239,0.856386768298098,2
0.004915890007646169,51.36960725790996,0.8546712688939468,2
0.004915890007646169,51.36960725790996,0.8546712688939468,2
0.006476022826177144,51.36863737588252,0.8869023802642366,2
0.006476022826177144,51.36863737588252,0.8869023802642366,2
0.006476022826177144,51.36863737588252,0.8869023802642366,2
0.006476022826177144,51.36863737588252,0.8869023802642366,2
0.01678606796322707,51.45350659036421,0.8694772506026157,2
0.01678606796322707,51.45350659036421,0.8694772506026157,2
0.01678606796322707,51.45350659036421,0.8694772506026157,2
0.01678606796322707,51.45350659036421,0.8694772506026157,2
0.003210215467204545,50.07593215637362,0.8799345829085826,2
0.003210215467204545,50.07593215637362,0.8799345829085826,2
0.003210215467204545,50.07593215637362,0.8799345829085826,2
0.003210215467204545,50.07593215637362,0.8799345829085826,2
0.003210215467204545,50.07593215637362,0.8799345829085826,2
0.010172691335866388,49.825322219911385,0.8872759426398008,2
0.010172691335866388,49.825322219911385,0.8872759426398008,2
0.010172691335866388,49.825322219911385,0.8872759426398008,2
0.017997555565108226,49.78832198161424,0.9000678371628236,2
0.011333765604372409,49.56563648949331,0.8829728740226782,2
0.011333765604372409,49.56563648949331,0.8829728740226782,2
0.011333765604372409,49.56563648949331,0.8829728740226782,2
0.011333765604372409,49.56563648949331,0.8829728740226782,2
0.009145297055096502,49.440959108961614,0.9110606445897631,2
0.009145297055096502,49.440959108961614,0.9110606445897631,2
0.009145297055096502,49.440959108961614,0.9110606445897631,2
0.000672079780234057,49.98610148169312,0.9121738148400593,2
0.000672079780234057,49.98610148169312,0.9121738148400593,2
0.0096230144843446,50.5581844524623,0.8747552473761875,2
0.0096230144843446,50.5581844524623,0.8747552473761875,2
0.031670221801975894,49.958023276154115,0.8665539847542737,2
0.031670221801975894,49.958023276154115,0.8665539847542737,2
0.03498022973675407,49.984059922279705,0.8817396286356022,2
0.03498022973675407,49.984059922279705,0.8817396286356022,2
0.03498022973675407,49.984059922279705,0.8817396286356022,2
0.03498022973675407,49.984059922279705,0.8817396286356022,2
0.03498022973675407,49.984059922279705,0.8817396286356022,2
0.03498022973675407,49.984059922279705,0.8817396286356022,2
0.048166497953831634,50.627034525741585,0.8744027539409722,2
0.04471654480030689,50.16148613063008,0.878477176269728,2
0.044015824460848216,50.34349165666843,0.8899401169457013,2
0.029554751453713345,50.7411609055709,0.8772500772151719,2
0.020401009880381807,51.47397803943334,0.8598618799297121,2
0.020401009880381807,51.47397803943334,0.8598618799297121,2
0.020401009880381807,51.47397803943334,0.8598618799297121,2
0.020401009880381807,51.47397803943334,0.8598618799297121,2
0.020401009880381807,51.47397803943334,0.8598618799297121,2
0.03989320848370105,51.73671859750647,0.8647288281139588,2
0.02962808063674123,51.97829884414463,0.8671855427482824,2
0.016283455628564203,51.4861497867597,0.8691613193210476,2
0.016283455628564203,51.4861497867597,0.8691613193210476,2
0.016283455628564203,51.4861497867597,0.8691613193210476,2
0.016283455628564203,51.4861497867597,0.8691613193210476,2
0.016283455628564203,51.4861497867597,0.8691613193210476,2
0.014865468309977141,50.53834612545726,0.875641882564978,2
0.028152421765555855,50.28732901146352,0.8615411767485339,2
0.028152421765555855,50.28732901146352,0.8615411767485339,2
0.028152421765555855,50.28732901146352,0.8615411767485339,2
0.031270442241894965,50.81969708001047,0.880743461435987,2
0.031270442241894965,50.81969708001047,0.880743461435987,2
0.03017274133859713,50.172480704809544,0.8732578342445622,2
0.03017274133859713,50.172480704809544,0.8732578342445622,2
0.024010768447089343,50.683905331786704,0.8561739579172194,2
0.024010768447089343,50.683905331786704,0.8561739579172194,2
0.024010768447089343,50.683905331786704,0.8561739579172194,2
0.024010768447089343,50.683905331786704,0.8561739579172194,2
0.024010768447089343,50.683905331786704,0.8561739579172194,2
0.02774930139088092,50.93611997544328,0.859421798494809,2
0.04138901273494148,50.664893809440635,0.8718800190276755,2
0.04138901273494148,50.664893809440635,0.8718800190276755,2
0.049882658786005875,50.98419942339804,0.8724505701839086,2
0.04521371675970228,50.79021690471273,0.8801090976061008,2
0.0370539920401103,49.926747776316944,0.8717366388738295,2
0.043347786034982,50.47618784079032,0.8616118203117588,2
0.07457882711126712,50.214003384802766,0.8782670893343538,2
0.07457882711126712,50.214003384802766,0.8782670893343538,2
0.06910839517563529,50.03299018330482,0.8818558885667496,2
0.06910839517563529,50.03299018330482,0.8818558885667496,2
0.0673030220808581,50.14586525486329,0.8885750969777034,2
0.06224462931140069,50.67318816183952,0.8645673365990032,2
0.06224462931140069,50.67318816183952,0.8645673365990032,2
0.07816588964396917,51.241974821175724,0.8587493028342,2
0.07816588964396917,51.241974821175724,0.8587493028342,2
0.07816588964396917,51.241974821175724,0.8587493028342,2
0.08513083942749396,50.904444074198246,0.8711789453331978,2
0.08252185839967924,50.27037583683511,0.8810313214698209,2
0.0894738901071457,49.78198497077133,0.8517179251522035,2
0.08761127083839408,49.58473196551088,0.8686707763160725,2
0.08761127083839408,49.58473196551088,0.8686707763160725,2
0.08761127083839408,49.58473196551088,0.8686707763160725,2
0.08761127083839408,49.58473196551088,0.8686707763160725,2
0.09757029460567651,49.93026375894711,0.8692500133216423,2
0.1041811936093884,49.9512278969399,0.8573782538361927,2
0.1041811936093884,49.9512278969399,0.8573782538361927,2
0.11986280912001596,49.70268383314294,0.8831451075954955,2
0.13589984820995338,49.57319432990494,0.8791149269483753,2
0.12444232712732399,49.83363428688892,0.8881222918051481,2
0.12444232712732399,49.83363428688892,0.8881222918051481,2
0.12444232712732399,49.83363428688892,0.8881222918051481,2
0.11170586023681148,49.04230405439033,0.8859233763789474,2
0.1219995745503767,49.96416581651814,0.8877357202986882,2
0.1219993982673434,49.7037710705585,0.8839869161950964,2
0.1087273662909184,49.51607368495922,0.8917154108819092,2
0.1087273662909184,49.51607368495922,0.8917154108819092,2
0.08202912552003763,49.331663726496096,0.8693083115776528,2
0.08202912552003763,49.331663726496096,0.8693083115776528,2
0.08202912552003763,49.331663726496096,0.8693083115776528,2
0.08202912552003763,49.331663726496096,0.8693083115776528,2
0.06879117609028709,49.35236534937898,0.8790771174795982,2
0.06479359121832413,49.662808101427615,0.9124774377176872,2
0.06479359121832413,49.662808101427615,0.9124774377176872,2
0.07910381605032223,49.95460902395489,0.8856124725937208,2
0.07247060974558182,49.94113323233481,0.8734844035003062,2
0.05971428460552683,50.109831277719096,0.8517833692684107,2
0.05971428460552683,50.109831277719096,0.8517833692684107,2
0.05971428460552683,50.109831277719096,0.8517833692684107,2
0.05971428460552683,50.109831277719096,0.8517833692684107,2
0.05971428460552683,50.109831277719096,0.8517833692684107,2
0.05778681174928069,49.887075756524474,0.8617175509635072,2
0.040589455228225275,50.69925699227977,0.8400202488290801,2
0.040589455228225275,50.69925699227977,0.8400202488290801,2
0.040589455228225275,50.69925699227977,0.8400202488290801,2
0.04411732405303153,50.41134333615938,0.8378294309041394,2
0.04411732405303153,50.41134333615938,0.8378294309041394,2
0.04411732405303153,50.41134333615938,0.8378294309041394,2
0.04584818522072751,50.32433901628296,0.8511440138691594,2
0.04584818522072751,50.32433901628296,0.8511440138691594,2
0.04584818522072751,50.32433901628296,0.8511440138691594,2
0.04584818522072751,50.32433901628296,0.8511440138691594,2
0.04584818522072751,50.32433901628296,0.8511440138691594,2
0.04674449756478828,51.23882832076203,0.8450006883522564,2
0.04674449756478828,51.23882832076203,0.8450006883522564,2
0.04674449756478828,51.23882832076203,0.8450006883522564,2
0.043148650776205354,51.46606108833293,0.8415393952056337,2
0.04695537925317577,52.05382239450166,0.8345577064784083,2
0.04695537925317577,52.05382239450166,0.8345577064784083,2
0.05086396024768479,51.57374496217043,0.8560828230996756,2
0.05086396024768479,51.57374496217043,0.8560828230996756,2
0.05086396024768479,51.57374496217043,0.8560828230996756,2
0.0484039154252834,51.625247529907234,0.8340560158648695,2
0.04727543961854009,51.368907569480506,0.8324186199572092,2
0.05147632898917552,51.283431139943815,0.8264424060833377,2
0.05147632898917552,51.283431139943815,0.8264424060833377,2
0.05147632898917552,51.283431139943815,0.8264424060833377,2
0.0329754409366667,51.21552366109348,0.8324977499513614,2
0.0329754409366667,51.21552366109348,0.8324977499513614,2
0.0329754409366667,51.21552366109348,0.8324977499513614,2
0.035931952882360965,51.2295889312903,0.8393619320930721,2
0.04627141773924732,50.56074434690484,0.8493089665685793,2
0.04627141773924732,50.56074434690484,0.8493089665685793,2
0.04627141773924732,50.56074434690484,0.8493089665685793,2
0.04163311677679576,50.44095879020908,0.8634055374045072,2
0.057521571120917235,51.345071974096314,0.8540971688457024,2
0.07039274951771082,51.04197458064526,0.8627224602426953,2
0.07039274951771082,51.04197458064526,0.8627224602426953,2
0.07895476130703197,50.6995224398089,0.8656272393652471,2
0.07895476130703197,50.6995224398089,0.8656272393652471,2
0.07895476130703197,50.6995224398089,0.8656272393652471,2
0.07895476130703197,50.6995224398089,0.8656272393652471,2
0.07895476130703197,50.6995224398089,0.8656272393652471,2
0.07895476130703197,50.6995224398089,0.8656272393652471,2
0.06830771531653465,50.61489441613605,0.8770728299706356,2
0.06830771531653465,50.61489441613605,0.8770728299706356,2
0.06830771531653465,50.61489441613605,0.8770728299706356,2
0.06830771531653465,50.61489441613605,0.8770728299706356,2
0.061555810838820224,50.033647388259595,0.9040482481232488,2
0.061555810838820224,50.033647388259595,0.9040482481232488,2
0.061555810838820224,50.033647388259595,0.9040482481232488,2
0.05568610738682655,49.69064240556093,0.9108865704109061,2
0.05683958808153954,49.196936611740554,0.9128263349848639,2
0.05683958808153954,49.196936611740554,0.9128263349848639,2
0.05683958808153954,49.196936611740554,0.9128263349848639,2
0.06026014214555632,49.50072936080942,0.9177791323822322,2
0.046565838636902765,49.943757006389774,0.9107350499461992,2
0.046565838636902765,49.943757006389774,0.9107350499461992,2
0.04203048699102235,49.53649542475038,0.9040888073978287,2
0.04203048699102235,49.53649542475038,0.9040888073978287,2
0.04203048699102235,49.53649542475038,0.9040888073978287,2
0.04203048699102235,49.53649542475038,0.9040888073978287,2
0.04203048699102235,49.53649542475038,0.9040888073978287,2
0.04203048699102235,49.53649542475038,0.9040888073978287,2
0.02210330931694521,49.64923877209541,0.9031869134200817,2
0.02210330931694521,49.64923877209541,0.9031869134200817,2
0.02210330931694521,49.64923877209541,0.9031869134200817,2
0.02210330931694521,49.64923877209541,0.9031869134200817,2
0.030405438163168236,50.122308765705085,0.8986541822606695,2
0.030405438163168236,50.122308765705085,0.8986541822606695,2
0.024200191974561497,49.924809288725605,0.9096815537335542,2
0.024200191974561497,49.924809288725605,0.9096815537335542,2
0.024737057420161888,49.32370606477182,0.8915647086922478,2
0.021420913363851848,49.42573463455088,0.8858691187886459,2
0.02093408710682416,49.92407280297467,0.9241374585409907,2
0.02093408710682416,49.92407280297467,0.9241374585409907,2
0.02093408710682416,49.92407280297467,0.9241374585409907,2
0.02093408710682416,49.92407280297467,0.9241374585409907,2
0.02093408710682416,49.92407280297467,0.9241374585409907,2
0.02093408710682416,49.92407280297467,0.9241374585409907,2
0.022182825122986364,49.655591893068724,0.9291267587157581,2
0.01699870202851877,49.47410182703089,0.921639371389609,2
0.010099252881176739,50.49504633395536,0.9109102492688023,2
0.014945718049593406,49.90837396763312,0.8967234845286225,2
0.014945718049593406,49.90837396763312,0.8967234845286225,2
0.020088813620846826,49.72800147600272,0.8708516299575471,2
0.020088813620846826,49.72800147600272,0.8708516299575471,2
0.03323103927569177,50.979778834908295,0.8397499284554242,2
0.04940747847431204,51.66625118194447,0.8336362221677993,2
0.06366519137732149,51.81692102092564,0.8416871399955644,2
0.07298975104186611,51.60448515941857,0.8647677463828616,2
0.07298975104186611,51.60448515941857,0.8647677463828616,2
0.06815637772509425,51.97379453279385,0.8366365007210017,2
0.06815637772509425,51.97379453279385,0.8366365007210017,2
0.06815637772509425,51.97379453279385,0.8366365007210017,2
0.06815637772509425,51.97379453279385,0.8366365007210017,2
0.06815637772509425,51.97379453279385,0.8366365007210017,2
0.07291329021642493,52.49345144415542,0.8161156747775394,2
0.07291329021642493,52.49345144415542,0.8161156747775394,2
0.06676528842508424,52.55952057664708,0.8349923981205268,2
0.06676528842508424,52.55952057664708,0.8349923981205268,2
0.07952889724600232,52.3108985305099,0.8065796690092577,2
0.06676837777612413,52.591853025448344,0.8007195618939082,2
0.0644520911863082,53.15241150990009,0.8072378666976375,2
0.08181111110805678,53.59341015273988,0.8010890514788438,2
0.08181111110805678,53.59341015273988,0.8010890514788438,2
0.08550946773719673,53.59811798773435,0.8003947643352235,2
0.08550946773719673,53.59811798773435,0.8003947643352235,2
0.08550946773719673,53.59811798773435,0.8003947643352235,2
0.08532562977816069,52.85489538945526,0.8187282213128682,2
0.08532562977816069,52.85489538945526,0.8187282213128682,2
0.07336303509485222,52.67439398479572,0.8389293855331376,2
0.07126841995918702,53.03187184156215,0.8091835218959127,2
0.07126841995918702,53.03187184156215,0.8091835218959127,2
0.07126841995918702,53.03187184156215,0.8091835218959127,2
0.07126841995918702,53.03187184156215,0.8091835218959127,2
0.07126841995918702,53.03187184156215,0.8091835218959127,2
0.07126841995918702,53.03187184156215,0.8091835218959127,2
0.07151577460981612,53.32859780191325,0.8250307556953707,2
0.0815753566635977,52.51163484183119,0.8497037615073094,2
0.0815753566635977,52.51163484183119,0.8497037615073094,2
0.0815753566635977,52.51163484183119,0.8497037615073094,2
0.09874896087514816,52.50562606699571,0.8491587959259063,2
0.10741268312776309,51.23694448039915,0.8848220899847159,2
0.10741268312776309,51.23694448039915,0.8848220899847159,2
0.09956777550077776,51.77474894892809,0.8825401231140744,2
0.0964153439176677,50.78805138689616,0.8973244944704815,2
0.0964153439176677,50.78805138689616,0.8973244944704815,2
0.0964153439176677,50.78805138689616,0.8973244944704815,2
0.08708701661540252,50.79405410952219,0.8570900726801646,2
0.0709105661202566,51.164284840194036,0.8385102922584825,2
0.06199272014770071,51.505363160218465,0.8445174637241863,2
0.05349402309790166,50.601697738742914,0.8831427502556771,2
0.05349402309790166,50.601697738742914,0.8831427502556771,2
0.05349402309790166,50.601697738742914,0.8831427502556771,2
0.028475992131703837,50.43998121003651,0.8728589899201561,2
0.020304343029242992,50.43993688764157,0.8551094923097796,2
0.009317539340510814,50.701103190778134,0.873814354515722,2
0.009317539340510814,50.701103190778134,0.873814354515722,2
0.009317539340510814,50.701103190778134,0.873814354515722,2
0.009317539340510814,50.701103190778134,0.873814354515722,2
0.009317539340510814,50.701103190778134,0.873814354515722,2
0.0013400791358172907,50.88920839452824,0.8690268042573338,2
0.008761241316616646,50.998259232952826,0.8804586865469434,2
0.008761241316616646,50.998259232952826,0.8804586865469434,2
0.008761241316616646,50.998259232952826,0.8804586865469434,2
0.008761241316616646,50.998259232952826,0.8804586865469434,2
0.011186407223412766,51.56704209070475,0.8424051271521915,2
0.011186407223412766,51.56704209070475,0.8424051271521915,2
0.017645249136699178,51.27499305857985,0.8603231375601335,2
0.013274884875719865,51.49762743043826,0.8368631261420216,2
0.004518888996307452,50.89591341685081,0.8347436157854856,2
0.0019060557035296749,51.058769150686516,0.8358658222906652,2
0.014416479245649049,51.195052820935025,0.8353722934296238,2
0.016708838697242216,51.70512421507549,0.8228915496440035,2
0.016708838697242216,51.70512421507549,0.8228915496440035,2
0.02989384295670626,51.769850145349714,0.8542549547847648,2
0.03551607451592764,51.227314083512134,0.8506392951133736,2
0.026691868695886148,50.74769140951687,0.8574869082079166,2
0.026691868695886148,50.74769140951687,0.8574869082079166,2
0.036118220040248575,50.23412259691173,0.879345000148816,2
0.04143308619395622,50.88464523659209,0.8832586677056813,2
0.04143308619395622,50.88464523659209,0.8832586677056813,2
0.04143308619395622,50.88464523659209,0.8832586677056813,2
0.03587314417385865,50.529095104424705,0.8676230816291798,2
0.029839571343618632,50.32856219280773,0.8698079806110695,2
0.029839571343618632,50.32856219280773,0.8698079806110695,2
0.029839571343618632,50.32856219280773,0.8698079806110695,2
0.029839571343618632,50.32856219280773,0.8698079806110695,2
0.029839571343618632,50.32856219280773,0.8698079806110695,2
0.029839571343618632,50.32856219280773,0.8698079806110695,2
0.02851578867287477,50.597701578178544,0.8862199087932506,2
0.03140418365880536,50.563043452136,0.8897459730720982,2
0.011013455372207836,50.71179152084993,0.9104706412704789,2
0.009745920667448834,50.128221105497545,0.8905192512878758,2
0.009745920667448834,50.128221105497545,0.8905192512878758,2
0.00854180689965576,50.244450774701505,0.8796225710884391,2
0.00854180689965576,50.244450774701505,0.8796225710884391,2
0.00854180689965576,50.244450774701505,0.8796225710884391,2
0.01820856972776404,49.955619524503774,0.8601212055772693,2
0.01241214280435109,50.73081180681429,0.8541250263141925,2
0.01241214280435109,50.73081180681429,0.8541250263141925,2
0.032256448040574065,50.81152166105424,0.8572522891895258,2
0.032256448040574065,50.81152166105424,0.8572522891895258,2
0.03412464461231215,51.31995314030037,0.8620416484577504,2
0.024486126587699098,51.049335419635,0.8810588966606541,2
0.043228601145506675,50.56724414091012,0.8919558407053838,2
0.047478975682715904,51.01622472256352,0.8780836386704691,2
0.047478975682715904,51.01622472256352,0.8780836386704691,2
0.04875827158110403,50.78553904833747,0.8766065520204489,2
0.05573683663944544,50.05073209912958,0.8787890459465246,2
0.05573683663944544,50.05073209912958,0.8787890459465246,2
0.05043908025911447,50.08727682568272,0.913778633356033,2
0.06091155556337418,49.838960076144886,0.9059417504552936,2
0.06091155556337418,49.838960076144886,0.9059417504552936,2
0.06091155556337418,49.838960076144886,0.9059417504552936,2
0.04951035184226325,49.91239759282278,0.8974292939831062,2
0.04873613224674617,50.143275993689144,0.8929247191618371,2
0.04873613224674617,50.143275993689144,0.8929247191618371,2
0.03624023967970108,50.02603179681381,0.90031032374097,2
0.05747776986076324,49.61236498066064,0.900862894328197,2
0.04684012421164426,49.21947492161159,0.8969049487193175,2
0.04684012421164426,49.21947492161159,0.8969049487193175,2
0.04684012421164426,49.21947492161159,0.8969049487193175,2
0.04684012421164426,49.21947492161159,0.8969049487193175,2
0.048968291684982436,49.29507594729412,0.8945631554046843,2
0.048968291684982436,49.29507594729412,0.8945631554046843,2
0.04828135354614644,49.07390711356674,0.8945490716548846,2
0.04828135354614644,49.07390711356674,0.8945490716548846,2
0.04828135354614644,49.07390711356674,0.8945490716548846,2
0.03387059296969434,49.075857085755686,0.882590356042631,2
0.03387059296969434,49.075857085755686,0.882590356042631,2
0.026400169605541663,49.14455442602034,0.8819123818830773,2
0.018334645350768588,49.56407486573576,0.8953162040498052,2
0.018334645350768588,49.56407486573576,0.8953162040498052,2
0.018334645350768588,49.56407486573576,0.8953162040498052,2
0.028274449956726948,50.428846648490186,0.8766745659697291,2
0.028274449956726948,50.428846648490186,0.8766745659697291,2
0.028274449956726948,50.428846648490186,0.8766745659697291,2
0.028274449956726948,50.428846648490186,0.8766745659697291,2
0.010195574017676384,50.23640354146552,0.8912324784749693,2
0.010195574017676384,50.23640354146552,0.8912324784749693,2
0.010195574017676384,50.23640354146552,0.8912324784749693,2
0.010195574017676384,50.23640354146552,0.8912324784749693,2
0.004720445432865265,50.75980908295352,0.8901417317233069,2
0.004444666967049671,49.86709254414124,0.8754441968542649,2
0.004444666967049671,49.86709254414124,0.8754441968542649,2
0.004444666967049671,49.86709254414124,0.8754441968542649,2
0.004846398502966744,49.55409331388018,0.8742783685949281,2
0.004846398502966744,49.55409331388018,0.8742783685949281,2
0.011611342284761439,49.308471882000646,0.8938502811670415,2
0.01572881509062564,49.37957519478821,0.8986273065802799,2
0.009199207126132428,48.97278051041417,0.896822497686844,2
0.009199207126132428,48.97278051041417,0.896822497686844,2
0.009199207126132428,48.97278051041417,0.896822497686844,2
0.008437517259067401,48.907176500477846,0.8894721022325134,2
0.008437517259067401,48.907176500477846,0.8894721022325134,2
0.008437517259067401,48.907176500477846,0.8894721022325134,2
0.008437517259067401,48.907176500477846,0.8894721022325134,2
0.008437517259067401,48.907176500477846,0.8894721022325134,2
0.016386188594047422,49.68503110683112,0.8950696265701802,2
0.016386188594047422,49.68503110683112,0.8950696265701802,2
0.016386188594047422,49.68503110683112,0.8950696265701802,2
0.03232837289444826,50.215041293520315,0.9024829016889775,2
0.03232837289444826,50.215041293520315,0.9024829016889775,2
0.05724567782626513,51.087890927960125,0.8837656756323465,2
0.05724567782626513,51.087890927960125,0.8837656756323465,2
0.05724567782626513,51.087890927960125,0.8837656756323465,2
0.055370927452605405,50.68242060323254,0.8657603991083936,2
0.047344311361257684,51.29278963391639,0.8478155009996611,2
0.05887292806775267,52.03450976262306,0.8350158180600943,2
0.07097498474881801,51.77520388816112,0.8690031521665229,2
0.07097498474881801,51.77520388816112,0.8690031521665229,2
0.0746077048858209,51.01789314879704,0.8712702976301692,2
0.0746077048858209,51.01789314879704,0.8712702976301692,2
0.0746077048858209,51.01789314879704,0.8712702976301692,2
0.0746077048858209,51.01789314879704,0.8712702976301692,2
0.06577872577101856,50.99288803808792,0.8499224868819848,2
0.05035174324026578,50.381077214749055,0.8596866100205224,2
0.05035174324026578,50.381077214749055,0.8596866100205224,2
0.03205289587227756,51.01941157567213,0.8711524018584976,2
0.03205289587227756,51.01941157567213,0.8711524018584976,2
0.03205289587227756,51.01941157567213,0.8711524018584976,2
0.03205289587227756,51.01941157567213,0.8711524018584976,2
0.02786185061146411,51.51774678818265,0.8588813135287975,2
0.03598158472877909,51.53831159204201,0.8551179026348107,2
0.04359174927370745,50.98950358817332,0.8343053990907007,2
0.05373954185115871,51.16406222361684,0.8471913751033388,2
0.05373954185115871,51.16406222361684,0.8471913751033388,2
0.0452257191787762,51.050183322651094,0.8519821105208243,2
0.039203284449963786,50.74159075240003,0.8708759720232104,2
0.05507862256838368,51.59081843049596,0.866302360555186,2
0.04478311002422254,51.84443676785825,0.8521213722593581,2
0.05543112914500886,50.87487862237502,0.8784493862353113,2
0.05543112914500886,50.87487862237502,0.8784493862353113,2
0.0715406606918719,50.46309610966844,0.8723749200782277,2
0.0715406606918719,50.46309610966844,0.8723749200782277,2
0.05306309859133761,50.53410279823849,0.8632797606362038,2
0.06263744899790387,51.315049373443145,0.857910999418413,2
0.06263744899790387,51.315049373443145,0.857910999418413,2
0.06263744899790387,51.315049373443145,0.857910999418413,2
0.056058919397315575,52.07969675688931,0.8346231093538603,2
0.054993097389604416,52.145865481262994,0.8184054810530351,2
0.07200896348553668,51.72766085440255,0.838818724371491,2
0.06271827649995314,51.45780785071883,0.8563288971198507,2
0.06271827649995314,51.45780785071883,0.8563288971198507,2
0.06271827649995314,51.45780785071883,0.8563288971198507,2
0.06271827649995314,51.45780785071883,0.8563288971198507,2
0.054781211170674374,51.98289364812893,0.84406767046353,2
0.06441534812545359,51.71223888542295,0.8212671630352816,2
0.04825326316720746,51.63703498259101,0.8574625399666922,2
0.04825326316720746,51.63703498259101,0.8574625399666922,2
0.04825326316720746,51.63703498259101,0.8574625399666922,2
0.04825326316720746,51.63703498259101,0.8574625399666922,2
0.05906312153081306,51.66746149754923,0.835744621382134,2
0.05906312153081306,51.66746149754923,0.835744621382134,2
0.05906312153081306,51.66746149754923,0.835744621382134,2
0.05906312153081306,51.66746149754923,0.835744621382134,2
0.057240906567100014,51.96842795776077,0.8371295597447139,2
0.057240906567100014,51.96842795776077,0.8371295597447139,2
0.057240906567100014,51.96842795776077,0.8371295597447139,2
0.057240906567100014,51.96842795776077,0.8371295597447139,2
0.057240906567100014,51.96842795776077,0.8371295597447139,2
0.057240906567100014,51.96842795776077,0.8371295597447139,2
0.0674619914680375,51.61554511371987,0.8594262718130629,2
0.0674619914680375,51.61554511371987,0.8594262718130629,2
0.0674619914680375,51.61554511371987,0.8594262718130629,2
0.0674619914680375,51.61554511371987,0.8594262718130629,2
0.0674619914680375,51.61554511371987,0.8594262718130629,2
0.06586689080481978,51.68242963087092,0.8565364516136913,2
0.04757336953147298,50.84711156438405,0.8386318271719847,2
0.04224103773340919,51.416460452655436,0.8753120938944899,2
0.049016733131449504,51.71753083347493,0.8610043902557996,2
0.049016733131449504,51.71753083347493,0.8610043902557996,2
0.049016733131449504,51.71753083347493,0.8610043902557996,2
0.055904148426638565,51.64429984712533,0.849334977656543,2
0.055904148426638565,51.64429984712533,0.849334977656543,2
0.055904148426638565,51.64429984712533,0.849334977656543,2
0.055904148426638565,51.64429984712533,0.849334977656543,2
0.0644273471396739,51.168606462472376,0.8598690933032479,2
0.0644273471396739,51.168606462472376,0.8598690933032479,2
0.0644273471396739,51.168606462472376,0.8598690933032479,2
0.048327249224137656,51.96761428644062,0.8143649103701545,2
0.05711981958082902,52.06021362386361,0.8244556263771738,2
0.04713666406172136,51.96794642370585,0.8277375622502726,2
0.056538776662855436,51.888283531734544,0.8523823062526019,2
0.056538776662855436,51.888283531734544,0.8523823062526019,2
0.04986070080705995,52.11886372253276,0.8316203887033757,2
0.06903901298345057,52.05539252035266,0.8439222533716929,2
0.06903901298345057,52.05539252035266,0.8439222533716929,2
0.06903901298345057,52.05539252035266,0.8439222533716929,2
0.08250563189114908,51.8661317607076,0.8397062336440752,2
0.0792154547942859,51.74848809289549,0.8429517195698992,2
0.0792154547942859,51.74848809289549,0.8429517195698992,2
0.0792154547942859,51.74848809289549,0.8429517195698992,2
0.07939457575131821,51.43286354581699,0.8284106084465457,2
0.09036509752447716,51.328090529694855,0.8354953911626603,2
0.08752017943261316,51.27384683710619,0.8504360554163329,2
0.08535972237222621,50.737300194923456,0.8546436698895039,2
0.08535972237222621,50.737300194923456,0.8546436698895039,2
0.07509087565044444,50.877519390123936,0.8590147161361806,2
0.07829253997320244,51.46016508340341,0.83040038721841,2
0.07829253997320244,51.46016508340341,0.83040038721841,2
0.06492811285095851,51.29044233116965,0.8695896349134717,2
0.06492811285095851,51.29044233116965,0.8695896349134717,2
0.06492811285095851,51.29044233116965,0.8695896349134717,2
0.0625331525445367,51.11077388482277,0.872594593654027,2
0.0625331525445367,51.11077388482277,0.872594593654027,2
0.0625331525445367,51.11077388482277,0.872594593654027,2
0.05374911370959556,50.29731571844154,0.8791362551365264,2
0.05374911370959556,50.29731571844154,0.8791362551365264,2
0.05487566198923654,49.720508046644646,0.8852531905848561,2
0.05487566198923654,49.720508046644646,0.8852531905848561,2
0.05487566198923654,49.720508046644646,0.8852531905848561,2
0.05487566198923654,49.720508046644646,0.8852531905848561,2
0.057498959456940384,50.28950599059612,0.8759730643849124,2
0.057498959456940384,50.28950599059612,0.8759730643849124,2
0.04918703450577194,50.82338574125202,0.8765957189988357,2
0.03536071561682176,51.48192207543684,0.8443140620786784,2
0.041441314396657526,52.52572362180237,0.8180248130380038,2
0.041441314396657526,52.52572362180237,0.8180248130380038,2
0.040471013120875046,52.759773782116206,0.8250395950749416,2
0.04512693592910298,52.11289643858652,0.8215894685013909,2
0.04512693592910298,52.11289643858652,0.8215894685013909,2
0.04512693592910298,52.11289643858652,0.8215894685013909,2
0.04512693592910298,52.11289643858652,0.8215894685013909,2
0.04335069663338928,52.25623584543239,0.8178952631767239,2
0.04335069663338928,52.25623584543239,0.8178952631767239,2
0.05407945223351811,51.89776698840326,0.8282800522336248,2
0.06343655348313658,51.4946541219355,0.8341834021690259,2
0.054016597215401065,51.012570625747195,0.8595701776877968,2
0.054016597215401065,51.012570625747195,0.8595701776877968,2
0.054016597215401065,51.012570625747195,0.8595701776877968,2
0.05324194770369185,50.78281351407464,0.88067050744228,2
0.057836369007703115,50.727268868448824,0.8652141774259818,2
0.057836369007703115,50.727268868448824,0.8652141774259818,2
0.057836369007703115,50.727268868448824,0.8652141774259818,2
0.057836369007703115,50.727268868448824,0.8652141774259818,2
0.045016448373476556,50.646901185686346,0.8660870005657284,2
0.06390815812225684,50.20213608560292,0.8717215425063962,2
0.06390815812225684,50.20213608560292,0.8717215425063962,2
0.07574489076034253,51.38597033664981,0.8540467536007691,2
0.07574489076034253,51.38597033664981,0.8540467536007691,2
0.08215647842834396,51.092344740014624,0.8569495383290724,2
0.07853268433304683,51.06230001266616,0.8583424616839921,2
0.06847204923540268,51.4040653698811,0.8440693726997792,2
0.08634816910227319,51.303690527894865,0.843305109005497,2
0.08634816910227319,51.303690527894865,0.843305109005497,2
0.08634816910227319,51.303690527894865,0.843305109005497,2
0.08634816910227319,51.303690527894865,0.843305109005497,2
0.07870284066815544,50.929229845410475,0.864145204958407,2
0.07051363640144098,50.59209782933997,0.8402879825541726,2
0.07568189798309784,50.333531688452474,0.8517011073702863,2
0.07687370801504384,50.42173467447052,0.8492694776470371,2
0.05963080569209778,50.212085179342694,0.8755066907461404,2
0.055884201086659015,50.23076588537778,0.8737474582301333,2
0.06659422035104476,50.562670653451896,0.8740260001596685,2
0.06659422035104476,50.562670653451896,0.8740260001596685,2
0.0645094943799746,50.30956176603052,0.8584614471174236,2
0.0645094943799746,50.30956176603052,0.8584614471174236,2
0.0645094943799746,50.30956176603052,0.8584614471174236,2
0.0645094943799746,50.30956176603052,0.8584614471174236,2
0.067392951804172,50.35154221826064,0.849322317071685,2
0.067392951804172,50.35154221826064,0.849322317071685,2
0.06264904665304542,49.864207084268486,0.8983819661362202,2
0.07482580838292292,49.91310735727974,0.884942973170678,2
0.07482580838292292,49.91310735727974,0.884942973170678,2
0.05782574121592458,50.09102286536413,0.8640319187012009,2
0.05782574121592458,50.09102286536413,0.8640319187012009,2
0.05782574121592458,50.09102286536413,0.8640319187012009,2
0.05782574121592458,50.09102286536413,0.8640319187012009,2
0.05782574121592458,50.09102286536413,0.8640319187012009,2
0.060391053364347545,49.8237955649985,0.8773858589004015,2
0.060418898939414184,49.62629325352243,0.8839031488335036,2
0.060418898939414184,49.62629325352243,0.8839031488335036,2
0.060418898939414184,49.62629325352243,0.8839031488335036,2
0.060418898939414184,49.62629325352243,0.8839031488335036,2
0.060418898939414184,49.62629325352243,0.8839031488335036,2
0.05991283561814337,50.34549180817969,0.8483454343679201,2
0.057911886095102755,50.808967479003385,0.8394078968550288,2
0.057911886095102755,50.808967479003385,0.8394078968550288,2
0.057911886095102755,50.808967479003385,0.8394078968550288,2
0.057911886095102755,50.808967479003385,0.8394078968550288,2
0.057911886095102755,50.808967479003385,0.8394078968550288,2
0.06589305792506762,50.95988990076299,0.8548492498699158,2
0.06862430429311864,51.15654128339377,0.8614974247360437,2
0.06862430429311864,51.15654128339377,0.8614974247360437,2
0.05677832433294075,51.15514821350878,0.8454692640687872,2
0.06395948674434604,50.15287015980785,0.8866558087402782,2
0.06395948674434604,50.15287015980785,0.8866558087402782,2
0.06395948674434604,50.15287015980785,0.8866558087402782,2
0.06395948674434604,50.15287015980785,0.8866558087402782,2
0.06395948674434604,50.15287015980785,0.8866558087402782,2
0.06504640102143355,50.2154366210954,0.8926859028046814,2
0.06264054003093504,49.70718182938795,0.8978333709139056,2
0.06264054003093504,49.70718182938795,0.8978333709139056,2
0.06264054003093504,49.70718182938795,0.8978333709139056,2
0.06264054003093504,49.70718182938795,0.8978333709139056,2
0.06264054003093504,49.70718182938795,0.8978333709139056,2
0.06264054003093504,49.70718182938795,0.8978333709139056,2
0.06264054003093504,49.70718182938795,0.8978333709139056,2
0.0709388197976493,49.92141386769728,0.8840846477240297,2
0.0709388197976493,49.92141386769728,0.8840846477240297,2
0.07696875931001254,50.131434727638414,0.8773256437598274,2
0.07696875931001254,50.131434727638414,0.8773256437598274,2
0.07696875931001254,50.131434727638414,0.8773256437598274,2
0.07696875931001254,50.131434727638414,0.8773256437598274,2
0.07696875931001254,50.131434727638414,0.8773256437598274,2
0.07696875931001254,50.131434727638414,0.8773256437598274,2
0.07696875931001254,50.131434727638414,0.8773256437598274,2
0.07401239778541957,49.760099688771554,0.8641615357202798,2
0.07743146916421755,50.005494746081155,0.8585760021819268,2
0.07743146916421755,50.005494746081155,0.8585760021819268,2
0.08668750778306414,51.06608366707022,0.828984481821028,2
0.06058090477132666,52.102381995727384,0.8366909130313592,2
0.06458702318426673,52.100308380447714,0.8479284856048838,2
0.06458702318426673,52.100308380447714,0.8479284856048838,2
0.06181986223479793,52.84372016401175,0.8424205870396182,2
0.0739217204680304,52.6866445904826,0.8286045082023711,2
0.06786430667783808,51.46159823844204,0.820496888090377,2
0.06824059874779904,50.95059015957688,0.8369250981508984,2
0.06824059874779904,50.95059015957688,0.8369250981508984,2
0.06710172818722775,52.09444126632294,0.8299722081160683,2
0.07139519248298766,51.65846148235723,0.8473816460071244,2
0.07305863017858275,51.087211263424514,0.8383135092497069,2
0.07305863017858275,51.087211263424514,0.8383135092497069,2
0.06487696078881212,51.2677357880682,0.8454151610488394,2
0.06487696078881212,51.2677357880682,0.8454151610488394,2
0.06487696078881212,51.2677357880682,0.8454151610488394,2
0.06487696078881212,51.2677357880682,0.8454151610488394,2
0.07073682732238373,51.32516753374978,0.844483020494787,2
0.06503104365760104,51.55383284004562,0.8151131041098229,2
0.061118184918736884,51.795708251806296,0.8405328746566559,2
0.067685174822006,51.12687861010905,0.8571276516820117,2
0.06235531232077909,50.933475705334175,0.8582449163682044,2
0.06235531232077909,50.933475705334175,0.8582449163682044,2
0.05105454604505903,51.12336762182569,0.8685355778827294,2
0.060483262610036254,51.29502174365251,0.8591096970876004,2
0.060483262610036254,51.29502174365251,0.8591096970876004,2
0.060483262610036254,51.29502174365251,0.8591096970876004,2
0.061436560991325384,51.25458062228867,0.8441483571404358,2
0.05326040548800594,50.891631582403434,0.8862766729092278,2
0.061808524201585696,51.304286115241474,0.8742644489907044,2
0.061808524201585696,51.304286115241474,0.8742644489907044,2
0.055345093732125344,51.325827139766496,0.8657246528980058,2
0.0538736563515979,51.21282112635893,0.8487626708538458,2
0.04313982803495299,51.306121632456936,0.8600180518979624,2
0.04313982803495299,51.306121632456936,0.8600180518979624,2
0.04313982803495299,51.306121632456936,0.8600180518979624,2
0.044138816244248674,51.10295902035617,0.8626599580274584,2
0.044138816244248674,51.10295902035617,0.8626599580274584,2
0.044138816244248674,51.10295902035617,0.8626599580274584,2
0.044138816244248674,51.10295902035617,0.8626599580274584,2
0.044138816244248674,51.10295902035617,0.8626599580274584,2
0.044138816244248674,51.10295902035617,0.8626599580274584,2
0.05885534444724998,50.69487652438288,0.8738068386074817,2
0.05885534444724998,50.69487652438288,0.8738068386074817,2
0.05885534444724998,50.69487652438288,0.8738068386074817,2
0.06296002925371424,50.25392199773995,0.8642433139722879,2
0.06296002925371424,50.25392199773995,0.8642433139722879,2
0.06296002925371424,50.25392199773995,0.8642433139722879,2
0.055557029716048895,50.44794752779326,0.8695619849280807,2
0.05032224895167104,50.35065246726609,0.8822667761083283,2
0.05032224895167104,50.35065246726609,0.8822667761083283,2
0.04399749825370358,51.44150313200816,0.8512099775438146,2
0.04399749825370358,51.44150313200816,0.8512099775438146,2
0.046783378471379984,50.98950730332722,0.8759320956716113,2
0.046783378471379984,50.98950730332722,0.8759320956716113,2
0.05272645171989715,50.89583807479692,0.8540765052508268,2
0.05272645171989715,50.89583807479692,0.8540765052508268,2
0.06316240869574036,51.22795902576499,0.8568224465789573,2
0.06316240869574036,51.22795902576499,0.8568224465789573,2
0.061587321299227824,51.52581981736351,0.8272149241011424,2
0.06383584429265954,51.85991185835845,0.8150689350512508,2
0.05947763797359418,51.33114447365777,0.8214919878972358,2
0.05698656560676575,51.556261141508415,0.8369529116992263,2
0.05698656560676575,51.556261141508415,0.8369529116992263,2
0.056132962869007215,51.84391877391219,0.8503226694647668,2
0.056132962869007215,51.84391877391219,0.8503226694647668,2
0.07035738273995315,51.393589691377855,0.8627608614370098,2
0.055274013007155565,51.824458256715744,0.836335672729924,2
0.040061602961845987,51.702301922510394,0.830436479730659,2
0.040061602961845987,51.702301922510394,0.830436479730659,2
0.040061602961845987,51.702301922510394,0.830436479730659,2
0.04072458588734693,51.751558105490496,0.8512256817505093,2
0.034654385330811555,51.40269978526839,0.8329612078850327,2
0.034654385330811555,51.40269978526839,0.8329612078850327,2
0.03586548940671625,51.681643496100726,0.8473924695469991,2
0.038386885355296746,52.363120569320415,0.8471904946113531,2
0.053253964613384865,52.574473898119244,0.8538434824330711,2
0.05183044780821182,51.87511913268584,0.8749872623551489,2
0.059765265374052065,51.37381895664226,0.852892621983789,2
0.059765265374052065,51.37381895664226,0.852892621983789,2
0.059765265374052065,51.37381895664226,0.852892621983789,2
0.058833352563532774,51.66420468406318,0.8408957384791902,2
0.058921125033155726,51.636794096443374,0.8316532432790803,2
0.058921125033155726,51.636794096443374,0.8316532432790803,2
0.058921125033155726,51.636794096443374,0.8316532432790803,2
0.050343695708285466,51.98142430421761,0.8326439172323985,2
0.050343695708285466,51.98142430421761,0.8326439172323985,2
0.03912228587503304,51.26596970765997,0.849360421934856,2
0.05190790663074783,51.239742026113724,0.8642774616523289,2
0.05190790663074783,51.239742026113724,0.8642774616523289,2
0.05169120272227107,50.839299199050785,0.8464885240386136,2
0.05169120272227107,50.839299199050785,0.8464885240386136,2
0.04294464058341754,50.398784910225544,0.8551000391353833,2
0.04728704537630501,50.65902858899526,0.864445614988083,2
0.04728704537630501,50.65902858899526,0.864445614988083,2
0.05790691974460681,50.18759792635422,0.8710160102037784,2
0.07206339383632515,50.102906500442344,0.8714411126965701,2
0.0680826993115354,50.514004120712,0.8736515845376592,2
0.052637485048720095,50.91546334306632,0.862377822559326,2
0.052637485048720095,50.91546334306632,0.862377822559326,2
0.04488505975686913,51.39450187824418,0.8658366299129208,2
0.04075476019435704,50.77578237646211,0.8700952496252661,2
0.04075476019435704,50.77578237646211,0.8700952496252661,2
0.037994787521621574,50.44704664582695,0.8681038195126236,2
0.037994787521621574,50.44704664582695,0.8681038195126236,2
0.05559322165509607,50.28257306602144,0.8582493629391318,2
0.06022343055840479,49.56980344371213,0.88399230511727,2
0.04789839580791998,50.1720408244164,0.8558101089625737,2
0.04706531309951796,50.329324770253756,0.8577307391972296,2
0.04706531309951796,50.329324770253756,0.8577307391972296,2
0.04706531309951796,50.329324770253756,0.8577307391972296,2
0.04907314672306157,51.12841899561883,0.8352325790133405,2
0.044745836886568066,51.56980188060208,0.8266507184186425,2
0.03521682586153302,51.181544722727935,0.8275436878391411,2
0.03521682586153302,51.181544722727935,0.8275436878391411,2
0.03255918823187603,51.02453288164504,0.8389126649781609,2
0.021941107678816123,50.176254419193334,0.8619764248801688,2
0.03929186749052013,51.02906012883166,0.8540675341961195,2
0.03929186749052013,51.02906012883166,0.8540675341961195,2
0.03929186749052013,51.02906012883166,0.8540675341961195,2
0.03929186749052013,51.02906012883166,0.8540675341961195,2
0.04928890609069084,50.71656320327334,0.8714998532611478,2
0.04095737273156316,51.33010958048717,0.8603855323215224,2
0.04095737273156316,51.33010958048717,0.8603855323215224,2
0.04642773322117956,51.535827719968154,0.8457643348658285,2
0.04642773322117956,51.535827719968154,0.8457643348658285,2
0.04642773322117956,51.535827719968154,0.8457643348658285,2
0.04642773322117956,51.535827719968154,0.8457643348658285,2
0.04434771528957716,51.24427257053036,0.8440134317412167,2
0.050138130855533654,51.68661612586427,0.8039712534080841,2
0.05695662660106242,52.445398424179295,0.8357119322217029,2
0.05695662660106242,52.445398424179295,0.8357119322217029,2
0.05695662660106242,52.445398424179295,0.8357119322217029,2
0.05695662660106242,52.445398424179295,0.8357119322217029,2
0.052745004602007484,51.956072611215696,0.8426261421181647,2
0.052745004602007484,51.956072611215696,0.8426261421181647,2
0.052745004602007484,51.956072611215696,0.8426261421181647,2
0.04768672222620382,51.75205426194709,0.8496837521423541,2
0.05575450073172045,51.764340975228755,0.8387906897285095,2
0.07239282724359206,51.85577730924806,0.8618697359384367,2
0.071926522983092,50.83099554532685,0.8422313044966794,2
0.071926522983092,50.83099554532685,0.8422313044966794,2
0.071926522983092,50.83099554532685,0.8422313044966794,2
0.09376458771054039,51.318244026018675,0.8255513395228142,2
0.09376458771054039,51.318244026018675,0.8255513395228142,2
0.09423145898995615,51.33495110364814,0.8469899233224569,2
0.08389330591866634,51.71704400860068,0.8493803728618176,2
0.08389330591866634,51.71704400860068,0.8493803728618176,2
0.08389330591866634,51.71704400860068,0.8493803728618176,2
0.08389330591866634,51.71704400860068,0.8493803728618176,2
0.09115301998049143,51.27265825138898,0.8324644645775838,2
0.0885641197322537,51.06283299294452,0.8881805800283473,2
0.09657147574278804,51.14353982235469,0.8789070820055794,2
0.11457770208723526,50.51176623741771,0.8752749036535806,2
0.13639028955596277,50.30029978205839,0.8710384527210165,2
0.12862218133582623,50.6844801531081,0.8625480900683037,2
0.12862218133582623,50.6844801531081,0.8625480900683037,2
0.12862218133582623,50.6844801531081,0.8625480900683037,2
0.130164130497015,50.995658411850016,0.8588649810327011,2
0.13165094656162518,51.48390127298258,0.8414328245104711,2
0.12259254522574088,51.70285494366888,0.824022560171095,2
0.11540102944582455,52.34025604969442,0.8151337251259712,2
0.11540102944582455,52.34025604969442,0.8151337251259712,2
0.11540102944582455,52.34025604969442,0.8151337251259712,2
0.11540102944582455,52.34025604969442,0.8151337251259712,2
0.10617237629049231,51.95457993987244,0.819609716044652,2
0.10617237629049231,51.95457993987244,0.819609716044652,2
0.10617237629049231,51.95457993987244,0.819609716044652,2
0.10617237629049231,51.95457993987244,0.819609716044652,2
0.10617237629049231,51.95457993987244,0.819609716044652,2
0.10617237629049231,51.95457993987244,0.819609716044652,2
0.11035420463134255,53.08933186355905,0.8286600208863721,2
0.11035420463134255,53.08933186355905,0.8286600208863721,2
0.09260979458354118,52.77959402107629,0.8289388296168249,2
0.09260979458354118,52.77959402107629,0.8289388296168249,2
0.08790053911867875,52.488026310028296,0.8564641942735683,2
0.08790053911867875,52.488026310028296,0.8564641942735683,2
0.08538328016114945,51.92415596801135,0.8771967143219633,2
0.08538328016114945,51.92415596801135,0.8771967143219633,2
0.08538328016114945,51.92415596801135,0.8771967143219633,2
0.08532298391766226,51.98310892880931,0.8675981451561054,2
0.08532298391766226,51.98310892880931,0.8675981451561054,2
0.06820117041312039,50.94824052646594,0.8311946063763369,2
0.06820117041312039,50.94824052646594,0.8311946063763369,2
0.06820117041312039,50.94824052646594,0.8311946063763369,2
0.06357330405337323,51.07847664465771,0.8274464876615901,2
0.06357330405337323,51.07847664465771,0.8274464876615901,2
0.07545776409942324,51.58434744192597,0.8139449017958138,2
0.07545776409942324,51.58434744192597,0.8139449017958138,2
0.0846370896446183,51.541294279086145,0.8238423140915675,2
0.07821383207707461,51.87631445902069,0.8256974488946118,2
0.07821383207707461,51.87631445902069,0.8256974488946118,2
0.0810422355273655,51.92146679790497,0.7961884956608666,2
0.08407956510522518,52.4311308830886,0.8064568864457944,2
0.07452572093862202,52.30995742184881,0.835735122648241,2
0.07452572093862202,52.30995742184881,0.835735122648241,2
0.07452572093862202,52.30995742184881,0.835735122648241,2
0.06804714159037561,51.74131370935193,0.8441159851449124,2
0.06597746549958922,51.51376872380544,0.8491059446887221,2
0.06597746549958922,51.51376872380544,0.8491059446887221,2
0.06189921398989455,50.83207964596454,0.8522851281306574,2
0.06189921398989455,50.83207964596454,0.8522851281306574,2
0.051839928760460986,51.22153395071407,0.860990007519745,2
0.061635784687359536,51.34723702374823,0.8425837301504174,2
0.06362248130175409,51.23966517126652,0.8408957077304848,2
0.06362248130175409,51.23966517126652,0.8408957077304848,2
0.07726911167926702,51.13574670750353,0.8453799378582024,2
0.05713854057080697,51.111419822623205,0.8590002411793507,2
0.05713854057080697,51.111419822623205,0.8590002411793507,2
0.05713854057080697,51.111419822623205,0.8590002411793507,2
0.054891273269853616,51.00836270073641,0.8736407170038772,2
0.054891273269853616,51.00836270073641,0.8736407170038772,2
0.053133702440654504,50.6486114310596,0.8550123045422641,2
0.053133702440654504,50.6486114310596,0.8550123045422641,2
0.05308924413763552,50.5712292601637,0.8528059630023702,2
0.052772972368784435,50.31201161621111,0.8681994779489466,2
0.062051511853490976,50.33881715124447,0.8706734397538571,2
0.05690770433306983,50.311615487472615,0.8699011819141018,2
0.05690770433306983,50.311615487472615,0.8699011819141018,2
0.06234137192930758,50.19199197302619,0.8815989305405841,2
0.06234137192930758,50.19199197302619,0.8815989305405841,2
0.06234137192930758,50.19199197302619,0.8815989305405841,2
0.07824274140493273,50.414265718882184,0.8795525965750592,2
0.0695402363474854,51.349135311776884,0.8600051951005767,2
0.06767364665291192,51.76327672140275,0.853279779849562,2
0.06800702675597443,51.15443966808717,0.8492745400528003,2
0.06800702675597443,51.15443966808717,0.8492745400528003,2
0.07425333772996519,51.16273926480871,0.8355504417584457,2
0.07178245157517175,51.02058452377092,0.844838097093938,2
0.06979968362095536,50.53359410750677,0.860863366325024,2
0.06979968362095536,50.53359410750677,0.860863366325024,2
0.06979968362095536,50.53359410750677,0.860863366325024,2
0.06979968362095536,50.53359410750677,0.860863366325024,2
0.08972691691677456,50.53558322318588,0.8629021559022937,2
0.07901107727643648,50.77092994061675,0.8519615134920373,2
0.07504716364442705,50.340726451113945,0.8383969331880611,2
0.08478265433169446,50.44141969542776,0.8330468681164085,2
0.07134298367933177,50.6270406038883,0.8485897828887464,2
0.06605504318306957,50.27541356533741,0.8868405330631624,2
0.06605504318306957,50.27541356533741,0.8868405330631624,2
0.07429760288128592,50.86674784056664,0.8786536942896285,2
0.09239880388901012,51.233850921395,0.8824227596996268,2
0.09239880388901012,51.233850921395,0.8824227596996268,2
0.09239880388901012,51.233850921395,0.8824227596996268,2
0.09154953856450766,50.90898034070584,0.8623231217083953,2
0.09154953856450766,50.90898034070584,0.8623231217083953,2
0.09154953856450766,50.90898034070584,0.8623231217083953,2
0.09154953856450766,50.90898034070584,0.8623231217083953,2
0.10152693402260243,51.26596708269796,0.8658793977487135,2
0.0981501581907226,51.38708027366193,0.8674134068871907,2
0.1109776631683621,51.625336824647626,0.8446780816489684,2
0.11559940019285649,51.43383763708847,0.8234486810366658,2
0.11559940019285649,51.43383763708847,0.8234486810366658,2
0.12078323454669938,51.820131080449364,0.8155720621353255,2
0.1175845742672358,51.18769983939995,0.8173908964511704,2
0.1175845742672358,51.18769983939995,0.8173908964511704,2
0.11155135659720551,51.34709902226268,0.8252260803233473,2
0.11155135659720551,51.34709902226268,0.8252260803233473,2
0.11155135659720551,51.34709902226268,0.8252260803233473,2
0.11155135659720551,51.34709902226268,0.8252260803233473,2
0.10501595616483163,50.934495219579325,0.8272170677993244,2
0.11395448166916672,51.02784102016156,0.8284377521889621,2
0.10734739564896131,51.51132988024301,0.8304188366375209,2
0.10734739564896131,51.51132988024301,0.8304188366375209,2
0.10734739564896131,51.51132988024301,0.8304188366375209,2
0.10734739564896131,51.51132988024301,0.8304188366375209,2
0.10093551740611877,51.85069468867574,0.8347778612229476,2
0.10093551740611877,51.85069468867574,0.8347778612229476,2
0.12623472410619865,51.34058158981787,0.8219654057094424,2
0.12623472410619865,51.34058158981787,0.8219654057094424,2
0.12348757462154054,51.58554295380868,0.8317838686997892,2
0.1369345627946768,50.70625195154298,0.840519628643268,2
0.1369345627946768,50.70625195154298,0.840519628643268,2
0.13490363103979697,50.329106517376125,0.8541282504018503,2
0.13490363103979697,50.329106517376125,0.8541282504018503,2
0.13490363103979697,50.329106517376125,0.8541282504018503,2
0.13279108185336394,50.32334572414825,0.8459697056415358,2
0.1524059953074578,50.637289214333585,0.8650849497904771,2
0.1454283145084078,50.00379920894517,0.8644153214542254,2
0.13697231308469393,50.50627832195364,0.8570470686736181,2
0.13697231308469393,50.50627832195364,0.8570470686736181,2
0.13562071698341813,50.71693003092547,0.8689898669941688,2
0.14840616841879534,50.521279122579266,0.8592063882796558,2
0.14840616841879534,50.521279122579266,0.8592063882796558,2
0.14840616841879534,50.521279122579266,0.8592063882796558,2
0.13655030431503465,50.41870798429811,0.8558924417244574,2
0.13655030431503465,50.41870798429811,0.8558924417244574,2
0.13655030431503465,50.41870798429811,0.8558924417244574,2
0.13655030431503465,50.41870798429811,0.8558924417244574,2
0.13655030431503465,50.41870798429811,0.8558924417244574,2
0.14235067972575283,50.359303682754955,0.871399573537135,2
0.14235067972575283,50.359303682754955,0.871399573537135,2
0.14235067972575283,50.359303682754955,0.871399573537135,2
0.14506714910199853,49.407578750286824,0.8874053232993747,2
0.14506714910199853,49.407578750286824,0.8874053232993747,2
0.14953093616764088,49.94900445828609,0.8667799693268187,2
0.13999019477261768,49.79762484822934,0.8748474863767449,2
0.13963256234320032,49.96300114367569,0.8782698424992581,2
0.13963256234320032,49.96300114367569,0.8782698424992581,2
0.13963256234320032,49.96300114367569,0.8782698424992581,2
0.13728856655916302,50.19636616466145,0.8400991153145647,2
0.13728856655916302,50.19636616466145,0.8400991153145647,2
0.13835593130004473,50.04077663604918,0.8472448700402846,2
0.13835593130004473,50.04077663604918,0.8472448700402846,2
0.13835593130004473,50.04077663604918,0.8472448700402846,2
0.13835593130004473,50.04077663604918,0.8472448700402846,2
0.13835593130004473,50.04077663604918,0.8472448700402846,2
0.13938401715106094,51.0700003264744,0.8275694342062232,2
0.15740184411974245,49.95941856873564,0.842547204093361,2
0.150701295036873,50.23590719700857,0.8482337245540519,2
0.150701295036873,50.23590719700857,0.8482337245540519,2
0.15201876849554305,50.54694528800299,0.8612593884210418,2
0.15201876849554305,50.54694528800299,0.8612593884210418,2
0.15201876849554305,50.54694528800299,0.8612593884210418,2
0.15201876849554305,50.54694528800299,0.8612593884210418,2
0.15201876849554305,50.54694528800299,0.8612593884210418,2
0.15581654420120697,51.004843193164795,0.8458374799780747,2
0.14460635075085224,51.52840281956589,0.8647192250152785,2
0.15075170232715743,51.797695159247716,0.8519423702617293,2
0.15075170232715743,51.797695159247716,0.8519423702617293,2
0.14524343205882925,52.134174071821064,0.8243656604131382,2
0.14524343205882925,52.134174071821064,0.8243656604131382,2
0.14524343205882925,52.134174071821064,0.8243656604131382,2
0.14453091861707684,51.456831355820036,0.8209735728571973,2
0.14199085002368184,51.528193915367105,0.8244608102858831,2
0.14199085002368184,51.528193915367105,0.8244608102858831,2
0.14199085002368184,51.528193915367105,0.8244608102858831,2
0.14199085002368184,51.528193915367105,0.8244608102858831,2
0.14199085002368184,51.528193915367105,0.8244608102858831,2
0.14199085002368184,51.528193915367105,0.8244608102858831,2
0.15911174624402452,51.30563298056226,0.8311765915693621,2
0.17468901639399279,51.17240106834082,0.8156330648517128,2
0.17468901639399279,51.17240106834082,0.8156330648517128,2
0.17468901639399279,51.17240106834082,0.8156330648517128,2
0.17468901639399279,51.17240106834082,0.8156330648517128,2
0.1641896656524462,51.18003112645323,0.814508719814113,2
0.1559111412228753,51.27960637801058,0.8434633605666699,2
0.15293593498459457,51.25420277695509,0.8421543365322939,2
0.15293593498459457,51.25420277695509,0.8421543365322939,2
0.15293593498459457,51.25420277695509,0.8421543365322939,2
0.15511540042774932,50.82261494982271,0.8547147197849293,2
0.1496316245256543,51.19950098438956,0.8405706947569325,2
0.15654794933506652,51.44354601429639,0.8410077487355596,2
0.15654794933506652,51.44354601429639,0.8410077487355596,2
0.1545436250103832,50.886898841058226,0.836320209531172,2
0.1545436250103832,50.886898841058226,0.836320209531172,2
0.1698248546638299,50.97723251822332,0.8502390622233214,2
0.1822267336340155,51.17955109655972,0.8203071708214116,2
0.1822267336340155,51.17955109655972,0.8203071708214116,2
0.17261706698024415,51.081585691929604,0.8288229052097228,2
0.17288896551282337,50.57078870379511,0.8442965576643636,2
0.16400135660044488,50.816621656243164,0.8592236224661188,2
0.16400135660044488,50.816621656243164,0.8592236224661188,2
0.1740343644683517,50.801268164240874,0.8325015072819769,2
0.1740343644683517,50.801268164240874,0.8325015072819769,2
0.18279593845689296,51.21516270500378,0.8174166859168539,2
0.17770592701626756,51.25616580754136,0.848205892621769,2
0.17791804271048214,50.619097189234566,0.8372383014357048,2
0.18518612532973608,50.8008515457179,0.8289408135581521,2
0.21144166870724937,50.42105891987035,0.838710816129762,2
0.21144166870724937,50.42105891987035,0.838710816129762,2
0.21144166870724937,50.42105891987035,0.838710816129762,2
0.21144166870724937,50.42105891987035,0.838710816129762,2
0.21144166870724937,50.42105891987035,0.838710816129762,2
0.22635343711220893,49.80176601770141,0.8565416861720851,2
0.22756531709916683,50.626041681742414,0.8584870425213824,2
0.22756531709916683,50.626041681742414,0.8584870425213824,2
0.21327735653012825,50.624257941355175,0.8432630199728904,2
0.21327735653012825,50.624257941355175,0.8432630199728904,2
0.21674368031511898,50.76356017898219,0.8312120952844659,2
0.21674368031511898,50.76356017898219,0.8312120952844659,2
0.208447939742692,50.152443746587835,0.8542714310170458,2
0.2111109077124888,50.03374777096183,0.8659715455023258,2
0.21251158115944663,50.31464491666049,0.8785341148445798,2
0.1966359855588102,50.50452620051606,0.868638312504343,2
0.1966359855588102,50.50452620051606,0.868638312504343,2
0.19387328966929382,50.14366455194139,0.8645950946065215,2
0.1865901910447139,50.63301040866935,0.8596596407479435,2
0.2010807561873658,50.284440547803,0.8776202131346543,2
0.190638962521693,50.09914710705094,0.873324561366893,2
0.18245990818184432,50.409031951499784,0.852474958746328,2
0.19572800422158343,50.26168397948598,0.8379182296134211,2
0.19572800422158343,50.26168397948598,0.8379182296134211,2
0.19572800422158343,50.26168397948598,0.8379182296134211,2
0.18523017000345246,50.211487640000264,0.8526280395605457,2
0.18523017000345246,50.211487640000264,0.8526280395605457,2
0.17892690003903308,50.86804818104412,0.854742966920826,2
0.17892690003903308,50.86804818104412,0.854742966920826,2
0.17892690003903308,50.86804818104412,0.854742966920826,2
0.18027925252761176,50.91301321422909,0.8339535331054848,2
0.18027925252761176,50.91301321422909,0.8339535331054848,2
0.18027925252761176,50.91301321422909,0.8339535331054848,2
0.18027925252761176,50.91301321422909,0.8339535331054848,2
0.18027925252761176,50.91301321422909,0.8339535331054848,2
0.18027925252761176,50.91301321422909,0.8339535331054848,2
0.18027925252761176,50.91301321422909,0.8339535331054848,2
0.17000802602524645,51.538302742244966,0.8195980380638875,2
0.16250105967750553,51.27599651545357,0.8419096228905687,2
0.15841047184251209,51.60618943101945,0.8162562158786038,2
0.1673580476354547,52.52587932846371,0.8153652900392733,2
0.16802446527710216,52.78893845833979,0.7980211966201836,2
0.15221985144727176,51.79356508362255,0.7862524030803064,2
0.14814450831607726,52.126855035135215,0.8206068626539016,2
0.14423619731701964,51.86276587068251,0.8165942406761588,2
0.14005502083795895,51.271096670298824,0.825194033944118,2
0.1449330320706919,51.08366738737639,0.8311188279105625,2
0.1449330320706919,51.08366738737639,0.8311188279105625,2
0.1433716852526934,51.029803277053624,0.8332147143791196,2
0.1281408374235618,50.2389373589978,0.8557863436417196,2
0.12357109243359003,50.645591308205425,0.8583487175640283,2
0.13910694736881793,50.35455639250596,0.8677049614200094,2
0.13912434193666037,49.77311545307026,0.862025258680101,2
0.14131593824577482,50.41483660578851,0.8462417028891439,2
0.12375128299059536,51.0797025727144,0.8447123975143035,2
0.12375128299059536,51.0797025727144,0.8447123975143035,2
0.12375128299059536,51.0797025727144,0.8447123975143035,2
0.12375128299059536,51.0797025727144,0.8447123975143035,2
0.12375128299059536,51.0797025727144,0.8447123975143035,2
0.12375128299059536,51.0797025727144,0.8447123975143035,2
0.12951258206856064,50.099068792219526,0.8868809769039593,2
0.12951258206856064,50.099068792219526,0.8868809769039593,2
0.1266297762264591,50.87685288292914,0.8587568281482603,2
0.11058604248276238,50.74992375032386,0.8559781716429568,2
0.12290486312431735,50.18045242973799,0.8698071522024966,2
0.12290486312431735,50.18045242973799,0.8698071522024966,2
0.12290486312431735,50.18045242973799,0.8698071522024966,2
0.12290486312431735,50.18045242973799,0.8698071522024966,2
0.12084696966276852,50.17256914074937,0.8609770800331412,2
0.12084696966276852,50.17256914074937,0.8609770800331412,2
0.12084696966276852,50.17256914074937,0.8609770800331412,2
0.1302002852212877,49.55112814677621,0.8754021387664499,2
0.1378753162080857,49.85169127074118,0.8556946946324975,2
0.1499833963229023,49.922190137377825,0.8848811466800564,2
0.15021377109529588,49.829654674641155,0.8679379481067909,2
0.15870274957187683,50.57165459817166,0.8890272638436507,2
0.1598652321678187,50.204710009006654,0.8972200825277611,2
0.1745502265218986,50.15760445511273,0.8986654392443948,2
0.1745502265218986,50.15760445511273,0.8986654392443948,2
0.17625336312508708,50.535233894372524,0.8758725905753598,2
0.17625336312508708,50.535233894372524,0.8758725905753598,2
0.17625336312508708,50.535233894372524,0.8758725905753598,2
0.15800939027287927,50.38192206046145,0.8727304963620051,2
0.14573088846202953,50.283681734266125,0.8510234237332812,2
0.12837747716994868,51.090482191865476,0.8575258209815017,2
0.12810818970791107,51.28271150592946,0.8487048146163341,2
0.12810818970791107,51.28271150592946,0.8487048146163341,2
0.12810818970791107,51.28271150592946,0.8487048146163341,2
0.14512969930981276,51.352951157931585,0.8369246153740227,2
0.14512969930981276,51.352951157931585,0.8369246153740227,2
0.1411687672929349,51.52184443711244,0.8421531177706834,2
0.12824036451017978,51.38581067755873,0.823012895857315,2
0.12824036451017978,51.38581067755873,0.823012895857315,2
0.12824036451017978,51.38581067755873,0.823012895857315,2
0.12293182732504411,51.075059585746054,0.8608168347797174,2
0.12293182732504411,51.075059585746054,0.8608168347797174,2
0.1240682970449269,51.100655277901915,0.8745362640957738,2
0.12455450625638152,50.83548274506997,0.8824599222314939,2
0.11704662229095078,51.05289275751695,0.8636479795332948,2
0.11704662229095078,51.05289275751695,0.8636479795332948,2
0.11577084554312003,50.65891122608348,0.8701681056069833,2
0.11577084554312003,50.65891122608348,0.8701681056069833,2
0.1174819810813885,50.717544648998896,0.8604253898956522,2
0.10358605697413104,51.36901526607082,0.8555470402067253,2
0.10358605697413104,51.36901526607082,0.8555470402067253,2
0.11558365243179033,51.31553766720003,0.8291311007498305,2
0.12907434141334878,51.33430395251633,0.8296198138767215,2
0.12907434141334878,51.33430395251633,0.8296198138767215,2
0.12907434141334878,51.33430395251633,0.8296198138767215,2
0.11887092803776096,51.294710981955426,0.8418749299351334,2
0.11887092803776096,51.294710981955426,0.8418749299351334,2
0.11537740044324768,51.474886239389555,0.8191898902990228,2
0.12296169932574617,51.47009025418682,0.8610165418291726,2
0.12296169932574617,51.47009025418682,0.8610165418291726,2
0.12296169932574617,51.47009025418682,0.8610165418291726,2
0.11880972908368162,51.645902424111505,0.8439652195537392,2
0.12814555196458427,51.88698329668523,0.8410525152456443,2
0.12814555196458427,51.88698329668523,0.8410525152456443,2
0.13255502978953582,51.84665567288726,0.843453196049413,2
0.12371477020521263,51.88551856824141,0.8481094335408682,2
0.12371477020521263,51.88551856824141,0.8481094335408682,2
0.12371477020521263,51.88551856824141,0.8481094335408682,2
0.12371477020521263,51.88551856824141,0.8481094335408682,2
0.12371477020521263,51.88551856824141,0.8481094335408682,2
0.12138320731803606,51.70195022484171,0.8371917872385347,2
0.12138320731803606,51.70195022484171,0.8371917872385347,2
0.1250456842058011,51.60827889352784,0.8446527627688359,2
0.11502670234281571,51.1947094005501,0.8636783261147026,2
0.09861068805135394,50.992743893937295,0.8626224322747259,2
0.09861068805135394,50.992743893937295,0.8626224322747259,2
0.09450704967765748,51.44874372228623,0.8427279835971372,2
0.09450704967765748,51.44874372228623,0.8427279835971372,2
0.10560270075940902,50.92310191317142,0.8258395636576339,2
0.10560270075940902,50.92310191317142,0.8258395636576339,2
0.10173388852059491,50.75339670743535,0.8364229720603995,2
0.10173388852059491,50.75339670743535,0.8364229720603995,2
0.11011271116976672,51.46284320181694,0.8286884008235884,2
0.11011271116976672,51.46284320181694,0.8286884008235884,2
0.10840762723039739,51.57341778649986,0.8153933373312885,2
0.10840762723039739,51.57341778649986,0.8153933373312885,2
0.10472033234272841,51.478852871168776,0.8195559121492692,2
0.10472033234272841,51.478852871168776,0.8195559121492692,2
0.09988819734721388,52.263407921126685,0.8380511339875085,2
0.08668324143142685,52.92274453226956,0.8495955327982074,2
0.10405438521487868,53.037956868907195,0.8293639901121216,2
0.10405438521487868,53.037956868907195,0.8293639901121216,2
0.10373308771363292,52.65188886948501,0.844793315894156,2
0.09163669081066961,52.423992461943634,0.8611395876543195,2
0.09163669081066961,52.423992461943634,0.8611395876543195,2
0.09277918517787567,52.95212962732215,0.8421761099567265,2
0.10517988634061197,53.07031082625529,0.8354560019876065,2
0.09421476684160038,53.277268535026025,0.8248630399451571,2
0.09421476684160038,53.277268535026025,0.8248630399451571,2
0.10366581524186001,52.860573083535975,0.8308540394753156,2
0.09761026481193803,52.70899618387806,0.8208681352445361,2
0.09761026481193803,52.70899618387806,0.8208681352445361,2
0.10643722219848457,52.700849179769776,0.8046638618972697,2
0.10056777601202142,52.84042184632179,0.8101080220218214,2
0.10719229405717606,51.98863901376387,0.8367547536653113,2
0.10719229405717606,51.98863901376387,0.8367547536653113,2
0.10719229405717606,51.98863901376387,0.8367547536653113,2
0.1020933122078886,52.06478153642851,0.8351500902207969,2
0.08294416221502496,51.852704612258606,0.8329684546666927,2
0.08493970346247418,51.83825256237625,0.861163113840793,2
0.07249774390953914,52.15244190766245,0.8208763552511443,2
0.058816768468165664,51.56991400382411,0.8316952148287703,2
0.05521960384526904,51.40062156803219,0.8369266818146602,2
0.06174492791708784,50.988970198210026,0.8487587949374755,2
0.06055207604428058,51.039044948120036,0.8544809773016053,2
0.06055207604428058,51.039044948120036,0.8544809773016053,2
0.06055207604428058,51.039044948120036,0.8544809773016053,2
0.06055207604428058,51.039044948120036,0.8544809773016053,2
0.06945207912996597,50.774182976820455,0.8419594261186497,2
0.06945207912996597,50.774182976820455,0.8419594261186497,2
0.07713073861341475,50.82723139695782,0.8410675622067021,2
0.07833757041617366,51.49584352584332,0.861997894701651,2
0.08952126940796781,50.64300348459798,0.8357586629199594,2
0.0801622103830768,50.505690515754374,0.8264596416921529,2
0.0801622103830768,50.505690515754374,0.8264596416921529,2
0.0801622103830768,50.505690515754374,0.8264596416921529,2
0.07495214752667255,51.34309871796628,0.8133935032930131,2
0.07495214752667255,51.34309871796628,0.8133935032930131,2
0.08049419174513268,52.20545190654098,0.7990053065432995,2
0.08049419174513268,52.20545190654098,0.7990053065432995,2
0.08049419174513268,52.20545190654098,0.7990053065432995,2
0.09550918980755817,52.12915577283145,0.8548113034474343,2
0.09578479384882319,51.915702238620796,0.84985155390456,2
0.09685605352457602,51.34662997851086,0.8720427293691124,2
0.09685605352457602,51.34662997851086,0.8720427293691124,2
0.08904619867533829,51.291984663052226,0.8536146257625632,2
0.08904619867533829,51.291984663052226,0.8536146257625632,2
0.08904619867533829,51.291984663052226,0.8536146257625632,2
0.08085695952348512,50.85595249742266,0.8406625376186105,2
0.08085695952348512,50.85595249742266,0.8406625376186105,2
0.06412755620863864,49.92641446602434,0.8756355637846656,2
0.08066251093685822,49.920946073928434,0.8671261561296718,2
0.07710615933295163,50.15568796561184,0.880226558128318,2
0.07710615933295163,50.15568796561184,0.880226558128318,2
0.07553672625125574,49.973970205891035,0.8857242413575612,2
0.07553672625125574,49.973970205891035,0.8857242413575612,2
0.06592076694868776,50.07443794093699,0.8820388942387707,2
0.07361977010633147,50.50688403703565,0.8529525948851197,2
0.07361977010633147,50.50688403703565,0.8529525948851197,2
0.062299272375497386,49.52669572660397,0.8855169783758661,2
0.05799867494681676,49.70328868924113,0.9101463513403976,2
0.060263155407542235,50.65524743368111,0.8986189360689212,2
0.05805890417107881,49.85256601121709,0.8836195357057807,2
0.05805890417107881,49.85256601121709,0.8836195357057807,2
0.05805890417107881,49.85256601121709,0.8836195357057807,2
0.05805890417107881,49.85256601121709,0.8836195357057807,2
0.04067832103268067,50.143306272197464,0.8973995863346718,2
0.03776329323124798,50.071845560340684,0.8973111499989816,2
0.04156695389557305,49.820288973965404,0.8891558143894305,2
0.03216912274079024,50.090902451592655,0.8908344979984986,2
0.03216912274079024,50.090902451592655,0.8908344979984986,2
0.03216912274079024,50.090902451592655,0.8908344979984986,2
0.03216912274079024,50.090902451592655,0.8908344979984986,2
0.050497087151732664,49.80182054391312,0.8968595884056834,2
0.058978804647394044,49.71516705575483,0.8891417310862169,2
0.0522031932601298,50.37204383724473,0.8868086361267011,2
0.05994529142844305,50.219535695598616,0.8585105523312552,2
0.07311114621552522,50.30034386999505,0.9033704717090024,2
0.08336245604509784,50.352897959909,0.9041445886772794,2
0.08873013180239442,50.09341741129127,0.8991021379526808,2
0.08873013180239442,50.09341741129127,0.8991021379526808,2
0.08873013180239442,50.09341741129127,0.8991021379526808,2
0.08873013180239442,50.09341741129127,0.8991021379526808,2
0.07862787547806353,49.67835543838286,0.9079231052747347,2
0.07987692176983703,50.007821961116214,0.9059227365153506,2
0.056648096135239676,49.83103266696088,0.9091676667539645,2
0.056648096135239676,49.83103266696088,0.9091676667539645,2
0.056648096135239676,49.83103266696088,0.9091676667539645,2
0.06589793004273582,50.39483221045239,0.8984076225852627,2
0.06589793004273582,50.39483221045239,0.8984076225852627,2
0.05904783227205229,50.55856705677784,0.8772816267985672,2
0.05399337520591176,49.712593409435605,0.8813810618453994,2
0.06520368453488624,49.54990397920793,0.8985052918411128,2
0.06520368453488624,49.54990397920793,0.8985052918411128,2
0.06520368453488624,49.54990397920793,0.8985052918411128,2
0.06485140091702114,49.2931588037877,0.9061834043943138,2
0.07821457739814704,48.78982515533476,0.9114435168347732,2
0.07821457739814704,48.78982515533476,0.9114435168347732,2
0.07821457739814704,48.78982515533476,0.9114435168347732,2
0.10623492337404188,48.84059503162217,0.8936298497265637,2
0.10623492337404188,48.84059503162217,0.8936298497265637,2
0.10623492337404188,48.84059503162217,0.8936298497265637,2
0.11510285994355571,48.92452268617933,0.8976540374828366,2
0.11510285994355571,48.92452268617933,0.8976540374828366,2
0.11510285994355571,48.92452268617933,0.8976540374828366,2
0.11320046442776995,48.944470568649486,0.8930960016351983,2
0.11299163957968893,49.07940434438631,0.8846667799836205,2
0.11672296485247276,49.14430380198136,0.8648784627206416,2
0.11860704943444093,48.989300336811006,0.8944591719661792,2
0.12054984356847873,48.76053678465164,0.8862236056731363,2
0.10512885297208877,49.073935128956805,0.8821939752048765,2
0.10209797399198718,48.728835614089725,0.908338502472327,2
0.10209797399198718,48.728835614089725,0.908338502472327,2
0.10930820077539241,48.67801759648803,0.905891161131209,2
0.10457608339701846,49.29344407270557,0.8890132494023597,2
0.09177359523927155,49.3609675921974,0.9096005072104535,2
0.09468283671401324,49.714384144657906,0.9082666047116598,2
0.10626794148982296,50.175704732696985,0.9033330589992394,2
0.10626794148982296,50.175704732696985,0.9033330589992394,2
0.10497120926028784,50.51352960544222,0.8845809905969532,2
0.11136659535762958,50.608405807377025,0.8863877405970793,2
0.12011496601869212,50.30543054755938,0.8430167513252927,2
0.12011496601869212,50.30543054755938,0.8430167513252927,2
0.11964881643609679,50.623701836314225,0.8413079811771929,2
0.11224054330431578,50.05918371999512,0.8401726094180592,2
0.11126516994055824,49.883456889391795,0.8287336605913379,2
0.11890866290695293,49.963228075602075,0.8313939872046052,2
0.12640731325353716,50.04082577920875,0.8325369230998165,2
0.13158713130006866,49.97702869112869,0.8312640776583314,2
0.1484462800262278,50.43900798404235,0.8444844245084071,2
0.15751679635758456,50.852834727641714,0.8200391563761346,2
0.15751679635758456,50.852834727641714,0.8200391563761346,2
0.1529494526769915,50.827043000507594,0.8142280845359039,2
0.141553292770024,50.65928175375192,0.8120441325288997,2
0.141553292770024,50.65928175375192,0.8120441325288997,2
0.12841872911546448,51.57713953482955,0.8300205211325319,2
0.12841872911546448,51.57713953482955,0.8300205211325319,2
0.12862753284273556,51.408918590771876,0.8419461421764222,2
0.14951285342571555,51.216236178119246,0.8107954311173576,2
0.14951285342571555,51.216236178119246,0.8107954311173576,2
0.12175336985215963,51.38438845468496,0.8104202061434636,2
0.1241930291877727,51.765340503664724,0.8275309944848795,2
0.1241930291877727,51.765340503664724,0.8275309944848795,2
0.1362341243473706,52.16465821719938,0.81465939802522,2
0.1362341243473706,52.16465821719938,0.81465939802522,2
0.1362341243473706,52.16465821719938,0.81465939802522,2
0.12628700142406865,51.45417608215627,0.8032669536952278,2
0.13274352505338763,51.247642386954205,0.8173702840593834,2
0.13274352505338763,51.247642386954205,0.8173702840593834,2
0.13274352505338763,51.247642386954205,0.8173702840593834,2
0.13274352505338763,51.247642386954205,0.8173702840593834,2
0.13274352505338763,51.247642386954205,0.8173702840593834,2
0.13274352505338763,51.247642386954205,0.8173702840593834,2
0.13274352505338763,51.247642386954205,0.8173702840593834,2
0.13274352505338763,51.247642386954205,0.8173702840593834,2
0.13274352505338763,51.247642386954205,0.8173702840593834,2
0.13274352505338763,51.247642386954205,0.8173702840593834,2
0.14239264559570058,50.707924271278586,0.8449862868519884,2
0.14134653330711763,50.92028254583429,0.8368589857594392,2
0.14134653330711763,50.92028254583429,0.8368589857594392,2
0.12766741887494346,51.026755916282895,0.8574128412111386,2
0.12787707689102457,50.62818852494055,0.8447797516403294,2
0.12787707689102457,50.62818852494055,0.8447797516403294,2
0.12787707689102457,50.62818852494055,0.8447797516403294,2
0.12787707689102457,50.62818852494055,0.8447797516403294,2
0.12594899100552082,50.57382675423909,0.8535148796895757,2
0.12410266276933046,49.75470401204546,0.9020706066540353,2
0.12410266276933046,49.75470401204546,0.9020706066540353,2
0.13227056299015175,49.47729840679411,0.8808165204476337,2
0.13227056299015175,49.47729840679411,0.8808165204476337,2
0.12967688701934893,49.77474053188473,0.8911155892688748,2
0.12967688701934893,49.77474053188473,0.8911155892688748,2
0.13481279242660268,49.950789535787045,0.8559762368647761,2
0.13481279242660268,49.950789535787045,0.8559762368647761,2
0.13481279242660268,49.950789535787045,0.8559762368647761,2
0.14418986504970432,50.05331259981273,0.8786501378961455,2
0.1586583525717712,50.68364961421847,0.851889879902441,2
0.1586583525717712,50.68364961421847,0.851889879902441,2
0.1586583525717712,50.68364961421847,0.851889879902441,2
0.1865863455033201,50.39541423617269,0.8510369714704675,2
0.19040003933382513,49.90012900914653,0.825356036642088,2
0.19040003933382513,49.90012900914653,0.825356036642088,2
0.19040003933382513,49.90012900914653,0.825356036642088,2
0.19040003933382513,49.90012900914653,0.825356036642088,2
0.17441264908926404,49.10404881338193,0.8518145819125377,2
0.17441264908926404,49.10404881338193,0.8518145819125377,2
0.17441264908926404,49.10404881338193,0.8518145819125377,2
0.1629145973889682,49.61791855349059,0.8532769013558841,2
0.15892998738286415,48.939102746260765,0.8738920992909972,2
0.15892998738286415,48.939102746260765,0.8738920992909972,2
0.1542633861928433,48.95542887347056,0.8808222219839936,2
0.1542633861928433,48.95542887347056,0.8808222219839936,2
0.1730916921365252,48.82645238044156,0.8933531236396424,2
0.16511818655947696,49.049465118975796,0.8728672861128597,2
0.16511818655947696,49.049465118975796,0.8728672861128597,2
0.16511818655947696,49.049465118975796,0.8728672861128597,2
0.16457587067691323,49.56558391022129,0.8729707819278133,2
0.16457587067691323,49.56558391022129,0.8729707819278133,2
0.16457587067691323,49.56558391022129,0.8729707819278133,2
0.16457587067691323,49.56558391022129,0.8729707819278133,2
0.16457587067691323,49.56558391022129,0.8729707819278133,2
0.16457587067691323,49.56558391022129,0.8729707819278133,2
0.16457587067691323,49.56558391022129,0.8729707819278133,2
0.15947964198124404,49.786496093836625,0.8629899523614444,2
0.1616376050192024,50.192363542891535,0.8449508096426918,2
0.1616376050192024,50.192363542891535,0.8449508096426918,2
0.1513684400483667,50.09906564400178,0.8830477039684231,2
0.14771815162904461,50.40818255788792,0.8785407476720116,2
0.14771815162904461,50.40818255788792,0.8785407476720116,2
0.1357914583776122,50.838789884911066,0.8521877214346896,2
0.1372886241018541,50.49004811232104,0.8388702910594623,2
0.14731751013501296,50.12662215745961,0.8437373533489496,2
0.14517190221176507,49.63604912587738,0.8504452259208056,2
0.14996204262208146,50.34796228967849,0.8936918813334117,2
0.12963510619974652,50.35352263082288,0.8853264656967144,2
0.3783651314013647,51.201892212109776,0.7843686161126721,3
0.37822379634837505,51.12952248886795,0.797487059781162,3
0.37822379634837505,51.12952248886795,0.797487059781162,3
0.38556098569459873,50.87614661034818,0.788119879881093,3
0.38556098569459873,50.87614661034818,0.788119879881093,3
0.38556098569459873,50.87614661034818,0.788119879881093,3
0.38759578859189814,50.236619293896894,0.7752325042060493,3
0.3808031018968797,49.68094647685985,0.7687145965584812,3
0.3808031018968797,49.68094647685985,0.7687145965584812,3
0.36932657683332065,49.81915332378865,0.7826304318801375,3
0.3730381480684713,49.51391773247148,0.8185947244838652,3
0.3845588476550994,49.98069636580609,0.8026114405724013,3
0.3845588476550994,49.98069636580609,0.8026114405724013,3
0.3897884021309067,50.11148474895748,0.8155532699089857,3
0.39109251854627086,50.6609155757598,0.8198186559504849,3
0.391650654543098,49.3884878186527,0.8394067906406393,3
0.40013326515435194,49.47298866356442,0.8153104946289704,3
0.40013326515435194,49.47298866356442,0.8153104946289704,3
0.3988814609117231,49.11531020424032,0.8276105441018929,3
0.3988814609117231,49.11531020424032,0.8276105441018929,3
0.3988814609117231,49.11531020424032,0.8276105441018929,3
0.4112715874706673,50.517041935721984,0.8005340102941134,3
0.4114739189000109,50.87561945979086,0.7695728401329421,3
0.4114739189000109,50.87561945979086,0.7695728401329421,3
0.41569891818583693,51.45561504853179,0.7283010827308258,3
0.41569891818583693,51.45561504853179,0.7283010827308258,3
0.42602874646119576,50.90710584810698,0.6923686451367784,3
0.42602874646119576,50.90710584810698,0.6923686451367784,3
0.4268009426109497,52.06678336373962,0.7065411512097903,3
0.42286267514480247,51.318334129367784,0.7258137451958808,3
0.42286267514480247,51.318334129367784,0.7258137451958808,3
0.4200400081369391,51.163936012578496,0.7095452366351317,3
0.4200400081369391,51.163936012578496,0.7095452366351317,3
0.43902455270509083,51.393378096313334,0.7122983905350191,3
0.4396384427756328,51.670729354851396,0.7395349830315927,3
0.44841706265944997,51.31719460087831,0.7258987400067735,3
0.43865124332917793,50.506332326481335,0.7404961811294024,3
0.43865124332917793,50.506332326481335,0.7404961811294024,3
0.43865124332917793,50.506332326481335,0.7404961811294024,3
0.4395945644960361,49.79257662738523,0.7302283981957989,3
0.4395945644960361,49.79257662738523,0.7302283981957989,3
0.43875431283950167,49.94715989969877,0.7258018886277933,3
0.44592168703716345,49.738737897490395,0.754064823299512,3
0.4432368645995105,49.62908487360188,0.7412448219556227,3
0.4432368645995105,49.62908487360188,0.7412448219556227,3
0.43936453555264005,49.45655212565097,0.7748716446892455,3
0.43936453555264005,49.45655212565097,0.7748716446892455,3
0.42955210619763323,49.859338668226926,0.784397894244819,3
0.42955210619763323,49.859338668226926,0.784397894244819,3
0.42955210619763323,49.859338668226926,0.784397894244819,3
0.4389888454367719,50.56963008366957,0.7938212699105196,3
0.4416276530352768,50.14171910393443,0.7977387340541527,3
0.4377256765876181,50.16971581221345,0.7673846391398212,3
0.4377256765876181,50.16971581221345,0.7673846391398212,3
0.4513049433089193,49.91245729810609,0.7794184627076282,3
0.44793741074789356,50.61306400679217,0.7878954400443766,3
0.4473708551487493,51.12803798400294,0.7677728408976111,3
0.4473708551487493,51.12803798400294,0.7677728408976111,3
0.4571480121761288,51.01468399429895,0.807823061734837,3
0.4571480121761288,51.01468399429895,0.807823061734837,3
0.4571480121761288,51.01468399429895,0.807823061734837,3
0.44839554370998397,50.75701668713493,0.7961621017805441,3
0.43815014768108884,50.60681793775984,0.7635451390519142,3
0.43815014768108884,50.60681793775984,0.7635451390519142,3
0.44012058636213236,50.81032097423847,0.7589598678068344,3
0.44012058636213236,50.81032097423847,0.7589598678068344,3
0.43286362673917445,50.70781725131241,0.7878769077468634,3
0.4429904901521936,50.674684109556566,0.7803423851327052,3
0.4429904901521936,50.674684109556566,0.7803423851327052,3
0.41063341682086596,51.685276702898825,0.7705052098982912,3
0.41063341682086596,51.685276702898825,0.7705052098982912,3
0.4036790492363459,51.09200983151036,0.7544886831580698,3
0.40210367283547677,51.17280171831691,0.7535790483651028,3
0.40210367283547677,51.17280171831691,0.7535790483651028,3
0.4064656912399282,50.82603189630311,0.7628585085084698,3
0.41450429366209235,49.856725968327595,0.7745299343219894,3
0.4124672583841234,49.79185263826851,0.7947640670703222,3
0.4044006019898532,48.87507775751124,0.7976523688383818,3
0.4044006019898532,48.87507775751124,0.7976523688383818,3
0.4044006019898532,48.87507775751124,0.7976523688383818,3
0.4128380562355878,48.39939091015067,0.82197104325999,3
0.4128380562355878,48.39939091015067,0.82197104325999,3
0.3986310561636168,48.407245219616094,0.8300191177054508,3
0.4065009792336636,49.63918670486741,0.8511484751052433,3
0.4065009792336636,49.63918670486741,0.8511484751052433,3
0.40889624593420265,49.27599303258573,0.8243498759675351,3
0.40889624593420265,49.27599303258573,0.8243498759675351,3
0.4096199625718662,49.49663754020443,0.8539680689023696,3
0.40055542847509856,49.64345460585658,0.8517007209574605,3
0.3983718905297679,49.5792512896705,0.8364619502949863,3
0.3917235220890992,49.6115364034414,0.8613114311500285,3
0.40496659898188664,49.801350990946,0.8288854203052328,3
0.40496659898188664,49.801350990946,0.8288854203052328,3
0.4290785074308402,49.03172058523611,0.8428746777577288,3
0.4290785074308402,49.03172058523611,0.8428746777577288,3
0.4290785074308402,49.03172058523611,0.8428746777577288,3
0.4412801979089173,48.87862328199538,0.845609900771431,3
0.4412801979089173,48.87862328199538,0.845609900771431,3
0.4268052446037426,49.64534027418435,0.8509320408669785,3
0.42377642400957727,49.63416405308989,0.8122519538499079,3
0.41810776321908794,50.46757541247326,0.8128903583837799,3
0.41810776321908794,50.46757541247326,0.8128903583837799,3
0.43393196388841493,50.53676976274106,0.8065893505744456,3
0.43393196388841493,50.53676976274106,0.8065893505744456,3
0.4296761857752825,49.83199823247622,0.8052043747411778,3
0.4266119337487538,50.08826150798749,0.8093103543621732,3
0.4266119337487538,50.08826150798749,0.8093103543621732,3
0.41767984479803627,50.008485271313184,0.8331333867657729,3
0.43732380005361426,49.850966111695215,0.8300933937031233,3
0.45664359550755107,49.51698178267389,0.8186515196743568,3
0.46820104854326255,49.4500327099801,0.8194529880821046,3
0.46820104854326255,49.4500327099801,0.8194529880821046,3
0.4617173542680552,49.564884385090224,0.8239756593169495,3
0.45982277091941404,49.579279869803024,0.8255816838348341,3
0.4671362592530264,50.145944831274775,0.816428780114729,3
0.4636297927831663,49.696782955322675,0.8222352569175087,3
0.4455234288477933,49.41976418851646,0.810905982422516,3
0.45910070473259507,49.55838421425689,0.7885096821243718,3
0.45910070473259507,49.55838421425689,0.7885096821243718,3
0.45944059083731825,50.02696561341475,0.7896279478485022,3
0.4640845173391068,50.16118066582164,0.7875103799641221,3
0.4640845173391068,50.16118066582164,0.7875103799641221,3
0.4640845173391068,50.16118066582164,0.7875103799641221,3
0.48122280361645026,49.944412917435116,0.7931411297208556,3
0.48122280361645026,49.944412917435116,0.7931411297208556,3
0.4754834812321674,50.09528738437857,0.7834467152809298,3
0.477915544026878,50.41045571470087,0.7646808948212513,3
0.48335328851439185,50.39897251453905,0.7442139725345526,3
0.48485729883722783,50.37140784736044,0.7428384341265634,3
0.48485729883722783,50.37140784736044,0.7428384341265634,3
0.48485729883722783,50.37140784736044,0.7428384341265634,3
0.48695454987314873,50.98372492789755,0.7866901237817554,3
0.48695454987314873,50.98372492789755,0.7866901237817554,3
0.4617080074525638,51.366441039157024,0.7610083420074956,3
0.4617080074525638,51.366441039157024,0.7610083420074956,3
0.4617080074525638,51.366441039157024,0.7610083420074956,3
0.4617080074525638,51.366441039157024,0.7610083420074956,3
0.4617080074525638,51.366441039157024,0.7610083420074956,3
0.4617080074525638,51.366441039157024,0.7610083420074956,3
0.4617080074525638,51.366441039157024,0.7610083420074956,3
0.47085957605543166,51.23060619362972,0.7375076704643374,3
0.46763555386257105,51.51238678879262,0.7254681771177417,3
0.46763555386257105,51.51238678879262,0.7254681771177417,3
0.46763555386257105,51.51238678879262,0.7254681771177417,3
0.4595929731963409,51.48201810696526,0.7323446299153488,3
0.449798281274315,50.93116668129284,0.7261175071426638,3
0.449798281274315,50.93116668129284,0.7261175071426638,3
0.449798281274315,50.93116668129284,0.7261175071426638,3
0.45085593951505143,50.959507385517846,0.728023273573748,3
0.45085593951505143,50.959507385517846,0.728023273573748,3
0.45085593951505143,50.959507385517846,0.728023273573748,3
0.444171378324799,50.59981404762895,0.7351506830789066,3
0.4567711615124966,50.59617808983634,0.7530537572186032,3
0.45916612013528124,50.06428142831368,0.751368975248509,3
0.4454002611812559,50.7795220162559,0.7452221008250451,3
0.4454002611812559,50.7795220162559,0.7452221008250451,3
0.4454002611812559,50.7795220162559,0.7452221008250451,3
0.4454002611812559,50.7795220162559,0.7452221008250451,3
0.4454002611812559,50.7795220162559,0.7452221008250451,3
0.4454002611812559,50.7795220162559,0.7452221008250451,3
0.4454002611812559,50.7795220162559,0.7452221008250451,3
0.4403287170853727,51.027729695538795,0.733415518070142,3
0.4403287170853727,51.027729695538795,0.733415518070142,3
0.4403287170853727,51.027729695538795,0.733415518070142,3
0.4445782556458616,51.183829662400434,0.7322383292198821,3
0.4356692133106737,51.16452997880495,0.7283312792050906,3
0.4356692133106737,51.16452997880495,0.7283312792050906,3
0.41825531807342486,51.19852350514769,0.7030891677929932,3
0.41825531807342486,51.19852350514769,0.7030891677929932,3
0.4161340876866793,51.939746594159054,0.6868094234244158,3
0.4097990984972401,51.979527719851454,0.6932987455889674,3
0.4097990984972401,51.979527719851454,0.6932987455889674,3
0.40907171407454074,51.02026921166364,0.7132789614070593,3
0.4119463784087912,50.47124295463246,0.729394344284547,3
0.4084742451072496,50.595266142286135,0.7540743341406393,3
0.39210173469005455,50.9777421842573,0.7384337351127693,3
0.41632827548599016,50.701702056761775,0.7607231432487619,3
0.43616107828155254,50.19624957262125,0.7697043928976174,3
0.44110320200482916,50.1457474883671,0.7705219599552208,3
0.4376970736149893,49.85095192809928,0.7872600439724707,3
0.42995136501137304,49.72676973107227,0.8125537792404895,3
0.42794079512175265,49.51140322460251,0.8067002001214688,3
0.42794079512175265,49.51140322460251,0.8067002001214688,3
0.4343110483388127,49.30534353877251,0.8081225042769556,3
0.4343110483388127,49.30534353877251,0.8081225042769556,3
0.436250000050616,49.08707806161468,0.7916105669910757,3
0.44397417326014754,48.84111016711793,0.8096794392906472,3
0.44397417326014754,48.84111016711793,0.8096794392906472,3
0.4342269124069645,49.41768042225155,0.8279249657558557,3
0.4350603997969826,49.36718009382487,0.8498798953068929,3
0.4412161457920692,49.33962282289251,0.8430310469695798,3
0.4412161457920692,49.33962282289251,0.8430310469695798,3
0.4444875747571355,49.299585168039485,0.8099524256353289,3
0.4401897557605061,49.819365582288555,0.7993595591140352,3
0.4401897557605061,49.819365582288555,0.7993595591140352,3
0.4401897557605061,49.819365582288555,0.7993595591140352,3
0.4401897557605061,49.819365582288555,0.7993595591140352,3
0.44289306494747904,49.361316816217155,0.7971443304719922,3
0.45627842521336687,49.94479843837927,0.8226997671047626,3
0.45129361154251757,49.45060444249593,0.8310060041826455,3
0.45129361154251757,49.45060444249593,0.8310060041826455,3
0.45129361154251757,49.45060444249593,0.8310060041826455,3
0.45129361154251757,49.45060444249593,0.8310060041826455,3
0.45129361154251757,49.45060444249593,0.8310060041826455,3
0.45006331702912206,49.57439961818787,0.8298688325433509,3
0.44264986015641516,49.728586578016575,0.8488017984995154,3
0.44811133019802196,49.36539418576822,0.8462228568299776,3
0.4614386960014741,49.470759701037565,0.833652776252971,3
0.462864588003565,49.14664817337896,0.8169161926622257,3
0.47334884481186,49.108787527918764,0.7719900421900152,3
0.46838307178938,49.51347026525954,0.7810123974760024,3
0.45399476167140185,49.81857496266049,0.7740111478536911,3
0.4463611815993895,49.61369518401198,0.797530129515759,3
0.4463611815993895,49.61369518401198,0.797530129515759,3
0.46235713182999144,49.666929456112356,0.785952150843017,3
0.46235713182999144,49.666929456112356,0.785952150843017,3
0.45450537235417193,49.50291910284672,0.7894579937757179,3
0.45450537235417193,49.50291910284672,0.7894579937757179,3
0.45450537235417193,49.50291910284672,0.7894579937757179,3
0.4549561250685282,49.44813359693771,0.7742661170805772,3
0.4549561250685282,49.44813359693771,0.7742661170805772,3
0.44880699632222,50.01390892041385,0.8104780161835671,3
0.44880699632222,50.01390892041385,0.8104780161835671,3
0.44880699632222,50.01390892041385,0.8104780161835671,3
0.4606329351311515,50.33447296925164,0.8138725552779186,3
0.4606329351311515,50.33447296925164,0.8138725552779186,3
0.4606329351311515,50.33447296925164,0.8138725552779186,3
0.45320170397539644,50.30076617706546,0.8154857827522379,3
0.45320170397539644,50.30076617706546,0.8154857827522379,3
0.45320170397539644,50.30076617706546,0.8154857827522379,3
0.4597308327019255,50.63963249006425,0.7862018833093808,3
0.4597308327019255,50.63963249006425,0.7862018833093808,3
0.47549969076825516,50.13974867514063,0.7787536938959647,3
0.47549969076825516,50.13974867514063,0.7787536938959647,3
0.47549969076825516,50.13974867514063,0.7787536938959647,3
0.47549969076825516,50.13974867514063,0.7787536938959647,3
0.4779255603717238,49.76585373463478,0.7888024084035168,3
0.4779255603717238,49.76585373463478,0.7888024084035168,3
0.4681407900986359,50.117478724987805,0.8095669084927609,3
0.4560361334898939,50.558329717767705,0.7894886291396513,3
0.4560361334898939,50.558329717767705,0.7894886291396513,3
0.4434569219263274,50.20035863953708,0.7985553901047536,3
0.44858907750569266,50.63004978617494,0.7857960087246965,3
0.44498784695606863,49.88312209383379,0.7604581507028665,3
0.44498784695606863,49.88312209383379,0.7604581507028665,3
0.43921428754320124,49.48798388825765,0.7522949482182216,3
0.4616234963052269,49.82085345247175,0.7610408246520465,3
0.45341402866150216,50.09290948684178,0.7331310246362899,3
0.4458822736947562,50.19792459067658,0.7442437893226773,3
0.4499678752658269,50.161917426654306,0.7257441408543979,3
0.4299046835182447,50.78147368904593,0.7182330605153576,3
0.4492245449496996,50.79411868265449,0.7222986026785653,3
0.4518282908066952,51.15211741735999,0.7077550470599467,3
0.4478848357356751,51.460018142185874,0.7239939700668019,3
0.4684077366249475,51.2309080604191,0.7306747428456795,3
0.45078892257454195,51.053156186174384,0.7405017900400226,3
0.44820444440544677,50.73012167492595,0.7433635980956147,3
0.4554717672763464,51.13855807956938,0.7534929656696735,3
0.4554717672763464,51.13855807956938,0.7534929656696735,3
0.4554717672763464,51.13855807956938,0.7534929656696735,3
0.45376536213971863,51.353256681381666,0.7414555780827312,3
0.45376536213971863,51.353256681381666,0.7414555780827312,3
0.45376536213971863,51.353256681381666,0.7414555780827312,3
0.4392333302548384,51.06906722897638,0.7332930432034809,3
0.43905709515269997,51.035449622789685,0.7558546193139284,3
0.4364468251605339,51.52194260606602,0.7413142351796884,3
0.4364468251605339,51.52194260606602,0.7413142351796884,3
0.4364468251605339,51.52194260606602,0.7413142351796884,3
0.42435924812197273,51.166963676653225,0.7552650465064034,3
0.425676836588983,51.4974198159675,0.7615295090906009,3
0.4392355270489698,51.616637505438426,0.7613395843640168,3
0.4392355270489698,51.616637505438426,0.7613395843640168,3
0.44361867965062585,51.38017203156674,0.7588514311489378,3
0.4288448821960412,50.92687778442123,0.7378219915068499,3
0.4332725458136914,50.93700701700781,0.7426830842794626,3
0.4332725458136914,50.93700701700781,0.7426830842794626,3
0.4449856197475052,50.655716610218484,0.7163168750732489,3
0.44848749400398713,50.78927026092679,0.701113625275666,3
0.44848749400398713,50.78927026092679,0.701113625275666,3
0.4394252564439313,51.01919568671304,0.7199691275920114,3
0.4436761282891938,50.771799347416994,0.7073542793727066,3
0.4322447907911155,52.12448713679668,0.7033600194006877,3
0.4447829504986861,51.8930623628279,0.7019918177947263,3
0.4359072001753705,51.25120988229437,0.714803133914893,3
0.4580338132512436,51.29840298377373,0.7014206450932139,3
0.4580338132512436,51.29840298377373,0.7014206450932139,3
0.4580338132512436,51.29840298377373,0.7014206450932139,3
0.44719056472693314,50.72159963952686,0.7272670203562189,3
0.4466621311586051,50.28078390983686,0.757180979938484,3
0.4466621311586051,50.28078390983686,0.757180979938484,3
0.45294083351807257,50.01165092411493,0.7546671525182651,3
0.45294083351807257,50.01165092411493,0.7546671525182651,3
0.454194157119309,49.94139318024443,0.7715280276372198,3
0.43384169980585247,49.880096630560814,0.8103871880458898,3
0.43384169980585247,49.880096630560814,0.8103871880458898,3
0.43877454292117973,49.957813883486274,0.8122683640701771,3
0.43877454292117973,49.957813883486274,0.8122683640701771,3
0.43877454292117973,49.957813883486274,0.8122683640701771,3
0.43877454292117973,49.957813883486274,0.8122683640701771,3
0.43877454292117973,49.957813883486274,0.8122683640701771,3
0.43877454292117973,49.957813883486274,0.8122683640701771,3
0.4388224258127404,50.20267373983467,0.8150437781172343,3
0.43749485025727597,50.13720609020958,0.8088560038753686,3
0.41461033597301455,50.29296906084932,0.7990245883681358,3
0.41461033597301455,50.29296906084932,0.7990245883681358,3
0.41296707659538734,49.971239992068746,0.8089759427604652,3
0.4042898232682628,49.91062750195687,0.8075341752019575,3
0.41486120939567084,50.36492774167517,0.7987461899974886,3
0.42438173550656344,50.25952718654167,0.8057102768138767,3
0.4257540741769429,50.35028604535499,0.8116347918361797,3
0.4273921411679804,50.2244215167992,0.8212456456661256,3
0.4305128990722177,49.9593460560242,0.7994299242171526,3
0.43087096358757093,50.02662010701816,0.7790117490036099,3
0.43087096358757093,50.02662010701816,0.7790117490036099,3
0.43087096358757093,50.02662010701816,0.7790117490036099,3
0.4244814940950177,50.892787578617906,0.7807750496966042,3
0.42623817420186516,50.19168321656394,0.7902490714554185,3
0.42623817420186516,50.19168321656394,0.7902490714554185,3
0.42623817420186516,50.19168321656394,0.7902490714554185,3
0.4315210623722697,50.11488648624276,0.770428243384081,3
0.4145148175299187,50.607420395068246,0.7561348832594097,3
0.4145148175299187,50.607420395068246,0.7561348832594097,3
0.4145148175299187,50.607420395068246,0.7561348832594097,3
0.4145148175299187,50.607420395068246,0.7561348832594097,3
0.40573544874068646,51.51982238624508,0.7187624897769623,3
0.40573544874068646,51.51982238624508,0.7187624897769623,3
0.40573544874068646,51.51982238624508,0.7187624897769623,3
0.40573544874068646,51.51982238624508,0.7187624897769623,3
0.40573544874068646,51.51982238624508,0.7187624897769623,3
0.41592689910741315,51.574647485354106,0.7118555472506741,3
0.38736879799258717,50.9348205774634,0.7425807029537442,3
0.38414467275248504,51.33161668458811,0.7246986152042784,3
0.3824709775857748,52.051731855585494,0.7383701100131137,3
0.3908607968841696,52.17479241916439,0.7372701656082657,3
0.38268259147516515,51.25273899519495,0.7475964443756624,3
0.4004033126618617,50.74310995153623,0.745866857749134,3
0.4021795891778319,51.37781912046397,0.768021010350263,3
0.4021795891778319,51.37781912046397,0.768021010350263,3
0.4021795891778319,51.37781912046397,0.768021010350263,3
0.4021795891778319,51.37781912046397,0.768021010350263,3
0.4021795891778319,51.37781912046397,0.768021010350263,3
0.3853508914251827,51.57336048640112,0.7979129290580846,3
0.38609318366834783,51.56913434806312,0.7793295219748382,3
0.38609318366834783,51.56913434806312,0.7793295219748382,3
0.38609318366834783,51.56913434806312,0.7793295219748382,3
0.407919896956285,51.40073160888488,0.7885653703716745,3
0.407919896956285,51.40073160888488,0.7885653703716745,3
0.39977053347907054,51.49776845645256,0.767332224225916,3
0.4121990514650009,51.378789629192866,0.7698920006800444,3
0.4121990514650009,51.378789629192866,0.7698920006800444,3
0.4121990514650009,51.378789629192866,0.7698920006800444,3
0.40635731602250585,51.330761917624336,0.7643315265347369,3
0.40714280497454114,50.965299173506445,0.7341169508818208,3
0.4113946958738488,51.030602924947864,0.7300198519018687,3
0.4109368985954275,50.7692330466413,0.7432709940139485,3
0.4109368985954275,50.7692330466413,0.7432709940139485,3
0.416489032292442,50.984682660461125,0.7692814271433777,3
0.416489032292442,50.984682660461125,0.7692814271433777,3
0.416489032292442,50.984682660461125,0.7692814271433777,3
0.4083398764575616,51.23503388842451,0.7846388929911534,3
0.39244339542514556,51.45770154840169,0.7428619193583349,3
0.39244339542514556,51.45770154840169,0.7428619193583349,3
0.39244339542514556,51.45770154840169,0.7428619193583349,3
0.3905346060173419,51.4524505162609,0.7660800815222945,3
0.39171283777125615,51.363152884390885,0.7433224021057996,3
0.39171283777125615,51.363152884390885,0.7433224021057996,3
0.39171283777125615,51.363152884390885,0.7433224021057996,3
0.39171283777125615,51.363152884390885,0.7433224021057996,3
0.38255362450778646,50.659069158271535,0.7536155494803602,3
0.38255362450778646,50.659069158271535,0.7536155494803602,3
0.38255362450778646,50.659069158271535,0.7536155494803602,3
0.38255362450778646,50.659069158271535,0.7536155494803602,3
0.38255362450778646,50.659069158271535,0.7536155494803602,3
0.38255362450778646,50.659069158271535,0.7536155494803602,3
0.38255362450778646,50.659069158271535,0.7536155494803602,3
0.38255362450778646,50.659069158271535,0.7536155494803602,3
0.37603405474095214,51.187468918934066,0.7657072980136581,3
0.3674501959925052,51.24670784607823,0.7595045553407352,3
0.3674501959925052,51.24670784607823,0.7595045553407352,3
0.3643714723855504,51.55357777909239,0.7576742124508622,3
0.3643714723855504,51.55357777909239,0.7576742124508622,3
0.3715347110116971,51.71370324370974,0.7651514270234142,3
0.3686445145585482,51.81429726077769,0.775071654518193,3
0.3820895888824999,51.153701733677494,0.7793814684471563,3
0.37431014840143495,51.34452350711326,0.7494963013202598,3
0.3694778833995511,51.509150110172556,0.7628564865327924,3
0.38516155402759716,51.61598100644895,0.7751727740319697,3
0.3944464979737548,50.97229052953391,0.7742832860662375,3
0.3905801869405718,50.74705019458915,0.7901925212530998,3
0.40111611008250886,50.59279477978089,0.798034703434542,3
0.39827450147131055,50.86521358969189,0.7677009857153018,3
0.39827450147131055,50.86521358969189,0.7677009857153018,3
0.4067409473305851,51.05591273030926,0.7622029184681283,3
0.41856430112527104,50.613256185479706,0.7649802143821042,3
0.419994166898824,50.62355553898537,0.7824646157104591,3
0.4181022894735709,50.17352351771803,0.7755263887119644,3
0.4181022894735709,50.17352351771803,0.7755263887119644,3
0.4101572168024616,50.65563336056269,0.7604861087131823,3
0.4101572168024616,50.65563336056269,0.7604861087131823,3
0.4041776722381726,50.50939548231357,0.7307973077614287,3
0.4041776722381726,50.50939548231357,0.7307973077614287,3
0.4041776722381726,50.50939548231357,0.7307973077614287,3
0.40529183061369495,50.172031662979606,0.7188518508069602,3
0.40529183061369495,50.172031662979606,0.7188518508069602,3
0.39533755278746785,49.79098448173714,0.7463425366621846,3
0.40199769558375337,50.41212439077625,0.735288763299109,3
0.40320771442014497,50.08846427776857,0.7548105452434519,3
0.40320771442014497,50.08846427776857,0.7548105452434519,3
0.40320771442014497,50.08846427776857,0.7548105452434519,3
0.40320771442014497,50.08846427776857,0.7548105452434519,3
0.40461856322263057,50.13053598662854,0.7454296287705044,3
0.40234702346606954,50.13182984777868,0.7582096226549823,3
0.3983371383392674,50.16513806754212,0.7620037877050935,3
0.41048769945607777,50.393143403033775,0.7811553662461456,3
0.40535128976383167,50.26521762116738,0.7877507520328562,3
0.4231319494969212,50.07271863265571,0.7957843535424532,3
0.4231319494969212,50.07271863265571,0.7957843535424532,3
0.4034266901225806,49.90679934761241,0.8191158696430916,3
0.4034266901225806,49.90679934761241,0.8191158696430916,3
0.38930823911412743,50.30957121487331,0.7890786766915974,3
0.38930823911412743,50.30957121487331,0.7890786766915974,3
0.3940152011660673,51.011623304678444,0.7880136421061007,3
0.3986354069830288,50.34484881024489,0.7928410473132431,3
0.3986354069830288,50.34484881024489,0.7928410473132431,3
0.4178915597022418,50.606184722798254,0.8096482525658698,3
0.435410597775106,50.705436494394576,0.8065131042803065,3
0.435410597775106,50.705436494394576,0.8065131042803065,3
0.44065530532437186,51.09277710205606,0.8358402555090522,3
0.42200180775412127,51.347525283698616,0.8116814470652564,3
0.3950487280018458,50.999822290644275,0.7820707731006302,3
0.40309678227862644,51.07072499607373,0.7702546882739495,3
0.4179898416671756,51.690916051937315,0.7647665714425828,3
0.42319150042820164,51.82685389249319,0.7587849053772712,3
0.42319150042820164,51.82685389249319,0.7587849053772712,3
0.4208703904337028,51.79892729095289,0.707744649263181,3
0.425973856340799,52.05809178611624,0.6706975585069141,3
0.41858532191117026,52.20282259514755,0.6437960692730316,3
0.41097618914141665,52.04841259340161,0.6544487507343849,3
0.41097618914141665,52.04841259340161,0.6544487507343849,3
0.4043890318998817,51.98663259994306,0.6699037603331719,3
0.4043890318998817,51.98663259994306,0.6699037603331719,3
0.4104089297707968,51.70927203776285,0.677940902206674,3
0.40604254012658375,52.19659169345246,0.6877330449182387,3
0.4128137829633521,52.50181908103666,0.6844328009562185,3
0.4191932072200217,51.70797352626316,0.6394675550199447,3
0.4215481081632272,52.496113637842086,0.6323056685568219,3
0.42346125332169154,52.62497144668814,0.6151255797361502,3
0.42346125332169154,52.62497144668814,0.6151255797361502,3
0.42346125332169154,52.62497144668814,0.6151255797361502,3
0.4228966167847801,52.689188837611844,0.6026702341462256,3
0.4219619483361857,52.25195915308622,0.614345430062618,3
0.43123587881832065,52.40617273392813,0.6471899357077965,3
0.43123587881832065,52.40617273392813,0.6471899357077965,3
0.4344503229546797,52.13405426304697,0.6565467688732822,3
0.4331192262970074,52.050853327435284,0.6731891576563461,3
0.44899878694553497,51.68231407714332,0.6867502214242902,3
0.44899878694553497,51.68231407714332,0.6867502214242902,3
0.43184759336160283,50.62281764487674,0.6683935495804557,3
0.43184759336160283,50.62281764487674,0.6683935495804557,3
0.43184759336160283,50.62281764487674,0.6683935495804557,3
0.4201940912072286,50.96931074371894,0.6709663751372547,3
0.4201940912072286,50.96931074371894,0.6709663751372547,3
0.4201940912072286,50.96931074371894,0.6709663751372547,3
0.4128374966384392,50.341628994069524,0.6725083275712233,3
0.42328351466385855,50.97764480681039,0.680035290504266,3
0.42328351466385855,50.97764480681039,0.680035290504266,3
0.41872318074962483,50.83976803245302,0.685779247390396,3
0.41553807075390836,50.78020828231903,0.7253478417578944,3
0.403702220117968,51.15908328474982,0.7500435107405788,3
0.403702220117968,51.15908328474982,0.7500435107405788,3
0.403702220117968,51.15908328474982,0.7500435107405788,3
0.4031528574181848,51.16518430174965,0.753373905664915,3
0.410911524518847,51.27176206023364,0.7398806307991114,3
0.41064320041843144,51.0692359191187,0.7303327655967173,3
0.40776731427379337,50.874449376807384,0.72437248310566,3
0.42297685392911033,51.69223859660374,0.7311423123503111,3
0.4149521835629416,50.97742440432498,0.7335161717948847,3
0.4299373555205444,50.480424413999735,0.7600754770029001,3
0.4299373555205444,50.480424413999735,0.7600754770029001,3
0.4299373555205444,50.480424413999735,0.7600754770029001,3
0.43143091991306864,49.963480981941885,0.7393700573030821,3
0.43854655832564404,49.82130369233202,0.7578405010270042,3
0.44510941599689846,50.26260908228662,0.7668340862816423,3
0.46733292918510716,50.1165017205283,0.7489071277403184,3
0.46533705868730174,49.93593288448581,0.7321975116279559,3
0.472548726830864,49.629438232625574,0.7278715113254811,3
0.4709362440279448,49.69986687579278,0.7106907723936216,3
0.4709362440279448,49.69986687579278,0.7106907723936216,3
0.4709362440279448,49.69986687579278,0.7106907723936216,3
0.4709362440279448,49.69986687579278,0.7106907723936216,3
0.4709362440279448,49.69986687579278,0.7106907723936216,3
0.4709362440279448,49.69986687579278,0.7106907723936216,3
0.4709362440279448,49.69986687579278,0.7106907723936216,3
0.4709362440279448,49.69986687579278,0.7106907723936216,3
0.4636506344505518,49.790591226117364,0.7054448095841487,3
0.46394046687026247,50.01207847072704,0.693008328583164,3
0.4621029292540862,50.474578923131794,0.742439927245114,3
0.45198311524777995,50.18731204919283,0.7531719254278167,3
0.45198311524777995,50.18731204919283,0.7531719254278167,3
0.4590175389147248,50.16502720998339,0.75090601178386,3
0.4590175389147248,50.16502720998339,0.75090601178386,3
0.4590175389147248,50.16502720998339,0.75090601178386,3
0.4493221979600733,50.21143456904077,0.7286030217369884,3
0.45299401791270394,50.37964188657272,0.7490135068719528,3
0.45378231555628346,49.955809022749996,0.7695184484506152,3
0.45378231555628346,49.955809022749996,0.7695184484506152,3
0.4596833538879675,49.820712029036095,0.7957166067206446,3
0.4596833538879675,49.820712029036095,0.7957166067206446,3
0.4401779122050245,49.23858921562892,0.8277982453379428,3
0.44282272167508024,49.08018376117572,0.7898615302036783,3
0.44534999404339176,50.16617502907231,0.7971984059647801,3
0.44534999404339176,50.16617502907231,0.7971984059647801,3
0.4461267091763614,50.30486771329012,0.7912366753073922,3
0.4461267091763614,50.30486771329012,0.7912366753073922,3
0.4549528263664327,49.89636701605219,0.7963697104366051,3
0.46609657726555903,49.27478792211268,0.8005660363012977,3
0.46609657726555903,49.27478792211268,0.8005660363012977,3
0.46609657726555903,49.27478792211268,0.8005660363012977,3
0.46609657726555903,49.27478792211268,0.8005660363012977,3
0.4655543526002847,48.70227661500009,0.8062142656708985,3
0.4774167871950672,49.40959475756253,0.8130808832382633,3
0.45971594578221153,49.97756651983316,0.8069546875979824,3
0.4462372519427368,49.636799527124346,0.7860418751585496,3
0.445778942886617,50.03551353553064,0.7680004110505977,3
0.44788038281279896,51.15109861770236,0.7713380893508258,3
0.44788038281279896,51.15109861770236,0.7713380893508258,3
0.4468500420927301,50.44058968871877,0.7947008548498943,3
0.44863989561354767,50.34368232418504,0.7741856300392869,3
0.44901431750883747,50.486413306196155,0.7859483424818543,3
0.4556934914476628,50.82772958437291,0.810397477421588,3
0.4556934914476628,50.82772958437291,0.810397477421588,3
0.46737056838381746,50.25435836925986,0.822348721654623,3
0.46737056838381746,50.25435836925986,0.822348721654623,3
0.46737056838381746,50.25435836925986,0.822348721654623,3
0.46242781969263,50.13085583041559,0.8319274637249633,3
0.4622124936005588,50.3080962217133,0.818873549587928,3
0.45202274917439583,50.34033262718632,0.8311882238726138,3
0.4687404087423292,50.17822539613842,0.8440857486679318,3
0.4687404087423292,50.17822539613842,0.8440857486679318,3
0.46498277125256293,49.80844363801588,0.8400270278599112,3
0.4533664909947688,50.470775261914945,0.7966455700004864,3
0.45654916863172695,50.00826251141059,0.7844699490308077,3
0.45201660166354546,49.744201463471406,0.7776240368605595,3
0.43469675632836924,50.01505707772878,0.7544018681945994,3
0.43319992383140005,50.87658291436513,0.7717353896316108,3
0.43319992383140005,50.87658291436513,0.7717353896316108,3
0.43319992383140005,50.87658291436513,0.7717353896316108,3
0.42298543164118313,50.35848922128544,0.7639417990410644,3
0.4106145691480214,50.51733024054703,0.7666444590747974,3
0.4106145691480214,50.51733024054703,0.7666444590747974,3
0.3982949180233534,50.51376244880161,0.7826088289852341,3
0.3820024961445216,50.41693970398968,0.766154120686897,3
0.38838978517125333,50.76025747845239,0.7794489182485655,3
0.38838978517125333,50.76025747845239,0.7794489182485655,3
0.37867434909450404,50.84021047498786,0.7834656515930517,3
0.38278748599317,50.76606674835272,0.7858998867199818,3
0.38678931249042325,50.58314902888163,0.7842869712753486,3
0.38678931249042325,50.58314902888163,0.7842869712753486,3
0.36256367564877606,51.418686364171315,0.7902030813169895,3
0.36416823300749224,51.29636173895962,0.7938010494310466,3
0.36416823300749224,51.29636173895962,0.7938010494310466,3
0.3584993473833011,50.96015133244339,0.769080399772053,3
0.3358263800778619,51.090706772160964,0.7829157341727547,3
0.3358263800778619,51.090706772160964,0.7829157341727547,3
0.3358263800778619,51.090706772160964,0.7829157341727547,3
0.3358263800778619,51.090706772160964,0.7829157341727547,3
0.3358263800778619,51.090706772160964,0.7829157341727547,3
0.3358263800778619,51.090706772160964,0.7829157341727547,3
0.34722659967607905,51.40921164955372,0.7651895749503865,3
0.34722659967607905,51.40921164955372,0.7651895749503865,3
0.3554019276016752,51.5642446244103,0.7725439704466,3
0.37099468616258063,51.405914701404285,0.7478678872503078,3
0.37099468616258063,51.405914701404285,0.7478678872503078,3
0.37099468616258063,51.405914701404285,0.7478678872503078,3
0.3633274088154736,51.18886356169495,0.7672012100514132,3
0.3633274088154736,51.18886356169495,0.7672012100514132,3
0.37440450746170933,51.44315135170621,0.7791737841626566,3
0.37089633157598473,51.90231905584549,0.7619442333981191,3
0.3827460470048501,51.50624273266632,0.7748947590320819,3
0.3827460470048501,51.50624273266632,0.7748947590320819,3
0.37507451266764513,51.70638289609821,0.7551278377150027,3
0.3737113691145006,51.73054552471363,0.7756680691289892,3
0.3737113691145006,51.73054552471363,0.7756680691289892,3
0.38473456810560563,51.26731624628268,0.7784061654893613,3
0.38473456810560563,51.26731624628268,0.7784061654893613,3
0.3879070063346697,51.701035615839366,0.7763690518618676,3
0.38492612238767365,51.33609795681316,0.784954351117591,3
0.38492612238767365,51.33609795681316,0.784954351117591,3
0.38492612238767365,51.33609795681316,0.784954351117591,3
0.39157894193683146,51.141526803012304,0.7841475302455369,3
0.39157894193683146,51.141526803012304,0.7841475302455369,3
0.39344979598052093,51.383082410364345,0.7721731067987103,3
0.39371450261746965,51.706996242256906,0.7613328369955856,3
0.377937385013876,51.641876772726455,0.7430781068859679,3
0.3835207556271489,51.101462231431135,0.757617579363396,3
0.3835207556271489,51.101462231431135,0.757617579363396,3
0.3835207556271489,51.101462231431135,0.757617579363396,3
0.3835207556271489,51.101462231431135,0.757617579363396,3
0.37746336326246455,51.055817232279246,0.756177704636913,3
0.3805057001823936,50.91039655002479,0.7811884036947676,3
0.3682532072199294,50.91203708392015,0.7889608139902707,3
0.3682532072199294,50.91203708392015,0.7889608139902707,3
0.3682532072199294,50.91203708392015,0.7889608139902707,3
0.3653008426791606,50.634778908706494,0.7853595981270688,3
0.36043262317182356,50.39150337577377,0.7751970379777114,3
0.3587313014931592,50.020043227546395,0.8011329718075494,3
0.34764581914949344,50.01731627957812,0.8044958025796963,3
0.35584514719120197,49.976605253328835,0.8207720874114023,3
0.35584514719120197,49.976605253328835,0.8207720874114023,3
0.3464559590943444,50.44902795214133,0.8115443085754631,3
0.3520188469276483,50.770598256569635,0.794475855347516,3
0.3520188469276483,50.770598256569635,0.794475855347516,3
0.3520188469276483,50.770598256569635,0.794475855347516,3
0.3520188469276483,50.770598256569635,0.794475855347516,3
0.3520188469276483,50.770598256569635,0.794475855347516,3
0.3520188469276483,50.770598256569635,0.794475855347516,3
0.3520188469276483,50.770598256569635,0.794475855347516,3
0.359225700748312,50.80634488759671,0.8025778419296856,3
0.37681797667533173,50.62103256103377,0.8135352081311884,3
0.3806747207493081,50.058693543951264,0.7895921813843199,3
0.3814322156668684,50.06758125196287,0.7961888972154938,3
0.3814322156668684,50.06758125196287,0.7961888972154938,3
0.3827579100639467,51.04870866025845,0.7763583703812257,3
0.38051007367654527,51.052276879448044,0.7930994272322891,3
0.36593982935946034,51.09339067970936,0.7980910207865091,3
0.3603369224919212,51.088335046931604,0.7994845182574429,3
0.3603369224919212,51.088335046931604,0.7994845182574429,3
0.3603369224919212,51.088335046931604,0.7994845182574429,3
0.3712409513843821,50.205791705730675,0.8247307918441904,3
0.3712409513843821,50.205791705730675,0.8247307918441904,3
0.3712409513843821,50.205791705730675,0.8247307918441904,3
0.3712409513843821,50.205791705730675,0.8247307918441904,3
0.3884182429370753,50.252593219218994,0.8422152195270778,3
0.38035225409642787,50.09933980283873,0.8325809517882075,3
0.3761879173227822,50.27902038137601,0.8120494051225989,3
0.3761879173227822,50.27902038137601,0.8120494051225989,3
0.3522838571776997,49.764088759958234,0.834006938007816,3
0.3522838571776997,49.764088759958234,0.834006938007816,3
0.34249129433622094,50.358957932873516,0.8464040112251635,3
0.34249129433622094,50.358957932873516,0.8464040112251635,3
0.34249129433622094,50.358957932873516,0.8464040112251635,3
0.34249129433622094,50.358957932873516,0.8464040112251635,3
0.32039583169902713,49.68906661901668,0.82735397762249,3
0.31852966360437657,49.94586234464991,0.8477078951792724,3
0.31852966360437657,49.94586234464991,0.8477078951792724,3
0.31852966360437657,49.94586234464991,0.8477078951792724,3
0.32049331699757283,49.75081776647312,0.8403057168993365,3
0.31708778582220287,49.77304813835451,0.856022018060656,3
0.3118690892275529,49.713557409709274,0.8525635161406473,3
0.3103833754008313,49.47796270400355,0.8437508671833231,3
0.3103833754008313,49.47796270400355,0.8437508671833231,3
0.30959022810170655,49.90597392096801,0.8298692076343223,3
0.30959022810170655,49.90597392096801,0.8298692076343223,3
0.31405662783041693,50.48325347045137,0.8297121427291603,3
0.3268601584178312,50.75279358734068,0.8043267770679126,3
0.3268601584178312,50.75279358734068,0.8043267770679126,3
0.3268601584178312,50.75279358734068,0.8043267770679126,3
0.3094686945172396,51.14640371025968,0.7805431895331846,3
0.3091961624998411,51.23063936199464,0.8050769406228472,3
0.3091961624998411,51.23063936199464,0.8050769406228472,3
0.3091961624998411,51.23063936199464,0.8050769406228472,3
0.3091961624998411,51.23063936199464,0.8050769406228472,3
0.3150904539979095,50.98118605906387,0.800850821185353,3
0.31502881342246986,50.501362160934505,0.7978506957272222,3
0.31502881342246986,50.501362160934505,0.7978506957272222,3
0.33004903970800686,50.15550955615898,0.8110045540922683,3
0.33004903970800686,50.15550955615898,0.8110045540922683,3
0.32977194418206185,50.72815474079082,0.809646591595584,3
0.32933444442625665,51.22549259366243,0.8046685166382794,3
0.33025678975305406,51.872695500015205,0.7889543811149914,3
0.32860944922513924,51.12376390922905,0.7720654143261183,3
0.32860944922513924,51.12376390922905,0.7720654143261183,3
0.31353693064535854,51.14877104315277,0.7686680711710919,3
0.3212585103511513,50.49717065073279,0.7889715120726027,3
0.3311708083690183,50.73076032383206,0.7702305276283239,3
0.3311708083690183,50.73076032383206,0.7702305276283239,3
0.3380851042024793,50.6589487042727,0.7743375153807663,3
0.34699978219398764,50.88269109470095,0.7823611440633859,3
0.33865434559455426,51.023129106125154,0.8112179858984002,3
0.33865434559455426,51.023129106125154,0.8112179858984002,3
0.33865434559455426,51.023129106125154,0.8112179858984002,3
0.34059360996953897,50.049811459976375,0.8046714291535288,3
0.33993821933896984,50.32582586341165,0.8322613008099196,3
0.3186909722699638,51.07638977965009,0.8135681714767725,3
0.3186909722699638,51.07638977965009,0.8135681714767725,3
0.3186909722699638,51.07638977965009,0.8135681714767725,3
0.3228902023406059,51.01340557847577,0.8249701416684937,3
0.33293850285321386,50.99383407123797,0.8156626217294707,3
0.33293850285321386,50.99383407123797,0.8156626217294707,3
0.3223459635094652,50.918624887097934,0.7983031671612155,3
0.3017143735038082,51.0939697639122,0.8391025270311079,3
0.3017143735038082,51.0939697639122,0.8391025270311079,3
0.3017143735038082,51.0939697639122,0.8391025270311079,3
0.3017143735038082,51.0939697639122,0.8391025270311079,3
0.3017143735038082,51.0939697639122,0.8391025270311079,3
0.32230559628346694,50.686033766892166,0.8176584853492436,3
0.3053855097667752,50.5453002550348,0.8298508793410058,3
0.3053855097667752,50.5453002550348,0.8298508793410058,3
0.3186666579052999,50.624425305711256,0.8499158271733916,3
0.30056069672044344,50.77457063777501,0.8347153726042439,3
0.30056069672044344,50.77457063777501,0.8347153726042439,3
0.29634860073801544,50.157368251127195,0.8453979652080883,3
0.29634860073801544,50.157368251127195,0.8453979652080883,3
0.29193503712716556,49.7489247009776,0.8351689637366057,3
0.29347515873055163,49.55093701572424,0.8532953611230443,3
0.29641854436388654,49.59568594761618,0.8616928275610996,3
0.2786827853463123,49.24509604610724,0.8669077739591696,3
0.2786827853463123,49.24509604610724,0.8669077739591696,3
0.28681532002801424,49.54001725129856,0.8766689559478603,3
0.29831262341560705,48.85387337512648,0.869544786056533,3
0.29831262341560705,48.85387337512648,0.869544786056533,3
0.32453131447633354,49.241928808287675,0.8857994564350722,3
0.3334596968281615,49.16484049637288,0.8824399553926026,3
0.3295762534288477,49.30568565108827,0.8738363667192969,3
0.3295762534288477,49.30568565108827,0.8738363667192969,3
0.3377964007918048,48.816940425752605,0.8738271182693491,3
0.3329162246861809,48.80580863533979,0.8642728707926635,3
0.35265374228384805,49.47127890631057,0.8443957868408111,3
0.35265374228384805,49.47127890631057,0.8443957868408111,3
0.3429118333695177,50.06309567158643,0.8213820514643888,3
0.3429118333695177,50.06309567158643,0.8213820514643888,3
0.34308941681341854,49.95019226153615,0.8455340352241678,3
0.33993058557352335,49.8825127550012,0.8522988840710297,3
0.3402907729008754,49.81232758303371,0.848235428648515,3
0.35896069260055935,50.1376068444206,0.8385230087237119,3
0.35860481939709493,49.8804773100179,0.8604266112621562,3
0.34987547461327606,49.368311764354246,0.8645628045302299,3
0.34708560942135896,49.41556324478944,0.8651605679262803,3
0.34708560942135896,49.41556324478944,0.8651605679262803,3
0.34708560942135896,49.41556324478944,0.8651605679262803,3
0.34708560942135896,49.41556324478944,0.8651605679262803,3
0.33789915290578915,50.117106440443465,0.8734967690688789,3
0.33789915290578915,50.117106440443465,0.8734967690688789,3
0.33525923763136234,49.83750228074415,0.8731754021360791,3
0.33525923763136234,49.83750228074415,0.8731754021360791,3
0.33109105993254734,49.052700838119236,0.8560169918204454,3
0.3452322286422625,49.242006277844965,0.8582297767991073,3
0.3227798458850413,49.61008879448738,0.8244175308274871,3
0.3227798458850413,49.61008879448738,0.8244175308274871,3
0.32588824902657776,49.84257434519366,0.8339224756512605,3
0.32991951880702364,49.818490746842286,0.8190131073088467,3
0.31683586299075067,50.596689815280556,0.7893258180095538,3
0.32214310670681756,50.78703886722494,0.7840149100294131,3
0.3233371665169393,50.87626302938703,0.7984036781019976,3
0.337522759150877,50.02293556803749,0.8265979298389281,3
0.337522759150877,50.02293556803749,0.8265979298389281,3
0.337522759150877,50.02293556803749,0.8265979298389281,3
0.337522759150877,50.02293556803749,0.8265979298389281,3
0.337522759150877,50.02293556803749,0.8265979298389281,3
0.3436224420556346,50.02504922022938,0.8418614137921615,3
0.3436224420556346,50.02504922022938,0.8418614137921615,3
0.350769613771904,49.88399295951282,0.829966467512323,3
0.350769613771904,49.88399295951282,0.829966467512323,3
0.3415918212283239,50.95105125902976,0.8000513551341231,3
0.3415918212283239,50.95105125902976,0.8000513551341231,3
0.3415918212283239,50.95105125902976,0.8000513551341231,3
0.3375352678037003,51.03737640684142,0.8167596061538719,3
0.33580192696238903,51.12355106308979,0.8028141169922479,3
0.3437989297132464,51.14687225285372,0.7927157889865318,3
0.3388549104322177,51.03111833237122,0.802746698463205,3
0.33303100907340044,50.85105675474711,0.8306193886235138,3
0.32780595529169365,50.58028430705598,0.8157443078117831,3
0.3153522136560197,50.441136434339704,0.8352363254102174,3
0.3153522136560197,50.441136434339704,0.8352363254102174,3
0.3206777013037505,50.04602522860697,0.8055049864056473,3
0.3058506731152576,50.46369105993613,0.8063337592291254,3
0.3058506731152576,50.46369105993613,0.8063337592291254,3
0.29888770211244425,50.254310740661076,0.8111654561187427,3
0.30703554700517666,50.22345772025696,0.7958387801796774,3
0.31057188681102105,50.37117806234794,0.8201665405848959,3
0.31417870901595973,49.80099299490415,0.8073801707960957,3
0.3171838214094168,50.675093895220115,0.8164807691245651,3
0.3094270255342716,49.755611550745144,0.8166954591705479,3
0.30024232901194536,49.71785845116319,0.8458485593908729,3
0.30024232901194536,49.71785845116319,0.8458485593908729,3
0.29481049188108893,50.18267020294199,0.8501001505730919,3
0.2997806313292186,50.30158114713379,0.8423664131428926,3
0.30877122042214245,50.05457041380926,0.812030564976282,3
0.30877122042214245,50.05457041380926,0.812030564976282,3
0.30877122042214245,50.05457041380926,0.812030564976282,3
0.316306466671918,50.66219187921755,0.8293004275618506,3
0.316306466671918,50.66219187921755,0.8293004275618506,3
0.316306466671918,50.66219187921755,0.8293004275618506,3
0.3288095227137206,50.77447472425352,0.8273454282667982,3
0.3288095227137206,50.77447472425352,0.8273454282667982,3
0.33381306111261705,50.68798507675748,0.8205843784631915,3
0.33381306111261705,50.68798507675748,0.8205843784631915,3
0.3351535252378385,49.71605812647326,0.820989796855193,3
0.34553619149439657,49.54199930289642,0.816176874928375,3
0.34178386771689934,49.753566244961824,0.8007144541562513,3
0.34096928821016353,50.3217492740939,0.7786450145191305,3
0.3336664831309728,50.65012060876343,0.754457038711652,3
0.34271328504919885,50.82004999517365,0.7609152118188575,3
0.34271328504919885,50.82004999517365,0.7609152118188575,3
0.33506078938241335,50.575475280207954,0.7552692951837612,3
0.3245657541782481,50.8442883408155,0.7812675069066121,3
0.34351267125885077,51.73809555584624,0.755567365183833,3
0.31849159060696147,52.18489160431172,0.7683366540222589,3
0.3215298606711598,52.1961294224158,0.751894236190864,3
0.31447628820604645,52.469741922976795,0.7367536252904325,3
0.3133388795563678,53.088152294932655,0.7322651990355675,3
0.32213641504958884,53.04341710820004,0.7477787947189156,3
0.30790777887422216,53.18528541937832,0.7313378838656374,3
0.3143976120362228,52.96633814514016,0.7323350787888966,3
0.2952232151586865,52.386979928274876,0.7513254822021087,3
0.2952232151586865,52.386979928274876,0.7513254822021087,3
0.2918494001198859,52.613210784003364,0.7670666484607529,3
0.31606257579945,52.323651197221764,0.7859291387976759,3
0.31606257579945,52.323651197221764,0.7859291387976759,3
0.3123017279201307,52.09632331133712,0.8024533109200269,3
0.3237668191409965,51.93697376690897,0.7821913300474799,3
0.31336533869243943,51.86148828101788,0.7873019792605488,3
0.30915632946868166,51.90284684600826,0.7778393979049791,3
0.30915632946868166,51.90284684600826,0.7778393979049791,3
0.31383060686668546,51.54812438081039,0.7474131298343353,3
0.32074694659276565,51.86836729704498,0.7626243139071759,3
0.3168853263527785,51.87032830583788,0.7594038523623251,3
0.3168853263527785,51.87032830583788,0.7594038523623251,3
0.31839727196422096,51.954502392849975,0.770034596757689,3
0.3234684155972505,50.88840392230854,0.7584397842410876,3
0.3185200662973767,50.642810130223175,0.7900766124931531,3
0.3304995496520797,50.49783311216267,0.811767231467248,3
0.3368402705899762,50.87299715314403,0.7921725409881383,3
0.3368402705899762,50.87299715314403,0.7921725409881383,3
0.3293568208050223,50.75506373851271,0.7934303462100831,3
0.3293568208050223,50.75506373851271,0.7934303462100831,3
0.32066247317372376,50.43401549957315,0.7937490949410421,3
0.31304953262804586,51.04287277518839,0.7962691780889223,3
0.3111033956658409,51.349212787419674,0.7929787201303969,3
0.301422291145669,51.352878838121725,0.7753440968206572,3
0.29923675065606464,50.87746260836372,0.7983756235386196,3
0.29923675065606464,50.87746260836372,0.7983756235386196,3
0.3109513143670336,51.07434099247082,0.7722974162141037,3
0.3012915233790072,51.23402137600936,0.7771364056146398,3
0.3099534404811975,51.102084055327786,0.7714528022433093,3
0.3261815811197973,51.355992557475275,0.7630773378369611,3
0.3248473852382742,50.988471160958404,0.7535884101871027,3
0.3098423690848237,50.74994708380803,0.7592991016822819,3
0.3098423690848237,50.74994708380803,0.7592991016822819,3
0.3098423690848237,50.74994708380803,0.7592991016822819,3
0.3196820908936246,50.763660922395175,0.7695140851610269,3
0.3196820908936246,50.763660922395175,0.7695140851610269,3
0.30934495259206873,51.38686042889164,0.7535099566829684,3
0.29937655320148165,51.32588551711217,0.7593777115242656,3
0.29937655320148165,51.32588551711217,0.7593777115242656,3
0.3144152446363391,51.25899080701456,0.7542887444879359,3
0.3144152446363391,51.25899080701456,0.7542887444879359,3
0.3144152446363391,51.25899080701456,0.7542887444879359,3
0.30000139947624804,50.955818734424525,0.7631657997066921,3
0.3021674532249654,51.66631375030619,0.7661204973133291,3
0.3034202512678771,52.23364148912824,0.7715983817267423,3
0.2953283775906655,51.85470384992388,0.7879297164691802,3
0.2855684512524749,51.99300990579846,0.7892262742333573,3
0.2887204331880569,51.44543999005248,0.7804202079017867,3
0.27176677642613606,50.41070501441543,0.7872601556752038,3
0.27176677642613606,50.41070501441543,0.7872601556752038,3
0.27869748152839047,50.31512127360663,0.8008904532082697,3
0.27869748152839047,50.31512127360663,0.8008904532082697,3
0.27860986932561843,50.32056358975074,0.810053881408737,3
0.2912827878963708,50.5535426002766,0.809113202106709,3
0.27740200904563816,50.32903950608231,0.7989826638905096,3
0.27740200904563816,50.32903950608231,0.7989826638905096,3
0.27740200904563816,50.32903950608231,0.7989826638905096,3
0.27740200904563816,50.32903950608231,0.7989826638905096,3
0.2780808240846593,50.721846879886535,0.8089984091458555,3
0.2780808240846593,50.721846879886535,0.8089984091458555,3
0.27256660736373417,49.984425851509435,0.8327588425538286,3
0.2707654615672561,50.13675247730651,0.841429297902701,3
0.27867169388599045,50.380357840700874,0.8318919830436793,3
0.27724986675199725,50.105563673862704,0.8468245245566038,3
0.27724986675199725,50.105563673862704,0.8468245245566038,3
0.27724986675199725,50.105563673862704,0.8468245245566038,3
0.27724986675199725,50.105563673862704,0.8468245245566038,3
0.2778616428111756,49.531163703152075,0.8669790121555744,3
0.28558349200094313,49.87026610783351,0.8343536056083128,3
0.2858691405234487,49.64669184995905,0.8228062795788438,3
0.2887445822226898,50.06569024975134,0.8120051693914525,3
0.2887445822226898,50.06569024975134,0.8120051693914525,3
0.2943510183130037,49.99153292611974,0.8127746667381591,3
0.2943510183130037,49.99153292611974,0.8127746667381591,3
0.2943510183130037,49.99153292611974,0.8127746667381591,3
0.29119384230876844,50.69242991333058,0.7898313300730724,3
0.29119384230876844,50.69242991333058,0.7898313300730724,3
0.2741664506193149,50.20720918784833,0.8141603195544508,3
0.26412527030043237,51.16393140927637,0.7974041649135933,3
0.2606513676901553,51.63767720245868,0.8050465557225542,3
0.234635805634782,51.4438235373807,0.8086530381438282,3
0.234635805634782,51.4438235373807,0.8086530381438282,3
0.234635805634782,51.4438235373807,0.8086530381438282,3
0.22217930154899318,51.30021096361391,0.7756868042406873,3
0.24875612833593813,51.0954326994941,0.7879287972377492,3
0.24875612833593813,51.0954326994941,0.7879287972377492,3
0.24875612833593813,51.0954326994941,0.7879287972377492,3
0.24875612833593813,51.0954326994941,0.7879287972377492,3
0.23558639275580465,50.663527457816514,0.8091889801285088,3
0.23558639275580465,50.663527457816514,0.8091889801285088,3
0.2508242612817666,50.93884288498575,0.7926684196026212,3
0.2508242612817666,50.93884288498575,0.7926684196026212,3
0.2588874287228903,51.03092876629866,0.796010370062832,3
0.2652185129940095,51.11282300148708,0.8191689708668379,3
0.25716754863093855,51.25170224380378,0.8207501219647858,3
0.25588772332482146,50.46319182099908,0.8051064749212098,3
0.25284490916093344,50.74767310425359,0.7966845378698983,3
0.26530726653025494,51.023042959872754,0.8191642027105912,3
0.27195306513110556,50.56767055076648,0.8458467535805435,3
0.25596755123886417,50.54220384917972,0.840311881109326,3
0.25972484449587063,50.60635217762928,0.8337502153909566,3
0.25972484449587063,50.60635217762928,0.8337502153909566,3
0.25972484449587063,50.60635217762928,0.8337502153909566,3
0.25972484449587063,50.60635217762928,0.8337502153909566,3
0.25972484449587063,50.60635217762928,0.8337502153909566,3
0.25972484449587063,50.60635217762928,0.8337502153909566,3
0.2686478975328985,51.43183715126739,0.811727232311202,3
0.2686478975328985,51.43183715126739,0.811727232311202,3
0.271405972249628,51.59242102742509,0.7974378946893236,3
0.26958123610623086,51.72778946144104,0.794495381228341,3
0.26958123610623086,51.72778946144104,0.794495381228341,3
0.26176813644588787,51.255742120922456,0.8046832091928832,3
0.2574364777757179,51.138585268972626,0.7985755785969064,3
0.2521689476487716,51.45772447543346,0.8030154549549932,3
0.27010171287882545,51.902176831590204,0.7987400824459068,3
0.26843387692722454,51.55473166558769,0.8153317402652904,3
0.26843387692722454,51.55473166558769,0.8153317402652904,3
0.26843387692722454,51.55473166558769,0.8153317402652904,3
0.2610845901390174,51.055808680505294,0.7972116690056197,3
0.2552343368466229,51.62758733305542,0.7864466833632963,3
0.2552343368466229,51.62758733305542,0.7864466833632963,3
0.2544870173575152,51.05551211907819,0.8210663068765073,3
0.2544870173575152,51.05551211907819,0.8210663068765073,3
0.26063110135191253,50.309320454032395,0.8376545331441929,3
0.23861968299242672,50.74906962082619,0.8426682963455391,3
0.23861968299242672,50.74906962082619,0.8426682963455391,3
0.24962237888839878,50.220079366569784,0.8375470803760887,3
0.24962237888839878,50.220079366569784,0.8375470803760887,3
0.24603788268092774,50.0754202239532,0.861119039231242,3
0.24588010843139316,50.27579841752421,0.8752360073942209,3
0.23756557903446238,50.61257061823029,0.8398364603704773,3
0.23756557903446238,50.61257061823029,0.8398364603704773,3
0.23756557903446238,50.61257061823029,0.8398364603704773,3
0.24291701369566104,50.92221856308776,0.8213415875877302,3
0.22200161464268348,50.841834071026284,0.8251214482568976,3
0.22200161464268348,50.841834071026284,0.8251214482568976,3
0.22200161464268348,50.841834071026284,0.8251214482568976,3
0.21079284715089297,50.48684929860178,0.8539871016425444,3
0.2075358207354281,50.633152600184694,0.8550790022344434,3
0.21596148506032545,50.41756381219364,0.827554490116075,3
0.22456758578539376,50.64347495064832,0.8097720124168362,3
0.2330501712336039,51.74349027283466,0.8150468329744609,3
0.22065367995841106,51.58662564993957,0.8166458740316612,3
0.21415056042870395,51.63546395679729,0.8246023802157108,3
0.21415056042870395,51.63546395679729,0.8246023802157108,3
0.20947149384324643,51.54210274197792,0.8120793052660397,3
0.21237879777773488,51.455344649054354,0.8130960133175413,3
0.18576493423956544,51.5291351219205,0.8201373832407496,3
0.17345863642424544,51.70193026186278,0.8386027030013782,3
0.18027846506060025,50.87154826907634,0.8083019680998689,3
0.18027846506060025,50.87154826907634,0.8083019680998689,3
0.18027846506060025,50.87154826907634,0.8083019680998689,3
0.1910887456136861,51.81522884363202,0.8189277021947126,3
0.1910887456136861,51.81522884363202,0.8189277021947126,3
0.1910887456136861,51.81522884363202,0.8189277021947126,3
0.20447657853840678,50.693392934666825,0.816075558139347,3
0.20447657853840678,50.693392934666825,0.816075558139347,3
0.20047290067266502,50.83207986413112,0.8161180977160729,3
0.19200322816665272,51.057095880966294,0.8297793080605143,3
0.19200322816665272,51.057095880966294,0.8297793080605143,3
0.1821419798201382,51.33668316824895,0.8261260136251798,3
0.18030160462658693,50.94010392775118,0.8608118127015085,3
0.19767971445707383,50.756160172128745,0.8405392543272905,3
0.19222247483696758,50.82035692121237,0.8496029950845312,3
0.18425681098243415,50.59438330079251,0.8436124601534922,3
0.1704421560245898,50.96520422976612,0.8641515187487583,3
0.16907994034887344,51.091398491760884,0.8627185803958445,3
0.16907994034887344,51.091398491760884,0.8627185803958445,3
0.17489541732268604,50.49239592392583,0.8620385635201464,3
0.19116309390796907,50.18370861380206,0.8631424775054176,3
0.20061380808299062,50.078351674658784,0.841830802151474,3
0.21844396183688986,50.05404300405625,0.854106196621923,3
0.22030213420753778,50.41783069124117,0.8544080131863098,3
0.21555539663477555,51.17869595256537,0.8447318583470566,3
0.2071869678122549,51.316544183246016,0.8255892805479739,3
0.21470065281148693,51.18052144028626,0.8237000768819712,3
0.20696636423824963,50.85834880837644,0.8301418384335697,3
0.20924081673819878,50.98048467927552,0.8538818073448948,3
0.2043887783662257,50.13625013626377,0.8516725659441563,3
0.20692065203218837,50.35220005113357,0.8654999385794575,3
0.22446744085984283,50.47867503276283,0.8492207955492536,3
0.22446744085984283,50.47867503276283,0.8492207955492536,3
0.22446744085984283,50.47867503276283,0.8492207955492536,3
0.241341310884566,50.25585234771242,0.8609846675956512,3
0.2533168679498536,49.88559621496304,0.8660054646400742,3
0.2533168679498536,49.88559621496304,0.8660054646400742,3
0.26546797729630134,50.47091602334195,0.8658886096383794,3
0.26546797729630134,50.47091602334195,0.8658886096383794,3
0.28625748943500107,50.49493444030094,0.8423692618508151,3
0.28625748943500107,50.49493444030094,0.8423692618508151,3
0.27665300129766085,50.52884344085097,0.8212023939688297,3
0.27863098039429907,50.5238657050288,0.8146142899716835,3
0.27957711526827894,49.8976218105039,0.8228548430116672,3
0.27957711526827894,49.8976218105039,0.8228548430116672,3
0.2743176618478776,50.61172488582819,0.8108360156100666,3
0.28986106668981193,50.74236092965487,0.8144654677505881,3
0.2945785435363372,50.45073323592554,0.8062320458560143,3
0.30592194049451216,50.32955066561002,0.8115238684844,3
0.3047278365263588,50.36508825100487,0.8136754290134991,3
0.3015815595304316,50.097044954348696,0.8490751376812508,3
0.3015815595304316,50.097044954348696,0.8490751376812508,3
0.2978275406830179,50.4136174701256,0.8340422908072191,3
0.311766508375105,49.26690204062937,0.8352285205429961,3
0.2970708346207484,49.70750198591458,0.8334872942585191,3
0.30021465047594587,49.83296937281941,0.8672876085721377,3
0.3039100831351027,49.6541792820672,0.8357125066753822,3
0.30758913722863285,51.181955718485405,0.7951860352962319,3
0.30062087435173235,50.76011881978079,0.7878892272934372,3
0.3018515344767613,51.10283357979117,0.7753999238073345,3
0.28114389639676224,51.001141826171256,0.7979810229650373,3
0.28114389639676224,51.001141826171256,0.7979810229650373,3
0.2851128729104432,51.055178627939426,0.8079553500156045,3
0.2851128729104432,51.055178627939426,0.8079553500156045,3
0.2851128729104432,51.055178627939426,0.8079553500156045,3
0.2851128729104432,51.055178627939426,0.8079553500156045,3
0.2851128729104432,51.055178627939426,0.8079553500156045,3
0.2851128729104432,51.055178627939426,0.8079553500156045,3
0.2888797412933904,50.63120696968219,0.8148500644954824,3
0.276109655378291,50.416335859752316,0.8073743962348228,3
0.26665828087854615,50.621832397795735,0.8201845334394995,3
0.25248879837522037,51.1974879600288,0.8122071594905903,3
0.2628919058802106,50.59058866817169,0.7963877137616743,3
0.2615554583075216,51.002312509359136,0.8337149163574263,3
0.260657959525129,49.83240765618173,0.8493881584845439,3
0.260657959525129,49.83240765618173,0.8493881584845439,3
0.260657959525129,49.83240765618173,0.8493881584845439,3
0.260657959525129,49.83240765618173,0.8493881584845439,3
0.260657959525129,49.83240765618173,0.8493881584845439,3
0.2576080138310476,49.947204797916115,0.8563368803066335,3
0.2606442400792654,50.08602082352794,0.8540846370523065,3
0.2606442400792654,50.08602082352794,0.8540846370523065,3
0.2606442400792654,50.08602082352794,0.8540846370523065,3
0.2651354481454395,50.49337156401409,0.8340609607753672,3
0.26101508418873837,50.934066795576925,0.8419490332766275,3
0.26101508418873837,50.934066795576925,0.8419490332766275,3
0.26101508418873837,50.934066795576925,0.8419490332766275,3
0.2618987485284756,50.860738494254186,0.8476929737183644,3
0.2618987485284756,50.860738494254186,0.8476929737183644,3
0.26992239626541936,51.08224203331323,0.8132961365351773,3
0.2784497996462522,51.48403518444251,0.8104718904343646,3
0.2889616507856486,51.70249143856254,0.7959433682333964,3
0.2889616507856486,51.70249143856254,0.7959433682333964,3
0.2889616507856486,51.70249143856254,0.7959433682333964,3
0.2937200348707914,51.84022919658381,0.768755129101257,3
0.2937200348707914,51.84022919658381,0.768755129101257,3
0.2937200348707914,51.84022919658381,0.768755129101257,3
0.3088142243047978,51.694505066954044,0.7669554502991734,3
0.30497578029101097,51.750034101442765,0.756130508607524,3
0.2966934396804422,51.68551703492287,0.7673126789583034,3
0.3096004568158643,51.49317412054803,0.7641950138058771,3
0.3085264368489023,50.953767435987594,0.7787582256422373,3
0.3137160930986004,51.12190062130089,0.7722366816677438,3
0.3137160930986004,51.12190062130089,0.7722366816677438,3
0.3181944897620601,51.4399774413899,0.7791953295444372,3
0.30828178985589066,51.72064770044665,0.7726184471756112,3
0.31445126262399103,51.83593737005961,0.7902340811441753,3
0.3029333214130398,50.9538152520601,0.7586294874854257,3
0.3157418318627931,51.515710578869665,0.7838350997081652,3
0.31639267128705845,51.49505411640291,0.8005060679531864,3
0.3150039325518262,51.95663682098947,0.7727155287658485,3
0.3150039325518262,51.95663682098947,0.7727155287658485,3
0.3087491039033307,51.20901915712869,0.7659375828222478,3
0.30982150613822196,50.8594016202078,0.7494126153056424,3
0.30029684630399267,51.53389199889838,0.7774587263259036,3
0.32430259035122233,51.34623794931174,0.7626093203502688,3
0.32430259035122233,51.34623794931174,0.7626093203502688,3
0.326255336171806,51.62860461292351,0.7681240296524505,3
0.326255336171806,51.62860461292351,0.7681240296524505,3
0.326255336171806,51.62860461292351,0.7681240296524505,3
0.326255336171806,51.62860461292351,0.7681240296524505,3
0.326255336171806,51.62860461292351,0.7681240296524505,3
0.326255336171806,51.62860461292351,0.7681240296524505,3
0.326255336171806,51.62860461292351,0.7681240296524505,3
0.326255336171806,51.62860461292351,0.7681240296524505,3
0.32142834442105994,51.547640859664305,0.7883862815596928,3
0.32142834442105994,51.547640859664305,0.7883862815596928,3
0.32142834442105994,51.547640859664305,0.7883862815596928,3
0.30552222800356316,51.67706893243776,0.8039918377376933,3
0.29674346712817884,51.3771974451059,0.78287185227789,3
0.29674346712817884,51.3771974451059,0.78287185227789,3
0.2928734536031333,51.89189517094081,0.7880580279343636,3
0.29691747719544,51.56280523620782,0.7983342215994139,3
0.29691747719544,51.56280523620782,0.7983342215994139,3
0.30381623986279643,51.26961121337048,0.7982914680064669,3
0.2992878424845166,50.640883711165614,0.8055554210628599,3
0.2992878424845166,50.640883711165614,0.8055554210628599,3
0.2885434097879055,51.04341217965998,0.7881705798705134,3
0.28176721554597745,51.325988509972106,0.8014730968880388,3
0.2777353250022306,51.67947819165693,0.8011129711462892,3
0.2770758605769236,51.32516006039247,0.777708568184,3
0.25756363944858546,51.319388961674306,0.7903818913076505,3
0.25756363944858546,51.319388961674306,0.7903818913076505,3
0.24005463438727717,51.33781964788156,0.7922618161498388,3
0.23723506684936863,50.870287765513694,0.8021671184148619,3
0.23723506684936863,50.870287765513694,0.8021671184148619,3
0.24055841211690238,51.3105935120621,0.7929743043300127,3
0.24055841211690238,51.3105935120621,0.7929743043300127,3
0.23567484648948706,51.66108406215209,0.7809854514509141,3
0.23567484648948706,51.66108406215209,0.7809854514509141,3
0.23567484648948706,51.66108406215209,0.7809854514509141,3
0.23567484648948706,51.66108406215209,0.7809854514509141,3
0.24210743256111497,51.9334249491226,0.8024060216314102,3
0.22973753951449669,52.11121677264165,0.775957006886517,3
0.21683985145933712,51.79778155508739,0.7911729549187578,3
0.20253302971705198,51.794891825004015,0.7904522166476513,3
0.20253302971705198,51.794891825004015,0.7904522166476513,3
0.2115567589537709,51.62717726197984,0.8035217275840097,3
0.19249053256981322,50.76361646289561,0.834829150301784,3
0.19249053256981322,50.76361646289561,0.834829150301784,3
0.19249053256981322,50.76361646289561,0.834829150301784,3
0.19249053256981322,50.76361646289561,0.834829150301784,3
0.19249053256981322,50.76361646289561,0.834829150301784,3
0.19249053256981322,50.76361646289561,0.834829150301784,3
0.20385763534454987,50.4398376814146,0.8398557773583133,3
0.20385763534454987,50.4398376814146,0.8398557773583133,3
0.20385763534454987,50.4398376814146,0.8398557773583133,3
0.2116862977441346,50.25572018183678,0.8468524023376759,3
0.20680276968374542,50.29043226782923,0.8559507192036601,3
0.2055209981016268,50.78165163725793,0.8702002614676349,3
0.2055209981016268,50.78165163725793,0.8702002614676349,3
0.20504426539611487,49.845081273020995,0.8731578134507835,3
0.20504426539611487,49.845081273020995,0.8731578134507835,3
0.20504426539611487,49.845081273020995,0.8731578134507835,3
0.20504426539611487,49.845081273020995,0.8731578134507835,3
0.2146552058424936,49.72926623304036,0.8814002417289621,3
0.2146552058424936,49.72926623304036,0.8814002417289621,3
0.21753786167710704,49.846911886834455,0.8529004041981197,3
0.21753786167710704,49.846911886834455,0.8529004041981197,3
0.21194957428945108,49.598189642526606,0.857464753700373,3
0.20713729698829045,49.49778456421333,0.8725576782852376,3
0.21473468546344765,49.700001577359956,0.8825431753708959,3
0.21473468546344765,49.700001577359956,0.8825431753708959,3
0.21473468546344765,49.700001577359956,0.8825431753708959,3
0.21473468546344765,49.700001577359956,0.8825431753708959,3
0.22143196720048636,49.49164023907778,0.8544947950320696,3
0.2234194275373157,49.62745206862809,0.8565599518024449,3
0.2234194275373157,49.62745206862809,0.8565599518024449,3
0.22748881651721403,49.84623599046272,0.8563698832769496,3
0.22748881651721403,49.84623599046272,0.8563698832769496,3
0.21556630837112745,50.08987235647051,0.8527893147953133,3
0.21556630837112745,50.08987235647051,0.8527893147953133,3
0.21556630837112745,50.08987235647051,0.8527893147953133,3
0.1921856524026091,50.354770263374746,0.8602653346588716,3
0.1787910459969913,50.676412218572054,0.8282197349226633,3
0.1634011692672012,50.22595743544183,0.8595360818273675,3
0.1634011692672012,50.22595743544183,0.8595360818273675,3
0.15911642351969257,51.03904652522742,0.838779547657007,3
0.15911642351969257,51.03904652522742,0.838779547657007,3
0.15911642351969257,51.03904652522742,0.838779547657007,3
0.15911642351969257,51.03904652522742,0.838779547657007,3
0.15911642351969257,51.03904652522742,0.838779547657007,3
0.1449392597198622,51.183227548738245,0.8569043465167735,3
0.1501907616217846,51.66483742492819,0.8353854851950897,3
0.1501907616217846,51.66483742492819,0.8353854851950897,3
0.15195168919665655,51.916645079818835,0.8345461719932656,3
0.15195168919665655,51.916645079818835,0.8345461719932656,3
0.14279928123070726,51.491961204355334,0.8013822255614758,3
0.1443978019575117,51.15827417814203,0.7904297281294888,3
0.1443978019575117,51.15827417814203,0.7904297281294888,3
0.1443978019575117,51.15827417814203,0.7904297281294888,3
0.1443978019575117,51.15827417814203,0.7904297281294888,3
0.1443978019575117,51.15827417814203,0.7904297281294888,3
0.1547139928021786,50.890185453831386,0.803397916133164,3
0.1547139928021786,50.890185453831386,0.803397916133164,3
0.16043638173764754,50.81555521918914,0.8215240986669958,3
0.18088838016029823,50.30674138183736,0.8563717775279662,3
0.18088838016029823,50.30674138183736,0.8563717775279662,3
0.18088838016029823,50.30674138183736,0.8563717775279662,3
0.18313637499788626,50.47196805491201,0.8315599180329473,3
0.17206260210881077,50.68347977007686,0.8514516889323327,3
0.17206260210881077,50.68347977007686,0.8514516889323327,3
0.17206260210881077,50.68347977007686,0.8514516889323327,3
0.16639149986086446,50.665931399534,0.8491369625329214,3
0.16639149986086446,50.665931399534,0.8491369625329214,3
0.1818996222241162,50.45227192773306,0.8325829464074523,3
0.17957681015534285,50.66725731565072,0.8463108634208559,3
0.17957681015534285,50.66725731565072,0.8463108634208559,3
0.17957681015534285,50.66725731565072,0.8463108634208559,3
0.197758633558912,50.41328208315513,0.821983208926081,3
0.197758633558912,50.41328208315513,0.821983208926081,3
0.20155126321858816,51.23356307838319,0.8341149670931466,3
0.21413253607120988,51.181486172453084,0.8197694936654238,3
0.20667003223878622,51.23512985460352,0.8462937574042826,3
0.20667003223878622,51.23512985460352,0.8462937574042826,3
0.20645246650111504,51.25337139981128,0.8289018422621296,3
0.2115142549833716,51.85011831789094,0.8245396982688945,3
0.2115142549833716,51.85011831789094,0.8245396982688945,3
0.20675028806401963,51.8887237084857,0.8184122672765504,3
0.20675028806401963,51.8887237084857,0.8184122672765504,3
0.21357120965132462,51.402794552855305,0.8328908143777082,3
0.21357120965132462,51.402794552855305,0.8328908143777082,3
0.20453156893888208,51.13067943657264,0.8264447981773361,3
0.20107741911050114,51.30979342837355,0.8302482777491025,3
0.19496648633750122,50.940337632943624,0.8284293703860511,3
0.19496648633750122,50.940337632943624,0.8284293703860511,3
0.19496648633750122,50.940337632943624,0.8284293703860511,3
0.1878952529600823,51.228312520352674,0.8309579328235802,3
0.1878952529600823,51.228312520352674,0.8309579328235802,3
0.18110292377814763,50.62196805136268,0.8688300960650918,3
0.18110292377814763,50.62196805136268,0.8688300960650918,3
0.18110292377814763,50.62196805136268,0.8688300960650918,3
0.1871522510885279,50.73241259325913,0.8481408614989978,3
0.1805501724563102,50.721098193694104,0.8300566118133128,3
0.1805501724563102,50.721098193694104,0.8300566118133128,3
0.1805501724563102,50.721098193694104,0.8300566118133128,3
0.17690352350518754,51.02247949554521,0.8443298314782075,3
0.17690352350518754,51.02247949554521,0.8443298314782075,3
0.17690352350518754,51.02247949554521,0.8443298314782075,3
0.18823650912725998,50.650297209714594,0.8435582043009582,3
0.18823650912725998,50.650297209714594,0.8435582043009582,3
0.18823650912725998,50.650297209714594,0.8435582043009582,3
0.18823650912725998,50.650297209714594,0.8435582043009582,3
0.18823650912725998,50.650297209714594,0.8435582043009582,3
0.19010539776869062,51.086033298766175,0.829161159251265,3
0.17714573465809041,51.18558846267216,0.8266875751443347,3
0.17714573465809041,51.18558846267216,0.8266875751443347,3
0.19884885433626673,51.588217462281094,0.8088550509741127,3
0.19884885433626673,51.588217462281094,0.8088550509741127,3
0.19762733973727092,51.80226934237717,0.8041072170190791,3
0.19762733973727092,51.80226934237717,0.8041072170190791,3
0.17973697009081543,51.80261773249899,0.7989330867461908,3
0.17973697009081543,51.80261773249899,0.7989330867461908,3
0.17973697009081543,51.80261773249899,0.7989330867461908,3
0.17973697009081543,51.80261773249899,0.7989330867461908,3
0.1829944867085157,51.6247888301354,0.7985784055888547,3
0.16655149220896048,51.2924112653914,0.8082613074018653,3
0.17260562625684592,50.82410255926397,0.8167598626033522,3
0.17152051839260984,50.674745343028746,0.845503824644062,3
0.1624322772045198,50.40234926925277,0.8323783640866628,3
0.1624322772045198,50.40234926925277,0.8323783640866628,3
0.1624322772045198,50.40234926925277,0.8323783640866628,3
0.15898442146423836,50.358475122314026,0.8350223056041587,3
0.13539928869837908,50.37542202635374,0.8441479471271038,3
0.13539928869837908,50.37542202635374,0.8441479471271038,3
0.13539928869837908,50.37542202635374,0.8441479471271038,3
0.13539928869837908,50.37542202635374,0.8441479471271038,3
0.1398492766662053,50.648341793669815,0.8551893976686226,3
0.14698738095484595,50.10796005445693,0.8616132795583528,3
0.12789326750924493,50.54016313086413,0.8536916940522125,3
0.11845232291885884,50.44442029888862,0.8847253208830792,3
0.11845232291885884,50.44442029888862,0.8847253208830792,3
0.1409266158705426,51.17991562611606,0.8300106650678807,3
0.14397509252758797,51.24936710993996,0.8092051337947415,3
0.14397509252758797,51.24936710993996,0.8092051337947415,3
0.13418914670932652,51.26186147477654,0.8142174230925889,3
0.14001834479432532,52.134910012362546,0.8224459661060153,3
0.14001834479432532,52.134910012362546,0.8224459661060153,3
0.14618257305103366,51.75644806731552,0.8210168610605314,3
0.1444933925167365,52.107670427512566,0.8163070592289067,3
0.1444933925167365,52.107670427512566,0.8163070592289067,3
0.1444933925167365,52.107670427512566,0.8163070592289067,3
0.155138112944092,52.24282224822095,0.8489006353943546,3
0.1673318312995021,52.14736762551711,0.8301957436228395,3
0.1673318312995021,52.14736762551711,0.8301957436228395,3
0.1860725885675069,50.70239396344238,0.8014455336071107,3
0.1860725885675069,50.70239396344238,0.8014455336071107,3
0.17698621992501623,51.4393881931715,0.8138512974677425,3
0.18138306311334498,51.73703074474047,0.8148749098080715,3
0.18138306311334498,51.73703074474047,0.8148749098080715,3
0.18138306311334498,51.73703074474047,0.8148749098080715,3
0.1642048174529697,51.35484019382192,0.8109597901841024,3
0.1642048174529697,51.35484019382192,0.8109597901841024,3
0.16209949078381425,51.82273653075631,0.8238556025392394,3
0.16209949078381425,51.82273653075631,0.8238556025392394,3
0.16209949078381425,51.82273653075631,0.8238556025392394,3
0.16209949078381425,51.82273653075631,0.8238556025392394,3
0.16209949078381425,51.82273653075631,0.8238556025392394,3
0.16209949078381425,51.82273653075631,0.8238556025392394,3
0.16209949078381425,51.82273653075631,0.8238556025392394,3
0.17416003880801864,51.61694271278074,0.8442850121029313,3
0.17416003880801864,51.61694271278074,0.8442850121029313,3
0.17416003880801864,51.61694271278074,0.8442850121029313,3
0.17133510375543015,51.2508059621707,0.8561920040673751,3
0.1568554308949847,50.68975077222645,0.856935335286749,3
0.1568554308949847,50.68975077222645,0.856935335286749,3
0.1568554308949847,50.68975077222645,0.856935335286749,3
0.15193255174941575,49.76735933940171,0.87522404329207,3
0.14688157461636103,50.213935323911635,0.8652353877571184,3
0.14902576272820212,49.974269472925414,0.8729156694557632,3
0.14902576272820212,49.974269472925414,0.8729156694557632,3
0.14895250368003493,49.622031995879844,0.8922683938387451,3
0.14895250368003493,49.622031995879844,0.8922683938387451,3
0.14895250368003493,49.622031995879844,0.8922683938387451,3
0.13829322609239916,50.292593734319425,0.8667323022150852,3
0.13683110285312947,50.167101789804,0.8718928908355962,3
0.13683110285312947,50.167101789804,0.8718928908355962,3
0.14454554023679841,49.979879942607674,0.8660070801111021,3
0.12833898349837433,49.853572167069444,0.8505073730803535,3
0.12833898349837433,49.853572167069444,0.8505073730803535,3
0.12833898349837433,49.853572167069444,0.8505073730803535,3
0.12964535637647212,49.782431226585366,0.8619827358789784,3
0.13288496944704692,50.009958109214395,0.849902878271574,3
0.15774069343760144,50.051599665750196,0.824059394178651,3
0.15124870255282413,50.314272829882526,0.832890222513653,3
0.15124870255282413,50.314272829882526,0.832890222513653,3
0.1360630193288572,50.62206606911861,0.8682154475455411,3
0.1343274908992625,50.31509699638297,0.8550833469983568,3
0.1343274908992625,50.31509699638297,0.8550833469983568,3
0.12026443021280495,50.56051712110479,0.8443842016275703,3
0.1264615494856966,50.08909795965138,0.851329835865812,3
0.11463366292585406,50.175069188003306,0.8516885975892348,3
0.11463366292585406,50.175069188003306,0.8516885975892348,3
0.10879997392305162,50.07910319839896,0.8619758704167143,3
0.13746589134399417,50.02890289449558,0.8546392332142396,3
0.13746589134399417,50.02890289449558,0.8546392332142396,3
0.12696483659092545,50.29584263451417,0.8605711449137072,3
0.12811080272066858,50.5339395601385,0.8579094189005464,3
0.12811080272066858,50.5339395601385,0.8579094189005464,3
0.12811080272066858,50.5339395601385,0.8579094189005464,3
0.12811080272066858,50.5339395601385,0.8579094189005464,3
0.12811080272066858,50.5339395601385,0.8579094189005464,3
0.11983303411544648,49.391985895618696,0.9004890284923537,3
0.11983303411544648,49.391985895618696,0.9004890284923537,3
0.118857459131937,49.627865518782855,0.8881277418254948,3
0.118857459131937,49.627865518782855,0.8881277418254948,3
0.118857459131937,49.627865518782855,0.8881277418254948,3
0.118857459131937,49.627865518782855,0.8881277418254948,3
0.118857459131937,49.627865518782855,0.8881277418254948,3
0.09783602663928449,49.73687150278541,0.8673488409538499,3
0.08504239435735948,49.88434658599158,0.8739526657481229,3
0.08504239435735948,49.88434658599158,0.8739526657481229,3
0.07460327813243556,50.00691970622858,0.8753888101339317,3
0.07460327813243556,50.00691970622858,0.8753888101339317,3
0.07505117390358666,50.774177910228104,0.8476226763298524,3
0.05800998376183486,50.628733738645906,0.8545198500864393,3
0.05800998376183486,50.628733738645906,0.8545198500864393,3
0.06539435344742878,50.66803954822458,0.8774829427258546,3
0.06539435344742878,50.66803954822458,0.8774829427258546,3
0.06539435344742878,50.66803954822458,0.8774829427258546,3
0.06539435344742878,50.66803954822458,0.8774829427258546,3
0.06279260179027069,51.43180694811022,0.8600998096358762,3
0.07254419313455641,51.2461958064213,0.8492039271096875,3
0.07254419313455641,51.2461958064213,0.8492039271096875,3
0.07538208633925822,50.69009959133756,0.8595331020399,3
0.08661362483377515,50.148717825189095,0.8605569842137456,3
0.07945601649063942,50.1528515998507,0.8639302516495,3
0.07945601649063942,50.1528515998507,0.8639302516495,3
0.07945601649063942,50.1528515998507,0.8639302516495,3
0.07945601649063942,50.1528515998507,0.8639302516495,3
0.09170274683494917,51.102761277517295,0.8780051894770604,3
0.09237852228589545,50.46336868586708,0.846135203195333,3
0.09993263894150342,50.804485317879404,0.8337528601513715,3
0.09489979803855621,51.59737088613204,0.8580896961854144,3
0.09924951528003402,51.3937724763139,0.8526457760054234,3
0.09924951528003402,51.3937724763139,0.8526457760054234,3
0.09961541191493348,51.883306128178845,0.8460181061523179,3
0.09961541191493348,51.883306128178845,0.8460181061523179,3
0.09961541191493348,51.883306128178845,0.8460181061523179,3
0.09961541191493348,51.883306128178845,0.8460181061523179,3
0.09961541191493348,51.883306128178845,0.8460181061523179,3
0.08933570731361005,51.77656602270605,0.830273246822084,3
0.08933570731361005,51.77656602270605,0.830273246822084,3
0.08933570731361005,51.77656602270605,0.830273246822084,3
0.09284254320681645,51.91946527311055,0.8352888222408468,3
0.09284254320681645,51.91946527311055,0.8352888222408468,3
0.09284254320681645,51.91946527311055,0.8352888222408468,3
0.10190492926101907,52.12651704610468,0.8276200119057912,3
0.12031544071889735,51.61545503403206,0.8347216568884471,3
0.12031544071889735,51.61545503403206,0.8347216568884471,3
0.12031544071889735,51.61545503403206,0.8347216568884471,3
0.12031544071889735,51.61545503403206,0.8347216568884471,3
0.12031544071889735,51.61545503403206,0.8347216568884471,3
0.12031544071889735,51.61545503403206,0.8347216568884471,3
0.12031544071889735,51.61545503403206,0.8347216568884471,3
0.12442085184788104,51.223507468864355,0.8409373520668035,3
0.13875562672205988,51.01923842083203,0.835954394504198,3
0.13833065539822537,51.30209080544486,0.8453180694744419,3
0.1409298678999547,51.336934749525234,0.8241471555304111,3
0.15001198589404124,50.61316880364816,0.8505083926376331,3
0.14921772685752682,49.89354235585857,0.8554435972820281,3
0.14921772685752682,49.89354235585857,0.8554435972820281,3
0.14921772685752682,49.89354235585857,0.8554435972820281,3
0.16834892590992617,49.798562945636704,0.8679309545950518,3
0.1735911324352487,49.671488454725406,0.8867885016863574,3
0.1735911324352487,49.671488454725406,0.8867885016863574,3
0.1695295322929083,50.62314982584325,0.8691863872312182,3
0.15810324296867168,50.33260739413109,0.8619222726080662,3
0.15810324296867168,50.33260739413109,0.8619222726080662,3
0.15810324296867168,50.33260739413109,0.8619222726080662,3
0.15810324296867168,50.33260739413109,0.8619222726080662,3
0.15810324296867168,50.33260739413109,0.8619222726080662,3
0.15810324296867168,50.33260739413109,0.8619222726080662,3
0.15810324296867168,50.33260739413109,0.8619222726080662,3
0.1740108764857638,49.690873237701126,0.8706505265509877,3
0.1740108764857638,49.690873237701126,0.8706505265509877,3
0.1740108764857638,49.690873237701126,0.8706505265509877,3
0.1740108764857638,49.690873237701126,0.8706505265509877,3
0.17334908599070015,49.735171754096676,0.8755214080205792,3
0.17264836921177953,50.261285099217595,0.88843523044388,3
0.17264836921177953,50.261285099217595,0.88843523044388,3
0.17264836921177953,50.261285099217595,0.88843523044388,3
0.17261787833033546,50.59913188778277,0.8656484387307312,3
0.18919270201553792,51.01183491433071,0.8565549730982306,3
0.18404764720727373,51.27357156727027,0.8440141140723026,3
0.19829959021147436,51.242807479430546,0.8401065282867873,3
0.21043748442980872,50.714922094241665,0.8265755714170451,3
0.2163432429507718,50.30430737959227,0.8457869833622154,3
0.2163432429507718,50.30430737959227,0.8457869833622154,3
0.21875734755785375,50.5575313756307,0.8741740801586496,3
0.21574774825359255,50.50112130047209,0.8319695751684799,3
0.21574774825359255,50.50112130047209,0.8319695751684799,3
0.21574774825359255,50.50112130047209,0.8319695751684799,3
0.21062605236425683,50.45273439885062,0.8441413626428849,3
0.20753975255304485,49.94771215603932,0.8554591973041822,3
0.21037291004987654,49.73789087122567,0.8343534625501378,3
0.20076393749806107,50.08309007810572,0.8646237086331439,3
0.20076393749806107,50.08309007810572,0.8646237086331439,3
0.20110347506162565,49.89370169624325,0.8639734321686898,3
0.20110347506162565,49.89370169624325,0.8639734321686898,3
0.20110347506162565,49.89370169624325,0.8639734321686898,3
0.1933127969036664,49.9778503128941,0.8639228729063111,3
0.19933884409867578,49.92926957838321,0.8519480227830701,3
0.20602737993415887,50.093243597601,0.8468063713563755,3
0.1951942159766391,49.31466463476019,0.8411219261089791,3
0.1951942159766391,49.31466463476019,0.8411219261089791,3
0.1951942159766391,49.31466463476019,0.8411219261089791,3
0.2046831780984792,49.53074556197769,0.8296486487836082,3
0.20191067873575155,49.05248118395471,0.8626066739340928,3
0.2088059509522709,48.842655732151975,0.8800398365727917,3
0.21640277007799769,49.10610970103078,0.8708332775003085,3
0.21075051733295538,50.10731741825278,0.8440084919361268,3
0.19803365205640486,50.52513460447963,0.82571505262288,3
0.19803365205640486,50.52513460447963,0.82571505262288,3
0.19803365205640486,50.52513460447963,0.82571505262288,3
0.2044484242689542,51.11153553102674,0.8218456357946377,3
0.20865156892808304,50.8867783374719,0.8093338938346435,3
0.21159979709660143,51.008806770651965,0.8313265860842338,3
0.21159979709660143,51.008806770651965,0.8313265860842338,3
0.21159979709660143,51.008806770651965,0.8313265860842338,3
0.21159979709660143,51.008806770651965,0.8313265860842338,3
0.21224646013027534,51.239501874581705,0.812624730627307,3
0.2310501781225041,51.63794456442569,0.8125007460321055,3
0.2310501781225041,51.63794456442569,0.8125007460321055,3
0.2310501781225041,51.63794456442569,0.8125007460321055,3
0.2310501781225041,51.63794456442569,0.8125007460321055,3
0.22004244616496854,51.92343815615057,0.7942091993859445,3
0.23242884706791098,51.541676709790345,0.8074978986748726,3
0.23242884706791098,51.541676709790345,0.8074978986748726,3
0.23847529815670382,51.526135914028714,0.8041891256656462,3
0.23847529815670382,51.526135914028714,0.8041891256656462,3
0.23847529815670382,51.526135914028714,0.8041891256656462,3
0.23181846974376127,51.493253960916476,0.7920327370589457,3
0.23181846974376127,51.493253960916476,0.7920327370589457,3
0.23181846974376127,51.493253960916476,0.7920327370589457,3
0.24399951523622831,51.2428169384218,0.7694447887107584,3
0.24399951523622831,51.2428169384218,0.7694447887107584,3
0.24399951523622831,51.2428169384218,0.7694447887107584,3
0.25212312382916674,50.37420042571397,0.8133987581832317,3
0.2489994356885762,50.765554725470174,0.8130396497589509,3
0.2489994356885762,50.765554725470174,0.8130396497589509,3
0.2489994356885762,50.765554725470174,0.8130396497589509,3
0.2489994356885762,50.765554725470174,0.8130396497589509,3
0.2489994356885762,50.765554725470174,0.8130396497589509,3
0.25140656978637776,51.072699898746166,0.7979797206030014,3
0.25140656978637776,51.072699898746166,0.7979797206030014,3
0.25140656978637776,51.072699898746166,0.7979797206030014,3
0.25830692076587697,51.0063004996053,0.820575670964667,3
0.26132784332933484,50.799249626528166,0.8167271677628456,3
0.2665336070704486,51.040030257365785,0.7998981353637079,3
0.26109471449944477,50.786083210993056,0.805849366431746,3
0.2490931575491106,51.05999558835137,0.8121141409597483,3
0.2490931575491106,51.05999558835137,0.8121141409597483,3
0.2490931575491106,51.05999558835137,0.8121141409597483,3
0.2490931575491106,51.05999558835137,0.8121141409597483,3
0.2490931575491106,51.05999558835137,0.8121141409597483,3
0.2565062141976012,50.59534738629172,0.8206309175278909,3
0.2565062141976012,50.59534738629172,0.8206309175278909,3
0.2565062141976012,50.59534738629172,0.8206309175278909,3
0.2571651962243614,50.68948836361454,0.8237500258392996,3
0.2571651962243614,50.68948836361454,0.8237500258392996,3
0.2432922852475276,50.495721298641385,0.8633700594806991,3
0.24446048683814456,50.78311106753379,0.8549547978159453,3
0.24652820564839606,51.295771512481,0.8425899920691509,3
0.24652820564839606,51.295771512481,0.8425899920691509,3
0.24652820564839606,51.295771512481,0.8425899920691509,3
0.24652820564839606,51.295771512481,0.8425899920691509,3
0.23817928434884328,50.965927442438776,0.848553476882937,3
0.23817928434884328,50.965927442438776,0.848553476882937,3
0.23817928434884328,50.965927442438776,0.848553476882937,3
0.23330041000744017,50.953626615916654,0.8470116287804326,3
0.23330041000744017,50.953626615916654,0.8470116287804326,3
0.22990855123191042,50.75114969993149,0.8538511681756222,3
0.23382227304971817,50.44947752020403,0.8284263869214719,3
0.23350187709214001,50.18441260734519,0.8506584532474327,3
0.2302424147197149,50.08033274575332,0.8695003121242816,3
0.2302424147197149,50.08033274575332,0.8695003121242816,3
0.23922592944834556,50.59232786343326,0.8292874201111338,3
0.24682346388142973,49.994452807508594,0.8416655066935845,3
0.24269114705704053,50.85150162689701,0.8320094350294441,3
0.24861063020888538,50.5797706210163,0.8482271560541857,3
0.23983912780105235,50.81015838055112,0.8656634425289542,3
0.2636525174559422,51.15658179594486,0.8545111833371899,3
0.2806436160079278,50.688095332767375,0.8532496770410191,3
0.2948865447658776,50.438481071555394,0.8495515972820085,3
0.2976365335758611,50.196754077763096,0.8551771407296164,3
0.2976365335758611,50.196754077763096,0.8551771407296164,3
0.29016558432203626,50.52531995063325,0.8381990113391161,3
0.29016558432203626,50.52531995063325,0.8381990113391161,3
0.29208608755557014,50.7212650743465,0.7993197404708308,3
0.28102444683578887,50.79254702428047,0.7874596214723364,3
0.2895273754894583,51.05817655486831,0.7759691211689315,3
0.2895273754894583,51.05817655486831,0.7759691211689315,3
0.2921162793184515,51.1542570772732,0.7804945591928519,3
0.28977679449064264,50.76598165617625,0.7856946813747074,3
0.30423036844594387,50.44515311246534,0.7843178347662806,3
0.30423036844594387,50.44515311246534,0.7843178347662806,3
0.30423036844594387,50.44515311246534,0.7843178347662806,3
0.30423036844594387,50.44515311246534,0.7843178347662806,3
0.3069799061700013,50.06308772962433,0.7775417280850593,3
0.3142962687504882,50.264675287963016,0.8015566946161171,3
0.3142962687504882,50.264675287963016,0.8015566946161171,3
0.31139826902093193,50.72426378985919,0.7815540393813168,3
0.32788344821785487,50.66283314166083,0.7840164381553008,3
0.32788344821785487,50.66283314166083,0.7840164381553008,3
0.32788344821785487,50.66283314166083,0.7840164381553008,3
0.32788344821785487,50.66283314166083,0.7840164381553008,3
0.32788344821785487,50.66283314166083,0.7840164381553008,3
0.3241316149742711,51.17993846700003,0.7911412016630233,3
0.32386196386825744,51.162594547796864,0.7951581141441748,3
0.34344265756230874,51.29038956541266,0.7891669332309539,3
0.3406160883860288,51.78369099962742,0.7431558209708916,3
0.3406160883860288,51.78369099962742,0.7431558209708916,3
0.3406160883860288,51.78369099962742,0.7431558209708916,3
0.3319270599065915,51.171679131629276,0.7462672870759267,3
0.3216062321439079,51.86018682565035,0.7486044633215969,3
0.33138375248995167,51.718467498971236,0.7501518005806483,3
0.33138375248995167,51.718467498971236,0.7501518005806483,3
0.33138375248995167,51.718467498971236,0.7501518005806483,3
0.33138375248995167,51.718467498971236,0.7501518005806483,3
0.33138375248995167,51.718467498971236,0.7501518005806483,3
0.33138375248995167,51.718467498971236,0.7501518005806483,3
0.3384532265748631,51.65434978155064,0.7873089201604534,3
0.3176102944365968,51.65783705146117,0.7930579104919427,3
0.3176102944365968,51.65783705146117,0.7930579104919427,3
0.3176102944365968,51.65783705146117,0.7930579104919427,3
0.3163058750493337,51.85438049917235,0.7705511328003384,3
0.3163058750493337,51.85438049917235,0.7705511328003384,3
0.31395438316170976,51.895081685671855,0.771949910447347,3
0.32111714982675527,51.182338727254894,0.7561330603070537,3
0.31970571237310635,51.44443389276152,0.7680772972172236,3
0.31970571237310635,51.44443389276152,0.7680772972172236,3
0.31318814707657366,51.60874601175118,0.7811234314814618,3
0.30408628779446567,51.245046699551864,0.8020803372475803,3
0.30408628779446567,51.245046699551864,0.8020803372475803,3
0.29368945961475007,51.366097315559145,0.7714540244283867,3
0.29101324708732557,51.75140369388326,0.753917984656938,3
0.29111405036469606,51.656844323282236,0.7509038959485107,3
0.29111405036469606,51.656844323282236,0.7509038959485107,3
0.29280110131282955,52.408370050660054,0.7827164321813536,3
0.29280110131282955,52.408370050660054,0.7827164321813536,3
0.2707909697858132,52.396042265993515,0.7361320798202078,3
0.26047521513985705,52.14211523687271,0.7510179513338425,3
0.25977913852541584,52.126517867335906,0.7543267411876271,3
0.25463797721324216,52.23145700823367,0.7754771119144432,3
0.25463797721324216,52.23145700823367,0.7754771119144432,3
0.25463797721324216,52.23145700823367,0.7754771119144432,3
0.25463797721324216,52.23145700823367,0.7754771119144432,3
0.25172547513670007,51.771923994120634,0.7693693755033045,3
0.24093761776054012,52.612266115116256,0.7745058775600826,3
0.24093761776054012,52.612266115116256,0.7745058775600826,3
0.24093761776054012,52.612266115116256,0.7745058775600826,3
0.23999539622255547,52.37884567752867,0.7820629326828306,3
0.2554557615139361,51.41738390996551,0.820008683877146,3
0.2554557615139361,51.41738390996551,0.820008683877146,3
0.25683703989440054,50.693062062608014,0.8193342508953995,3
0.25999847396842524,50.256387761846355,0.8163173207444693,3
0.25999847396842524,50.256387761846355,0.8163173207444693,3
0.24597668129804218,50.3417556360241,0.8253289074804869,3
0.24597668129804218,50.3417556360241,0.8253289074804869,3
0.24308209203929662,50.1972795279261,0.7989020910867093,3
0.24308209203929662,50.1972795279261,0.7989020910867093,3
0.24815786343894763,50.3030458756067,0.7945562999312831,3
0.2453640516004731,50.75039192031366,0.7853636043595783,3
0.25396114554500565,50.19387534051632,0.7887827414215085,3
0.25396114554500565,50.19387534051632,0.7887827414215085,3
0.2485750307400353,50.512618357726,0.7923364890280914,3
0.24336910668088096,51.52473592697262,0.7860631365933098,3
0.23368021132880887,51.24020409716367,0.8070594264037108,3
0.21402986583564174,51.22741569737872,0.8024010302966536,3
0.21402986583564174,51.22741569737872,0.8024010302966536,3
0.20023570546090122,51.54362360465621,0.7869446411489285,3
0.20023570546090122,51.54362360465621,0.7869446411489285,3
0.20023570546090122,51.54362360465621,0.7869446411489285,3
0.20023570546090122,51.54362360465621,0.7869446411489285,3
0.20023570546090122,51.54362360465621,0.7869446411489285,3
0.20023570546090122,51.54362360465621,0.7869446411489285,3
0.18888340983503576,51.169159694430384,0.7994064280407834,3
0.18888340983503576,51.169159694430384,0.7994064280407834,3
0.21652138527999445,50.87620915785811,0.7839054627866381,3
0.22716258579961449,51.52965499516576,0.8080640930115044,3
0.22160181197415735,51.12341372133859,0.8243468654605257,3
0.22063240533081757,51.486208499608864,0.8450890263879283,3
0.22063240533081757,51.486208499608864,0.8450890263879283,3
0.2140431394810325,51.08743532457567,0.8412211515304668,3
0.23070908814076135,51.14312199445391,0.8440471016726591,3
0.23070908814076135,51.14312199445391,0.8440471016726591,3
0.23070908814076135,51.14312199445391,0.8440471016726591,3
0.23070908814076135,51.14312199445391,0.8440471016726591,3
0.21696419148505242,51.16861108032187,0.8153028686556149,3
0.22075598095441099,50.62603506337309,0.8364299360424807,3
0.21656516344269156,50.70678812068333,0.8332779081956777,3
0.21939692673537883,51.127959420899515,0.8272208407257832,3
0.20563516996445247,50.761847648860886,0.8323652385886712,3
0.20563516996445247,50.761847648860886,0.8323652385886712,3
0.20887635303011945,50.63515525643291,0.8223304181460507,3
0.2076644350438423,50.51578740522745,0.8156794723757593,3
0.2076644350438423,50.51578740522745,0.8156794723757593,3
0.2076644350438423,50.51578740522745,0.8156794723757593,3
0.206779271054131,51.291053263100785,0.8006812259754584,3
0.19465553870718288,51.60419500648387,0.7980676912809174,3
0.19465553870718288,51.60419500648387,0.7980676912809174,3
0.19849994935067394,51.09303794576818,0.7910780244062738,3
0.19009161465813398,51.06032441131691,0.7944175191526949,3
0.19009161465813398,51.06032441131691,0.7944175191526949,3
0.18050337245994288,50.85437529177663,0.7988542177470213,3
0.16143529635189835,50.9010035326264,0.8198742179034115,3
0.16143529635189835,50.9010035326264,0.8198742179034115,3
0.1818484462377549,51.14842440439889,0.8308995280161273,3
0.16970625228476227,50.996524511989925,0.8091555591494081,3
0.177986208394203,50.54924080433982,0.8324746044321993,3
0.1654109756074026,50.570611067170454,0.821159294960512,3
0.1649569200307792,50.972955745711474,0.8590283498560397,3
0.1649569200307792,50.972955745711474,0.8590283498560397,3
0.15587540585811713,50.45849738878686,0.8660752769426566,3
0.15261067271068407,50.49769610008216,0.8423117952330221,3
0.1484314235160657,50.5123975708845,0.8394756880589062,3
0.1484314235160657,50.5123975708845,0.8394756880589062,3
0.1484314235160657,50.5123975708845,0.8394756880589062,3
0.1645046385694188,50.58201979912546,0.8399777122390045,3
0.1645046385694188,50.58201979912546,0.8399777122390045,3
0.14949939828652858,50.75519436346917,0.8450277867853666,3
0.16413026881764703,51.13803222618076,0.8515580036399254,3
0.15998458397875245,50.481465188256564,0.8378121495315721,3
0.15998458397875245,50.481465188256564,0.8378121495315721,3
0.15998458397875245,50.481465188256564,0.8378121495315721,3
0.15632284887788706,50.60634868198785,0.8453517731379764,3
0.15149177479185602,50.60721596229167,0.84829903707357,3
0.14159038339763164,50.46896007970744,0.8626989632821123,3
0.14159038339763164,50.46896007970744,0.8626989632821123,3
0.14159038339763164,50.46896007970744,0.8626989632821123,3
0.15556910666389226,50.31482172177052,0.8698826386559891,3
0.15868911243708836,50.051547893421635,0.8614198337160323,3
0.18383934177745972,49.69348951129438,0.8803386025909663,3
0.1757386215180953,49.54727447925507,0.8756792741048278,3
0.17573222746763056,49.682747080679476,0.8810422957240983,3
0.1877995766026057,49.73907073615067,0.8922229712265766,3
0.1944762356530439,50.15479100706465,0.9012494692690843,3
0.184024128803991,50.59439244632753,0.8959973921318881,3
0.184024128803991,50.59439244632753,0.8959973921318881,3
0.18059547131503587,50.65154233814332,0.8923658611425288,3
0.18830308964464046,50.27941422437515,0.8758450582752466,3
0.18830308964464046,50.27941422437515,0.8758450582752466,3
0.18487083011511654,50.753666909904155,0.8750652830125574,3
0.18487083011511654,50.753666909904155,0.8750652830125574,3
0.18487083011511654,50.753666909904155,0.8750652830125574,3
0.18734205765792417,51.4406215896165,0.8501168247680896,3
0.1903281248132342,50.785155552653194,0.8590100364578864,3
0.20164080519600278,51.01825159944107,0.8420921404304565,3
0.20164080519600278,51.01825159944107,0.8420921404304565,3
0.21851827726184925,51.304586136432874,0.8055413148435452,3
0.2076622510207684,51.026787442234834,0.8300683748596801,3
0.2076622510207684,51.026787442234834,0.8300683748596801,3
0.2076622510207684,51.026787442234834,0.8300683748596801,3
0.2076622510207684,51.026787442234834,0.8300683748596801,3
0.2076622510207684,51.026787442234834,0.8300683748596801,3
0.21390581986522475,51.03628967360338,0.8315305203795142,3
0.21390581986522475,51.03628967360338,0.8315305203795142,3
0.21390581986522475,51.03628967360338,0.8315305203795142,3
0.21390581986522475,51.03628967360338,0.8315305203795142,3
0.2291160829377332,51.04033978186376,0.8565330411705354,3
0.2291784150055595,50.851407475304846,0.8553322875807143,3
0.2291784150055595,50.851407475304846,0.8553322875807143,3
0.21890636421153875,51.27307313976248,0.8304750609387467,3
0.2318247667982425,51.48659924544955,0.8136563420443558,3
0.22795801025610735,51.47398470203286,0.8085986698543621,3
0.2200748684751555,51.55098555969155,0.8012438966938032,3
0.2200748684751555,51.55098555969155,0.8012438966938032,3
0.2200748684751555,51.55098555969155,0.8012438966938032,3
0.22581193937752086,51.17073541193319,0.8049382844040062,3
0.22581193937752086,51.17073541193319,0.8049382844040062,3
0.22581193937752086,51.17073541193319,0.8049382844040062,3
0.2179719700016395,50.94532561993973,0.8264166502343313,3
0.2179719700016395,50.94532561993973,0.8264166502343313,3
0.2179719700016395,50.94532561993973,0.8264166502343313,3
0.2179719700016395,50.94532561993973,0.8264166502343313,3
0.2179719700016395,50.94532561993973,0.8264166502343313,3
0.2179719700016395,50.94532561993973,0.8264166502343313,3
0.21028381338579163,51.663959048971215,0.8256095985346152,3
0.19687842116358614,51.23627031633655,0.8203753618297269,3
0.19941457591882755,51.81854994749405,0.8202020643902258,3
0.19941457591882755,51.81854994749405,0.8202020643902258,3
0.19789298871850539,51.89833452376825,0.8294500732141595,3
0.19789298871850539,51.89833452376825,0.8294500732141595,3
0.19789298871850539,51.89833452376825,0.8294500732141595,3
0.19789298871850539,51.89833452376825,0.8294500732141595,3
0.2098348499851933,51.81548695615343,0.8190782258020406,3
0.2098348499851933,51.81548695615343,0.8190782258020406,3
0.21276771944758574,51.514459630210744,0.827610657465286,3
0.21276771944758574,51.514459630210744,0.827610657465286,3
0.21276771944758574,51.514459630210744,0.827610657465286,3
0.2140775038808343,50.70886185320143,0.8159060144611554,3
0.2140775038808343,50.70886185320143,0.8159060144611554,3
0.2140775038808343,50.70886185320143,0.8159060144611554,3
0.2185966744985854,51.22365383519212,0.8011888799068909,3
0.2126518049715811,51.96713981158173,0.824533724928988,3
0.21923252481703975,51.53271800269198,0.818918040026339,3
0.2188992813109277,51.59208487265583,0.8286502971173256,3
0.2188992813109277,51.59208487265583,0.8286502971173256,3
0.21185456844969217,51.96936334584453,0.8181006976021836,3
0.21185456844969217,51.96936334584453,0.8181006976021836,3
0.21185456844969217,51.96936334584453,0.8181006976021836,3
0.22229206739239477,51.31938310052373,0.8382971118628436,3
0.22551827498878105,51.87700268160468,0.8193751778748551,3
0.22462382761719296,52.05505291223597,0.8202535198087657,3
0.23884002743646357,51.540346763641175,0.8261523458884628,3
0.23014410419973305,51.29769334023977,0.8327888376521986,3
0.23014410419973305,51.29769334023977,0.8327888376521986,3
0.25022526064665934,51.16099023833175,0.8192158205582146,3
0.25022526064665934,51.16099023833175,0.8192158205582146,3
0.26331261201681,51.377041065970786,0.832359328255996,3
0.2545319553768901,52.05225074163209,0.8063958386947525,3
0.2545319553768901,52.05225074163209,0.8063958386947525,3
0.2552414843433531,51.533505901151976,0.8075723125315463,3
0.26124010373659157,51.26161880755777,0.8151450697328583,3
0.26124010373659157,51.26161880755777,0.8151450697328583,3
0.263636639956955,51.34472651924131,0.7941410124072532,3
0.2604648907696781,52.05061409424513,0.7847719962431547,3
0.26355431253323985,52.19387125258415,0.7610766582372981,3
0.26545026623223444,52.13717928002389,0.7947282087403459,3
0.26545026623223444,52.13717928002389,0.7947282087403459,3
0.26545026623223444,52.13717928002389,0.7947282087403459,3
0.268993100282,52.60902500779617,0.7917950169697792,3
0.27908653135114125,52.80092296708947,0.781840129792162,3
0.27908653135114125,52.80092296708947,0.781840129792162,3
0.27908653135114125,52.80092296708947,0.781840129792162,3
0.27362598278358824,52.19313393684745,0.8195379711705117,3
0.27362598278358824,52.19313393684745,0.8195379711705117,3
0.28275912125553315,52.271969639795465,0.808281809068799,3
0.2786654118547999,51.7157915134231,0.8005389466336987,3
0.28670909449836135,51.35125465290302,0.7991204770798145,3
0.2932451855242473,51.010459542352,0.790126529067187,3
0.2932451855242473,51.010459542352,0.790126529067187,3
0.29811115872624866,50.789808541844955,0.7800203439812421,3
0.29865874460554104,51.43882447897739,0.7615953607911593,3
0.3117880990551725,51.69739127779992,0.7797355197980912,3
0.3117880990551725,51.69739127779992,0.7797355197980912,3
0.3117880990551725,51.69739127779992,0.7797355197980912,3
0.3117880990551725,51.69739127779992,0.7797355197980912,3
0.3038310739478811,51.31988676892805,0.8208283995964715,3
0.3038310739478811,51.31988676892805,0.8208283995964715,3
0.3038310739478811,51.31988676892805,0.8208283995964715,3
0.30641396790069875,51.0616335585922,0.8051869841120064,3
0.3047797846342794,51.18932721368209,0.7878573696483299,3
0.2900993580202859,50.99510466991489,0.8028020216383435,3
0.2798075590121665,51.181633477071884,0.7931477261986462,3
0.26755512973139683,51.319546518530295,0.827030556638081,3
0.27324199426350343,51.560508993244646,0.8287505752891577,3
0.26018680055459986,51.41442455837828,0.8231484747300268,3
0.26018680055459986,51.41442455837828,0.8231484747300268,3
0.26018680055459986,51.41442455837828,0.8231484747300268,3
0.26018680055459986,51.41442455837828,0.8231484747300268,3
0.2729516892050734,51.26901987904753,0.8068663098471254,3
0.2707183210439929,51.52928490676105,0.8178353766316411,3
0.26259519904679557,51.51436990879209,0.8121968024024075,3
0.2702417282586643,51.37632156113962,0.8104623450698542,3
0.2702417282586643,51.37632156113962,0.8104623450698542,3
0.2725914000083001,51.40358954153346,0.8086498913007514,3
0.27132001016616897,51.32832214647753,0.8036200384032623,3
0.27132001016616897,51.32832214647753,0.8036200384032623,3
0.27132001016616897,51.32832214647753,0.8036200384032623,3
0.27132001016616897,51.32832214647753,0.8036200384032623,3
0.28379306449378344,51.39417154856006,0.7723268957545286,3
0.28379306449378344,51.39417154856006,0.7723268957545286,3
0.2808992759503532,51.037843636804254,0.7679777806314999,3
0.2808992759503532,51.037843636804254,0.7679777806314999,3
0.2808992759503532,51.037843636804254,0.7679777806314999,3
0.2808992759503532,51.037843636804254,0.7679777806314999,3
0.2858575991560231,51.00946244021821,0.7880550429631236,3
0.2850030823450843,50.99219021482747,0.776221517593418,3
0.2850030823450843,50.99219021482747,0.776221517593418,3
0.2850030823450843,50.99219021482747,0.776221517593418,3
0.2804021573911384,50.541635085454836,0.7816702721179574,3
0.2804021573911384,50.541635085454836,0.7816702721179574,3
0.2954406424402637,51.04175287859904,0.7918669394979035,3
0.2890251568472635,50.99939960387326,0.7906919156310219,3
0.2890251568472635,50.99939960387326,0.7906919156310219,3
0.29304222644303424,51.35215849645941,0.799707212579212,3
0.29304222644303424,51.35215849645941,0.799707212579212,3
0.2760729201420161,51.30361017325165,0.8013572729528531,3
0.2760729201420161,51.30361017325165,0.8013572729528531,3
0.2760729201420161,51.30361017325165,0.8013572729528531,3
0.28551430349266316,51.18400203035459,0.8114107151334441,3
0.2857291766943524,51.677262006514574,0.7891237983992799,3
0.2888619485951558,51.19716758954058,0.7699911602000958,3
0.2757395963928156,51.01362287379242,0.7745659464749703,3
0.2757395963928156,51.01362287379242,0.7745659464749703,3
0.2638599279289201,51.44194601733131,0.7720706082957718,3
0.2638599279289201,51.44194601733131,0.7720706082957718,3
0.2646574912917527,51.477766843400886,0.7748127520977932,3
0.2672056859808109,51.76072591673958,0.7738716228636489,3
0.2672056859808109,51.76072591673958,0.7738716228636489,3
0.2672056859808109,51.76072591673958,0.7738716228636489,3
0.27050903242092494,51.84872241673386,0.7730628710134335,3
0.25937748627285107,51.31117806082242,0.7834986192751184,3
0.26120633297207635,51.46148809000678,0.792521262501183,3
0.25971164862543805,51.575758203100555,0.7940029065922144,3
0.25971164862543805,51.575758203100555,0.7940029065922144,3
0.25971164862543805,51.575758203100555,0.7940029065922144,3
0.25971164862543805,51.575758203100555,0.7940029065922144,3
0.2563878643811118,50.91866144101202,0.777565092496862,3
0.26973816160505787,51.141320300328914,0.7839320970121756,3
0.2871650191199875,51.29481487767805,0.7926442579232433,3
0.2871650191199875,51.29481487767805,0.7926442579232433,3
0.30703148235756694,51.211755638434795,0.7769750290727043,3
0.2841066203858992,51.5577603992905,0.7819776684715762,3
0.30836175457427256,51.66769412452566,0.7902078187306849,3
0.3125033034471369,51.71943065293459,0.7879706416413987,3
0.3157450778645949,51.41119906647053,0.7918500787697754,3
0.3157450778645949,51.41119906647053,0.7918500787697754,3
0.32032101925932366,50.911388532332076,0.7967307967775463,3
0.31754493419915675,51.35334689273973,0.772440653688834,3
0.3136704674565234,51.44407700239978,0.7787181432071316,3
0.3231690915499265,51.125107250342765,0.7879794055616507,3
0.3231690915499265,51.125107250342765,0.7879794055616507,3
0.3295248807833223,50.6289962175572,0.8115535719994694,3
0.3295248807833223,50.6289962175572,0.8115535719994694,3
0.33128280686208345,50.76838066426911,0.811666403200767,3
0.33263468974768884,50.74825760390545,0.7890334959240904,3
0.33542733281733556,50.39474376917101,0.7961657912466987,3
0.3334716113271231,49.9959938062103,0.7923880842448472,3
0.3334716113271231,49.9959938062103,0.7923880842448472,3
0.32942896725372356,49.74942938611765,0.8086051828080518,3
0.3234307627583437,50.03838118265284,0.8484284921650503,3
0.33703864983605547,49.63424974315064,0.8233114622643156,3
0.33043199998375516,49.95146397956803,0.8282229759782006,3
0.33043199998375516,49.95146397956803,0.8282229759782006,3
0.33043199998375516,49.95146397956803,0.8282229759782006,3
0.3261317070268803,49.78232462414471,0.8199001553488198,3
0.32699034245083314,50.19276972527946,0.7899963384045195,3
0.3136470172493,50.95329148703688,0.7932185413069458,3
0.31979016531312865,51.347520290313646,0.7930425180410378,3
0.31979016531312865,51.347520290313646,0.7930425180410378,3
0.3144690261253989,51.02309416605428,0.8002414181030467,3
0.3053709386501795,51.25684030637983,0.7891554413358254,3
0.30402606620235134,50.88896943811194,0.8023221768031008,3
0.3064830140453522,50.66385636581248,0.8147610029701899,3
0.2947518725399445,50.5376060938494,0.8314223785523411,3
0.2947518725399445,50.5376060938494,0.8314223785523411,3
0.2947518725399445,50.5376060938494,0.8314223785523411,3
0.2787268089093978,49.99705695965585,0.8250347597596052,3
0.2787268089093978,49.99705695965585,0.8250347597596052,3
0.273861484937744,50.16253120613078,0.8055633818195074,3
0.2846746146484008,49.999682166124835,0.7943627830157945,3
0.2922972010923945,49.61039586181846,0.7940269155688436,3
0.2934653267353969,49.92616277955354,0.77465505350202,3
0.28591008873498513,50.288856849734024,0.7905417233351957,3
0.30615287174507094,50.748703575613725,0.8065245431923054,3
0.30615287174507094,50.748703575613725,0.8065245431923054,3
0.30615287174507094,50.748703575613725,0.8065245431923054,3
0.30615287174507094,50.748703575613725,0.8065245431923054,3
0.3111805309094565,51.52146319184961,0.8006055660390969,3
0.30442380836521316,51.78026661219116,0.7915585120201732,3
0.30442380836521316,51.78026661219116,0.7915585120201732,3
0.31356396220726734,51.01251185073791,0.7458352859621896,3
0.31356396220726734,51.01251185073791,0.7458352859621896,3
0.3019585716125567,51.1871103720697,0.7556423975611423,3
0.30099867014045695,50.81559411559424,0.8170640381037353,3
0.30945319740058347,50.82187520070994,0.8150032696730894,3
0.30945319740058347,50.82187520070994,0.8150032696730894,3
0.30945319740058347,50.82187520070994,0.8150032696730894,3
0.3194038328541451,50.80578282132565,0.8009037025903641,3
0.32946542242341703,51.415614605334824,0.8018388228070329,3
0.32946542242341703,51.415614605334824,0.8018388228070329,3
0.33456688843986804,50.7999570692295,0.8162901315063574,3
0.33971087326496546,50.75877880516041,0.8320431907838735,3
0.3344675119908568,49.78311286049535,0.8276634894898811,3
0.31496050866017766,51.05952934852365,0.8250645736421001,3
0.31230927876445447,51.18400359650321,0.8093312404797901,3
0.31230927876445447,51.18400359650321,0.8093312404797901,3
0.31137541486024856,51.42738660359584,0.7950905772554432,3
0.31137541486024856,51.42738660359584,0.7950905772554432,3
0.31305316897405816,50.46106965907201,0.8164963392428466,3
0.31182372583593887,49.96030289417141,0.8380198162339718,3
0.2937327156131792,50.260652989967,0.8419676129832722,3
0.31035333301877643,49.831266258345245,0.8536360060289299,3
0.3142533593340213,49.34510219402279,0.855933387248762,3
0.3199476200763393,49.491317744997474,0.8560238509638903,3
0.2980513939970499,49.99537990997659,0.8530031566192722,3
0.28118005671635776,50.125282220713004,0.8473894741007941,3
0.2895890885244129,50.589766540487915,0.8393492292169952,3
0.2895890885244129,50.589766540487915,0.8393492292169952,3
0.2895890885244129,50.589766540487915,0.8393492292169952,3
0.29062808184199096,50.718957008685784,0.8340131318774197,3
0.2911460811867825,50.72135691454168,0.8140985634614745,3
0.2965305582790465,50.555998239842296,0.7812681544998086,3
0.2894749942439191,49.97189629188528,0.7937929977941669,3
0.2894749942439191,49.97189629188528,0.7937929977941669,3
0.2665717481624375,50.683760504291655,0.7667757650970498,3
0.2603970764576264,50.23543306107331,0.7916521424420372,3
0.2656722389480141,50.35722502511566,0.7845379960213144,3
0.25367886794555916,50.5921015890377,0.7897641996054471,3
0.25571776242002736,50.64429425219606,0.7937850579075083,3
0.2478152613466959,51.53025845156056,0.799906355636696,3
0.2538661443142912,51.7794708303679,0.7960613659965006,3
0.26444282442241474,52.07732482379361,0.7842394461189526,3
0.2716831714969716,51.94993525891029,0.7927652645891052,3
0.28451620838540714,52.13593773281299,0.7719093095618054,3
0.27657024328936325,51.996256122919384,0.7628064333336498,3
0.27657024328936325,51.996256122919384,0.7628064333336498,3
0.27657024328936325,51.996256122919384,0.7628064333336498,3
0.27562293523320797,51.5080050760663,0.8033467932085643,3
0.274264242185422,51.13212854113897,0.8125509993763937,3
0.2825412759334895,51.15957954406534,0.7961053077855063,3
0.2778875282862961,50.72436168621532,0.8087607748444583,3
0.2778875282862961,50.72436168621532,0.8087607748444583,3
0.2670143463291188,50.23521999529136,0.8161792789403691,3
0.2624071142301007,50.04618621207982,0.8015479361311156,3
0.2624071142301007,50.04618621207982,0.8015479361311156,3
0.2624071142301007,50.04618621207982,0.8015479361311156,3
0.2624071142301007,50.04618621207982,0.8015479361311156,3
0.24741508707298376,50.31462766777844,0.8361015972476473,3
0.24154014763395135,50.308311630367,0.8043761303101085,3
0.22283603541920124,50.909566189930466,0.7847303964733101,3
0.2188257660005497,50.86876247565661,0.8008774117740851,3
0.22926428698408055,50.58601831443361,0.8067550865175998,3
0.22926428698408055,50.58601831443361,0.8067550865175998,3
0.23824065673384204,50.7662454289342,0.8251033835706056,3
0.2506327042545344,50.37666001154142,0.8139862127394967,3
0.2506327042545344,50.37666001154142,0.8139862127394967,3
0.2506327042545344,50.37666001154142,0.8139862127394967,3
0.2603564194700608,50.276439031747955,0.835520397577303,3
0.262783689699737,50.50961927354541,0.8274963054040373,3
0.262783689699737,50.50961927354541,0.8274963054040373,3
0.262783689699737,50.50961927354541,0.8274963054040373,3
0.2782553413955062,50.025052151313645,0.8156879749150511,3
0.2782553413955062,50.025052151313645,0.8156879749150511,3
0.2782553413955062,50.025052151313645,0.8156879749150511,3
0.2782553413955062,50.025052151313645,0.8156879749150511,3
0.27270509043961333,50.07742433139774,0.825588937855286,3
0.27270509043961333,50.07742433139774,0.825588937855286,3
0.27270509043961333,50.07742433139774,0.825588937855286,3
0.2790576468999947,50.27598493585014,0.8292400185517784,3
0.27677382255824734,50.40299317391971,0.8333924871893337,3
0.2873776558293112,50.11820281033264,0.8240066550986085,3
0.2873776558293112,50.11820281033264,0.8240066550986085,3
0.27425696350404816,50.115645304000026,0.8472029409845416,3
0.2753972553301708,50.48377687989625,0.8416356703016665,3
0.26238733363953765,49.77031852578025,0.8550291056011472,3
0.27349059967976325,49.729423478487405,0.8427467419102993,3
0.27084483205273596,49.86424424533977,0.8477169894189045,3
0.25897145786486486,49.8999200105648,0.8619109516490607,3
0.25766555716787465,49.79115567323126,0.8636936716966098,3
0.27204574251182206,49.89620385995655,0.8579810548017187,3
0.24809118865486196,50.00425803899571,0.8456936655182029,3
0.24809118865486196,50.00425803899571,0.8456936655182029,3
0.24809118865486196,50.00425803899571,0.8456936655182029,3
0.25359625479807746,50.195793654046895,0.8356803961027801,3
0.23879966986001405,49.76527138704147,0.8206157795687954,3
0.23879966986001405,49.76527138704147,0.8206157795687954,3
0.23669422901707116,50.252899370946686,0.8259365150584947,3
0.22100966023887741,50.27078647224599,0.8459878273797491,3
0.22100966023887741,50.27078647224599,0.8459878273797491,3
0.23100472387526763,49.80838872110769,0.8488261149379777,3
0.22900374916533447,49.31098762119546,0.84924665584162,3
0.21685899466767228,49.00849483088819,0.8865150558467634,3
0.21008454993566267,49.13083872874317,0.8908504018952539,3
0.21008454993566267,49.13083872874317,0.8908504018952539,3
0.21428399484962357,48.579529994545325,0.8898112040723499,3
0.21428399484962357,48.579529994545325,0.8898112040723499,3
0.21428399484962357,48.579529994545325,0.8898112040723499,3
0.21428399484962357,48.579529994545325,0.8898112040723499,3
0.21428399484962357,48.579529994545325,0.8898112040723499,3
0.20398282063659826,48.69806137079517,0.8876624442066325,3
0.20471780995401062,49.13560176266406,0.8884274687189236,3
0.21605055362892295,49.87788975490189,0.8652090891637865,3
0.21605055362892295,49.87788975490189,0.8652090891637865,3
0.21605055362892295,49.87788975490189,0.8652090891637865,3
0.21605055362892295,49.87788975490189,0.8652090891637865,3
0.21605055362892295,49.87788975490189,0.8652090891637865,3
0.21605055362892295,49.87788975490189,0.8652090891637865,3
0.19180171599337026,50.427665666760745,0.8612574267129021,3
0.1938255736483132,50.130457334275754,0.8511530576441934,3
0.19357662945013823,50.98856203900751,0.8486429022922576,3
0.19357662945013823,50.98856203900751,0.8486429022922576,3
0.18859428923147564,50.3539719438647,0.8378838299997553,3
0.1766050099528981,50.21853878180414,0.8431116242988579,3
0.1766050099528981,50.21853878180414,0.8431116242988579,3
0.1766050099528981,50.21853878180414,0.8431116242988579,3
0.1766050099528981,50.21853878180414,0.8431116242988579,3
0.1766050099528981,50.21853878180414,0.8431116242988579,3
0.1766050099528981,50.21853878180414,0.8431116242988579,3
0.17740802398294087,50.23010022607252,0.8480324006611049,3
0.1744272143203757,50.550343636015114,0.8462514449999368,3
0.16900779664328935,50.13819644961771,0.8751064304263518,3
0.17586597086111996,50.011537228798616,0.865696965010342,3
0.17586597086111996,50.011537228798616,0.865696965010342,3
0.17586597086111996,50.011537228798616,0.865696965010342,3
0.17492200558830798,49.16555346702102,0.8704643813813808,3
0.17492200558830798,49.16555346702102,0.8704643813813808,3
0.17492200558830798,49.16555346702102,0.8704643813813808,3
0.16009670971378664,49.682251418877854,0.8794676954230598,3
0.16664320872475427,50.091374254221634,0.8867147018719443,3
0.16664320872475427,50.091374254221634,0.8867147018719443,3
0.15947543403533349,50.06851208741824,0.8730305837879698,3
0.15148050098204377,49.813690938191726,0.8723695239058732,3
0.14367760216425549,50.1504110724789,0.8369307216470557,3
0.1475820755319885,51.197858454772685,0.8682045398100506,3
0.14183965657969613,51.00588124897595,0.8497653063657421,3
0.14183965657969613,51.00588124897595,0.8497653063657421,3
0.14183965657969613,51.00588124897595,0.8497653063657421,3
0.14183965657969613,51.00588124897595,0.8497653063657421,3
0.14460570996562708,50.592778887106235,0.8483806362642656,3
0.14600644820582936,50.99978672720938,0.8209097338359862,3
0.14600644820582936,50.99978672720938,0.8209097338359862,3
0.14600644820582936,50.99978672720938,0.8209097338359862,3
0.14600644820582936,50.99978672720938,0.8209097338359862,3
0.15348508547830889,50.922881224344444,0.8242965397621131,3
0.15560059254386607,50.90641075207331,0.8380049171964418,3
0.16664022068490786,51.05412403569414,0.8325518073056988,3
0.16664022068490786,51.05412403569414,0.8325518073056988,3
0.1682242513478196,50.7592936573263,0.8510209119706075,3
0.1682242513478196,50.7592936573263,0.8510209119706075,3
0.16243701560113782,50.280025702118856,0.8348991997756229,3
0.1529210208625575,50.55913447146927,0.8639318212908801,3
0.12297676473394965,49.626577266161476,0.8809443525327315,3
0.11616062141347232,49.58935615878503,0.8812804854576081,3
0.11616062141347232,49.58935615878503,0.8812804854576081,3
0.11616062141347232,49.58935615878503,0.8812804854576081,3
0.11616062141347232,49.58935615878503,0.8812804854576081,3
0.11204276776337653,50.60602382311222,0.8546715648528517,3
0.12838568528665234,50.826307493045896,0.8454749927046852,3
0.14252335660300836,51.20580669930224,0.8561077565118548,3
0.1468694727167853,51.39202364229801,0.8415233406517766,3
0.13953480068351926,51.79845507013695,0.8316867945268522,3
0.1380178366772493,51.26031677044075,0.8402505700956165,3
0.14522029109757992,51.24027795860149,0.837573863767875,3
0.14997570405435046,51.20598871364783,0.8580037367641341,3
0.1539315308337839,50.86980376424854,0.8432184392825823,3
0.1570845297313183,49.90043186188444,0.8493941473118262,3
0.1570845297313183,49.90043186188444,0.8493941473118262,3
0.1624005319804737,49.979275895764495,0.8716365733707473,3
0.15964833185122834,50.74778047704658,0.8838599681266156,3
0.15087797804087666,50.99364886234482,0.8802804276895737,3
0.15166222609409238,50.41298172296994,0.8578764311846683,3
0.16162512494364245,50.06135212369734,0.8723334640718692,3
0.16162512494364245,50.06135212369734,0.8723334640718692,3
0.16093377498351472,49.632513554242635,0.8634578022821577,3
0.16093377498351472,49.632513554242635,0.8634578022821577,3
0.16093377498351472,49.632513554242635,0.8634578022821577,3
0.16643782587977088,50.68045941094702,0.8631545899287952,3
0.16119365286470685,50.16103774216555,0.8689488493161993,3
0.1660043519286054,50.32268205145888,0.8468222829935835,3
0.16707262780045123,51.44762617719233,0.8540578421774975,3
0.16707262780045123,51.44762617719233,0.8540578421774975,3
0.17261803686981667,51.16343617690377,0.8587763044544838,3
0.17261803686981667,51.16343617690377,0.8587763044544838,3
0.18291852481284512,50.67627822455699,0.8434406470928285,3
0.16826101321568562,50.4760403116931,0.8604948892575229,3
0.16826101321568562,50.4760403116931,0.8604948892575229,3
0.16826101321568562,50.4760403116931,0.8604948892575229,3
0.15761992435045394,50.61233294007694,0.8356694129558844,3
0.15761992435045394,50.61233294007694,0.8356694129558844,3
0.1518411735791351,51.10588492340711,0.8343351356404415,3
0.1518411735791351,51.10588492340711,0.8343351356404415,3
0.13480127904472333,50.50581310306871,0.8540179828793752,3
0.1310377302162499,50.223630666684734,0.8466331203469253,3
0.13614454532433423,51.14501776949724,0.8536849217853284,3
0.1290858615543822,50.59318833307076,0.8403206283183284,3
0.1290858615543822,50.59318833307076,0.8403206283183284,3
0.1290858615543822,50.59318833307076,0.8403206283183284,3
0.11559009859107215,51.4653649742045,0.8441867392550543,3
0.11559009859107215,51.4653649742045,0.8441867392550543,3
0.11511510163446728,51.261831616884436,0.8461746182763329,3
0.11511510163446728,51.261831616884436,0.8461746182763329,3
0.10374136973955171,51.792291714020095,0.8431899874482409,3
0.10374136973955171,51.792291714020095,0.8431899874482409,3
0.10374136973955171,51.792291714020095,0.8431899874482409,3
0.10374136973955171,51.792291714020095,0.8431899874482409,3
0.10374136973955171,51.792291714020095,0.8431899874482409,3
0.10613960843110498,51.61920555771112,0.8652241592520054,3
0.09951855442136136,51.84566774154621,0.8088558565858629,3
0.09951855442136136,51.84566774154621,0.8088558565858629,3
0.09951855442136136,51.84566774154621,0.8088558565858629,3
0.10251678322341076,51.894151638224976,0.8284971621490872,3
0.10251678322341076,51.894151638224976,0.8284971621490872,3
0.10251678322341076,51.894151638224976,0.8284971621490872,3
0.12077324484307358,51.86785656868333,0.8397168950877485,3
0.12077324484307358,51.86785656868333,0.8397168950877485,3
0.1264231367833408,51.388728660560574,0.851777660613057,3
0.1264231367833408,51.388728660560574,0.851777660613057,3
0.1258617945597549,50.39827517811251,0.8647625896408976,3
0.1258617945597549,50.39827517811251,0.8647625896408976,3
0.12436576643725405,49.74744346461836,0.891094523121255,3
0.12436576643725405,49.74744346461836,0.891094523121255,3
0.12436576643725405,49.74744346461836,0.891094523121255,3
0.12436576643725405,49.74744346461836,0.891094523121255,3
0.13125385957942848,49.03775879689895,0.9077618060607474,3
0.1433323326908119,49.2482004195285,0.8960903559321954,3
0.1433323326908119,49.2482004195285,0.8960903559321954,3
0.14876391546638404,49.11461299387077,0.8832396984810043,3
0.14876391546638404,49.11461299387077,0.8832396984810043,3
0.14876391546638404,49.11461299387077,0.8832396984810043,3
0.13607954051690638,49.40804366990626,0.8662452576038217,3
0.13607954051690638,49.40804366990626,0.8662452576038217,3
0.13607954051690638,49.40804366990626,0.8662452576038217,3
0.14052067400885615,49.65597324141354,0.8668002235064581,3
0.14052067400885615,49.65597324141354,0.8668002235064581,3
0.14041901668085674,49.74474929111023,0.8522844055268688,3
0.1276902624275627,50.15217566251144,0.8795047082585001,3
0.13305137324087643,49.48449412415599,0.8598539274226238,3
0.11999521876398211,49.93958704324792,0.8723111880701344,3
0.11999521876398211,49.93958704324792,0.8723111880701344,3
0.1345554404056646,50.161205649152194,0.8598697523089119,3
0.12966642363807207,50.63050648547601,0.855523760759297,3
0.12966642363807207,50.63050648547601,0.855523760759297,3
0.12966642363807207,50.63050648547601,0.855523760759297,3
0.14614530125199937,50.7466705188148,0.8497313142816818,3
0.1657313236395263,50.8495675050378,0.8552589525130957,3
0.1657313236395263,50.8495675050378,0.8552589525130957,3
0.16500247434997292,50.648509919619315,0.8639036379776904,3
0.15152641980329737,50.80661818644465,0.8659919291745233,3
0.15463150450929378,51.10477879780837,0.8527744800475469,3
0.1455098013311471,50.8960754966869,0.8644571600278319,3
0.1455098013311471,50.8960754966869,0.8644571600278319,3
0.1455098013311471,50.8960754966869,0.8644571600278319,3
0.14423180625328527,51.260038937575665,0.8487233740197504,3
0.15282893625791902,50.058077546881975,0.86028797828234,3
0.1525938545569687,50.264473057447056,0.8738842422450996,3
0.1525938545569687,50.264473057447056,0.8738842422450996,3
0.1314357012379784,50.99363103064419,0.8502280127372779,3
0.1314357012379784,50.99363103064419,0.8502280127372779,3
0.13144958323144618,50.39973577377742,0.8666944405314887,3
0.13144958323144618,50.39973577377742,0.8666944405314887,3
0.13144958323144618,50.39973577377742,0.8666944405314887,3
0.13549896837028885,50.78685580507699,0.8443153920693215,3
0.13455710616982494,51.134047446852726,0.8389586769833519,3
0.14502607743828008,50.74238368480126,0.8525590629319769,3
0.15219945749616884,50.95058058433376,0.853556238013564,3
0.15737425673420516,51.420882356312134,0.8172347827363795,3
0.15737425673420516,51.420882356312134,0.8172347827363795,3
0.15737425673420516,51.420882356312134,0.8172347827363795,3
0.172573375072184,51.511943528748645,0.8357429034974784,3
0.172573375072184,51.511943528748645,0.8357429034974784,3
0.1778868578228676,51.04685142569603,0.8357997276538378,3
0.1778868578228676,51.04685142569603,0.8357997276538378,3
0.172379371186898,51.06486211788631,0.8159921346649129,3
0.16457391445231281,50.859736747997125,0.8370224612886812,3
0.16457391445231281,50.859736747997125,0.8370224612886812,3
0.16457391445231281,50.859736747997125,0.8370224612886812,3
0.16457391445231281,50.859736747997125,0.8370224612886812,3
0.16457391445231281,50.859736747997125,0.8370224612886812,3
0.17210351109304817,50.507454032440556,0.84233715961532,3
0.17210351109304817,50.507454032440556,0.84233715961532,3
0.16668766040358263,50.738897236729485,0.8600558113811605,3
0.16668766040358263,50.738897236729485,0.8600558113811605,3
0.16668766040358263,50.738897236729485,0.8600558113811605,3
0.16592319328491775,50.95323561298017,0.859659157305873,3
0.18313892645653232,50.88325686718372,0.8549773968276013,3
0.1776912285635043,50.72791099593823,0.8441559511148041,3
0.18421586029400144,50.76464742912138,0.8394985255982003,3
0.177518652343304,50.57720334563999,0.8516067297680814,3
0.18838285728694473,50.73500382397785,0.8483514875508407,3
0.18566431506087552,50.32987547101233,0.8401663419604468,3
0.20380507757190097,50.53565022768635,0.8274953844773827,3
0.2164436372917941,51.127137104186964,0.8393201146581265,3
0.2164436372917941,51.127137104186964,0.8393201146581265,3
0.2164436372917941,51.127137104186964,0.8393201146581265,3
0.21705656468534437,51.235395845615045,0.8303475318162354,3
0.21705656468534437,51.235395845615045,0.8303475318162354,3
0.21705656468534437,51.235395845615045,0.8303475318162354,3
0.21705656468534437,51.235395845615045,0.8303475318162354,3
0.21705656468534437,51.235395845615045,0.8303475318162354,3
0.21312759978515752,51.41885937731145,0.8140195561631771,3
0.21874161195920355,51.758000569685514,0.815581297928649,3
0.20439125960736004,51.32337803120822,0.8148947316812268,3
0.20439125960736004,51.32337803120822,0.8148947316812268,3
0.20034967306366522,50.880931239488376,0.8026254596774786,3
0.20034967306366522,50.880931239488376,0.8026254596774786,3
0.20034967306366522,50.880931239488376,0.8026254596774786,3
0.20786288215555593,50.99894705329216,0.8150574787842461,3
0.2134389138061246,50.59731619851146,0.8178691003681852,3
0.2134389138061246,50.59731619851146,0.8178691003681852,3
0.21300002487240946,49.85729702974273,0.8502977278623398,3
0.2110427326239702,49.72785753061682,0.8433522797001173,3
0.2094576909437591,49.91430066648413,0.8455614775350411,3
0.2094576909437591,49.91430066648413,0.8455614775350411,3
0.21172035102010023,49.58710912430282,0.8683999754420351,3
0.21062581514199083,49.35224676274864,0.8737392888889591,3
0.21062581514199083,49.35224676274864,0.8737392888889591,3
0.21062581514199083,49.35224676274864,0.8737392888889591,3
0.2130090100154597,49.88346222368108,0.8724181708487665,3
0.22165574073003225,50.372883718790575,0.8768285688767853,3
0.22165574073003225,50.372883718790575,0.8768285688767853,3
0.22165574073003225,50.372883718790575,0.8768285688767853,3
0.20329244331157556,50.58441615365322,0.8529664654772242,3
0.20329244331157556,50.58441615365322,0.8529664654772242,3
0.20329244331157556,50.58441615365322,0.8529664654772242,3
0.20249037435224596,51.18327800425052,0.8357105484910268,3
0.2023320194946827,51.36057486976786,0.8134690030152989,3
0.2023320194946827,51.36057486976786,0.8134690030152989,3
0.19962377236333445,51.987158209465186,0.7950109521393492,3
0.1743450485679203,51.889192645900245,0.7996927016977239,3
0.16254298842630724,51.861496991269554,0.8100311789418114,3
0.14919512714210603,51.872122683202555,0.8004061136942039,3
0.14919512714210603,51.872122683202555,0.8004061136942039,3
0.16544517814867848,51.42005239225882,0.8030930910158367,3
0.16977034000546212,51.872924096936906,0.8178356395533474,3
0.16977034000546212,51.872924096936906,0.8178356395533474,3
0.16977034000546212,51.872924096936906,0.8178356395533474,3
0.16977034000546212,51.872924096936906,0.8178356395533474,3
0.16977034000546212,51.872924096936906,0.8178356395533474,3
0.16977034000546212,51.872924096936906,0.8178356395533474,3
0.16412164011840152,52.263885237209685,0.8095896387855829,3
0.17192905975412787,52.55993727614952,0.7982084410117558,3
0.1711746930642523,51.88439621031838,0.8163192572506391,3
0.1711746930642523,51.88439621031838,0.8163192572506391,3
0.1711746930642523,51.88439621031838,0.8163192572506391,3
0.1711746930642523,51.88439621031838,0.8163192572506391,3
0.1711746930642523,51.88439621031838,0.8163192572506391,3
0.1711746930642523,51.88439621031838,0.8163192572506391,3
0.16958731505131228,52.19052165416341,0.8049649989971239,3
0.17288466036358227,51.66489261524971,0.7993682252562577,3
0.17397412581513366,50.70656011843301,0.8110327133602518,3
0.16104391071258448,50.52332711347614,0.841259773140336,3
0.16005867882083288,50.40116466888647,0.8226099496249484,3
0.17287327555803997,50.86545375474664,0.8229300919434066,3
0.17287327555803997,50.86545375474664,0.8229300919434066,3
0.17913173312945002,51.001114382406406,0.8099289913241015,3
0.17913173312945002,51.001114382406406,0.8099289913241015,3
0.16183151729820233,51.62496638150369,0.81773257057102,3
0.16183151729820233,51.62496638150369,0.81773257057102,3
0.15029449596598957,50.71135021782297,0.8081218295733439,3
0.14760428080197377,51.173387661269636,0.802350824412801,3
0.147940496840583,51.09626851686744,0.803967701717818,3
0.15033069107669592,50.72346586130614,0.807823362492635,3
0.15033069107669592,50.72346586130614,0.807823362492635,3
0.15033069107669592,50.72346586130614,0.807823362492635,3
0.15033069107669592,50.72346586130614,0.807823362492635,3
0.15033069107669592,50.72346586130614,0.807823362492635,3
0.1445601925076362,51.147624274806866,0.8546418183694257,3
0.1328806128671295,51.3322889472845,0.8315539838368364,3
0.14427408066354439,51.45387300772646,0.8211662928293949,3
0.14427408066354439,51.45387300772646,0.8211662928293949,3
0.15785461537329476,51.3917094851467,0.8166758709026815,3
0.15785461537329476,51.3917094851467,0.8166758709026815,3
0.15785461537329476,51.3917094851467,0.8166758709026815,3
0.1414040593634697,51.955055977850805,0.8503851177850725,3
0.1397359813402483,52.03018084277815,0.8164992694217467,3
0.1397359813402483,52.03018084277815,0.8164992694217467,3
0.13810090942354933,52.11658320698302,0.821369326153372,3
0.13810090942354933,52.11658320698302,0.821369326153372,3
0.13810090942354933,52.11658320698302,0.821369326153372,3
0.13810090942354933,52.11658320698302,0.821369326153372,3
0.13810090942354933,52.11658320698302,0.821369326153372,3
0.15113415995366467,52.40110371729201,0.8088262367138748,3
0.15140013478083528,52.156737862740165,0.8252056002858394,3
0.14665356796253753,51.82550528838115,0.8159706313241843,3
0.14503470300723706,50.75562741899191,0.8458498824640601,3
0.135944063562699,50.2461843346452,0.8772940862274582,3
0.1290768805997754,50.737261588955725,0.8674425169261141,3
0.11163274217403607,51.517567585470054,0.8419873802889157,3
0.11163274217403607,51.517567585470054,0.8419873802889157,3
0.11163274217403607,51.517567585470054,0.8419873802889157,3
0.11202843220545276,51.796367605529504,0.8314977897641503,3
0.09228396326995864,51.4817487644612,0.8390997538966972,3
0.09228396326995864,51.4817487644612,0.8390997538966972,3
0.08499748333373006,51.621434522722,0.8430674372409259,3
0.08499748333373006,51.621434522722,0.8430674372409259,3
0.06832998933131378,51.73503541087359,0.8463723969840588,3
0.06516167539950281,51.41549084563757,0.8660921050895355,3
0.07120945865738017,51.382201437253066,0.8307023916003464,3
0.0723287706023576,50.928426061905554,0.8711488311825596,3
0.07405778154070004,50.62873028863449,0.8804252054102774,3
0.0839614380456964,50.385963892485194,0.8878074860840163,3
0.07292278349370303,51.11443137218625,0.8733279010219054,3
0.0973151186194112,50.967419058267915,0.8604120134760206,3
0.0938455532534057,50.695955965777344,0.862290778299658,3
0.0938455532534057,50.695955965777344,0.862290778299658,3
0.10324392290396753,50.95110350533319,0.8758041361801027,3
0.11197490934972792,50.69969035437388,0.875326484904385,3
0.10810961421600508,51.24029499882617,0.8617452337505687,3
0.08656170669964772,51.100197562311926,0.8849344433027307,3
0.08656170669964772,51.100197562311926,0.8849344433027307,3
0.08656170669964772,51.100197562311926,0.8849344433027307,3
0.08656170669964772,51.100197562311926,0.8849344433027307,3
0.09880212657015117,50.74780552888595,0.8861429330332032,3
0.10424557950118225,51.662600393882734,0.8633694259635639,3
0.10424557950118225,51.662600393882734,0.8633694259635639,3
0.09218317723340896,52.04826521311141,0.8398753523988611,3
0.09218317723340896,52.04826521311141,0.8398753523988611,3
0.09218317723340896,52.04826521311141,0.8398753523988611,3
0.09218317723340896,52.04826521311141,0.8398753523988611,3
0.09074970443488854,52.02050208824118,0.8632195279296824,3
0.09995412343056348,51.41523985797382,0.8452366998786771,3
0.07829964538851307,51.511612522704894,0.8375990335765015,3
0.07829964538851307,51.511612522704894,0.8375990335765015,3
0.07829964538851307,51.511612522704894,0.8375990335765015,3
0.07829964538851307,51.511612522704894,0.8375990335765015,3
0.08488356031476445,52.17818241217216,0.8214726876940139,3
0.09024322259648569,51.94864841149185,0.8319889905887017,3
0.08344262329074491,52.00098505974446,0.8240488564134455,3
0.08344262329074491,52.00098505974446,0.8240488564134455,3
0.08344262329074491,52.00098505974446,0.8240488564134455,3
0.08521729013029061,51.95833112329388,0.8336640894711114,3
0.08521729013029061,51.95833112329388,0.8336640894711114,3
0.07849422304448589,51.801702570487684,0.8319412108684093,3
0.07849422304448589,51.801702570487684,0.8319412108684093,3
0.07849422304448589,51.801702570487684,0.8319412108684093,3
0.07849422304448589,51.801702570487684,0.8319412108684093,3
0.07018413743129051,51.5280030815792,0.8679856272743117,3
0.04804659640800201,51.7011727677768,0.8856557119265714,3
0.04804659640800201,51.7011727677768,0.8856557119265714,3
0.05755204916883851,50.66521038687834,0.8789342436226905,3
0.05024130177164533,51.36040865882017,0.8584416311800037,3
0.05024130177164533,51.36040865882017,0.8584416311800037,3
0.05024130177164533,51.36040865882017,0.8584416311800037,3
0.04600083809894261,51.338046144248395,0.8476037767652079,3
0.04600083809894261,51.338046144248395,0.8476037767652079,3
0.04600083809894261,51.338046144248395,0.8476037767652079,3
0.053783996890983295,51.61677235472207,0.8600172536985685,3
0.053783996890983295,51.61677235472207,0.8600172536985685,3
0.059171908386878774,51.87566320950964,0.8569209052452889,3
0.04829760178860327,51.64475471848281,0.8471132909065707,3
0.04829760178860327,51.64475471848281,0.8471132909065707,3
0.04473934792524341,51.834825299923764,0.8362159699712775,3
0.04473934792524341,51.834825299923764,0.8362159699712775,3
0.04189962993871608,52.18520040893741,0.8281860316940297,3
0.04189962993871608,52.18520040893741,0.8281860316940297,3
0.04089925531897446,51.895043551922946,0.8483051386219685,3
0.03324308720958564,51.2316414470449,0.8539542474985636,3
0.023798994392861407,50.923713781850545,0.853270758911156,3
0.03958956487295368,51.46539050077705,0.8635825899107207,3
0.03125240983942601,51.68402207502958,0.8522607905956477,3
0.028127886942560482,51.96877002378717,0.8680638769091058,3
0.01829620712706306,52.337204269850766,0.8462596297411933,3
0.01829620712706306,52.337204269850766,0.8462596297411933,3
0.021654416166980044,52.34380078552445,0.8388294348754674,3
0.021654416166980044,52.34380078552445,0.8388294348754674,3
0.021654416166980044,52.34380078552445,0.8388294348754674,3
0.021654416166980044,52.34380078552445,0.8388294348754674,3
0.027887228000187343,51.84765608905978,0.8372563235813513,3
0.031193354637027132,51.354232782540905,0.8416242688088965,3
0.04342408856330022,51.019562661392975,0.860907753711348,3
0.04342408856330022,51.019562661392975,0.860907753711348,3
0.038145888798772384,51.43482000833005,0.8678423945573112,3
0.037099948103047724,51.63345302027261,0.8645480207730183,3
0.049315061123855065,51.08340787215166,0.8713146705008574,3
0.03996046981079452,50.929101921120285,0.8724691106122245,3
0.031876005601692056,50.7382361493955,0.8565980981517116,3
0.031876005601692056,50.7382361493955,0.8565980981517116,3
0.041381857265790994,50.2094749560842,0.8774507059353324,3
0.031185218870341088,50.48388431368816,0.8704414495946141,3
0.031185218870341088,50.48388431368816,0.8704414495946141,3
0.031185218870341088,50.48388431368816,0.8704414495946141,3
0.031185218870341088,50.48388431368816,0.8704414495946141,3
0.012907791105028734,50.290444417345306,0.880111043013209,3
0.013211770936034168,49.96947587141368,0.8794754491622807,3
0.03039356783436925,50.19215747486616,0.8642959495291881,3
0.030206079035737094,51.16474941268276,0.8664843224907824,3
0.046027317251276456,50.382372719677925,0.881925444886695,3
0.06120644601323248,50.95819373047356,0.8483930836836816,3
0.05749074465206481,51.278451199482305,0.8542863856847326,3
0.05749074465206481,51.278451199482305,0.8542863856847326,3
0.05749074465206481,51.278451199482305,0.8542863856847326,3
0.05749074465206481,51.278451199482305,0.8542863856847326,3
0.055198134659008774,51.192882909169555,0.8603266907477657,3
0.055198134659008774,51.192882909169555,0.8603266907477657,3
0.055198134659008774,51.192882909169555,0.8603266907477657,3
0.0468099318012046,51.51967079164331,0.85959326696886,3
0.0468099318012046,51.51967079164331,0.85959326696886,3
0.0468099318012046,51.51967079164331,0.85959326696886,3
0.0468099318012046,51.51967079164331,0.85959326696886,3
0.04648713835975787,51.29297226465074,0.8334437515156555,3
0.04294944566313077,51.225502950503206,0.836123738367337,3
0.04294944566313077,51.225502950503206,0.836123738367337,3
0.049297794955403804,51.392814651090866,0.8419510064737836,3
0.049297794955403804,51.392814651090866,0.8419510064737836,3
0.049297794955403804,51.392814651090866,0.8419510064737836,3
0.049297794955403804,51.392814651090866,0.8419510064737836,3
0.060233891164817026,51.01975487142904,0.8638130200683369,3
0.060233891164817026,51.01975487142904,0.8638130200683369,3
0.060233891164817026,51.01975487142904,0.8638130200683369,3
0.060233891164817026,51.01975487142904,0.8638130200683369,3
0.060233891164817026,51.01975487142904,0.8638130200683369,3
0.03867151858366632,51.37389568651072,0.8504558777019772,3
0.03338851201340781,51.13247367256895,0.8678564638059062,3
0.04795245678728233,51.1145354243224,0.8497874833185022,3
0.029912534860657283,51.601463709186746,0.8572934365558738,3
0.040227063291777804,51.72069511489051,0.8623855827431733,3
0.040227063291777804,51.72069511489051,0.8623855827431733,3
0.021304390865917528,51.64310758619804,0.8387512862530273,3
0.014013618630248297,51.782552139757726,0.8536699742696905,3
0.014013618630248297,51.782552139757726,0.8536699742696905,3
0.014401191735597485,51.554046017240786,0.8857192508235203,3
0.014401191735597485,51.554046017240786,0.8857192508235203,3
0.010989009717685247,52.078039588870496,0.864170799307872,3
0.010989009717685247,52.078039588870496,0.864170799307872,3
0.010989009717685247,52.078039588870496,0.864170799307872,3
0.010989009717685247,52.078039588870496,0.864170799307872,3
0.010989009717685247,52.078039588870496,0.864170799307872,3
0.014864754616322234,51.8135084813161,0.8601929719645508,3
0.014864754616322234,51.8135084813161,0.8601929719645508,3
0.0179073566284629,51.1622564999015,0.8737819671410294,3
0.007004230422599187,51.40342774383221,0.8768746680341373,3
0.007004230422599187,51.40342774383221,0.8768746680341373,3
0.015774168188565516,51.459004699968204,0.859966280756172,3
0.015774168188565516,51.459004699968204,0.859966280756172,3
0.015774168188565516,51.459004699968204,0.859966280756172,3
0.01893871083048623,51.05207854954747,0.8529630340449529,3
0.01893871083048623,51.05207854954747,0.8529630340449529,3
0.006270685734722345,50.1329880464537,0.89114444689796,3
0.006270685734722345,50.1329880464537,0.89114444689796,3
0.006270685734722345,50.1329880464537,0.89114444689796,3
0.006270685734722345,50.1329880464537,0.89114444689796,3
0.006270685734722345,50.1329880464537,0.89114444689796,3
0.006270685734722345,50.1329880464537,0.89114444689796,3
0.006270685734722345,50.1329880464537,0.89114444689796,3
0.011365777948257912,50.24215309830442,0.8686566530213281,3
0.003819526327452441,51.04354262412122,0.8775955439199847,3
0.003819526327452441,51.04354262412122,0.8775955439199847,3
0.003819526327452441,51.04354262412122,0.8775955439199847,3
0.003819526327452441,51.04354262412122,0.8775955439199847,3
0.003819526327452441,51.04354262412122,0.8775955439199847,3
0.003819526327452441,51.04354262412122,0.8775955439199847,3
0.003819526327452441,51.04354262412122,0.8775955439199847,3
0.003819526327452441,51.04354262412122,0.8775955439199847,3
0.003819526327452441,51.04354262412122,0.8775955439199847,3
0.003819526327452441,51.04354262412122,0.8775955439199847,3
0.0005662088403320777,51.241133010199206,0.8683277851607154,3
0.01600121380828646,50.908289969178725,0.874419722617667,3
0.017701819540859184,50.933721632828316,0.8702021032430095,3
0.017701819540859184,50.933721632828316,0.8702021032430095,3
0.017701819540859184,50.933721632828316,0.8702021032430095,3
0.027622402847058563,50.9457241570498,0.8753516297873697,3
0.027622402847058563,50.9457241570498,0.8753516297873697,3
0.027622402847058563,50.9457241570498,0.8753516297873697,3
0.027622402847058563,50.9457241570498,0.8753516297873697,3
0.027622402847058563,50.9457241570498,0.8753516297873697,3
0.016945445583414966,50.46470169577926,0.8743323644998169,3
0.006680619606933802,50.371096624175095,0.8987782544190273,3
0.005384127525666171,50.43618886497112,0.8888510723471421,3
0.005384127525666171,50.43618886497112,0.8888510723471421,3
0.005384127525666171,50.43618886497112,0.8888510723471421,3
0.007222454494533146,50.808733773008626,0.8797417039738739,3
0.007222454494533146,50.808733773008626,0.8797417039738739,3
0.017333433879417645,50.727870849929744,0.8822460778134072,3
0.019267732036380197,51.34724963087755,0.8703086578198096,3
0.024401237358619852,51.485546769213556,0.86266093225394,3
0.01988380830257827,51.42642645932423,0.8386851437255415,3
0.01988380830257827,51.42642645932423,0.8386851437255415,3
0.01988380830257827,51.42642645932423,0.8386851437255415,3
0.023690330903498993,50.831545522029664,0.8505432548407417,3
0.03781914331581106,51.335860572580664,0.862000021665227,3
0.03781914331581106,51.335860572580664,0.862000021665227,3
0.0513480565086678,51.37029957920039,0.8524618827752304,3
0.0513480565086678,51.37029957920039,0.8524618827752304,3
0.048294614848360694,51.72180183726226,0.8532264665568392,3
0.05536292995006557,51.71541059284876,0.8417165936698405,3
0.05536292995006557,51.71541059284876,0.8417165936698405,3
0.05968528052127859,52.20651992501456,0.841024269170715,3
0.054670952335783465,52.2102092550647,0.8391239530546023,3
0.047439937541499555,51.70514048791397,0.8220991419198409,3
0.042815173735101936,51.98471931793867,0.8322864887812979,3
0.042815173735101936,51.98471931793867,0.8322864887812979,3
0.03308575823920492,52.35339275312792,0.8466704053354366,3
0.031852327179745524,50.92541807219238,0.852551112310361,3
0.04297425231585328,51.000016174768525,0.8590371750279273,3
0.06357410461420823,50.24353938218314,0.8792438646869128,3
0.06669972113943645,50.98340642127067,0.8687604628477992,3
0.08669728153567119,50.628648757673965,0.875983119612346,3
0.07474947382434947,50.40381304395579,0.8517417035996391,3
0.07474947382434947,50.40381304395579,0.8517417035996391,3
0.08932974223737342,50.48235130314428,0.862697087165581,3
0.08509035718410293,50.60057621985478,0.8857638514600892,3
0.0791330005620403,50.73182257528444,0.8863753547163856,3
0.0640858136350055,51.280787276125025,0.8782601864976501,3
0.07116911131454837,50.57853494486703,0.8892404935386095,3
0.07878198343634546,50.713339160681194,0.8852825721286531,3
0.07878198343634546,50.713339160681194,0.8852825721286531,3
0.07878198343634546,50.713339160681194,0.8852825721286531,3
0.07878198343634546,50.713339160681194,0.8852825721286531,3
0.07508666395901994,50.3341198053102,0.8638828172067676,3
0.07258540406083422,50.316551515871,0.859573569792996,3
0.07061311260439863,50.63001406791756,0.8498926166694609,3
0.0547629289811975,50.432163167834,0.8742623959413972,3
0.0547629289811975,50.432163167834,0.8742623959413972,3
0.0547629289811975,50.432163167834,0.8742623959413972,3
0.07986442708838767,50.42293696578092,0.8672231890293803,3
0.07153251912443577,51.065251815406974,0.8463484099691327,3
0.07153251912443577,51.065251815406974,0.8463484099691327,3
0.061097022710905766,51.22608434844011,0.8505398339694743,3
0.061097022710905766,51.22608434844011,0.8505398339694743,3
0.057449019087367235,50.781951458614664,0.8656869223666799,3
0.057449019087367235,50.781951458614664,0.8656869223666799,3
0.036620500430172086,50.50446715015271,0.8890918413354378,3
