z,E,H_km_s_Mpc,Omega_m,Omega_Lambda,Omega_r,Qtilde,w_eff,q,D_L_Mpc
0.0,0.9999999999999999,69.99999999999999,0.29999999999999993,0.6999099999999999,9e-05,-0.09543185612236851,-0.8636512464140125,-0.54982,0.0
0.0001,1.000045019359726,70.00315135518082,0.3000613752738103,0.6999386294669839,9.003600540036e-05,-0.09544502255688751,-0.8636441512748101,-0.549768404267324,0.4283081266321995
0.00010040844420223116,1.0000452032441294,70.00316422708906,0.30006162597718167,0.6999387464019257,9.003615248447931e-05,-0.09544507633624985,-0.8636441222967022,-0.5497681935257579,0.4300576624416632
0.00010081855667112557,1.000045387879643,70.003177151575,0.3000618777046978,0.6999388638144781,9.003630016953647e-05,-0.09544513033528597,-0.8636440932002476,-0.5497679819234147,0.43181434524272233
0.00010123034422062193,1.0000455732693352,70.00319012885346,0.3000621304605431,0.6999389817065921,9.003644845798753e-05,-0.09544518455489326,-0.8636440639849633,-0.5497677694567789,0.4335782042359692
0.0001016438136924896,1.0000457594162864,70.00320315914004,0.300062384248919,0.6999391000802259,9.00365973522984e-05,-0.09544523899597267,-0.8636440346503638,-0.5497675561223194,0.4353492687413368
0.0001020589719564432,1.0000459463235905,70.00321624265133,0.30006263907404424,0.6999392189373465,9.003674685494527e-05,-0.095445293659429,-0.863644005195962,-0.5497673419164926,0.437127568198591
0.00010247582591025591,1.0000461339943532,70.00322937960472,0.3000628949401547,0.6999393382799288,9.003689696841437e-05,-0.09544534854617068,-0.8636439756212686,-0.5497671268357385,0.4389131321678166
0.00010289438247987486,1.0000463224316933,70.00324257021853,0.30006315185150356,0.6999394581099554,9.003704769520208e-05,-0.09544540365710981,-0.8636439459257924,-0.5497669108764839,0.44070599032991326
0.00010331464861953535,1.0000465116387418,70.00325581471192,0.30006340981236135,0.6999395784294171,9.003719903781504e-05,-0.09544545899316216,-0.8636439161090402,-0.5497666940351399,0.4425061724870857
0.00010373663131187734,1.0000467016186436,70.00326911330505,0.3000636688270163,0.6999396992403133,9.003735099877008e-05,-0.09544551455524747,-0.8636438861705169,-0.5497664763081038,0.4443137085633437
0.0001041603375680605,1.0000468923745551,70.00328246621886,0.3000639288997738,0.6999398205446508,9.003750358059432e-05,-0.09544557034428891,-0.863643856109725,-0.549766257691758,0.44612862860499636
0.00010458577442788165,1.000047083909647,70.00329587367528,0.3000641900349571,0.6999399423444453,9.00376567858254e-05,-0.09544562636121379,-0.8636438259261654,-0.5497660381824703,0.4479509627811564
0.0001050129489598909,1.0000472762271015,70.00330933589711,0.30006445223690703,0.6999400646417204,9.003781061701098e-05,-0.09544568260695288,-0.8636437956193368,-0.549765817776593,0.44978074138423824
0.00010544186826150943,1.0000474693301147,70.00332285310803,0.3000647155099822,0.6999401874385078,9.00379650767095e-05,-0.09544573908244092,-0.8636437651887356,-0.5497655964704635,0.4516179948304646
0.00010587253945914778,1.0000476632218958,70.00333642553271,0.3000649798585589,0.6999403107368478,9.003812016748961e-05,-0.09544579578861646,-0.8636437346338566,-0.5497653742604054,0.4534627536603738
0.00010630496970832345,1.0000478579056666,70.00335005339666,0.30006524528703155,0.6999404345387891,9.003827589193063e-05,-0.09544585272642189,-0.8636437039541921,-0.5497651511427262,0.45531504853932486
0.00010673916619378068,1.000048053384663,70.0033637369264,0.3000655117998122,0.6999405588463885,9.003843225262235e-05,-0.09544590989680346,-0.8636436731492327,-0.549764927113719,0.4571749102580121
0.00010717513612960896,1.0000482496621326,70.00337747634929,0.3000657794013314,0.6999406836617112,9.003858925216518e-05,-0.09544596730071114,-0.8636436422184667,-0.5497647021696608,0.4590423697329738
0.00010761288675936369,1.0000484467413373,70.0033912718936,0.30006604809603726,0.6999408089868309,9.003874689317008e-05,-0.09544602493909891,-0.8636436111613804,-0.5497644763068141,0.46091745800711
0.0001080524253561858,1.0000486446255528,70.0034051237887,0.30006631788839655,0.69994093482383,9.00389051782588e-05,-0.09544608281292473,-0.863643579977458,-0.5497642495214263,0.46280020625019674
0.00010849375922292328,1.0000488433180668,70.00341903226467,0.300066588782894,0.6999410611747992,9.003906411006372e-05,-0.09544614092315028,-0.8636435486661815,-0.5497640218097288,0.4646906457594078
0.00010893689569225194,1.0000490428221815,70.00343299755271,0.3000668607840327,0.6999411880418376,9.003922369122818e-05,-0.09544619927074131,-0.8636435172270309,-0.5497637931679384,0.46658880795983315
0.00010938184212679744,1.0000492431412125,70.00344701988487,0.30006713389633427,0.699941315427053,9.003938392440595e-05,-0.09544625785666748,-0.8636434856594839,-0.5497635635922562,0.46849472440500256
0.00010982860591925798,1.000049444278488,70.00346109949416,0.30006740812433874,0.6999414433325618,9.003954481226214e-05,-0.09544631668190232,-0.8636434539630164,-0.5497633330788669,0.47040842677741346
0.00011027719449252639,1.0000496462373514,70.00347523661459,0.30006768347260476,0.6999415717604894,9.003970635747232e-05,-0.09544637574742353,-0.8636434221371019,-0.549763101623941,0.47232994688905416
0.00011072761529981429,1.0000498490211582,70.00348943148107,0.30006795994570945,0.6999417007129691,9.003986856272329e-05,-0.0954464350542126,-0.8636433901812116,-0.5497628692236325,0.474259316681938
0.00011117987582477509,1.0000500526332787,70.00350368432952,0.30006823754824885,0.6999418301921442,9.00400314307127e-05,-0.09544649460325524,-0.863643358094815,-0.5497626358740797,0.47619656822863077
0.00011163398358162918,1.0000502570770964,70.00351799539675,0.3000685162848375,0.6999419602001647,9.004019496414923e-05,-0.09544655439554095,-0.863643325877379,-0.5497624015714057,0.47814173373278873
0.00011208994611528791,1.0000504623560087,70.0035323649206,0.3000687961601092,0.6999420907391917,9.004035916575279e-05,-0.09544661443206345,-0.8636432935283687,-0.5497621663117169,0.48009484552969117
0.00011254777100147984,1.0000506684734267,70.00354679313988,0.3000690771787163,0.6999422218113932,9.004052403825422e-05,-0.09544667471382041,-0.8636432610472466,-0.5497619300911044,0.48205593608678227
0.00011300746584687567,1.0000508754327764,70.00356128029435,0.3000693593453304,0.6999423534189475,9.004068958439559e-05,-0.09544673524181374,-0.8636432284334735,-0.5497616929056436,0.48402503800420765
0.00011346903828921558,1.0000510832374963,70.00357582662474,0.3000696426646421,0.6999424855640408,9.004085580693027e-05,-0.09544679601704921,-0.8636431956865076,-0.5497614547513929,0.4860021840153618
0.00011393249599743534,1.0000512918910403,70.00359043237282,0.30006992714136127,0.6999426182488689,9.004102270862284e-05,-0.09544685704053693,-0.8636431628058048,-0.5497612156243958,0.4879874069874289
0.00011439784667179399,1.0000515013968758,70.0036050977813,0.3000702127802169,0.6999427514756362,9.004119029224918e-05,-0.09544691831329102,-0.8636431297908193,-0.5497609755206787,0.48998073992193175
0.00011486509804400223,1.000051711758484,70.00361982309387,0.3000704995859574,0.699942885246556,9.004135856059647e-05,-0.09544697983632963,-0.8636430966410026,-0.549760734436252,0.4919822159552828
0.00011533425787734997,1.000051922979361,70.00363460855527,0.3000707875633505,0.6999430195638509,9.004152751646329e-05,-0.09544704161067528,-0.8636430633558042,-0.5497604923671099,0.4939918683593321
0.00011580533396683634,1.000052135063017,70.00364945441119,0.3000710767171836,0.6999431544297525,9.004169716265992e-05,-0.0954471036373546,-0.8636430299346712,-0.5497602493092301,0.4960097305419263
0.0001162783341392982,1.0000523480129764,70.00366436090835,0.3000713670522634,0.6999432898465019,9.004186750200769e-05,-0.09544716591739842,-0.8636429963770487,-0.5497600052585745,0.49803583604745905
0.00011675326625354113,1.0000525618327778,70.00367932829445,0.30007165857341644,0.6999434258163483,9.004203853733987e-05,-0.09544722845184164,-0.8636429626823791,-0.5497597602110874,0.5000702185574355
0.00011723013820046911,1.0000527765259748,70.00369435681823,0.30007195128548897,0.699943562341551,9.004221027150103e-05,-0.09544729124172356,-0.8636429288501029,-0.5497595141626976,0.5021129118910277
0.0001177089579032165,1.0000529920961354,70.00370944672947,0.300072245193347,0.6999436994243787,9.004238270734763e-05,-0.09544735428808776,-0.8636428948796582,-0.5497592671093167,0.5041639500056425
0.00011818973331727878,1.0000532085468417,70.00372459827892,0.30007254030187647,0.6999438370671085,9.004255584774767e-05,-0.09544741759198189,-0.8636428607704809,-0.5497590190468394,0.5062233669974827
0.00011867247243064567,1.0000534258816907,70.00373981171835,0.3000728366159832,0.6999439752720273,9.004272969558082e-05,-0.09544748115445802,-0.8636428265220043,-0.5497587699711444,0.5082911971021187
0.00011915718326393301,1.0000536441042942,70.00375508730059,0.3000731341405932,0.6999441140414315,9.004290425373865e-05,-0.09544754497657246,-0.8636427921336598,-0.5497585198780925,0.5103674746950552
0.00011964387387051639,1.000053863218279,70.00377042527953,0.3000734328806526,0.6999442533776262,9.004307952512447e-05,-0.09544760905938589,-0.8636427576048761,-0.5497582687635287,0.512452234292305
0.00012013255233666528,1.000054083227286,70.00378582591001,0.30007373284112754,0.699944393282927,9.00432555126536e-05,-0.09544767340396329,-0.8636427229350797,-0.5497580166232805,0.5145455105509655
0.00012062322678167657,1.0000543041349716,70.00380128944802,0.30007403402700467,0.6999445337596581,9.004343221925318e-05,-0.09544773801137403,-0.8636426881236949,-0.5497577634531582,0.516647338269792
0.00012111590535801047,1.0000545259450067,70.00381681615046,0.300074336443291,0.6999446748101531,9.004360964786228e-05,-0.09544780288269171,-0.8636426531701437,-0.5497575092489547,0.5187577523897812
0.00012161059625142491,1.0000547486610776,70.00383240627544,0.30007464009501394,0.699944816436756,9.004378780143203e-05,-0.09544786801899449,-0.8636426180738452,-0.549757254006447,0.520876787994749
0.0001221073076811126,1.000054972286886,70.003848060082,0.3000749449872216,0.6999449586418195,9.004396668292576e-05,-0.0954479334213649,-0.8636425828342168,-0.5497569977213939,0.5230044803119195
0.00012260604789983653,1.000055196826147,70.00386377783029,0.3000752511249824,0.6999451014277062,9.004414629531867e-05,-0.09544799909088975,-0.8636425474506731,-0.5497567403895365,0.525140864712506
0.00012310682519406818,1.0000554222825935,70.00387955978154,0.30007555851338585,0.6999452447967889,9.004432664159838e-05,-0.09544806502866059,-0.8636425119226265,-0.5497564820065994,0.5272859767123055
0.0001236096478841242,1.000055648659971,70.00389540619797,0.300075867157542,0.6999453887514488,9.004450772476453e-05,-0.09544813123577303,-0.863642476249487,-0.5497562225682892,0.5294398519722859
0.00012411452432430512,1.0000558759620426,70.00391131734298,0.30007617706258194,0.6999455332940784,9.004468954782923e-05,-0.09544819771332752,-0.8636424404306619,-0.5497559620702953,0.5316025262991817
0.00012462146290303453,1.0000561041925846,70.00392729348093,0.30007648823365757,0.6999456784270783,9.00448721138167e-05,-0.09544826446242866,-0.8636424044655565,-0.5497557005082887,0.5337740356460916
0.0001251304720429975,1.000056333355391,70.00394333487736,0.3000768006759421,0.6999458241528608,9.00450554257638e-05,-0.095448331484186,-0.8636423683535736,-0.5497554378779242,0.5359544161130736
0.00012564156020128162,1.0000565634542693,70.00395944179886,0.30007711439462975,0.6999459704738467,9.004523948671942e-05,-0.09544839877971327,-0.8636423320941131,-0.5497551741748372,0.5381437039477505
0.00012615473586951638,1.0000567944930439,70.00397561451307,0.30007742939493587,0.6999461173924666,9.004542429974524e-05,-0.0954484663501288,-0.8636422956865732,-0.5497549093946467,0.5403419355459089
0.00012667000757401545,1.000057026475554,70.00399185328878,0.3000777456820973,0.6999462649111619,9.004560986791537e-05,-0.09544853419655562,-0.863642259130349,-0.5497546435329524,0.5425491474521107
0.00012718738387591715,1.000057259405655,70.00400815839585,0.30007806326137204,0.6999464130323831,9.00457961943166e-05,-0.09544860232012124,-0.8636422224248334,-0.5497543765853372,0.544765376360296
0.00012770687337132784,1.0000574932872177,70.00402453010524,0.30007838213804,0.6999465617585915,9.00459832820481e-05,-0.09544867072195783,-0.8636421855694167,-0.5497541085473656,0.5469906591143995
0.00012822848469146357,1.0000577281241292,70.00404096868904,0.3000787023174023,0.6999467110922581,9.004617113422192e-05,-0.0954487394032022,-0.8636421485634871,-0.5497538394145837,0.549225032708959
0.00012875222650279473,1.0000579639202918,70.00405747442042,0.3000790238047819,0.6999468610358638,9.004635975396274e-05,-0.0954488083649957,-0.8636421114064297,-0.5497535691825195,0.5514685342897366
0.00012927810750718892,1.0000582006796244,70.00407404757371,0.3000793466055234,0.6999470115919001,9.004654914440817e-05,-0.09544887760848449,-0.8636420740976276,-0.5497532978466833,0.5537212011543334
0.00012980613644205606,1.0000584384060613,70.0040906884243,0.30007967072499336,0.6999471627628681,9.004673930870842e-05,-0.09544894713481931,-0.8636420366364611,-0.549753025402566,0.5559830707528116
0.00013033632208049391,1.0000586771035538,70.00410739724876,0.3000799961685803,0.6999473145512796,9.004693025002681e-05,-0.09544901694515567,-0.8636419990223081,-0.5497527518456414,0.5582541806883209
0.0001308686732314329,1.0000589167760678,70.00412417432474,0.3000803229416946,0.6999474669596562,9.004712197153946e-05,-0.09544908704065368,-0.8636419612545438,-0.5497524771713633,0.5605345687177198
0.00013140319873978352,1.0000591574275872,70.00414101993111,0.300080651049769,0.6999476199905302,9.004731447643552e-05,-0.09544915742247836,-0.8636419233325411,-0.5497522013751683,0.5628242727522098
0.0001319399074865823,1.000059399062111,70.00415793434776,0.30008098049825815,0.6999477736464442,9.004750776791723e-05,-0.09544922809179937,-0.8636418852556701,-0.5497519244524736,0.5651233308579621
0.0001324788083891404,1.0000596416836545,70.0041749178558,0.30008131129263926,0.6999479279299511,9.004770184919989e-05,-0.09544929904979113,-0.8636418470232985,-0.5497516463986777,0.5674317812567559
0.00013301991040119064,1.0000598852962503,70.00419197073752,0.30008164343841187,0.6999480828436142,9.004789672351196e-05,-0.09544937029763305,-0.8636418086347912,-0.5497513672091607,0.5697496623266107
0.00013356322251303738,1.0000601299039469,70.00420909327629,0.3000819769410979,0.6999482383900072,9.004809239409505e-05,-0.0954494418365091,-0.8636417700895109,-0.5497510868792836,0.5720770126024295
0.00013410875375170498,1.000060375510809,70.00422628575663,0.30008231180624184,0.6999483945717143,9.004828886420415e-05,-0.09544951366760823,-0.8636417313868172,-0.5497508054043885,0.5744138707766376
0.00013465651318108815,1.0000606221209187,70.00424354846432,0.300082648039411,0.6999485513913307,9.004848613710753e-05,-0.09544958579212427,-0.8636416925260676,-0.5497505227797981,0.5767602756998281
0.00013520650990210296,1.000060869738374,70.00426088168618,0.3000829856461953,0.6999487088514615,9.004868421608674e-05,-0.09544965821125584,-0.8636416535066165,-0.5497502390008164,0.5791162663814109
0.00013575875305283703,1.0000611183672903,70.00427828571031,0.3000833246322076,0.6999488669547231,9.004888310443688e-05,-0.09544973092620655,-0.8636416143278159,-0.5497499540627286,0.5814818819902581
0.00013631325180870268,1.0000613680117991,70.00429576082594,0.3000836650030837,0.6999490257037418,9.004908280546639e-05,-0.0954498039381848,-0.8636415749890152,-0.5497496679607994,0.5838571618553616
0.00013687001538258793,1.0000616186760498,70.00431330732349,0.3000840067644824,0.6999491851011558,9.004928332249741e-05,-0.09544987724840408,-0.8636415354895612,-0.5497493806902755,0.5862421454664833
0.000137429053025011,1.0000618703642077,70.00433092549454,0.30008434992208555,0.6999493451496129,9.004948465886552e-05,-0.09544995085808276,-0.8636414958287977,-0.5497490922463835,0.5886368724748177
0.0001379903740242727,1.0000621230804556,70.0043486156319,0.3000846944815984,0.6999495058517723,9.004968681792005e-05,-0.09545002476844414,-0.8636414560060661,-0.5497488026243303,0.5910413826936467
0.00013855398770661195,1.0000623768289938,70.00436637802956,0.3000850404487495,0.6999496672103039,9.0049889803024e-05,-0.09545009898071664,-0.8636414160207051,-0.5497485118193041,0.5934557160990094
0.00013911990343635954,1.0000626316140389,70.00438421298271,0.3000853878292907,0.6999498292278887,9.005009361755415e-05,-0.0954501734961336,-0.8636413758720507,-0.5497482198264724,0.5958799128303613
0.00013968813061609493,1.0000628874398254,70.00440212078777,0.30008573662899735,0.6999499919072185,9.005029826490097e-05,-0.09545024831593343,-0.8636413355594359,-0.5497479266409838,0.5983140131912488
0.00014025867868680146,1.0000631443106045,70.00442010174231,0.3000860868536686,0.699950155250996,9.005050374846893e-05,-0.0954503234413596,-0.8636412950821916,-0.5497476322579664,0.6007580576499759
0.00014083155712802357,1.0000634022306454,70.00443815614517,0.30008643850912714,0.6999503192619349,9.005071007167653e-05,-0.09545039887366065,-0.8636412544396451,-0.5497473366725288,0.603212086840281
0.00014140677545802487,1.0000636612042346,70.00445628429642,0.3000867916012196,0.6999504839427606,9.005091723795594e-05,-0.0954504746140903,-0.8636412136311218,-0.5497470398797597,0.6056761415620141
0.00014198434323394504,1.0000639212356757,70.0044744864973,0.30008714613581633,0.6999506492962086,9.005112525075373e-05,-0.09545055066390724,-0.8636411726559439,-0.5497467418747275,0.6081502627818135
0.0001425642700519601,1.0000641823292902,70.00449276305031,0.30008750211881174,0.6999508153250267,9.005133411353023e-05,-0.09545062702437541,-0.8636411315134309,-0.5497464426524804,0.6106344916337924
0.00014314656554744034,1.0000644444894176,70.00451111425923,0.30008785955612444,0.6999509820319729,9.005154382976026e-05,-0.09545070369676398,-0.8636410902028995,-0.5497461422080471,0.6131288694202194
0.00014373123939511188,1.0000647077204141,70.00452954042899,0.3000882184536972,0.699951149419817,9.005175440293256e-05,-0.09545078068234708,-0.8636410487236637,-0.5497458405364344,0.6156334376122119
0.00014431830130921604,1.0000649720266548,70.00454804186583,0.300088578817497,0.6999513174913404,9.00519658365504e-05,-0.09545085798240428,-0.8636410070750347,-0.5497455376326301,0.6181482378504211
0.00014490776104367204,1.0000652374125323,70.00456661887726,0.3000889406535153,0.6999514862493349,9.005217813413111e-05,-0.09545093559822027,-0.8636409652563206,-0.5497452334916018,0.6206733119457316
0.00014549962839223776,1.0000655038824569,70.00458527177199,0.30008930396776795,0.6999516556966049,9.005239129920677e-05,-0.095451013531085,-0.8636409232668272,-0.5497449281082951,0.6232087018799528
0.00014609391318867374,1.000065771440857,70.00460400085998,0.3000896687662956,0.6999518258359653,9.005260533532353e-05,-0.09545109178229368,-0.863640881105857,-0.5497446214776358,0.6257544498065222
0.0001466906253069055,1.000066040092179,70.00462280645253,0.3000900350551633,0.6999519966702427,9.005282024604223e-05,-0.09545117035314679,-0.86364083877271,-0.549744313594529,0.6283105980512046
0.00014728977466118803,1.0000663098408882,70.00464168886218,0.3000904028404611,0.6999521682022756,9.00530360349384e-05,-0.09545124924495021,-0.863640796266683,-0.5497440044538591,0.630877189112799
0.000147891371206271,1.0000665806914675,70.00466064840272,0.30009077212830404,0.6999523404349139,9.005325270560194e-05,-0.09545132845901516,-0.8636407535870703,-0.5497436940504892,0.6334542656638475
0.000148495424937563,1.000066852648418,70.00467968538926,0.30009114292483186,0.6999525133710192,9.005347026163764e-05,-0.0954514079966581,-0.8636407107331628,-0.5497433823792617,0.6360418705513431
0.00014910194589129902,1.0000671257162597,70.00469880013817,0.3000915152362096,0.6999526870134647,9.005368870666495e-05,-0.09545148785920095,-0.8636406677042492,-0.549743069434998,0.6386400467974475
0.0001497109441447057,1.00006739989953,70.0047179929671,0.3000918890686275,0.6999528613651348,9.005390804431818e-05,-0.09545156804797092,-0.8636406244996147,-0.5497427552124973,0.6412488376002035
0.00015032242981617027,1.0000676752027866,70.00473726419506,0.30009226442830106,0.699953036428927,9.005412827824652e-05,-0.0954516485643009,-0.8636405811185419,-0.5497424397065396,0.6438682863342596
0.00015093641306540727,1.0000679516306044,70.00475661414231,0.3000926413214712,0.6999532122077495,9.005434941211392e-05,-0.09545172940952897,-0.8636405375603103,-0.5497421229118817,0.6464984365515875
0.0001515529040936286,1.0000682291875773,70.0047760431304,0.30009301975440433,0.6999533887045228,9.005457144959956e-05,-0.09545181058499878,-0.8636404938241967,-0.54974180482326,0.6491393319822129
0.00015217191314371184,1.0000685078783182,70.00479555148227,0.3000933997333925,0.699953565922179,9.005479439439754e-05,-0.09545189209205945,-0.8636404499094745,-0.5497414854353891,0.6517910165349388
0.00015279345050037154,1.000068787707459,70.00481513952212,0.3000937812647536,0.6999537438636629,9.005501825021712e-05,-0.0954519739320657,-0.8636404058154148,-0.5497411647429618,0.6544535342980823
0.00015341752649032926,1.00006906867965,70.0048348075755,0.30009416435483116,0.6999539225319307,9.005524302078274e-05,-0.09545205610637764,-0.8636403615412851,-0.5497408427406496,0.6571269295402056
0.0001540441514824853,1.0000693507995608,70.00485455596926,0.3000945490099947,0.6999541019299506,9.005546870983401e-05,-0.095452138616361,-0.8636403170863503,-0.5497405194231019,0.6598112467108534
0.0001546733358880917,1.0000696340718802,70.00487438503161,0.3000949352366399,0.6999542820607033,9.005569532112598e-05,-0.09545222146338712,-0.8636402724498718,-0.5497401947849467,0.6625065304412979
0.00015530509016092398,1.000069918501316,70.00489429509211,0.30009532304118836,0.6999544629271819,9.005592285842884e-05,-0.09545230464883299,-0.8636402276311088,-0.5497398688207897,0.6652128255452756
0.00015593942479745615,1.000070204092595,70.00491428648165,0.3000957124300882,0.6999546445323909,9.005615132552852e-05,-0.09545238817408104,-0.8636401826293169,-0.5497395415252142,0.6679301770197418
0.0001565763503370338,1.0000704908504638,70.00493435953247,0.30009610340981374,0.6999548268793475,9.00563807262262e-05,-0.09545247204051954,-0.8636401374437486,-0.5497392128927823,0.6706586300456124
0.00015721587736205057,1.000070778779688,70.00495451457816,0.3000964959868658,0.6999550099710816,9.005661106433861e-05,-0.09545255624954235,-0.8636400920736536,-0.5497388829180329,0.6733982299885242
0.0001578580164981227,1.000071067885053,70.00497475195371,0.30009689016777163,0.6999551938106352,9.005684234369831e-05,-0.09545264080254902,-0.8636400465182785,-0.5497385515954836,0.6761490223995845
0.00015850277841426624,1.0000713581713636,70.00499507199545,0.3000972859590856,0.699955378401062,9.005707456815339e-05,-0.09545272570094485,-0.8636400007768669,-0.5497382189196287,0.6789110530161342
0.0001591501738230746,1.000071649643444,70.00501547504109,0.30009768336738835,0.6999555637454297,9.005730774156763e-05,-0.09545281094614086,-0.8636399548486591,-0.5497378848849408,0.6816843677625092
0.0001598002134808956,1.0000719423061386,70.0050359614297,0.3000980823992878,0.699955749846817,9.005754186782066e-05,-0.09545289653955386,-0.8636399087328923,-0.5497375494858692,0.6844690127508032
0.00016045290818801134,1.000072236164311,70.00505653150178,0.3000984830614187,0.6999559367083159,9.005777695080817e-05,-0.09545298248260636,-0.8636398624288009,-0.5497372127168408,0.6872650342816411
0.00016110826878881638,1.0000725312228451,70.00507718559916,0.300098885360443,0.6999561243330311,9.005801299444159e-05,-0.09545306877672684,-0.8636398159356158,-0.5497368745722597,0.6900724788449443
0.0001617663061719993,1.0000728274866448,70.00509792406514,0.30009928930304985,0.6999563127240801,9.005825000264831e-05,-0.09545315542334949,-0.863639769252565,-0.5497365350465077,0.692891393120711
0.00016242703127072216,1.000073124960634,70.00511874724438,0.3000996948959559,0.6999565018845927,9.005848797937209e-05,-0.0954532424239145,-0.8636397223788732,-0.5497361941339427,0.6957218239797899
0.00016309045506280361,1.0000734236497564,70.00513965548295,0.3001001021459049,0.6999566918177116,9.00587269285725e-05,-0.0954533297798677,-0.8636396753137622,-0.5497358518289005,0.6985638184846651
0.0001637565885708999,1.000073723558976,70.00516064912833,0.3001005110596685,0.6999568825265923,9.005896685422541e-05,-0.09545341749266108,-0.8636396280564502,-0.5497355081256927,0.7014174238902359
0.00016442544286268925,1.000074024693277,70.0051817285294,0.30010092164404606,0.6999570740144033,9.005920776032317e-05,-0.09545350556375239,-0.8636395806061525,-0.5497351630186083,0.7042826876446097
0.00016509702905105484,1.0000743270576649,70.00520289403654,0.30010133390586446,0.6999572662843259,9.005944965087411e-05,-0.09545359399460539,-0.8636395329620813,-0.5497348165019134,0.7071596573898873
0.00016577135829426957,1.0000746306571644,70.00522414600151,0.30010174785197874,0.6999574593395551,9.005969252990331e-05,-0.09545368278668999,-0.8636394851234452,-0.54973446856985,0.7100483809629599
0.00016644844179618238,1.0000749354968212,70.00524548477749,0.3001021634892719,0.6999576531832978,9.005993640145209e-05,-0.09545377194148177,-0.86363943708945,-0.5497341192166365,0.7129489063963076
0.0001671282908064028,1.0000752415817018,70.00526691071913,0.30010258082465496,0.6999578478187747,9.006018126957837e-05,-0.09545386146046261,-0.8636393888592979,-0.549733768436468,0.7158612819187954
0.0001678109166204896,1.0000755489168933,70.00528842418254,0.30010299986506733,0.6999580432492196,9.006042713835672e-05,-0.09545395134512036,-0.8636393404321882,-0.5497334162235165,0.7187855559564826
0.00016849633058013677,1.0000758575075033,70.00531002552523,0.3001034206174769,0.6999582394778793,9.006067401187833e-05,-0.09545404159694891,-0.8636392918073164,-0.5497330625719284,0.7217217771334243
0.00016918454407336358,1.000076167358661,70.00533171510627,0.3001038430888797,0.6999584365080141,9.006092189425123e-05,-0.09545413221744835,-0.8636392429838753,-0.5497327074758285,0.7246699942724869
0.00016987556853470228,1.0000764784755154,70.00535349328608,0.30010426728630074,0.6999586343428975,9.006117078960009e-05,-0.0954542232081248,-0.8636391939610542,-0.5497323509293155,0.727630256396157
0.0001705694154453895,1.0000767908632375,70.00537536042663,0.30010469321679356,0.6999588329858163,9.006142070206673e-05,-0.09545431457049058,-0.8636391447380387,-0.5497319929264652,0.7306026127273636
0.00017126609633355558,1.0000771045270196,70.00539731689138,0.3001051208874405,0.6999590324400708,9.006167163580955e-05,-0.09545440630606424,-0.8636390953140117,-0.5497316334613294,0.7335871126902926
0.00017196562277441762,1.000077419472074,70.00541936304518,0.300105550305353,0.6999592327089749,9.00619235950043e-05,-0.09545449841637038,-0.8636390456881525,-0.5497312725279344,0.7365838059112171
0.00017266800639047044,1.0000777357036357,70.0054414992545,0.30010598147767154,0.6999594337958557,9.006217658384376e-05,-0.09545459090294003,-0.8636389958596369,-0.5497309101202833,0.7395927422193189
0.00017337325885168027,1.0000780532269602,70.00546372588721,0.30010641441156566,0.6999596357040543,9.006243060653764e-05,-0.09545468376731035,-0.8636389458276376,-0.5497305462323543,0.7426139716475207
0.00017408139187567918,1.0000783720473243,70.0054860433127,0.30010684911423435,0.6999598384369247,9.006268566731318e-05,-0.0954547770110247,-0.8636388955913237,-0.5497301808581001,0.7456475444333239
0.0001747924172279585,1.0000786921700275,70.00550845190193,0.30010728559290606,0.6999600419978361,9.006294177041478e-05,-0.09545487063563306,-0.8636388451498609,-0.5497298139914506,0.7486935110196391
0.0001755063467220658,1.0000790136003899,70.00553095202729,0.3001077238548387,0.6999602463901697,9.00631989201042e-05,-0.09545496464269138,-0.8636387945024119,-0.5497294456263091,0.7517519220556335
0.0001762231922197996,1.0000793363437535,70.00555354406274,0.3001081639073199,0.6999604516173219,9.00634571206606e-05,-0.09545505903376221,-0.8636387436481354,-0.5497290757565549,0.7548228283975692
0.00017694296563140806,1.0000796604054827,70.00557622838379,0.3001086057576672,0.6999606576827019,9.006371637638079e-05,-0.0954551538104144,-0.863638692586187,-0.5497287043760424,0.7579062811096577
0.00017766567891578522,1.000079985790963,70.00559900536742,0.30010904941322775,0.6999608645897333,9.006397669157917e-05,-0.09545524897422317,-0.8636386413157189,-0.5497283314786001,0.7610023314649034
0.0001783913440806714,1.0000803125056026,70.00562187539218,0.3001094948813791,0.6999610723418541,9.006423807058757e-05,-0.09545534452677024,-0.8636385898358797,-0.5497279570580322,0.7641110309459654
0.00017911997318285095,1.0000806405548315,70.00564483883821,0.3001099421695287,0.6999612809425156,9.006450051775579e-05,-0.09545544046964377,-0.8636385381458145,-0.549727581108117,0.7672324312460095
0.0001798515783283543,1.000080969944102,70.00566789608715,0.30011039128511446,0.699961490395184,9.006476403745139e-05,-0.0954555368044385,-0.8636384862446651,-0.549727203622608,0.770366584269576
0.0001805861716726577,1.0000813006788885,70.00569104752219,0.3001108422356047,0.6999617007033385,9.006502863405965e-05,-0.09545563353275548,-0.8636384341315695,-0.549726824595232,0.7735135421334395
0.0001813237654208857,1.0000816327646878,70.00571429352814,0.3001112950284981,0.6999619118704734,9.006529431198407e-05,-0.09545573065620247,-0.8636383818056625,-0.5497264440196916,0.7766733571674802
0.00018206437182801452,1.000081966207019,70.00573763449134,0.30011174967132415,0.6999621239000975,9.006556107564593e-05,-0.09545582817639377,-0.8636383292660752,-0.5497260618896624,0.7798460819155579
0.00018280800319907443,1.0000823010114246,70.00576107079972,0.30011220617164314,0.699962336795733,9.006582892948477e-05,-0.09545592609495028,-0.863638276511935,-0.5497256781987954,0.7830317691363838
0.0001835546718893556,1.0000826371834686,70.0057846028428,0.3001126645370462,0.6999625505609169,9.006609787795814e-05,-0.09545602441349942,-0.8636382235423662,-0.5497252929407146,0.7862304718044048
0.00018430439030461192,1.0000829747287385,70.0058082310117,0.3001131247751556,0.6999627651992015,9.006636792554206e-05,-0.09545612313367545,-0.863638170356489,-0.5497249061090186,0.7894422431106816
0.0001850571709012686,1.0000833136528444,70.00583195569911,0.30011358689362466,0.6999629807141521,9.006663907673056e-05,-0.09545622225711915,-0.8636381169534205,-0.5497245176972796,0.7926671364637804
0.00018581302618662763,1.0000836539614193,70.00585577729935,0.30011405090013804,0.6999631971093495,9.006691133603648e-05,-0.09545632178547808,-0.8636380633322738,-0.5497241276990439,0.7959052054906588
0.0001865719687190772,1.0000839956601189,70.00587969620832,0.3001145168024119,0.6999634143883888,9.006718470799071e-05,-0.09545642172040646,-0.8636380094921585,-0.5497237361078302,0.7991565040375646
0.0001873340111082986,1.0000843387546228,70.0059037128236,0.3001149846081938,0.6999636325548801,9.006745919714297e-05,-0.09545652206356538,-0.8636379554321806,-0.5497233429171327,0.8024210861709279
0.00018809916601547752,1.0000846832506332,70.00592782754433,0.30011545432526315,0.6999638516124482,9.006773480806154e-05,-0.09545662281662266,-0.8636379011514425,-0.5497229481204171,0.8056990061782688
0.00018886744615351288,1.0000850291538759,70.0059520407713,0.30011592596143105,0.6999640715647324,9.00680115453333e-05,-0.09545672398125292,-0.8636378466490429,-0.5497225517111242,0.8089903185690969
0.00018963886428722878,1.0000853764700997,70.00597635290697,0.30011639952454056,0.6999642924153869,9.006828941356408e-05,-0.09545682555913765,-0.8636377919240767,-0.5497221536826664,0.8122950780758227
0.00019041343323358698,1.0000857252050772,70.0060007643554,0.3001168750224669,0.6999645141680808,9.00685684173784e-05,-0.09545692755196514,-0.8636377369756353,-0.54972175402843,0.8156133396546716
0.00019119116586189866,1.0000860753646046,70.00602527552232,0.30011735246311744,0.699964736826499,9.00688485614198e-05,-0.09545702996143077,-0.8636376818028063,-0.5497213527417741,0.8189451584865962
0.00019197207509403974,1.0000864269545018,70.00604988681512,0.3001178318544318,0.6999649603943398,9.006912985035082e-05,-0.09545713278923657,-0.8636376264046735,-0.549720949816031,0.8222905899782015
0.000192756173904664,1.0000867799806121,70.00607459864285,0.30011831320438215,0.6999651848753183,9.006941228885304e-05,-0.09545723603709176,-0.8636375707803172,-0.5497205452445053,0.8256496897626628
0.0001935434753214202,1.0000871344488034,70.00609941141623,0.3001187965209733,0.6999654102731641,9.006969588162735e-05,-0.09545733970671248,-0.8636375149288136,-0.5497201390204745,0.8290225137006595
0.00019433399242516723,1.0000874903649668,70.00612432554767,0.3001192818122427,0.6999656365916216,9.006998063339359e-05,-0.09545744379982177,-0.8636374588492355,-0.5497197311371886,0.8324091178813012
0.00019512773835019199,1.0000878477350181,70.00614934145126,0.3001197690862608,0.6999658638344509,9.007026654889134e-05,-0.0954575483181499,-0.8636374025406515,-0.54971932158787,0.8358095586230655
0.00019592472628442793,1.0000882065648966,70.00617445954276,0.3001202583511309,0.6999660920054277,9.007055363287915e-05,-0.095457653263434,-0.8636373460021268,-0.5497189103657131,0.8392238924747375
0.00019672496946967393,1.0000885668605668,70.00619968023967,0.3001207496149895,0.6999663211083427,9.007084189013539e-05,-0.09545775863741855,-0.8636372892327226,-0.5497184974638853,0.8426521762163534
0.00019752848120181384,1.0000889286280168,70.00622500396118,0.30012124288600645,0.6999665511470023,9.007113132545786e-05,-0.09545786444185499,-0.8636372322314964,-0.5497180828755257,0.8460944668601436
0.0001983352748310377,1.0000892918732591,70.00625043112814,0.30012173817238486,0.6999667821252283,9.007142194366385e-05,-0.09545797067850183,-0.8636371749975014,-0.5497176665937444,0.8495508216514853
0.0001991453637620643,1.0000896566023316,70.00627596216322,0.3001222354823616,0.6999670140468583,9.007171374959068e-05,-0.095458077349125,-0.8636371175297877,-0.5497172486116252,0.8530212980698613
0.0001999587614543624,1.000090022821296,70.00630159749073,0.3001227348242069,0.6999672469157455,9.00720067480953e-05,-0.09545818445549752,-0.8636370598274007,-0.5497168289222222,0.8565059538298104
0.000200775481422376,1.0000903905362395,70.00632733753676,0.30012323620622516,0.6999674807357589,9.007230094405458e-05,-0.09545829199939966,-0.8636370018893825,-0.5497164075185619,0.8600048468818983
0.00020159553723574718,1.0000907597532733,70.00635318272913,0.30012373963675454,0.6999677155107826,9.00725963423652e-05,-0.09545839998261893,-0.8636369437147712,-0.5497159843936414,0.8635180354136759
0.00020241894251954334,1.0000911304785345,70.00637913349742,0.30012424512416735,0.6999679512447178,9.007289294794427e-05,-0.09545850840695023,-0.8636368853026006,-0.5497155595404306,0.867045577850658
0.00020324571095448204,1.0000915027181847,70.00640519027293,0.3001247526768702,0.699968187941481,9.007319076572852e-05,-0.09545861727419581,-0.8636368266519011,-0.5497151329518694,0.8705875328572895
0.0002040758562771589,1.0000918764784108,70.00643135348875,0.3001252623033039,0.6999684256050045,9.007348980067538e-05,-0.09545872658616514,-0.8636367677616987,-0.5497147046208696,0.8741439593379292
0.00020490939228027654,1.0000922517654252,70.00645762357976,0.30012577401194396,0.6999686642392369,9.007379005776227e-05,-0.09545883634467522,-0.8636367086310157,-0.5497142745403136,0.8777149164378323
0.00020574633281287224,1.0000926285854652,70.00648400098257,0.30012628781130046,0.6999689038481427,9.007409154198712e-05,-0.09545894655155039,-0.8636366492588702,-0.5497138427030551,0.8813004635441317
0.00020658669178054962,1.000093006944794,70.00651048613558,0.30012680370991834,0.6999691444357029,9.007439425836828e-05,-0.09545905720862251,-0.8636365896442764,-0.5497134091019183,0.8849006602868356
0.0002074304831457082,1.0000933868497004,70.00653707947903,0.30012732171637746,0.699969386005915,9.007469821194455e-05,-0.09545916831773092,-0.8636365297862445,-0.5497129737296984,0.8885155665398143
0.00020827772092777696,1.0000937683064988,70.00656378145491,0.3001278418392928,0.6999696285627921,9.007500340777566e-05,-0.09545927988072246,-0.8636364696837807,-0.5497125365791609,0.8921452424218074
0.00020912841920344544,1.0000941513215291,70.00659059250704,0.3001283640873144,0.6999698721103641,9.00753098509417e-05,-0.09545939189945148,-0.863636409335887,-0.5497120976430416,0.8957897482974168
0.00020998259210689959,1.0000945359011577,70.00661751308104,0.300128888469128,0.6999701166526773,9.007561754654386e-05,-0.09545950437577996,-0.8636363487415615,-0.5497116569140472,0.899449144778123
0.0002108402538300547,1.0000949220517765,70.00664454362436,0.3001294149934545,0.6999703621937946,9.007592649970399e-05,-0.09545961731157747,-0.8636362878997981,-0.5497112143848542,0.9031234927232883
0.00021170141862279302,1.000095309779804,70.00667168458628,0.3001299436690509,0.6999706087377955,9.007623671556495e-05,-0.09545973070872125,-0.8636362268095865,-0.5497107700481089,0.9068128532411784
0.00021256610079319893,1.0000956990916843,70.0066989364179,0.3001304745047095,0.6999708562887759,9.007654819929093e-05,-0.09545984456909612,-0.8636361654699125,-0.5497103238964283,0.9105172876899762
0.00021343431470779737,1.0000960899938884,70.0067262995722,0.300131007509259,0.6999711048508488,9.007686095606683e-05,-0.09545995889459477,-0.8636361038797575,-0.5497098759223986,0.9142368576788068
0.00021430607479179317,1.0000964824929137,70.00675377450396,0.3001315426915639,0.6999713544281437,9.007717499109916e-05,-0.09546007368711748,-0.8636360420380991,-0.5497094261185762,0.9179716250687697
0.0002151813955293092,1.0000968765952836,70.00678136166985,0.3001320800605251,0.6999716050248072,9.007749030961544e-05,-0.09546018894857226,-0.8636359799439104,-0.5497089744774868,0.9217216519739625
0.00021606029146362877,1.000097272307549,70.00680906152843,0.3001326196250801,0.6999718566450028,9.007780691686485e-05,-0.09546030468087514,-0.8636359175961605,-0.5497085209916255,0.9254870007625253
0.00021694277719743548,1.0000976696362869,70.00683687454008,0.30013316139420243,0.6999721092929109,9.0078124818118e-05,-0.09546042088594979,-0.8636358549938141,-0.5497080656534572,0.9292677340576735
0.00021782886739305765,1.000098068588101,70.00686480116707,0.3001337053769028,0.6999723629727286,9.007844401866697e-05,-0.09546053756572767,-0.8636357921358321,-0.5497076084554148,0.9330639147387497
0.00021871857677271017,1.000098469169623,70.00689284187362,0.3001342515822287,0.6999726176886709,9.007876452382565e-05,-0.09546065472214843,-0.8636357290211705,-0.5497071493899023,0.9368756059422656
0.0002196119201187408,1.0000988713875107,70.00692099712575,0.3001348000192643,0.6999728734449698,9.007908633892955e-05,-0.09546077235715938,-0.8636356656487816,-0.5497066884492907,0.9407028710629619
0.0002205089122738741,1.00009927524845,70.0069492673915,0.3001353506971313,0.6999731302458744,9.007940946933613e-05,-0.09546089047271596,-0.863635602017613,-0.5497062256259214,0.9445457737548594
0.00022140956814145973,1.0000996807591531,70.00697765314072,0.3001359036249886,0.6999733880956509,9.007973392042488e-05,-0.09546100907078138,-0.8636355381266086,-0.5497057609121032,0.9484043779323277
0.00022231390268571857,1.0001000879263602,70.00700615484521,0.3001364588120325,0.6999736469985833,9.008005969759713e-05,-0.09546112815332712,-0.8636354739747074,-0.5497052943001142,0.9522787477711452
0.00022322193093199199,1.0001004967568392,70.00703477297874,0.30013701626749684,0.6999739069589732,9.008038680627634e-05,-0.09546124772233258,-0.8636354095608444,-0.549704825782201,0.9561689477095716
0.00022413366796699216,1.000100907257385,70.00706350801696,0.30013757600065344,0.6999741679811393,9.008071525190836e-05,-0.09546136777978526,-0.86363534488395,-0.5497043553505779,0.9600750424494283
0.00022504912893905115,1.0001013194348214,70.0070923604375,0.30013813802081185,0.6999744300694188,9.008104503996124e-05,-0.09546148832768087,-0.8636352799429504,-0.5497038829974286,0.9639970969571678
0.0002259683290583744,1.000101733295999,70.00712133071993,0.3001387023373199,0.6999746932281654,9.008137617592536e-05,-0.09546160936802316,-0.8636352147367675,-0.5497034087149035,0.967935176464968
0.00022689128359729173,1.0001021488477968,70.00715041934578,0.30013926895956344,0.6999749574617518,9.008170866531361e-05,-0.09546173090282417,-0.8636351492643186,-0.5497029324951219,0.9718893464718112
0.00022781800789051273,1.0001025660971217,70.00717962679852,0.3001398378969668,0.6999752227745673,9.008204251366161e-05,-0.09546185293410399,-0.8636350835245169,-0.5497024543301703,0.975859672744586
0.00022874851733537983,1.0001029850509096,70.00720895356366,0.3001404091589929,0.6999754891710203,9.008237772652743e-05,-0.09546197546389125,-0.8636350175162706,-0.5497019742121032,0.9798462213191751
0.0002296828273921259,1.0001034057161236,70.00723840012864,0.30014098275514334,0.6999757566555366,9.008271430949211e-05,-0.0954620984942226,-0.8636349512384841,-0.5497014921329426,0.9838490585015665
0.00023062095358412942,1.000103828099756,70.00726796698292,0.30014155869495857,0.69997602523256,9.00830522681593e-05,-0.09546222202714316,-0.8636348846900569,-0.5497010080846778,0.987868250868951
0.000231562911498174,1.000104252208828,70.00729765461796,0.30014213698801795,0.699976294906553,9.00833916081559e-05,-0.0954623460647064,-0.863634817869884,-0.5497005220592658,0.9919038652708418
0.00023250871678470598,1.0001046780503886,70.0073274635272,0.3001427176439403,0.6999765656819958,9.008373233513161e-05,-0.09546247060897416,-0.8636347507768564,-0.5497000340486302,0.9959559688301823
0.00023345838515809492,1.0001051056315158,70.00735739420611,0.30014330067238354,0.6999768375633869,9.008407445475942e-05,-0.0954625956620166,-0.8636346834098598,-0.5496995440446616,1.0000246289444692
0.00023441193239689566,1.0001055349593169,70.00738744715218,0.3001438860830452,0.6999771105552436,9.00844179727354e-05,-0.09546272122591254,-0.863634615767776,-0.5496990520392178,1.0041099132868798
0.00023536937434410856,1.0001059660409282,70.00741762286498,0.3001444738856624,0.6999773846621011,9.008476289477918e-05,-0.09546284730274918,-0.8636345478494818,-0.5496985580241234,1.0082118898073957
0.0002363307269074448,1.0001063988835148,70.00744792184604,0.30014506409001224,0.6999776598885135,9.00851092266336e-05,-0.09546297389462222,-0.8636344796538498,-0.5496980619911691,1.012330626733943
0.00023729600605958877,1.0001068334942718,70.00747834459902,0.30014565670591165,0.6999779362390535,9.008545697406505e-05,-0.09546310100363604,-0.8636344111797477,-0.5496975639321127,1.0164661925735232
0.00023826522783846528,1.000107269880423,70.00750889162961,0.3001462517432178,0.6999782137183125,9.008580614286382e-05,-0.09546322863190357,-0.8636343424260386,-0.549697063838678,1.0206186561133663
0.00023923840834750435,1.0001077080492218,70.00753956344552,0.3001468492118282,0.6999784923309004,9.008615673884351e-05,-0.09546335678154633,-0.8636342733915814,-0.5496965617025547,1.0247880864220678
0.00024021556375590958,1.0001081480079512,70.00757036055658,0.3001474491216808,0.6999787720814455,9.008650876784173e-05,-0.09546348545469444,-0.8636342040752295,-0.5496960575153989,1.0289745528507477
0.00024119671029892723,1.0001085897639248,70.00760128347474,0.30014805148275414,0.6999790529745966,9.008686223572002e-05,-0.09546361465348703,-0.8636341344758325,-0.5496955512688331,1.0331781250342094
0.0002421818642781155,1.000109033324485,70.00763233271395,0.3001486563050677,0.6999793350150197,9.008721714836397e-05,-0.09546374438007162,-0.8636340645922347,-0.5496950429544443,1.0373988728920986
0.00024317104206161478,1.0001094786970046,70.00766350879033,0.30014926359868194,0.6999796182074008,9.00875735116831e-05,-0.09546387463660466,-0.863633994423276,-0.5496945325637862,1.0416368666300688
0.0002441642600844203,1.000109925888887,70.0076948122221,0.3001498733736983,0.6999799025564453,9.008793133161128e-05,-0.09546400542525153,-0.8636339239677915,-0.549694020088378,1.0458921767409548
0.00024516153484865574,1.0001103749075653,70.00772624352958,0.3001504856402599,0.6999801880668765,9.008829061410674e-05,-0.09546413674818624,-0.8636338532246113,-0.5496935055197035,1.0501648740059533
0.0002461628829238457,1.0001108257605025,70.00775780323518,0.3001511004085509,0.6999804747434383,9.008865136515192e-05,-0.09546426860759176,-0.8636337821925613,-0.549692988849212,1.0544550294957948
0.0002471683209471932,1.0001112784551935,70.00778949186355,0.3001517176887974,0.6999807625908937,9.008901359075397e-05,-0.09546440100566013,-0.8636337108704619,-0.5496924700683187,1.0587627145719414
0.0002481778656238539,1.0001117329991631,70.00782130994142,0.30015233749126735,0.6999810516140248,9.008937729694443e-05,-0.09546453394459216,-0.8636336392571293,-0.5496919491684027,1.0630880008877654
0.0002491915337272156,1.0001121893999663,70.00785325799764,0.3001529598262706,0.6999813418176335,9.008974248977983e-05,-0.09546466742659775,-0.8636335673513746,-0.5496914261408079,1.0674309603897578
0.00025020934209917526,1.0001126476651896,70.00788533656328,0.3001535847041592,0.6999816332065409,9.00901091753412e-05,-0.09546480145389574,-0.8636334951520039,-0.5496909009768434,1.071791665318718
0.0002512313076504198,1.0001131078024506,70.00791754617154,0.30015421213532756,0.6999819257855885,9.00904773597348e-05,-0.09546493602871418,-0.8636334226578186,-0.5496903736677826,1.0761701882109667
0.0002522574473607075,1.0001135698193975,70.00794988735782,0.3001548421302126,0.6999822195596369,9.009084704909165e-05,-0.09546507115329009,-0.8636333498676154,-0.549689844204863,1.0805666018995557
0.00025328777827914837,1.0001140337237102,70.00798236065971,0.3001554746992939,0.6999825145335672,9.009121824956794e-05,-0.09546520682986977,-0.8636332767801856,-0.5496893125792868,1.0849809795154792
0.00025432231752448963,1.0001144995231,70.008014966617,0.300156109853094,0.6999828107122795,9.009159096734524e-05,-0.09546534306070853,-0.8636332033943162,-0.5496887787822198,1.0894133944889028
0.00025536108228539807,1.0001149672253098,70.00804770577169,0.3001567476021785,0.6999831081006953,9.009196520863024e-05,-0.09546547984807113,-0.8636331297087886,-0.5496882428047922,1.0938639205503786
0.0002564040898207475,1.0001154368381133,70.00808057866793,0.300157387957156,0.6999834067037546,9.009234097965524e-05,-0.09546561719423133,-0.8636330557223797,-0.549687704638097,1.0983326317320876
0.0002574513574599037,1.000115908369317,70.00811358585219,0.30015803092867877,0.6999837065264186,9.009271828667782e-05,-0.09546575510147233,-0.8636329814338611,-0.5496871642731921,1.1028196023690635
0.00025850290260301406,1.0001163818267589,70.00814672787313,0.3001586765274426,0.6999840075736687,9.009309713598152e-05,-0.0954658935720867,-0.8636329068419997,-0.5496866217010978,1.1073249071004452
0.00025955874272129507,1.000116857218309,70.00818000528163,0.30015932476418694,0.6999843098505065,9.009347753387534e-05,-0.09546603260837626,-0.8636328319455572,-0.5496860769127985,1.111848620870713
0.0002606188953573243,1.0001173345518692,70.00821341863085,0.3001599756496952,0.6999846133619536,9.009385948669437e-05,-0.09546617221265226,-0.8636327567432902,-0.5496855298992409,1.1163908189309482
0.00026168337812533017,1.0001178138353743,70.0082469684762,0.30016062919479497,0.6999849181130529,9.009424300079938e-05,-0.09546631238723548,-0.8636326812339502,-0.5496849806513355,1.1209515768400822
0.0002627522087114855,1.0001182950767915,70.0082806553754,0.30016128541035814,0.6999852241088675,9.009462808257753e-05,-0.09546645313445623,-0.8636326054162837,-0.5496844291599559,1.1255309704661614
0.00026382540487420185,1.0001187782841197,70.00831447988837,0.30016194430730087,0.6999855313544808,9.00950147384418e-05,-0.09546659445665408,-0.8636325292890323,-0.5496838754159372,1.1301290759876155
0.00026490298444442313,1.0001192634653913,70.00834844257739,0.30016260589658433,0.6999858398549977,9.009540297483175e-05,-0.09546673635617844,-0.8636324528509319,-0.5496833194100779,1.134745969894525
0.00026598496532592367,1.0001197506286714,70.008382544007,0.30016327018921424,0.6999861496155436,9.009579279821318e-05,-0.09546687883538822,-0.8636323761007139,-0.5496827611331392,1.1393817289899038
0.0002670713654956037,1.0001202397820579,70.00841678474406,0.30016393719624146,0.6999864606412646,9.009618421507834e-05,-0.09546702189665192,-0.863632299037104,-0.5496822005758437,1.1440364303909734
0.00026816220300379006,1.000120730933682,70.00845116535774,0.3001646069287622,0.6999867729373279,9.009657723194628e-05,-0.09546716554234783,-0.8636322216588229,-0.5496816377288768,1.1487101515304619
0.00026925749597453413,1.0001212240917077,70.00848568641953,0.30016527939791776,0.6999870865089226,9.009697185536246e-05,-0.09546730977486387,-0.8636321439645862,-0.5496810725828853,1.1534029701578838
0.0002703572626059149,1.0001217192643326,70.00852034850328,0.3001659546148952,0.6999874013612576,9.009736809189936e-05,-0.09546745459659772,-0.863632065953104,-0.5496805051284783,1.1581149643408504
0.0002714615211703394,1.0001222164597885,70.0085551521852,0.3001666325909274,0.6999877174995642,9.00977659481564e-05,-0.09546760000995698,-0.8636319876230816,-0.5496799353562266,1.1628462124663637
0.0002725702900148481,1.0001227156863395,70.00859009804377,0.3001673133372932,0.6999880349290947,9.009816543076004e-05,-0.09546774601735893,-0.8636319089732183,-0.5496793632566617,1.1675967932421332
0.00027368358756141845,1.0001232169522845,70.00862518665991,0.3001679968653174,0.6999883536551227,9.00985665463638e-05,-0.09546789262123083,-0.8636318300022087,-0.549678788820277,1.1723667856978834
0.000274801432307271,1.000123720265956,70.00866041861693,0.30016868318637135,0.6999886736829433,9.00989693016485e-05,-0.09546803982400985,-0.8636317507087418,-0.5496782120375272,1.1771562691866762
0.0002759238428251782,1.0001242256357206,70.00869579450044,0.30016937231187274,0.6999889950178736,9.009937370332236e-05,-0.09546818762814309,-0.8636316710915014,-0.5496776328988275,1.18196532338624
0.0002770508377637708,1.000124733069979,70.00873131489853,0.30017006425328613,0.6999893176652522,9.009977975812117e-05,-0.09546833603608768,-0.8636315911491658,-0.5496770513945546,1.186794028300292
0.00027818243584784976,1.0001252425771663,70.00876698040165,0.300170759022123,0.6999896416304396,9.010018747280808e-05,-0.09546848505031079,-0.863631510880408,-0.5496764675150453,1.1916424642598833
0.00027931865587869546,1.0001257541657518,70.00880279160262,0.3001714566299416,0.6999899669188181,9.010059685417429e-05,-0.09546863467328963,-0.8636314302838956,-0.549675881250597,1.1965107119247318
0.000280459516734382,1.00012626784424,70.0088387490968,0.30017215708834805,0.6999902935357916,9.010100790903847e-05,-0.09546878490751162,-0.8636313493582904,-0.5496752925914676,1.201398852284577
0.0002816050373700888,1.00012678362117,70.0088748534819,0.30017286040899543,0.6999906214867869,9.010142064424766e-05,-0.09546893575547431,-0.8636312681022495,-0.5496747015278758,1.2063069666605253
0.0002827552368184178,1.0001273015051153,70.00891110535807,0.30017356660358474,0.6999909507772522,9.010183506667642e-05,-0.09546908721968543,-0.8636311865144237,-0.5496741080499989,1.2112351367064158
0.0002839101341897073,1.0001278215046847,70.00894750532792,0.3001742756838649,0.6999912814126584,9.010225118322801e-05,-0.09546923930266298,-0.8636311045934589,-0.5496735121479754,1.2161834444101765
0.0002850697486723519,1.0001283436285227,70.00898405399658,0.3001749876616327,0.6999916133984987,9.010266900083368e-05,-0.0954693920069352,-0.8636310223379953,-0.549672913811903,1.2211519720952009
0.00028623409953311906,1.0001288678853082,70.00902075197158,0.30017570254873344,0.6999919467402885,9.010308852645319e-05,-0.09546954533504083,-0.8636309397466673,-0.5496723130318388,1.226140802421716
0.00028740320611747035,1.0001293942837566,70.00905759986296,0.3001764203570607,0.6999922814435661,9.010350976707477e-05,-0.09546969928952885,-0.8636308568181038,-0.5496717097977997,1.231150018388166
0.0002885770878498836,1.0001299228326181,70.00909459828327,0.30017714109855687,0.699992617513892,9.010393272971523e-05,-0.09546985387295866,-0.8636307735509287,-0.5496711040997615,1.236179703332603
0.00028975576423417366,1.0001304535406788,70.00913174784752,0.30017786478521297,0.6999929549568495,9.010435742142034e-05,-0.09547000908790007,-0.8636306899437594,-0.5496704959276588,1.2412299409340697
0.00029093925485381875,1.0001309864167611,70.00916904917328,0.3001785914290694,0.6999932937780451,9.010478384926465e-05,-0.09547016493693361,-0.8636306059952082,-0.5496698852713857,1.2463008152140076
0.00029212757937228343,1.0001315214697233,70.00920650288063,0.3001793210422157,0.6999936339831077,9.010521202035163e-05,-0.09547032142265015,-0.8636305217038818,-0.5496692721207947,1.2513924105376497
0.00029332075753334775,1.0001320587084597,70.00924410959217,0.3001800536367907,0.6999939755776893,9.010564194181387e-05,-0.09547047854765121,-0.8636304370683808,-0.5496686564656971,1.2565048116154394
0.0002945188091614332,1.000132598141901,70.00928186993306,0.30018078922498315,0.6999943185674652,9.010607362081332e-05,-0.09547063631454898,-0.8636303520873004,-0.5496680382958616,1.26163810350444
0.00029572175416193303,1.0001331397790147,70.00931978453103,0.3001815278190316,0.6999946629581341,9.010650706454121e-05,-0.09547079472596635,-0.8636302667592302,-0.5496674176010167,1.266792371609755
0.0002969296125215434,1.0001336836288046,70.00935785401633,0.3001822694312246,0.6999950087554169,9.010694228021823e-05,-0.0954709537845368,-0.8636301810827534,-0.5496667943708475,1.2719677016859599
0.0002981424043085951,1.0001342297003115,70.00939607902181,0.30018301407390113,0.699995355965059,9.010737927509475e-05,-0.0954711134929047,-0.8636300950564482,-0.5496661685949978,1.2771641798385327
0.00029936014967338613,1.000134778002613,70.00943446018292,0.3001837617594505,0.699995704592829,9.010781805645069e-05,-0.09547127385372518,-0.8636300086788866,-0.5496655402630688,1.2823818925252866
0.0003005828688485173,1.000135328544824,70.00947299813768,0.3001845125003128,0.6999960546445186,9.010825863159593e-05,-0.09547143486966422,-0.8636299219486349,-0.5496649093646189,1.287620926557821
0.00030181058214922917,1.0001358813360965,70.00951169352676,0.3001852663089791,0.6999964061259437,9.01087010078704e-05,-0.09547159654339873,-0.8636298348642533,-0.5496642758891646,1.292881369102974
0.00030304330997373745,1.0001364363856202,70.00955054699341,0.3001860231979915,0.6999967590429438,9.01091451926439e-05,-0.09547175887761661,-0.8636297474242964,-0.549663639826179,1.2981633076842682
0.0003042810728035746,1.0001369937026219,70.00958955918352,0.3001867831799433,0.6999971134013818,9.010959119331662e-05,-0.09547192187501657,-0.863629659627313,-0.5496630011650926,1.3034668301833863
0.00030552389120392726,1.0001375532963663,70.00962873074565,0.3001875462674795,0.699997469207145,9.011003901731907e-05,-0.09547208553830847,-0.8636295714718456,-0.5496623598952921,1.3087920248416267
0.0003067717858239807,1.0001381151761561,70.00966806233093,0.300188312473297,0.699997826466145,9.011048867211208e-05,-0.09547224987021334,-0.8636294829564309,-0.5496617160061215,1.3141389802613892
0.00030802477739725974,1.0001386793513318,70.00970755459323,0.30018908181014425,0.699998185184317,9.011094016518715e-05,-0.09547241487346313,-0.8636293940796,-0.5496610694868806,1.3195077854076462
0.000309282886741974,1.0001392458312726,70.00974720818908,0.3001898542908222,0.6999985453676206,9.01113935040666e-05,-0.09547258055080114,-0.8636293048398773,-0.5496604203268265,1.3248985296094336
0.00031054613476136475,1.0001398146253955,70.00978702377768,0.30019062992818407,0.6999989070220399,9.01118486963035e-05,-0.0954727469049818,-0.863629215235782,-0.5496597685151715,1.3303113025613462
0.0003118145424440502,1.0001403857431557,70.0098270020209,0.30019140873513567,0.6999992701535831,9.011230574948172e-05,-0.09547291393877072,-0.8636291252658264,-0.5496591140410838,1.3357461943250282
0.0003130881308643765,1.0001409591940478,70.00986714358335,0.30019219072463565,0.6999996347682832,9.011276467121646e-05,-0.09547308165494493,-0.8636290349285174,-0.5496584568936878,1.341203295330689
0.00031436692118276565,1.000141534987605,70.00990744913236,0.3001929759096956,0.700000000872198,9.011322546915407e-05,-0.09547325005629287,-0.8636289442223557,-0.5496577970620637,1.346682696378603
0.00031565093464606925,1.0001421131333994,70.00994791933796,0.30019376430338063,0.7000003684714098,9.011368815097225e-05,-0.0954734191456142,-0.8636288531458355,-0.5496571345352463,1.3521844886406378
0.00031694019258791923,1.000142693641042,70.00998855487295,0.300194555918809,0.7000007375720257,9.011415272438018e-05,-0.09547358892572018,-0.8636287616974453,-0.5496564693022263,1.3577087636617677
0.00031823471642908487,1.0001432765201832,70.01002935641283,0.3001953507691528,0.7000011081801778,9.011461919711845e-05,-0.09547375939943345,-0.8636286698756672,-0.5496558013519488,1.3632556133616134
0.0003195345276778259,1.0001438617805132,70.01007032463592,0.30019614886763807,0.7000014803020232,9.01150875769598e-05,-0.09547393056958826,-0.8636285776789772,-0.5496551306733145,1.368825130035968
0.0003208396479302527,1.0001444494317613,70.01011146022329,0.3001969502275449,0.7000018539437444,9.011555787170842e-05,-0.09547410243903041,-0.8636284851058449,-0.5496544572551779,1.3744174063583499
0.0003221500988706827,1.000145039483697,70.0101527638588,0.30019775486220773,0.7000022291115491,9.01160300892008e-05,-0.09547427501061742,-0.863628392154734,-0.5496537810863489,1.380032535381543
0.0003234659022720016,1.0001456319461293,70.01019423622905,0.3001985627850156,0.7000026058116695,9.01165042373054e-05,-0.0954744482872183,-0.8636282988241015,-0.5496531021555906,1.3856706105391554
0.00032478707999602596,1.0001462268289079,70.01023587802355,0.3001993740094124,0.7000029840503647,9.011698032392301e-05,-0.09547462227171401,-0.8636282051123987,-0.5496524204516215,1.391331725647183
0.0003261136539938656,1.000146824141922,70.01027768993454,0.30020018854889696,0.7000033638339187,9.011745835698667e-05,-0.09547479696699718,-0.8636281110180699,-0.5496517359631128,1.397015974905577
0.0003274456463062877,1.0001474238951018,70.01031967265713,0.3002010064170234,0.7000037451686405,9.011793834446221e-05,-0.09547497237597219,-0.8636280165395537,-0.5496510486786899,1.4027234528998136
0.00032878307906408376,1.0001480260984177,70.01036182688924,0.3002018276274013,0.7000041280608656,9.011842029434793e-05,-0.09547514850155542,-0.8636279216752817,-0.5496503585869317,1.4084542546024785
0.00033012597448843815,1.0001486307618814,70.0104041533317,0.30020265219369585,0.7000045125169556,9.011890421467489e-05,-0.09547532534667515,-0.8636278264236796,-0.5496496656763707,1.4142084753748587
0.0003314743548912949,1.0001492378955448,70.01044665268813,0.3002034801296284,0.7000048985432974,9.011939011350733e-05,-0.09547550291427158,-0.8636277307831663,-0.5496489699354923,1.4199862109685262
0.0003328282426757315,1.0001498475095019,70.01048932566513,0.30020431144897625,0.7000052861463045,9.011987799894233e-05,-0.09547568120729702,-0.8636276347521548,-0.5496482713527352,1.4257875575269514
0.0003341876603363281,1.0001504596138866,70.01053217297206,0.3002051461655732,0.7000056753324162,9.01203678791102e-05,-0.0954758602287157,-0.863627538329051,-0.5496475699164898,1.4316126115870973
0.00033555263045954376,1.0001510742188753,70.01057519532127,0.3002059842933096,0.7000060661080985,9.012085976217465e-05,-0.0954760399815041,-0.8636274415122547,-0.5496468656151003,1.4374614700810446
0.00033692317572408994,1.0001516913346857,70.010618393428,0.3002068258461327,0.7000064584798432,9.01213536563328e-05,-0.09547622046865081,-0.863627344300159,-0.5496461584368628,1.4433342303376042
0.0003382993189013077,1.000152310971577,70.0106617680104,0.3002076708380468,0.7000068524541695,9.012184956981562e-05,-0.09547640169315667,-0.8636272466911504,-0.5496454483700256,1.4492309900839468
0.0003396810828555476,1.0001529331398509,70.01070531978957,0.3002085192831136,0.7000072480376225,9.01223475108874e-05,-0.09547658365803476,-0.8636271486836091,-0.5496447354027888,1.455151847447241
0.00034106849054454675,1.0001535578498506,70.01074904948955,0.30020937119545227,0.7000076452367744,9.012284748784672e-05,-0.09547676636631051,-0.8636270502759085,-0.5496440195233048,1.4610969009562849
0.0003424615650198133,1.000154185111962,70.01079295783734,0.3002102265892398,0.700008044058224,9.012334950902607e-05,-0.09547694982102167,-0.8636269514664151,-0.5496433007196768,1.4670662495431648
0.00034386032942700643,1.000154814936613,70.01083704556291,0.3002110854787111,0.7000084445085969,9.0123853582792e-05,-0.09547713402521843,-0.8636268522534893,-0.5496425789799603,1.4730599925448964
0.00034526480700632404,1.000155447334275,70.01088131339925,0.3002119478781597,0.7000088465945467,9.012435971754551e-05,-0.09547731898196352,-0.8636267526354844,-0.5496418542921615,1.4790782297050995
0.00034667502109288597,1.0001560823154612,70.01092576208228,0.30021281380193715,0.7000092503227527,9.012486792172199e-05,-0.09547750469433203,-0.8636266526107472,-0.5496411266442374,1.4851210611756533
0.00034809099511712315,1.0001567198907282,70.01097039235097,0.30021368326445413,0.7000096556999228,9.012537820379143e-05,-0.09547769116541177,-0.8636265521776175,-0.5496403960240963,1.4911885875183772
0.00034951275260516743,1.0001573600706761,70.01101520494733,0.3002145562801802,0.7000100627327918,9.012589057225853e-05,-0.09547787839830316,-0.8636264513344287,-0.549639662419597,1.4972809097067141
0.00035094031717924174,1.0001580028659478,70.01106020061634,0.30021543286364394,0.7000104714281216,9.012640503566302e-05,-0.09547806639611921,-0.8636263500795072,-0.5496389258185486,1.5033981291274168
0.000352373712558052,1.0001586482872298,70.01110538010609,0.3002163130294337,0.7000108817927021,9.012692160257949e-05,-0.09547825516198567,-0.8636262484111723,-0.5496381862087099,1.50954034758224
0.0003538129625571817,1.0001592963452524,70.01115074416767,0.30021719679219744,0.7000112938333513,9.012744028161768e-05,-0.0954784446990412,-0.8636261463277369,-0.5496374435777902,1.515707667289645
0.0003552580910894888,1.0001599470507898,70.01119629355529,0.300218084166643,0.7000117075569143,9.01279610814229e-05,-0.09547863501043713,-0.8636260438275069,-0.549636697913449,1.5219001908865162
0.0003567091221655005,1.0001606004146604,70.01124202902622,0.30021897516753854,0.7000121229702648,9.01284840106756e-05,-0.09547882609933776,-0.8636259409087812,-0.5496359492032947,1.5281180214298622
0.0003581660798938152,1.0001612564477265,70.01128795134085,0.30021986980971255,0.7000125400803042,9.01290090780921e-05,-0.09547901796892033,-0.8636258375698517,-0.5496351974348854,1.5343612623985574
0.00035962898848149974,1.0001619151608947,70.01133406126263,0.30022076810805437,0.700012958893962,9.01295362924242e-05,-0.09547921062237501,-0.8636257338090034,-0.549634442595728,1.5406300176950554
0.000361097872234495,1.0001625765651168,70.01138035955817,0.3002216700775142,0.7000133794181964,9.013006566245989e-05,-0.09547940406290509,-0.8636256296245145,-0.5496336846732788,1.5469243916471418
0.00036257275555801684,1.0001632406713887,70.01142684699721,0.3002225757331034,0.7000138016599936,9.013059719702297e-05,-0.09547959829372686,-0.863625525014656,-0.5496329236549429,1.5532444890096675
0.00036405366295696296,1.0001639074907516,70.01147352435261,0.300223485089895,0.7000142256263688,9.013113090497361e-05,-0.0954797933180699,-0.8636254199776916,-0.5496321595280733,1.5595904149663058
0.00036554061903632044,1.0001645770342917,70.01152039240043,0.3002243981630233,0.7000146513243651,9.013166679520821e-05,-0.0954799891391768,-0.8636253145118785,-0.5496313922799719,1.5659622751313138
0.00036703364850157417,1.000165249313141,70.01156745191987,0.30022531496768506,0.7000150787610555,9.013220487665973e-05,-0.09548018576030363,-0.8636252086154663,-0.549630621897889,1.5723601755512975
0.00036853277615911634,1.000165924338476,70.01161470369331,0.300226235519139,0.7000155079435406,9.01327451582978e-05,-0.0954803831847196,-0.8636251022866976,-0.5496298483690215,1.5787842227069817
0.00037003802691665944,1.0001666021215196,70.01166214850637,0.3002271598327062,0.7000159388789509,9.013328764912876e-05,-0.09548058141570732,-0.8636249955238081,-0.5496290716805157,1.5852345235149932
0.0003715494257836511,1.0001672826735408,70.01170978714785,0.3002280879237707,0.7000163715744459,9.013383235819589e-05,-0.09548078045656294,-0.8636248883250258,-0.5496282918194642,1.5917111853296562
0.00037306699787168716,1.0001679660058544,70.01175762040981,0.3002290198077794,0.7000168060372138,9.013437929457971e-05,-0.09548098031059592,-0.863624780688572,-0.5496275087729076,1.598214315944775
0.00037459076839493194,1.0001686521298208,70.01180564908745,0.3002299555002424,0.7000172422744727,9.013492846739788e-05,-0.09548118098112933,-0.8636246726126602,-0.5496267225278324,1.6047440235954529
0.0003761207626705338,1.000169341056848,70.01185387397936,0.3002308950167334,0.7000176802934703,9.013547988580544e-05,-0.09548138247149987,-0.8636245640954971,-0.5496259330711736,1.6113004169598855
0.0003776570061190492,1.0001700327983898,70.01190229588728,0.3002318383728898,0.7000181201014833,9.01360335589952e-05,-0.09548158478505779,-0.8636244551352819,-0.5496251403898115,1.6178836051611976
0.00037919952426486225,1.000170727365947,70.0119509156163,0.30023278558441296,0.7000185617058184,9.013658949619732e-05,-0.09548178792516707,-0.8636243457302064,-0.5496243444705731,1.6244936977692512
0.0003807483427366098,1.000171424771068,70.01199973397476,0.3002337366670687,0.7000190051138127,9.013714770668023e-05,-0.09548199189520556,-0.863624235878455,-0.5496235453002323,1.63113080480249
0.00038230348726760833,1.0001721250253475,70.01204875177433,0.30023469163668726,0.7000194503328321,9.013770819975007e-05,-0.09548219669856471,-0.863624125578205,-0.549622742865508,1.6377950367297778
0.0003838649836962804,1.0001728281404278,70.01209796982995,0.3002356505091636,0.7000198973702734,9.01382709847513e-05,-0.09548240233864996,-0.8636240148276259,-0.5496219371530651,1.644486504472247
0.0003854328579665834,1.0001735341279996,70.01214738895997,0.3002366133004581,0.7000203462335636,9.013883607106687e-05,-0.0954826088188807,-0.8636239036248797,-0.5496211281495142,1.6512053194051508
0.0003870071361284414,1.0001742429998004,70.01219700998602,0.30023758002659595,0.7000207969301598,9.01394034681179e-05,-0.0954828161426902,-0.8636237919681214,-0.5496203158414115,1.6579515933597289
0.0003885878443381789,1.0001749547676162,70.01224683373313,0.30023855070366845,0.7000212494675494,9.013997318536439e-05,-0.09548302431352587,-0.8636236798554981,-0.5496195002152576,1.6647254386250843
0.0003901750088589528,1.0001756694432813,70.0122968610297,0.30023952534783255,0.7000217038532509,9.014054523230515e-05,-0.09548323333484916,-0.8636235672851493,-0.5496186812574986,1.6715269679500513
0.0003917686560611921,1.000176387038678,70.01234709270746,0.3002405039753115,0.7000221600948133,9.014111961847801e-05,-0.09548344321013574,-0.863623454255207,-0.5496178589545244,1.6783562945450963
0.00039336881242303255,1.000177107565737,70.0123975296016,0.3002414866023947,0.7000226181998159,9.014169635345971e-05,-0.09548365394287536,-0.8636233407637957,-0.54961703329267,1.6852135320841954
0.00039497550453076,1.0001778310364386,70.0124481725507,0.3002424732454384,0.7000230781758696,9.014227544686644e-05,-0.09548386553657211,-0.863623226809032,-0.5496162042582144,1.692098794706754
0.0003965887590792492,1.0001785574628115,70.01249902239681,0.300243463920866,0.7000235400306162,9.014285690835401e-05,-0.09548407799474445,-0.8636231123890252,-0.5496153718373809,1.699012197019505
0.00039820860287240845,1.0001792868569335,70.01255007998535,0.3002444586451679,0.7000240037717287,9.014344074761753e-05,-0.09548429132092523,-0.8636229975018767,-0.5496145360163351,1.705953854098428
0.0003998350628236261,1.0001800192309322,70.01260134616525,0.3002454574349021,0.7000244694069114,9.014402697439213e-05,-0.09548450551866167,-0.8636228821456797,-0.5496136967811882,1.712923881490684
0.00040146816595621653,1.0001807545969843,70.0126528217889,0.30024646030669433,0.7000249369439001,9.014461559845292e-05,-0.09548472059151547,-0.8636227663185205,-0.5496128541179931,1.7199223952165423
0.00040310793940386843,1.0001814929673167,70.01270450771217,0.3002474672772386,0.7000254063904622,9.014520662961481e-05,-0.09548493654306306,-0.8636226500184769,-0.549612008012746,1.72694951177132
0.0004047544104110966,1.000182234354206,70.01275640479442,0.30024847836329716,0.7000258777543968,9.014580007773346e-05,-0.09548515337689537,-0.8636225332436193,-0.5496111584513863,1.7340053481273363
0.00040640760633369567,1.0001829787699787,70.0128085138985,0.30024949358170067,0.7000263510435345,9.014639595270461e-05,-0.0954853710966179,-0.8636224159920097,-0.5496103054197954,1.7410900217358738
0.00040806755463919164,1.0001837262270128,70.01286083589089,0.3002505129493491,0.7000268262657386,9.014699426446472e-05,-0.09548558970585111,-0.863622298261703,-0.5496094489037977,1.7482036505291336
0.0004097342829073019,1.000184476737736,70.01291337164152,0.3002515364832115,0.7000273034289042,9.014759502299111e-05,-0.09548580920823023,-0.8636221800507454,-0.5496085888891591,1.7553463529222237
0.00041140781883038975,1.0001852303146266,70.01296612202385,0.3002525642003262,0.7000277825409582,9.014819823830199e-05,-0.09548602960740527,-0.8636220613571755,-0.5496077253615876,1.7625182478151267
0.00041308819021392814,1.0001859869702145,70.01301908791501,0.3002535961178015,0.7000282636098605,9.014880392045669e-05,-0.09548625090704112,-0.8636219421790239,-0.5496068583067328,1.7697194545947035
0.00041477542497695856,1.000186746717081,70.01307227019568,0.30025463225281573,0.7000287466436034,9.014941207955577e-05,-0.09548647311081784,-0.863621822514313,-0.5496059877101858,1.776950093136682
0.00041646955115255614,1.0001875095678583,70.01312566975008,0.3002556726226175,0.7000292316502114,9.015002272574138e-05,-0.09548669622243036,-0.8636217023610574,-0.5496051135574784,1.784210283807666
0.0004181705968882969,1.0001882755352303,70.01317928746612,0.3002567172445262,0.7000297186377423,9.015063586919716e-05,-0.09548692024558882,-0.8636215817172633,-0.5496042358340836,1.7915001474671601
0.00041987859044672216,1.0001890446319328,70.0132331242353,0.3002577661359319,0.7000302076142864,9.015125152014878e-05,-0.09548714518401845,-0.8636214605809291,-0.5496033545254149,1.7988198054695765
0.0004215935602058117,1.000189816870754,70.01328718095277,0.30025881931429615,0.7000306985879675,9.015186968886361e-05,-0.09548737104145984,-0.8636213389500449,-0.5496024696168265,1.8061693796662825
0.0004233155346594518,1.000190592264534,70.01334145851737,0.30025987679715177,0.7000311915669418,9.015249038565121e-05,-0.09548759782166873,-0.8636212168225923,-0.5496015810936128,1.813548992407628
0.0004250445424179122,1.0001913708261656,70.01339595783159,0.3002609386021037,0.7000316865594,9.015311362086372e-05,-0.09548782552841632,-0.8636210941965452,-0.549600688941007,1.820958766545008
0.00042678061220831814,1.0001921525685946,70.01345067980162,0.3002620047468285,0.7000321835735651,9.015373940489552e-05,-0.09548805416548925,-0.8636209710698689,-0.5495997931441843,1.8283988254329049
0.0004285237728751292,1.0001929375048186,70.0135056253373,0.3002630752490757,0.7000326826176941,9.015436774818376e-05,-0.09548828373668947,-0.8636208474405205,-0.5495988936882563,1.835869292930962
0.00043027405338061944,1.0001937256478899,70.01356079535229,0.3002641501266669,0.7000331837000782,9.015499866120833e-05,-0.09548851424583468,-0.8636207233064488,-0.5495979905582764,1.84337029340606
0.0004320314828053576,1.0001945170109128,70.0136161907639,0.3002652293974972,0.7000336868290415,9.015563215449237e-05,-0.09548874569675808,-0.863620598665594,-0.5495970837392355,1.8509019517343976
0.0004337960903486894,1.0001953116070463,70.01367181249324,0.3002663130795348,0.7000341920129428,9.015626823860191e-05,-0.09548897809330859,-0.8636204735158883,-0.549596173216064,1.8584643933035767
0.0004355679053292236,1.0001961094495022,70.01372766146515,0.30026740119082135,0.7000346992601751,9.015690692414667e-05,-0.09548921143935084,-0.8636203478552554,-0.5495952589736296,1.866057744014708
0.0004373469571853205,1.0001969105515471,70.0137837386083,0.3002684937494726,0.7000352085791651,9.015754822177975e-05,-0.0954894457387653,-0.86362022168161,-0.5495943409967394,1.8736821302845243
0.00043913327547557787,1.0001977149265016,70.01384004485512,0.3002695907736785,0.7000357199783745,9.015819214219811e-05,-0.09548968099544827,-0.8636200949928592,-0.5495934192701377,1.881337679047486
0.0004409268898793257,1.0001985225877403,70.01389658114182,0.3002706922817032,0.7000362334662993,9.01588386961424e-05,-0.095489917213312,-0.8636199677869006,-0.5495924937785068,1.8890245177579197
0.00044272783019711544,1.0001993335486934,70.01395334840853,0.3002717982918861,0.7000367490514698,9.015948789439763e-05,-0.09549015439628473,-0.863619840061624,-0.5495915645064662,1.8967427743921397
0.0004445361263512194,1.000200147822845,70.01401034759915,0.3002729088226414,0.7000372667424521,9.016013974779297e-05,-0.09549039254831079,-0.8636197118149102,-0.5495906314385723,1.9044925774506076
0.00044635180838612393,1.0002009654237354,70.01406757966147,0.30027402389245866,0.7000377865478463,9.016079426720209e-05,-0.09549063167335063,-0.8636195830446314,-0.5495896945593197,1.9122740559600688
0.0004481749064690305,1.000201786364959,70.01412504554713,0.3002751435199035,0.7000383084762882,9.016145146354325e-05,-0.09549087177538082,-0.8636194537486513,-0.5495887538531377,1.9200873394757219
0.0004500054508903577,1.0002026106601671,70.0141827462117,0.3002762677236173,0.7000388325364488,9.016211134777961e-05,-0.09549111285839434,-0.8636193239248249,-0.5495878093043935,1.9279325580833921
0.0004518434720642436,1.0002034383230658,70.0142406826146,0.30027739652231794,0.7000393587370343,9.016277393091924e-05,-0.09549135492640036,-0.863619193570998,-0.5495868608973896,1.9358098424017065
0.00045368900052904996,1.0002042693674178,70.01429885571925,0.3002785299347998,0.7000398870867865,9.016343922401569e-05,-0.09549159798342453,-0.8636190626850082,-0.5495859086163652,1.9437193235842787
0.0004555420669478709,1.000205103807042,70.01435726649295,0.3002796679799345,0.7000404175944832,9.016410723816752e-05,-0.09549184203350895,-0.8636189312646839,-0.5495849524454941,1.9516611333219092
0.00045740270210904347,1.0002059416558136,70.01441591590695,0.30028081067667073,0.7000409502689375,9.016477798451921e-05,-0.09549208708071216,-0.863618799307845,-0.5495839923688861,1.9596354038447992
0.000459270936926656,1.0002067829276646,70.01447480493653,0.30028195804403496,0.7000414851189992,9.01654514742607e-05,-0.09549233312910949,-0.863618666812302,-0.5495830283705858,1.9676422679247503
0.0004611468024410657,1.000207627636584,70.01453393456089,0.3002831101011314,0.7000420221535537,9.016612771862821e-05,-0.09549258018279275,-0.8636185337758571,-0.5495820604345728,1.9756818588774083
0.0004630303298194101,1.0002084757966183,70.01459330576328,0.3002842668671427,0.7000425613815229,9.016680672890379e-05,-0.09549282824587056,-0.8636184001963028,-0.5495810885447612,1.9837543105644755
0.0004649215503561293,1.0002093274218709,70.01465291953096,0.30028542836133004,0.7000431028118649,9.016748851641605e-05,-0.09549307732246835,-0.8636182660714233,-0.5495801126849991,1.9918597573959764
0.00046682049547348213,1.0002101825265033,70.01471277685523,0.3002865946030334,0.7000436464535749,9.016817309254007e-05,-0.09549332741672842,-0.8636181313989936,-0.5495791328390691,1.9999983343324907
0.00046872719672206984,1.0002110411247342,70.01477287873139,0.30028776561167214,0.7000441923156839,9.016886046869762e-05,-0.0954935785328099,-0.8636179961767793,-0.549578148990687,2.008170176887424
0.00047064168578136127,1.0002119032308416,70.01483322615891,0.300288941406745,0.7000447404072613,9.016955065635734e-05,-0.09549383067488919,-0.8636178604025371,-0.5495771611235027,2.01637542112928
0.00047256399446021823,1.000212768859161,70.01489382014128,0.30029012200783073,0.7000452907374117,9.017024366703509e-05,-0.09549408384715947,-0.8636177240740146,-0.5495761692210988,2.024614203683941
0.000474494154697423,1.0002136380240867,70.01495466168606,0.3002913074345883,0.7000458433152783,9.017093951229394e-05,-0.09549433805383126,-0.8636175871889502,-0.5495751732669906,2.0328866617369488
0.00047643219856220985,1.0002145107400722,70.01501575180505,0.30029249770675703,0.7000463981500411,9.017163820374446e-05,-0.09549459329913225,-0.8636174497450732,-0.5495741732446271,2.0411929330358123
0.0004783781582547997,1.0002153870216295,70.01507709151406,0.30029369284415736,0.7000469552509176,9.017233975304496e-05,-0.09549484958730743,-0.8636173117401033,-0.5495731691373882,2.049533155892318
0.0004803320661069311,1.0002162668833303,70.01513868183312,0.3002948928666907,0.7000475146271631,9.01730441719017e-05,-0.0954951069226191,-0.8636171731717511,-0.5495721609285873,2.05790746918484
0.00048229395458240196,1.0002171503398063,70.01520052378645,0.3002960977943401,0.7000480762880704,9.017375147206884e-05,-0.09549536530934707,-0.8636170340377181,-0.5495711486014689,2.066316012360676
0.00048426385627760467,1.0002180374057479,70.01526261840235,0.30029730764717044,0.7000486402429704,9.017446166534901e-05,-0.09549562475178858,-0.8636168943356959,-0.5495701321392088,2.0747589254383767
0.0004862418039220716,1.0002189280959066,70.01532496671346,0.30029852244532884,0.700049206501232,9.017517476359313e-05,-0.09549588525425845,-0.8636167540633672,-0.5495691115249146,2.0832363490101033
0.0004882278303790155,1.000219822425094,70.01538756975658,0.3002997422090449,0.7000497750722628,9.01758907787011e-05,-0.09549614682108921,-0.8636166132184052,-0.5495680867416248,2.0917484242439737
0.000490221968645877,1.0002207204081819,70.01545042857273,0.3003009669586312,0.7000503459655086,9.017660972262134e-05,-0.09549640945663111,-0.8636164717984733,-0.5495670577723084,2.1002952928864316
0.0004922242518548741,1.0002216220601032,70.01551354420722,0.3003021967144834,0.7000509191904534,9.017733160735166e-05,-0.09549667316525207,-0.8636163298012255,-0.5495660245998648,2.108877097264631
0.000494234713273551,1.000222527395852,70.01557691770964,0.3003034314970809,0.7000514947566203,9.017805644493906e-05,-0.09549693795133805,-0.8636161872243063,-0.5495649872071235,2.117493980288816
0.0004962533863053306,1.0002234364304834,70.01564055013384,0.3003046713269868,0.7000520726735712,9.017878424748002e-05,-0.09549720381929278,-0.8636160440653508,-0.5495639455768442,2.1261460854547125
0.00049828030449007,1.0002243491791143,70.015704442538,0.30030591622484853,0.7000526529509071,9.017951502712069e-05,-0.09549747077353815,-0.8636159003219839,-0.5495628996917163,2.1348335568459382
0.0005003155015046195,1.0002252656569233,70.01576859598462,0.3003071662113983,0.7000532355982684,9.018024879605713e-05,-0.09549773881851403,-0.8636157559918215,-0.5495618495343574,2.143556539136427
0.0005023590111633783,1.0002261858791508,70.01583301154055,0.3003084213074529,0.7000538206253341,9.018098556653563e-05,-0.09549800795867847,-0.8636156110724693,-0.549560795087315,2.1523151775928366
0.000504410867418861,1.0002271098611002,70.01589769027701,0.3003096815339147,0.700054408041824,9.018172535085259e-05,-0.09549827819850783,-0.8636154655615234,-0.5495597363330653,2.161109618077004
0.0005064711043622567,1.0002280376181367,70.01596263326957,0.3003109469117717,0.7000549978574958,9.018246816135522e-05,-0.0954985495424966,-0.86361531945657,-0.5495586732540121,2.169940007048375
0.0005085397562240004,1.0002289691656892,70.01602784159824,0.30031221746209763,0.700055590082149,9.018321401044114e-05,-0.09549882199515784,-0.8636151727551857,-0.5495576058324885,2.178806491566473
0.0005106168573743377,1.0002299045192486,70.01609331634741,0.30031349320605283,0.7000561847256221,9.018396291055923e-05,-0.095499095561023,-0.8636150254549373,-0.5495565340507547,2.1877092192933563
0.0005127024423238977,1.0002308436943705,70.01615905860594,0.3003147741648844,0.7000567817977938,9.018471487420932e-05,-0.0954993702446421,-0.863614877553381,-0.5495554578909981,2.196648338496097
0.0005147965457242672,1.000231786706673,70.01622506946711,0.3003160603599262,0.7000573813085832,9.018546991394257e-05,-0.09549964605058366,-0.8636147290480638,-0.5495543773353342,2.2056239980492722
0.0005168992023685637,1.0002327335718382,70.01629135002867,0.3003173518125998,0.7000579832679499,9.018622804236196e-05,-0.09549992298343495,-0.8636145799365222,-0.5495532923658044,2.214636347437453
0.0005190104471920172,1.000233684305614,70.016357901393,0.3003186485444158,0.7000585876858951,9.0186989272122e-05,-0.09550020104780241,-0.863614430216283,-0.5495522029643765,2.2236855367577233
0.0005211303152725465,1.000234638923812,70.01642472466683,0.3003199505769724,0.7000591945724602,9.018775361592941e-05,-0.09550048024831102,-0.8636142798848625,-0.5495511091129446,2.2327717167221803
0.0005232588418313461,1.0002355974423074,70.01649182096152,0.3003212579319556,0.7000598039377276,9.018852108654297e-05,-0.09550076058960462,-0.8636141289397673,-0.5495500107933293,2.2418950386604815
0.0005253960622334676,1.0002365598770409,70.01655919139286,0.30032257063113993,0.7000604157918205,9.018929169677406e-05,-0.09550104207634601,-0.8636139773784935,-0.5495489079872777,2.251055654522368
0.0005275420119884111,1.000237526244018,70.01662683708126,0.3003238886963896,0.7000610301449036,9.019006545948644e-05,-0.09550132471321703,-0.8636138251985274,-0.5495478006764615,2.2602537168802255
0.0005296967267507108,1.00023849655931,70.0166947591517,0.30032521214965796,0.7000616470071832,9.019084238759719e-05,-0.09550160850491875,-0.8636136723973447,-0.5495466888424783,2.26948937893163
0.0005318602423205323,1.0002394708390536,70.01676295873375,0.30032654101298867,0.7000622663889071,9.019162249407602e-05,-0.09550189345617133,-0.8636135189724111,-0.5495455724668494,2.2787627945019375
0.0005340325946442631,1.0002404490994516,70.01683143696161,0.3003278753085156,0.7000628883003652,9.019240579194628e-05,-0.09550217957171439,-0.8636133649211818,-0.5495444515310215,2.2880741180468434
0.0005362138198151116,1.0002414313567733,70.01690019497414,0.3003292150584634,0.7000635127518892,9.019319229428456e-05,-0.09550246685630688,-0.8636132102411017,-0.5495433260163655,2.2974235046549847
0.0005384039540737087,1.0002424176273543,70.0169692339148,0.30033056028514754,0.7000641397538532,9.019398201422158e-05,-0.09550275531472718,-0.8636130549296053,-0.5495421959041757,2.306811110050551
0.0005406030338087056,1.000243407927597,70.01703855493179,0.3003319110109753,0.7000647693166729,9.019477496494166e-05,-0.09550304495177324,-0.8636128989841164,-0.5495410611756704,2.3162370905958753
0.000542811095557383,1.000244402273971,70.01710815917797,0.3003332672584455,0.7000654014508081,9.01955711596836e-05,-0.09550333577226268,-0.8636127424020488,-0.5495399218119907,2.3257016032940823
0.000545028176006254,1.0002454006830128,70.0171780478109,0.30033462905014935,0.7000660361667599,9.019637061174034e-05,-0.09550362778103276,-0.8636125851808052,-0.5495387777942011,2.3352048057916988
0.0005472543119916778,1.0002464031713276,70.01724822199293,0.3003359964087707,0.7000666734750728,9.019717333445984e-05,-0.09550392098294057,-0.8636124273177782,-0.5495376291032883,2.344746856381324
0.0005494895405004677,1.000247409755587,70.01731868289109,0.30033736935708594,0.700067313386334,9.019797934124454e-05,-0.09550421538286294,-0.8636122688103495,-0.5495364757201616,2.3543279140042648
0.000551733898670508,1.0002484204525324,70.01738943167726,0.3003387479179654,0.7000679559111749,9.019878864555223e-05,-0.09550451098569691,-0.8636121096558902,-0.5495353176256528,2.3639481382532126
0.0005539874237913711,1.0002494352789724,70.01746046952806,0.30034013211437277,0.7000686010602694,9.019960126089605e-05,-0.09550480779635936,-0.8636119498517606,-0.5495341548005139,2.373607689374926
0.0005562501533049367,1.0002504542517847,70.01753179762493,0.3003415219693659,0.700069248844335,9.020041720084447e-05,-0.09550510581978726,-0.8636117893953104,-0.5495329872254198,2.3833067282729155
0.0005585221248060126,1.0002514773879168,70.01760341715418,0.3003429175060973,0.7000698992741337,9.0201236479022e-05,-0.09550540506093794,-0.8636116282838784,-0.5495318148809656,2.39304541651014
0.0005608033760429605,1.0002525047043842,70.0176753293069,0.3003443187478142,0.7000705523604708,9.020205910910895e-05,-0.09550570552478882,-0.8636114665147927,-0.5495306377476672,2.4028239163117218
0.0005630939449183245,1.000253536218273,70.01774753527911,0.30034572571785917,0.7000712081141958,9.020288510484215e-05,-0.09550600721633781,-0.8636113040853703,-0.5495294558059614,2.41264239056768
0.0005653938694894576,1.0002545719467386,70.0178200362717,0.3003471384396704,0.7000718665462029,9.020371448001457e-05,-0.09550631014060323,-0.8636111409929174,-0.5495282690362042,2.422501002835644
0.0005677031879691576,1.0002556119070072,70.0178928334905,0.3003485569367825,0.7000725276674302,9.020454724847624e-05,-0.09550661430262393,-0.863610977234729,-0.5495270774186722,2.4323999173436244
0.0005700219387262986,1.0002566561163744,70.01796592814621,0.3003499812328259,0.700073191488861,9.020538342413391e-05,-0.0955069197074593,-0.8636108128080896,-0.5495258809335606,2.4423392989927444
0.0005723501602864718,1.0002577045922079,70.01803932145455,0.3003514113515285,0.7000738580215231,9.020622302095158e-05,-0.09550722636018956,-0.8636106477102721,-0.5495246795609846,2.452319313360031
0.0005746878913326226,1.0002587573519452,70.01811301463617,0.3003528473167151,0.7000745272764896,9.020706605295068e-05,-0.09550753426591561,-0.8636104819385384,-0.5495234732809773,2.4623401267011786
0.0005770351707056946,1.0002598144130959,70.01818700891671,0.30035428915230833,0.7000751992648784,9.020791253421036e-05,-0.09550784342975926,-0.8636103154901396,-0.5495222620734905,2.4724019059533457
0.0005793920374052761,1.000260875793241,70.01826130552686,0.30035573688232886,0.7000758739978535,9.020876247886755e-05,-0.0955081538568633,-0.8636101483623152,-0.5495210459183943,2.4825048187379655
0.0005817585305902469,1.0002619415100331,70.01833590570232,0.3003571905308957,0.700076551486624,9.020961590111744e-05,-0.0955084655523915,-0.8636099805522937,-0.5495198247954763,2.492649033363551
0.000584134689579428,1.0002630115811975,70.01841081068382,0.3003586501222269,0.7000772317424446,9.02104728152135e-05,-0.09550877852152874,-0.8636098120572919,-0.5495185986844415,2.5028347188285234
0.0005865205538522355,1.0002640860245315,70.01848602171721,0.3003601156806397,0.7000779147766163,9.021133323546795e-05,-0.09550909276948114,-0.8636096428745158,-0.5495173675649123,2.513062044824048
0.0005889161630493391,1.000265164857906,70.01856154005341,0.30036158723055095,0.7000786006004863,9.021219717625171e-05,-0.0955094083014762,-0.8636094730011598,-0.5495161314164276,2.5233311817368964
0.0005913215569733157,1.0002662480992637,70.01863736694845,0.3003630647964778,0.7000792892254482,9.0213064651995e-05,-0.09550972512276268,-0.8636093024344067,-0.5495148902184424,2.533642300652289
0.0005937367755893162,1.0002673357666223,70.01871350366356,0.3003645484030378,0.7000799806629416,9.021393567718722e-05,-0.09551004323861091,-0.8636091311714281,-0.5495136439503283,2.5439955733567863
0.0005961618590257244,1.0002684278780716,70.01878995146501,0.3003660380749492,0.7000806749244531,9.021481026637749e-05,-0.09551036265431265,-0.863608959209384,-0.5495123925913723,2.5543911723411594
0.0005985968475748284,1.0002695244517763,70.01886671162434,0.3003675338370321,0.7000813720215164,9.021568843417462e-05,-0.09551068337518143,-0.8636087865454225,-0.5495111361207765,2.564829270803301
0.0006010417816934863,1.0002706255059755,70.01894378541829,0.3003690357142078,0.7000820719657123,9.021657019524775e-05,-0.09551100540655251,-0.8636086131766807,-0.549509874517659,2.575310042651124
0.0006034967020037996,1.0002717310589824,70.01902117412877,0.30037054373150013,0.7000827747686686,9.021745556432623e-05,-0.09551132875378297,-0.8636084391002834,-0.5495086077610514,2.585833662505484
0.0006059616492937898,1.0002728411291852,70.01909887904297,0.30037205791403543,0.7000834804420608,9.02183445561999e-05,-0.09551165342225171,-0.8636082643133441,-0.5495073358299,2.59640030570312
0.0006084366645180745,1.000273955735048,70.01917690145336,0.300373578287043,0.7000841889976122,9.021923718571971e-05,-0.09551197941735978,-0.8636080888129646,-0.5495060587030658,2.6070101482996004
0.0006109217887985473,1.0002750748951095,70.01925524265766,0.3003751048758556,0.7000849004470934,9.02201334677975e-05,-0.09551230674453025,-0.8636079125962344,-0.5495047763593224,2.6176633670722675
0.0006134170634250612,1.0002761986279844,70.01933390395891,0.30037663770590983,0.7000856148023238,9.022103341740646e-05,-0.09551263540920833,-0.8636077356602316,-0.549503488777357,2.6283601395232155
0.0006159225298561175,1.000277326952364,70.01941288666548,0.30037817680274664,0.7000863320751703,9.022193704958146e-05,-0.09551296541686156,-0.8636075580020224,-0.54950219593577,2.6391006438822835
0.0006184382297195496,1.000278459887016,70.01949219209112,0.30037972219201176,0.7000870522775495,9.022284437941932e-05,-0.09551329677298001,-0.8636073796186607,-0.5495008978130744,2.649885059110029
0.0006209642048132202,1.000279597450784,70.01957182155489,0.30038127389945585,0.700087775421425,9.02237554220787e-05,-0.0955136294830758,-0.8636072005071886,-0.5494995943876945,2.660713564900758
0.0006235004971057099,1.0002807396625901,70.01965177638131,0.30038283195093546,0.7000885015188104,9.022467019278096e-05,-0.09551396355268407,-0.8636070206646363,-0.5494982856379674,2.671586341685522
0.0006260471487370207,1.000281886541433,70.0197320579003,0.30038439637241277,0.7000892305817684,9.022558870680978e-05,-0.09551429898736231,-0.8636068400880218,-0.5494969715421419,2.6825035706351716
0.0006286042020192705,1.0002830381063885,70.0198126674472,0.3003859671899568,0.7000899626224105,9.022651097951207e-05,-0.09551463579269086,-0.8636066587743507,-0.5494956520783767,2.693465433663385
0.000631171699437399,1.0002841943766116,70.01989360636281,0.3003875444297433,0.7000906976528973,9.02274370262975e-05,-0.09551497397427278,-0.8636064767206169,-0.5494943272247421,2.7044721134297296
0.0006337496836498743,1.0002853553713351,70.01997487599346,0.3003891281180553,0.7000914356854403,9.022836686263953e-05,-0.09551531353773424,-0.8636062939238013,-0.549492996959219,2.715523793342741
0.0006363381974894004,1.0002865211098704,70.02005647769093,0.30039071828128355,0.7000921767322993,9.022930050407503e-05,-0.09551565448872423,-0.8636061103808734,-0.5494916612596976,2.7266206575629965
0.0006389372839636282,1.0002876916116081,70.02013841281257,0.3003923149459274,0.7000929208057859,9.023023796620498e-05,-0.09551599683291505,-0.8636059260887898,-0.5494903201039781,2.73776289100621
0.0006415469862558703,1.000288866896018,70.02022068272126,0.3003939181385944,0.7000936679182602,9.023117926469444e-05,-0.09551634057600197,-0.8636057410444948,-0.5494889734697701,2.748950679346343
0.0006441673477258211,1.0002900469826495,70.02030328878546,0.30039552788600143,0.7000944180821342,9.023212441527296e-05,-0.09551668572370384,-0.8636055552449203,-0.549487621334692,2.7601842090187323
0.0006467984119102727,1.0002912318911323,70.02038623237927,0.30039714421497493,0.7000951713098701,9.0233073433735e-05,-0.09551703228176271,-0.8636053686869858,-0.549486263676271,2.7714636672232102
0.0006494402225238435,1.000292421641176,70.02046951488232,0.3003987671524514,0.7000959276139805,9.023402633593983e-05,-0.09551738025594418,-0.863605181367598,-0.5494849004719418,2.782789241927271
0.0006520928234596986,1.0002936162525708,70.02055313767995,0.30040039672547764,0.7000966870070298,9.023498313781202e-05,-0.09551772965203742,-0.8636049932836511,-0.5494835316990475,2.7941611218692053
0.0006547562587902851,1.0002948157451883,70.02063710216318,0.30040203296121154,0.7000974495016334,9.023594385534178e-05,-0.09551808047585537,-0.8636048044320269,-0.5494821573348385,2.805579496561304
0.0006574305727680597,1.000296020138981,70.02072140972867,0.30040367588692224,0.700098215110458,9.023690850458511e-05,-0.09551843273323464,-0.8636046148095942,-0.549480777356472,2.817044556293019
0.0006601158098262252,1.0002972294539834,70.02080606177884,0.3004053255299908,0.7000989838462225,9.02378771016641e-05,-0.0955187864300358,-0.863604424413209,-0.5494793917410128,2.828556492134173
0.0006628120145794718,1.0002984437103113,70.02089105972179,0.3004069819179105,0.7000997557216974,9.02388496627671e-05,-0.09551914157214339,-0.8636042332397147,-0.5494780004654302,2.840115495938181
0.0006655192318247125,1.0002996629281633,70.02097640497144,0.3004086450782875,0.7001005307497057,9.023982620414931e-05,-0.09551949816546602,-0.8636040412859419,-0.5494766035066005,2.8517217603452583
0.0006682375065418339,1.0003008871278207,70.02106209894745,0.3004103150388411,0.7001013089431221,9.024080674213265e-05,-0.09551985621593644,-0.8636038485487081,-0.5494752008413062,2.863375478785682
0.0006709668838944373,1.0003021163296477,70.02114814307534,0.3004119918274042,0.7001020903148746,9.024179129310636e-05,-0.09552021572951173,-0.8636036550248178,-0.5494737924462336,2.875076845483021
0.0006737074092305952,1.0003033505540913,70.02123453878639,0.30041367547192405,0.7001028748779435,9.024277987352719e-05,-0.09552057671217329,-0.8636034607110629,-0.5494723782979742,2.8868260554574277
0.0006764591280835993,1.000304589821683,70.02132128751781,0.3004153660004625,0.7001036626453628,9.024377249991947e-05,-0.09552093916992713,-0.8636032656042216,-0.5494709583730244,2.898623304528894
0.0006792220861727196,1.0003058341530375,70.02140839071262,0.3004170634411963,0.7001044536302188,9.024476918887566e-05,-0.09552130310880366,-0.8636030697010595,-0.5494695326477834,2.9104687893205585
0.0006819963294039649,1.000307083568854,70.02149584981977,0.30041876782241794,0.7001052478456513,9.024576995705672e-05,-0.09552166853485795,-0.8636028729983287,-0.5494681010985548,2.922362707262019
0.0006847819038708447,1.0003083380899171,70.0215836662942,0.3004204791725359,0.700106045304855,9.024677482119188e-05,-0.09552203545417015,-0.8636026754927684,-0.5494666637015457,2.9343052565926437
0.0006875788558551333,1.0003095977370957,70.0216718415967,0.3004221975200753,0.700106846021077,9.024778379807949e-05,-0.09552240387284494,-0.8636024771811041,-0.5494652204328652,2.946296636364908
0.0006903872318276402,1.0003108625313442,70.02176037719408,0.30042392289367825,0.7001076500076191,9.024879690458698e-05,-0.09552277379701214,-0.8636022780600483,-0.5494637712685246,2.958337046447743
0.0006932070784489843,1.0003121324937028,70.02184927455919,0.3004256553221041,0.7001084572778377,9.02498141576513e-05,-0.09552314523282666,-0.8636020781263001,-0.5494623161844383,2.9704266875299097
0.0006960384425703645,1.000313407645298,70.02193853517086,0.3004273948342304,0.7001092678451433,9.025083557427912e-05,-0.09552351818646855,-0.863601877376545,-0.5494608551564214,2.9825657611233565
0.0006988813712343432,1.0003146880073421,70.02202816051395,0.30042914145905325,0.7001100817230014,9.025186117154716e-05,-0.09552389266414318,-0.8636016758074551,-0.5494593881601899,2.9947544695666304
0.0007017359116756228,1.000315973601135,70.02211815207944,0.30043089522568744,0.7001108989249324,9.025289096660246e-05,-0.09552426867208133,-0.8636014734156887,-0.5494579151713617,3.0069930160282614
0.0007046021113218359,1.0003172644480631,70.02220851136443,0.30043265616336734,0.7001117194645121,9.025392497666254e-05,-0.09552464621653924,-0.8636012701978911,-0.5494564361654544,3.019281604510204
0.0007074800177943282,1.0003185605696003,70.02229923987203,0.30043442430144723,0.7001125433553711,9.025496321901622e-05,-0.09552502530379868,-0.8636010661506932,-0.5494549511178846,3.0316204398512503
0.0007103696789089525,1.0003198619873093,70.02239033911165,0.3004361996694019,0.7001133706111966,9.025600571102308e-05,-0.09552540594016737,-0.8636008612707128,-0.5494534600039704,3.044009727730485
0.0007132711426768634,1.0003211687228397,70.02248181059878,0.3004379822968269,0.7001142012457309,9.025705247011449e-05,-0.09552578813197853,-0.8636006555545535,-0.5494519627989275,3.0564496746707555
0.000716184457305315,1.0003224807979305,70.02257365585514,0.30043977221343926,0.7001150352727729,9.02581035137935e-05,-0.09552617188559154,-0.8636004489988052,-0.5494504594778713,3.068940488042141
0.0007191096711984592,1.0003237982344095,70.02266587640867,0.30044156944907807,0.7001158727061779,9.025915885963533e-05,-0.09552655720739177,-0.8636002416000439,-0.5494489500158146,3.0814823760654377
0.0007220468329581522,1.0003251210541935,70.02275847379354,0.30044337403370464,0.7001167135598572,9.026021852528754e-05,-0.09552694410379052,-0.8636000333548319,-0.5494474343876685,3.094075547815669
0.0007249959913847634,1.0003264492792896,70.02285144955027,0.3004451859974032,0.7001175578477792,9.026128252847053e-05,-0.09552733258122557,-0.8635998242597173,-0.5494459125682424,3.106720213225617
0.0007279571954779821,1.000327782931794,70.02294480522558,0.30044700537038166,0.7001184055839699,9.02623508869774e-05,-0.09552772264616095,-0.863599614311234,-0.549444384532241,3.119416583089331
0.0007309304944376364,1.0003291220338943,70.0230385423726,0.30044883218297164,0.7001192567825117,9.026342361867493e-05,-0.09552811430508716,-0.8635994035059019,-0.5494428502542673,3.1321648690657056
0.0007339159376645057,1.0003304666078685,70.0231326625508,0.30045066646562923,0.7001201114575452,9.026450074150322e-05,-0.0955285075645212,-0.863599191840227,-0.5494413097088197,3.144965283682019
0.0007369135747611468,1.0003318166760853,70.02322716732597,0.3004525082489356,0.7001209696232681,9.02655822734765e-05,-0.09552890243100685,-0.8635989793107006,-0.5494397628702921,3.1578180403375358
0.0007399234555327131,1.0003331722610056,70.0233220582704,0.3004543575635973,0.7001218312939368,9.026666823268298e-05,-0.09552929891111457,-0.8635987659138001,-0.5494382097129749,3.170723353307076
0.0007429456299877841,1.0003345333851819,70.02341733696272,0.30045621444044696,0.7001226964838652,9.026775863728565e-05,-0.09552969701144176,-0.8635985516459884,-0.5494366502110521,3.18368143774464
0.0007459801483391983,1.0003359000712586,70.0235130049881,0.3004580789104436,0.7001235652074261,9.02688535055221e-05,-0.09553009673861282,-0.863598336503714,-0.549435084338603,3.1966925096870304
0.0007490270610048852,1.0003372723419737,70.02360906393815,0.3004599510046735,0.700124437479051,9.026995285570539e-05,-0.09553049809927927,-0.8635981204834109,-0.5494335120696008,3.2097567860574916
0.000752086418608702,1.0003386502201574,70.02370551541102,0.3004618307543502,0.7001253133132301,9.027105670622376e-05,-0.09553090110011983,-0.8635979035814987,-0.5494319333779125,3.222874484669349
0.0007551582719812764,1.0003400337287336,70.02380236101135,0.3004637181908156,0.7001261927245128,9.027216507554131e-05,-0.09553130574784054,-0.8635976857943823,-0.549430348237298,3.2360458242296937
0.0007582426721608529,1.0003414228907201,70.02389960235041,0.30046561334554,0.7001270757275083,9.027327798219825e-05,-0.09553171204917495,-0.8635974671184521,-0.5494287566214102,3.2492710243430674
0.0007613396703941358,1.0003428177292288,70.02399724104602,0.3004675162501231,0.7001279623368851,9.027439544481124e-05,-0.09553212001088413,-0.8635972475500837,-0.5494271585037942,3.2625503055151466
0.0007644493181371465,1.000344218267466,70.02409527872263,0.300469426936294,0.7001288525673713,9.027551748207366e-05,-0.09553252963975681,-0.863597027085638,-0.5494255538578868,3.2758838891564794
0.0007675716670560725,1.000345624528733,70.02419371701131,0.30047134543591225,0.7001297464337558,9.027664411275586e-05,-0.09553294094260946,-0.8635968057214609,-0.5494239426570167,3.289271997586188
0.0007707067690281321,1.0003470365364266,70.02429255754987,0.3004732717809679,0.7001306439508875,9.027777535570563e-05,-0.09553335392628656,-0.8635965834538839,-0.5494223248744032,3.302714854035748
0.0007738546761424306,1.00034845431404,70.0243918019828,0.3004752060035826,0.7001315451336764,9.027891122984836e-05,-0.09553376859766063,-0.8635963602792229,-0.5494207004831568,3.316212682652717
0.0007770154407008282,1.0003498778851607,70.02449145196125,0.3004771481360095,0.7001324499970922,9.028005175418757e-05,-0.09553418496363211,-0.8635961361937794,-0.549419069456277,3.3297657085045307
0.0007801891152188109,1.0003513072734747,70.02459150914322,0.3004790982106344,0.7001333585561674,9.028119694780511e-05,-0.0955346030311299,-0.8635959111938394,-0.5494174317666543,3.3433741575822977
0.0007833757524263607,1.0003527425027636,70.02469197519345,0.30048105625997584,0.7001342708259947,9.028234682986133e-05,-0.09553502280711114,-0.8635956852756742,-0.5494157873870671,3.357038256804601
0.0007865754052688308,1.0003541835969068,70.02479285178347,0.30048302231668594,0.7001351868217285,9.028350141959584e-05,-0.09553544429856145,-0.8635954584355395,-0.5494141362901834,3.370758234021317
0.0007897881269078268,1.0003556305798815,70.02489414059171,0.3004849964135508,0.7001361065585855,9.028466073632726e-05,-0.09553586751249513,-0.8635952306696761,-0.5494124784485594,3.384534318017463
0.0007930139707220919,1.0003570834757631,70.02499584330342,0.30048697858349105,0.7001370300518445,9.028582479945407e-05,-0.09553629245595512,-0.8635950019743093,-0.5494108138346392,3.398366738517063
0.0007962529903083886,1.0003585423087251,70.02509796161075,0.3004889688595625,0.7001379573168465,9.02869936284547e-05,-0.09553671913601319,-0.8635947723456491,-0.5494091424207536,3.4122557261869977
0.0007995052394823953,1.0003600071030403,70.02520049721282,0.3004909672749566,0.7001388883689953,9.028816724288779e-05,-0.09553714755977011,-0.86359454177989,-0.5494074641791213,3.4262015126409158
0.0008027707722795947,1.0003614778830805,70.02530345181563,0.3004929738630011,0.7001398232237573,9.028934566239273e-05,-0.09553757773435564,-0.8635943102732111,-0.5494057790818467,3.440204330443118
0.0008060496429561771,1.0003629546733175,70.02540682713223,0.3004949886571605,0.7001407618966625,9.029052890668999e-05,-0.09553800966692874,-0.8635940778217761,-0.5494040871009207,3.4542644131125018
0.0008093419059899365,1.000364437498323,70.0255106248826,0.30049701169103676,0.7001417044033039,9.029171699558108e-05,-0.09553844336467773,-0.8635938444217326,-0.5494023882082193,3.4683819951264714
0.0008126476160811787,1.00036592638277,70.0256148467939,0.30049904299836966,0.7001426507593387,9.029290994894936e-05,-0.09553887883482039,-0.8635936100692131,-0.5494006823755044,3.482557311924909
0.000815966828153632,1.000367421351431,70.02571949460018,0.30050108261303754,0.7001436009804874,9.02941077867601e-05,-0.09553931608460385,-0.8635933747603339,-0.549398969574421,3.4967905999141498
0.0008192995973553542,1.0003689224291816,70.02582457004272,0.3005031305690578,0.700144555082535,9.029531052906107e-05,-0.09553975512130511,-0.8635931384911959,-0.5493972497764998,3.5110820964709473
0.0008226459790596554,1.0003704296409979,70.02593007486985,0.30050518690058753,0.7001455130813311,9.029651819598259e-05,-0.09554019595223086,-0.8635929012578836,-0.5493955229531544,3.525432039946502
0.0008260060288660114,1.0003719430119589,70.02603601083712,0.30050725164192404,0.7001464749927898,9.029773080773798e-05,-0.09554063858471772,-0.8635926630564661,-0.5493937890756817,3.5398406696704554
0.0008293798026009944,1.0003734625672456,70.0261423797072,0.30050932482750536,0.7001474408328902,9.02989483846239e-05,-0.09554108302613228,-0.8635924238829963,-0.5493920481152608,3.554308225954953
0.0008327673563191944,1.000374988332143,70.02624918325,0.30051140649191105,0.7001484106176769,9.030017094702097e-05,-0.09554152928387148,-0.8635921837335108,-0.5493903000429539,3.568834950098677
0.000836168746304153,1.0003765203320385,70.02635642324269,0.3005134966698625,0.7001493843632596,9.030139851539365e-05,-0.09554197736536232,-0.8635919426040305,-0.5493885448297043,3.5834210843909218
0.0008395840290693005,1.0003780585924245,70.02646410146971,0.3005155953962238,0.7001503620858139,9.030263111029092e-05,-0.09554242727806232,-0.8635917004905598,-0.549386782446337,3.5980668721156928
0.0008430132613588927,1.0003796031388967,70.02657221972277,0.30051770270600203,0.700151343801582,9.030386875234634e-05,-0.0955428790294595,-0.8635914573890869,-0.5493850128635571,3.612772557555799
0.000846456500148953,1.0003811539971563,70.02668077980094,0.3005198186343481,0.7001523295268718,9.030511146227894e-05,-0.09554333262707254,-0.8635912132955839,-0.5493832360519508,3.627538385996976
0.0008499138026482193,1.0003827111930095,70.02678978351067,0.3005219432165573,0.700153319278058,9.030635926089295e-05,-0.09554378807845093,-0.863590968206006,-0.549381451981984,3.642364603732022
0.0008533852262990983,1.0003842747523677,70.02689923266574,0.3005240764880696,0.7001543130715818,9.030761216907845e-05,-0.09554424539117497,-0.8635907221162924,-0.5493796606240007,3.657251458064969
0.0008568708287786134,1.0003858447012488,70.02700912908742,0.3005262184844709,0.7001553109239523,9.030887020781187e-05,-0.09554470457285609,-0.8635904750223657,-0.5493778619482249,3.6721991973152335
0.0008603706679993696,1.000387421065777,70.02711947460439,0.30052836924149284,0.7001563128517455,9.031013339815605e-05,-0.09554516563113687,-0.8635902269201317,-0.5493760559247589,3.6872080708218293
0.0008638848021105097,1.0003890038721839,70.02723027105287,0.30053052879501396,0.7001573188716051,9.031140176126088e-05,-0.09554562857369114,-0.8635899778054797,-0.5493742425235826,3.7022783289475556
0.0008674132894986862,1.0003905931468073,70.02734152027651,0.30053269718106007,0.7001583290002428,9.031267531836328e-05,-0.09554609340822412,-0.8635897276742823,-0.5493724217145526,3.717410223083241
0.0008709561887890262,1.0003921889160943,70.0274532241266,0.30053487443580496,0.7001593432544387,9.031395409078812e-05,-0.09554656014247268,-0.8635894765223954,-0.5493705934674036,3.732604005651971
0.0008745135588461075,1.000393791206599,70.02756538446192,0.3005370605955711,0.7001603616510412,9.031523809994803e-05,-0.09554702878420533,-0.8635892243456574,-0.5493687577517449,3.7478599301133553
0.000878085458774939,1.0003954000449848,70.02767800314894,0.3005392556968298,0.700161384206968,9.031652736734402e-05,-0.09554749934122232,-0.8635889711398907,-0.5493669145370632,3.763178250967813
0.00088167194792194,1.0003970154580242,70.0277910820617,0.3005414597762025,0.7001624109392051,9.031782191456601e-05,-0.09554797182135584,-0.8635887169009002,-0.5493650637927199,3.778559223760864
0.0008852730858759257,1.0003986374725986,70.02790462308191,0.30054367287046074,0.7001634418648078,9.031912176329293e-05,-0.09554844623247018,-0.8635884616244737,-0.5493632054879505,3.794003105087437
0.0008888889324690978,1.000400266115701,70.02801862809906,0.30054589501652734,0.7001644770009026,9.032042693529314e-05,-0.09554892258246192,-0.8635882053063819,-0.5493613395918662,3.809510152596206
0.0008925195477780424,1.0004019014144327,70.02813309901029,0.30054812625147653,0.7001655163646837,9.032173745242486e-05,-0.09554940087925977,-0.8635879479423785,-0.5493594660734502,3.8250806249939537
0.0008961649921247206,1.0004035433960083,70.02824803772059,0.30055036661253504,0.7001665599734176,9.032305333663662e-05,-0.09554988113082515,-0.8635876895281995,-0.5493575849015608,3.8407147820499166
0.0008998253260774793,1.000405192087752,70.02836344614263,0.30055261613708223,0.7001676078444395,9.032437460996754e-05,-0.09555036334515182,-0.8635874300595641,-0.5493556960449276,3.8564128846001977
0.0009035006104520495,1.0004068475171004,70.02847932619703,0.3005548748626513,0.7001686599951571,9.032570129454765e-05,-0.09555084753026645,-0.8635871695321736,-0.5493537994721531,3.872175194552145
0.000907190906312564,1.0004085097116024,70.02859567981217,0.3005571428269293,0.7001697164430476,9.032703341259834e-05,-0.09555133369422848,-0.8635869079417122,-0.5493518951517113,3.888001974888804
0.000910896274972566,1.0004101786989201,70.02871250892441,0.3005594200677584,0.7001707772056605,9.032837098643289e-05,-0.09555182184513045,-0.8635866452838461,-0.549349983051947,3.903893489673332
0.00091461677799603,1.0004118545068281,70.02882981547796,0.30056170662313586,0.7001718423006166,9.032971403845645e-05,-0.09555231199109787,-0.8635863815542243,-0.5493480631410765,3.9198500040534716
0.0009183524771983874,1.000413537163215,70.02894760142505,0.3005640025312153,0.7001729117456092,9.033106259116684e-05,-0.0955528041402897,-0.8635861167484779,-0.5493461353871852,3.9358717842660393
0.0009221034346475503,1.000415226696084,70.02906586872588,0.30056630783030697,0.7001739855584029,9.033241666715492e-05,-0.09555329830089819,-0.8635858508622201,-0.5493441997582289,3.9519590976414145
0.0009258697126649426,1.000416923133552,70.02918461934864,0.30056862255887845,0.7001750637568358,9.033377628910444e-05,-0.0955537944811492,-0.8635855838910466,-0.5493422562220318,3.9681122126080446
0.000929651373826536,1.000418626503852,70.02930385526963,0.3005709467555554,0.7001761463588182,9.03351414797933e-05,-0.09555429268930224,-0.8635853158305349,-0.5493403047462871,3.9843313986969977
0.0009334484809638928,1.0004203368353315,70.0294235784732,0.3005732804591222,0.700177233382334,9.033651226209301e-05,-0.09555479293365064,-0.8635850466762445,-0.5493383452985554,4.000616926546515
0.0009372610971652036,1.000422054156455,70.02954379095185,0.30057562370852237,0.7001783248454397,9.033788865896976e-05,-0.09555529522252167,-0.863584776423717,-0.5493363778462654,4.016969067906571
0.0009410892857763431,1.0004237784958032,70.02966449470622,0.3005779765428597,0.7001794207662669,9.03392706934847e-05,-0.0955557995642768,-0.8635845050684758,-0.5493344023567122,4.033388095643492
0.0009449331104019142,1.0004255098820736,70.02978569174515,0.3005803390013984,0.7001805211630198,9.034065838879392e-05,-0.09555630596731156,-0.863584232606026,-0.5493324187970571,4.04987428374453
0.0009487926349063133,1.0004272483440815,70.0299073840857,0.30058271112356416,0.7001816260539779,9.034205176814947e-05,-0.09555681444005604,-0.8635839590318547,-0.549330427134328,4.066427907322541
0.0009526679234147844,1.0004289939107593,70.03002957375315,0.3005850929489445,0.7001827354574948,9.034345085489927e-05,-0.09555732499097469,-0.8635836843414302,-0.5493284273354166,4.083049242620588
0.0009565590403144872,1.0004307466111595,70.03015226278116,0.3005874845172897,0.7001838493919996,9.03448556724876e-05,-0.09555783762856683,-0.8635834085302028,-0.5493264193670813,4.099738567016641
0.0009604660502555687,1.0004325064744517,70.03027545321162,0.30058988586851326,0.7001849678759962,9.034626624445586e-05,-0.09555835236136635,-0.8635831315936038,-0.5493244031959426,4.116496159028261
0.0009643890181522362,1.0004342735299263,70.03039914709484,0.3005922970426929,0.7001860909280642,9.034768259444247e-05,-0.09555886919794225,-0.8635828535270467,-0.5493223787884858,4.133322298317312
0.0009683280091838329,1.000436047806993,70.0305233464895,0.30059471808007077,0.7001872185668587,9.034910474618354e-05,-0.09555938814689856,-0.8635825743259253,-0.549320346111059,4.150217265694669
0.0009722830887959237,1.0004378293351812,70.03064805346268,0.30059714902105444,0.7001883508111115,9.03505327235133e-05,-0.09555990921687449,-0.8635822939856156,-0.5493183051298722,4.167181343124988
0.0009762543227013847,1.000439618144143,70.03077327009001,0.3005995899062176,0.700189487679631,9.035196655036449e-05,-0.0955604324165448,-0.8635820125014743,-0.5493162558109985,4.184214813731477
0.0009802417768814886,1.0004414142636504,70.03089899845553,0.3006020407763006,0.7001906291913018,9.035340625076859e-05,-0.09556095775461959,-0.8635817298688393,-0.5493141981203709,4.201317961800658
0.0009842455175870088,1.0004432177235978,70.03102524065184,0.30060450167221126,0.7001917753650861,9.03548518488566e-05,-0.09556148523984476,-0.8635814460830297,-0.5493121320237844,4.218491072787212
0.000988265611339312,1.0004450285540019,70.03115199878013,0.30060697263502545,0.7001929262200233,9.035630336885903e-05,-0.09556201488100192,-0.8635811611393454,-0.5493100574868933,4.235734433318769
0.0009923021249314717,1.000446846785002,70.03127927495015,0.3006094537059879,0.7001940817752305,9.035776083510656e-05,-0.09556254668690874,-0.863580875033067,-0.5493079744752118,4.253048331200789
0.0009963551254293709,1.0004486724468613,70.03140707128028,0.3006119449265127,0.7001952420499026,9.035922427203053e-05,-0.09556308066641889,-0.8635805877594563,-0.5493058829541135,4.270433055421411
0.001000424680172819,1.000450505569967,70.0315353898977,0.3006144463381844,0.7001964070633139,9.036069370416324e-05,-0.09556361682842249,-0.8635802993137558,-0.5493037828888301,4.287888896156344
0.0010045108567766736,1.0004523461848298,70.03166423293808,0.3006169579827582,0.7001975768348163,9.036216915613811e-05,-0.09556415518184581,-0.8635800096911882,-0.5493016742444511,4.305416144773788
0.0010086137231319603,1.0004541943220866,70.03179360254606,0.30061947990216115,0.7001987513838415,9.036365065269079e-05,-0.09556469573565197,-0.8635797188869573,-0.5492995569859238,4.32301509383936
0.0010127333474070006,1.0004560500124984,70.03192350087488,0.30062201213849227,0.7001999307298997,9.036513821865888e-05,-0.09556523849884051,-0.8635794268962471,-0.5492974310780517,4.340686037121033
0.001016869798048545,1.000457913286953,70.03205393008672,0.3006245547340241,0.7002011148925817,9.036663187898274e-05,-0.09556578348044807,-0.863579133714222,-0.5492952964854947,4.358429269594115
0.001021023143782914,1.0004597841764649,70.03218489235255,0.30062710773120244,0.7002023038915576,9.036813165870577e-05,-0.09556633068954813,-0.8635788393360271,-0.5492931531727685,4.3762450874462555
0.0010251934536171336,1.0004616627121752,70.03231638985227,0.3006296711726489,0.7002034977465784,9.036963758297515e-05,-0.09556688013525161,-0.8635785437567871,-0.5492910011042422,4.394133788082432
0.0010293807968400851,1.0004635489253575,70.03244842477503,0.3006322451011657,0.7002046964774787,9.037114967704157e-05,-0.095567431826708,-0.8635782469716065,-0.5492888402441354,4.412095670129999
0.0010335852430236583,1.0004654428474098,70.03258099931868,0.30063482955972604,0.7002059001041717,9.037266796626063e-05,-0.09556798577310312,-0.8635779489755706,-0.5492866705565254,4.430131033443754
0.0010378068620239052,1.000467344509857,70.03271411569,0.3006374245914782,0.7002071086466505,9.03741924760923e-05,-0.09556854198366008,-0.8635776497637448,-0.5492844920053437,4.448240179110994
0.001042045723982199,1.0004692539443532,70.03284777610472,0.3006400302397478,0.7002083221249908,9.037572323210216e-05,-0.09556910046763974,-0.8635773493311744,-0.5492823045543743,4.4664234094566195
0.001046301899326401,1.0004711711826828,70.0329819827878,0.30064264654803885,0.7002095405593499,9.037726025996133e-05,-0.09556966123434109,-0.8635770476728843,-0.5492801081672539,4.484681028048251
0.0010505754587720332,1.000473096256759,70.03311673797313,0.3006452735600339,0.7002107639699667,9.037880358544719e-05,-0.09557022429310089,-0.8635767447838797,-0.5492779028074695,4.503013339701383
0.0010548664733234508,1.000475029198627,70.0332520439039,0.3006479113195953,0.7002119923771641,9.03803532344436e-05,-0.09557078965329445,-0.8635764406591451,-0.5492756884383596,4.521420650484538
0.0010591750142750207,1.000476970040463,70.0333879028324,0.3006505598707656,0.700213225801347,9.038190923294156e-05,-0.09557135732433532,-0.8635761352936447,-0.5492734650231128,4.539903267724439
0.001063501153212307,1.0004789188145744,70.03352431702021,0.3006532192577685,0.700214464263004,9.038347160703953e-05,-0.0955719273156757,-0.8635758286823224,-0.5492712325247672,4.558461500011224
0.0010678449620132643,1.000480875553401,70.03366128873806,0.3006558895250095,0.7002157077827073,9.038504038294389e-05,-0.09557249963680636,-0.8635755208201011,-0.5492689909062093,4.577095657203684
0.0010722065128494248,1.0004828402895156,70.0337988202661,0.3006585707170767,0.7002169563811128,9.038661558696955e-05,-0.0955730742972571,-0.8635752117018837,-0.5492667401301744,4.595806050434492
0.0010765858781871022,1.0004848130556248,70.03393691389374,0.30066126287874145,0.7002182100789611,9.038819724554005e-05,-0.09557365130659667,-0.8635749013225518,-0.5492644801592458,4.614592992115481
0.0010809831307885957,1.000486793884568,70.03407557191977,0.30066396605495926,0.7002194688970778,9.038978538518837e-05,-0.0955742306744331,-0.8635745896769663,-0.5492622109558529,4.633456795942948
0.0010853983437133985,1.0004887828093203,70.03421479665242,0.3006666802908705,0.7002207328563724,9.03913800325573e-05,-0.09557481241041363,-0.8635742767599677,-0.5492599324822723,4.652397776902961
0.001089831590319409,1.0004907798629914,70.0343545904094,0.3006694056318011,0.700222001977841,9.039298121439977e-05,-0.09557539652422523,-0.8635739625663748,-0.5492576447006265,4.671416251276686
0.001094282944264151,1.000492785078826,70.03449495551783,0.3006721421232635,0.7002232762825649,9.039458895757942e-05,-0.09557598302559434,-0.8635736470909858,-0.5492553475728825,4.690512536645759
0.0010987524795060012,1.0004947984902055,70.03463589431439,0.3006748898109571,0.7002245557917111,9.039620328907102e-05,-0.09557657192428731,-0.8635733303285776,-0.549253041060852,4.7096869518976705
0.0011032402703054158,1.0004968201306488,70.03477740914542,0.30067764874076935,0.7002258405265341,9.039782423596095e-05,-0.0955771632301107,-0.8635730122739061,-0.549250725126192,4.728939817231174
0.0011077463912261565,1.00049885003381,70.03491950236669,0.3006804189587765,0.700227130508374,9.03994518254477e-05,-0.09557775695291093,-0.8635726929217056,-0.5492483997304001,4.748271454161677
0.0011122709171365434,1.0005008882334827,70.03506217634379,0.30068320051124414,0.7002284257586587,9.040108608484234e-05,-0.09557835310257491,-0.863572372266689,-0.5492460648348187,4.767682185526747
0.001116813923210691,1.0005029347635985,70.03520543345189,0.3006859934446282,0.7002297262989036,9.040272704156899e-05,-0.0955789516890301,-0.8635720503035479,-0.5492437204006316,4.787172335491554
0.0011213754849297554,1.0005049896582279,70.03534927607595,0.30068879780557567,0.7002310321507116,9.040437472316508e-05,-0.09557955272224457,-0.8635717270269521,-0.5492413663888636,4.806742229554357
0.0011259556780831915,1.0005070529515805,70.03549370661064,0.30069161364092534,0.700232343335774,9.040602915728218e-05,-0.09558015621222718,-0.86357140243155,-0.5492390027603804,4.82639219455204
0.0011305545787700137,1.0005091246780067,70.03563872746047,0.30069444099770876,0.7002336598758706,9.040769037168638e-05,-0.09558076216902787,-0.8635710765119679,-0.5492366294758878,4.846122558665657
0.0011351722634000585,1.0005112048719973,70.03578434103981,0.3006972799231508,0.7002349817928706,9.040935839425841e-05,-0.09558137060273779,-0.8635707492628106,-0.5492342464959311,4.865933651425991
0.0011398088086952524,1.0005132935681842,70.0359305497729,0.3007001304646707,0.7002363091087316,9.041103325299478e-05,-0.09558198152348932,-0.8635704206786607,-0.549231853780894,4.885825803719136
0.001144464291690887,1.000515390801341,70.03607735609388,0.30070299266988276,0.7002376418455016,9.041271497600754e-05,-0.0955825949414564,-0.8635700907540793,-0.5492294512909983,4.90579934779211
0.0011491387897369031,1.0005174966063848,70.03622476244693,0.300705866586597,0.7002389800253186,9.041440359152544e-05,-0.09558321086685474,-0.8635697594836046,-0.5492270389863037,4.925854617258515
0.001153832380499174,1.000519611018374,70.03637277128618,0.3007087522628201,0.7002403236704103,9.04160991278939e-05,-0.09558382930994178,-0.8635694268617532,-0.5492246168267061,4.945991947104174
0.0011585451419607875,1.0005217340725119,70.03652138507583,0.30071164974675657,0.7002416728030959,9.041780161357584e-05,-0.09558445028101702,-0.8635690928830191,-0.5492221847719374,4.966211673692797
0.0011632771524233557,1.0005238658041453,70.03667060629017,0.30071455908680883,0.7002430274457854,9.041951107715173e-05,-0.09558507379042219,-0.8635687575418742,-0.549219742781565,4.986514134771731
0.0011680284905083087,1.0005260062487662,70.03682043741364,0.30071748033157847,0.7002443876209803,9.042122754732088e-05,-0.09558569984854137,-0.8635684208327676,-0.5492172908149919,5.006899669477677
0.001172799235158198,1.0005281554420118,70.03697088094083,0.3007204135298674,0.7002457533512741,9.042295105290109e-05,-0.09558632846580124,-0.8635680827501263,-0.5492148288314538,5.027368618342416
0.0011775894656380118,1.000530313419665,70.03712193937655,0.3007233587306778,0.7002471246593527,9.042468162282952e-05,-0.09558695965267114,-0.8635677432883542,-0.5492123567900207,5.047921323298618
0.001182399261536494,1.0005324802176558,70.0372736152359,0.3007263159832138,0.7002485015679938,9.04264192861633e-05,-0.0955875934196633,-0.8635674024418325,-0.5492098746495947,5.068558127685643
0.0011872287027674638,1.000534655872061,70.03742591104427,0.300729285336882,0.7002498841000694,9.042816407207985e-05,-0.09558822977733308,-0.86356706020492,-0.5492073823689101,5.089279376255366
0.0011920778695711418,1.0005368404191048,70.03757882933733,0.30073226684129195,0.7002512722785436,9.042991600987744e-05,-0.095588868736279,-0.8635667165719522,-0.5492048799065329,5.110085415178018
0.0011969468425154846,1.0005390338951607,70.03773237266125,0.3007352605462577,0.7002526661264751,9.043167512897576e-05,-0.09558951030714315,-0.8635663715372415,-0.549202367220859,5.130976592048072
0.0012018357024975279,1.0005412363367507,70.03788654357255,0.30073826650179813,0.7002540656670166,9.043344145891622e-05,-0.09559015450061113,-0.8635660250950775,-0.5491998442701153,5.151953255890159
0.0012067445307447232,1.0005434477805464,70.03804134463824,0.30074128475813794,0.7002554709234154,9.043521502936283e-05,-0.09559080132741238,-0.8635656772397264,-0.5491973110123568,5.173015757164967
0.0012116734088162904,1.0005456682633689,70.03819677843582,0.3007443153657084,0.7002568819190131,9.043699587010235e-05,-0.09559145079832015,-0.8635653279654313,-0.5491947674054674,5.194164447775204
0.001216622418604576,1.0005478978221918,70.03835284755343,0.3007473583751486,0.7002582986772473,9.043878401104486e-05,-0.0955921029241521,-0.8635649772664116,-0.5491922134071593,5.215399681071588
0.0012215916423364108,1.0005501364941385,70.0385095545897,0.3007504138373058,0.7002597212216511,9.04405794822246e-05,-0.09559275771577,-0.8635646251368634,-0.5491896489749712,5.236721811858835
0.0012265811625744743,1.0005523843164854,70.03866690215398,0.30075348180323647,0.7002611495758537,9.044238231380014e-05,-0.09559341518408025,-0.8635642715709593,-0.5491870740662688,5.25813119640168
0.0012315910622186681,1.0005546413266615,70.0388248928663,0.30075656232420744,0.7002625837635806,9.044419253605504e-05,-0.09559407534003389,-0.8635639165628479,-0.5491844886382432,5.279628192430935
0.001236621424507496,1.0005569075622485,70.0389835293574,0.30075965545169625,0.7002640238086544,9.044601017939825e-05,-0.09559473819462681,-0.8635635601066546,-0.5491818926479102,5.301213159149577
0.0012416723330194452,1.000559183060983,70.03914281426881,0.3007627612373927,0.7002654697349946,9.044783527436502e-05,-0.09559540375890012,-0.8635632021964802,-0.5491792860521106,5.322886457238847
0.0012467438716743716,1.0005614678607555,70.03930275025289,0.30076587973319896,0.7002669215666188,9.044966785161684e-05,-0.09559607204393994,-0.8635628428264023,-0.5491766688075084,5.344648448864358
0.0012518361247348966,1.0005637619996117,70.03946333997283,0.300769010991231,0.7002683793276425,9.045150794194253e-05,-0.09559674306087801,-0.8635624819904737,-0.5491740408705901,5.3664994976822715
0.0012569491768078115,1.0005660655157538,70.03962458610276,0.3007721550638194,0.7002698430422799,9.045335557625835e-05,-0.09559741682089162,-0.8635621196827237,-0.5491714021976649,5.388439968845483
0.0012620831128454751,1.0005683784475397,70.03978649132777,0.3007753120035098,0.7002713127348433,9.04552107856089e-05,-0.09559809333520389,-0.8635617558971569,-0.5491687527448632,5.410470229009801
0.0012672380181472298,1.0005707008334848,70.03994905834394,0.3007784818630647,0.700272788429745,9.04570736011674e-05,-0.09559877261508389,-0.8635613906277536,-0.5491660924681356,5.432590646340202
0.00127241397836082,1.0005730327122626,70.04011228985838,0.30078166469546325,0.7002742701514969,9.045894405423616e-05,-0.09559945467184695,-0.86356102386847,-0.5491634213232539,5.454801590517088
0.0012776110794838135,1.0005753741227046,70.04027618858932,0.30078486055390313,0.7002757579247106,9.04608221762475e-05,-0.09560013951685473,-0.8635606556132372,-0.5491607392658076,5.47710343274257
0.001282829407865028,1.0005777251038013,70.04044075726608,0.30078806949180065,0.7002772517740987,9.046270799876395e-05,-0.09560082716151543,-0.8635602858559622,-0.5491580462512053,5.499496545746762
0.0012880690502059676,1.0005800856947034,70.04060599862923,0.3007912915627924,0.7002787517244742,9.046460155347894e-05,-0.09560151761728404,-0.863559914590527,-0.5491553422346734,5.521981303794137
0.0012933300935622665,1.0005824559347218,70.04077191543053,0.30079452682073554,0.7002802578007518,9.046650287221736e-05,-0.09560221089566259,-0.8635595418107884,-0.5491526271712555,5.544558082689896
0.0012986126253451324,1.0005848358633282,70.04093851043298,0.300797775319709,0.7002817700279473,9.046841198693606e-05,-0.09560290700820004,-0.8635591675105789,-0.5491499010158107,5.567227259786359
0.0013039167333227966,1.000587225520156,70.04110578641092,0.30080103711401457,0.7002832884311795,9.04703289297244e-05,-0.09560360596649282,-0.8635587916837055,-0.5491471637230139,5.589989213989354
0.0013092425056219742,1.000589624945002,70.04127374615014,0.3008043122581774,0.7002848130356694,9.047225373280482e-05,-0.09560430778218502,-0.8635584143239503,-0.549144415247355,5.6128443257646925
0.001314590030729333,1.0005920341778243,70.04144239244769,0.30080760080694724,0.7002863438667406,9.04741864285335e-05,-0.09560501246696819,-0.8635580354250699,-0.5491416555431377,5.635792977144649
0.0013199593974929558,1.0005944532587463,70.04161172811224,0.30081090281529926,0.7002878809498209,9.047612704940067e-05,-0.095605720032582,-0.8635576549807958,-0.5491388845644786,5.6588355517344295
0.0013253506951238197,1.0005968822280549,70.04178175596384,0.3008142183384352,0.7002894243104409,9.047807562803165e-05,-0.09560643049081415,-0.863557272984834,-0.5491361022653067,5.681972434718718
0.001330764013197282,1.0005993211262025,70.04195247883418,0.3008175474317838,0.7002909739742362,9.048003219718674e-05,-0.09560714385350069,-0.8635568894308646,-0.5491333085993636,5.705204012868234
0.0013361994416545649,1.0006017699938066,70.04212389956646,0.30082089015100233,0.7002925299669468,9.04819967897625e-05,-0.09560786013252613,-0.8635565043125425,-0.5491305035202001,5.728530674546318
0.001341657070804248,1.0006042288716521,70.04229602101564,0.30082424655197715,0.7002940923144179,9.048396943879167e-05,-0.09560857933982383,-0.8635561176234966,-0.549127686981179,5.751952809715516
0.001347136991323771,1.0006066978006904,70.04246884604834,0.30082761669082475,0.7002956610426001,9.04859501774443e-05,-0.09560930148737598,-0.8635557293573299,-0.5491248589354711,5.775470809944238
0.001352639294260943,1.0006091768220409,70.04264237754286,0.30083100062389295,0.7002972361775502,9.04879390390279e-05,-0.09561002658721392,-0.8635553395076195,-0.5491220193360564,5.799085068413431
0.0013581640710354523,1.000611665976991,70.04281661838937,0.30083439840776144,0.7002988177454309,9.048993605698837e-05,-0.09561075465141819,-0.8635549480679166,-0.5491191681357221,5.822795979923266
0.0013637114134403831,1.0006141653069978,70.04299157148985,0.300837810099243,0.7003004057725118,9.049194126491036e-05,-0.09561148569211898,-0.8635545550317456,-0.5491163052870627,5.846603940899842
0.0013692814136437436,1.0006166748536882,70.04316723975818,0.30084123575538446,0.7003020002851706,9.04939546965178e-05,-0.09561221972149624,-0.8635541603926055,-0.5491134307424794,5.870509349401955
0.0013748741641900002,1.0006191946588596,70.04334362612018,0.3008446754334677,0.7003036013098914,9.049597638567478e-05,-0.0956129567517797,-0.8635537641439681,-0.5491105444541777,5.894512605127889
0.0013804897580016085,1.0006217247644809,70.04352073351366,0.3008481291910104,0.7003052088732676,9.049800636638591e-05,-0.09561369679524945,-0.8635533662792791,-0.5491076463741692,5.918614109422197
0.0013861282883805596,1.0006242652126924,70.04369856488847,0.3008515970857673,0.7003068230020004,9.050004467279677e-05,-0.09561443986423569,-0.8635529667919577,-0.5491047364542678,5.942814265282543
0.0013917898490099345,1.0006268160458078,70.04387712320654,0.30085507917573107,0.7003084437229005,9.0502091339195e-05,-0.09561518597111932,-0.863552565675396,-0.5491018146460913,5.9671134773665875
0.0013974745339554574,1.0006293773063135,70.04405641144194,0.30085857551913314,0.7003100710628876,9.050414640001044e-05,-0.09561593512833193,-0.8635521629229594,-0.5490988809010594,5.991512151998873
0.0014031824376670554,1.0006319490368705,70.04423643258093,0.30086208617444515,0.7003117050489913,9.050620988981578e-05,-0.0956166873483561,-0.8635517585279867,-0.549095935170393,6.016010697177721
0.001408913654980431,1.0006345312803144,70.04441718962201,0.30086561120037925,0.7003133457083522,9.05082818433275e-05,-0.0956174426437256,-0.8635513524837892,-0.5490929774051143,6.0406095225822165
0.00141466828111864,1.0006371240796568,70.04459868557598,0.30086915065588987,0.7003149930682211,9.05103622954061e-05,-0.09561820102702558,-0.8635509447836514,-0.5490900075560445,6.065309039579182
0.0014204464116936738,1.0006397274780847,70.04478092346594,0.3008727046001741,0.7003166471559605,9.051245128105681e-05,-0.09561896251089279,-0.8635505354208302,-0.5490870255738041,6.090109661230198
0.0014262481427080357,1.000642341518963,70.04496390632741,0.300876273092673,0.7003183079990444,9.05145488354305e-05,-0.09561972710801582,-0.8635501243885553,-0.5490840314088119,6.115011802298594
0.0014320735705563548,1.0006449662458334,70.04514763720834,0.30087985619307267,0.7003199756250585,9.051665499382366e-05,-0.0956204948311352,-0.863549711680029,-0.5490810250112832,6.140015879256595
0.0014379227920269769,1.0006476017024168,70.04533211916917,0.30088345396130506,0.7003216500617018,9.051876979167966e-05,-0.09562126569304376,-0.8635492972884261,-0.5490780063312304,6.165122310292373
0.0014437959043035716,1.000650247932613,70.04551735528291,0.3008870664575491,0.7003233313367861,9.052089326458914e-05,-0.09562203970658678,-0.8635488812068933,-0.5490749753184618,6.1903315153171885
0.001449693004966749,1.000652904980502,70.04570334863514,0.3008906937422317,0.7003250194782373,9.052302544829027e-05,-0.09562281688466231,-0.86354846342855,-0.5490719319225801,6.215643915972538
0.0014556141919956848,1.0006555728903437,70.04589010232405,0.30089433587602893,0.7003267145140941,9.052516637867007e-05,-0.09562359724022106,-0.8635480439464869,-0.5490688760929816,6.24105993563738
0.0014615595637697452,1.0006582517065798,70.04607761946059,0.30089799291986674,0.7003284164725107,9.052731609176447e-05,-0.09562438078626699,-0.8635476227537675,-0.5490658077788562,6.266579999435332
0.0014675292190701177,1.0006609414738352,70.04626590316846,0.30090166493492226,0.7003301253817561,9.052947462375913e-05,-0.09562516753585748,-0.8635471998434268,-0.5490627269291866,6.292204534241914
0.0014735232570814562,1.000663642236916,70.04645495658411,0.30090535198262497,0.7003318412702144,9.053164201099027e-05,-0.09562595750210325,-0.8635467752084713,-0.5490596334927453,6.31793396869184
0.0014795417773935332,1.0006663540408125,70.04664478285687,0.3009090541246572,0.7003335641663855,9.053381828994482e-05,-0.09562675069816884,-0.8635463488418796,-0.5490565274180967,6.343768733186353
0.0014855848800028849,1.0006690769307,70.04683538514901,0.3009127714229557,0.7003352940988862,9.053600349726146e-05,-0.09562754713727285,-0.8635459207366014,-0.5490534086535948,6.3697092599005325
0.0014916526653144778,1.0006718109519384,70.04702676663568,0.30091650393971253,0.7003370310964495,9.053819766973131e-05,-0.09562834683268805,-0.863545490885558,-0.5490502771473819,6.395755982790686
0.0014977452341433798,1.0006745561500736,70.04721893050515,0.30092025173737624,0.7003387751879265,9.054040084429832e-05,-0.09562914979774166,-0.8635450592816418,-0.5490471328473885,6.42190933760177
0.0015038626877164319,1.0006773125708386,70.0474118799587,0.30092401487865256,0.7003405264022853,9.054261305805986e-05,-0.09562995604581553,-0.8635446259177166,-0.5490439757013325,6.4481697618748095
0.0015100051276739274,1.0006800802601532,70.04760561821072,0.30092779342650583,0.7003422847686125,9.054483434826775e-05,-0.09563076559034632,-0.863544190786617,-0.549040805656718,6.474537694954366
0.0015161726560713033,1.000682859264126,70.04780014848882,0.3009315874441602,0.7003440503161138,9.054706475232848e-05,-0.09563157844482598,-0.8635437538811488,-0.5490376226608336,6.501013577996036
0.001522365375380839,1.000685649629054,70.04799547403377,0.3009353969951001,0.7003458230741136,9.054930430780429e-05,-0.09563239462280154,-0.8635433151940882,-0.5490344266607536,6.5275978539740125
0.0015285833884933567,1.0006884514014243,70.04819159809969,0.300939222143072,0.7003476030720565,9.055155305241335e-05,-0.09563321413787584,-0.8635428747181826,-0.5490312176033351,6.5542909676886225
0.0015348267987199263,1.0006912646279162,70.04838852395413,0.3009430629520865,0.7003493903395077,9.055381102403095e-05,-0.09563403700370772,-0.8635424324461493,-0.5490279954352173,6.58109336577392
0.0015410957097935865,1.000694089355401,70.04858625487807,0.30094691948642055,0.700351184906154,9.055607826068972e-05,-0.09563486323401241,-0.8635419883706762,-0.5490247601028185,6.608005496705322
0.0015473902258710715,1.0006969256309404,70.04878479416583,0.30095079181061274,0.7003529868018025,9.055835480058042e-05,-0.09563569284256088,-0.8635415424844216,-0.5490215115523414,6.635027810807289
0.0015537104515345335,1.0006997735017888,70.04898414512522,0.30095467998946784,0.7003547960563814,9.056064068205281e-05,-0.09563652584318051,-0.8635410947800143,-0.5490182497297685,6.662160760260985
0.0015600564917932843,1.0007026330153943,70.0491843110776,0.30095858408805803,0.7003566126999413,9.0562935943616e-05,-0.09563736224975534,-0.8635406452500529,-0.5490149745808613,6.689404799112014
0.0015664284520855432,1.0007055042193997,70.04938529535798,0.30096250417172343,0.7003584367626556,9.056524062393953e-05,-0.09563820207622648,-0.8635401938871062,-0.54901168605116,6.716760383278202
0.0015728264382801858,1.0007083871616425,70.04958710131497,0.30096644030607395,0.7003602682748201,9.056755476185358e-05,-0.09563904533659194,-0.8635397406837129,-0.5490083840859811,6.744227970557366
0.0015792505566785,1.0007112818901576,70.04978973231103,0.30097039255699004,0.700362107266856,9.056987839635e-05,-0.09563989204490761,-0.8635392856323811,-0.5490050686304191,6.77180802063513
0.0015857009140159552,1.0007141884531754,70.04999319172228,0.30097436099062397,0.7003639537693069,9.057221156658279e-05,-0.09564074221528666,-0.8635388287255888,-0.5490017396293425,6.799500995092794
0.0015921776174639781,1.000717106899125,70.05019748293874,0.3009783456734006,0.7003658078128421,9.057455431186902e-05,-0.09564159586190027,-0.8635383699557835,-0.5489983970273953,6.827307357415242
0.001598680774631732,1.0007200372766332,70.05040260936433,0.30098234667201906,0.7003676694282553,9.057690667168929e-05,-0.0956424529989777,-0.8635379093153818,-0.5489950407689942,6.855227572998847
0.0016052104935678994,1.0007229796345274,70.05060857441691,0.3009863640534535,0.7003695386464676,9.057926868568845e-05,-0.09564331364080679,-0.8635374467967698,-0.54899167079833,6.8832621091594195
0.001611766882762482,1.000725934021834,70.05081538152838,0.30099039788495435,0.7003714154985238,9.058164039367633e-05,-0.09564417780173363,-0.8635369823923027,-0.5489882870593641,6.91141143514021
0.0016183500511486072,1.000728900487781,70.05102303414468,0.3009944482340496,0.7003733000155982,9.058402183562872e-05,-0.09564504549616361,-0.8635365160943045,-0.5489848894958291,6.939676022119963
0.0016249601081043286,1.0007318790817985,70.05123153572589,0.30099851516854553,0.7003751922289901,9.058641305168754e-05,-0.09564591673856083,-0.8635360478950681,-0.5489814780512281,6.96805634322092
0.0016315971634544484,1.0007348698535183,70.05144088974629,0.3010025987565284,0.7003770921701279,9.058881408216184e-05,-0.09564679154344889,-0.8635355777868555,-0.5489780526688324,6.996552873516947
0.0016382613274723444,1.0007378728527772,70.0516510996944,0.3010066990663655,0.7003789998705678,9.059122496752872e-05,-0.09564766992541102,-0.8635351057618968,-0.548974613291682,7.025166090041674
0.0016449527108818003,1.0007408881296145,70.05186216907302,0.301010816166706,0.700380915361995,9.059364574843354e-05,-0.09564855189909015,-0.863534631812391,-0.5489711598625826,7.05389647179664
0.0016516714248588414,1.0007439157342761,70.05207410139933,0.3010149501264823,0.7003828386762238,9.059607646569113e-05,-0.0956494374791894,-0.8635341559305052,-0.548967692324108,7.082744499759479
0.0016584175810335844,1.0007469557172135,70.05228690020495,0.3010191010149113,0.7003847698451987,9.059851716028609e-05,-0.09565032668047214,-0.8635336781083748,-0.5489642106185959,7.111710656892164
0.0016651912914920966,1.000750008129085,70.05250056903594,0.30102326890149567,0.7003867089009946,9.060096787337368e-05,-0.09565121951776238,-0.8635331983381034,-0.5489607146881488,7.140795428149287
0.001671992668778254,1.0007530730207568,70.05271511145297,0.3010274538560248,0.7003886558758171,9.060342864628093e-05,-0.09565211600594489,-0.8635327166117625,-0.5489572044746317,7.169999300486357
0.001678821825895609,1.0007561504433038,70.05293053103127,0.301031655948576,0.700390610802004,9.060589952050657e-05,-0.09565301615996562,-0.8635322329213915,-0.5489536799196729,7.199322762868107
0.0016856788763092692,1.0007592404480097,70.05314683136068,0.3010358752495159,0.7003925737120237,9.060838053772242e-05,-0.09565391999483164,-0.8635317472589974,-0.5489501409646612,7.22876630627689
0.0016925639339477898,1.0007623430863692,70.05336401604585,0.30104011182950163,0.7003945446384785,9.061087173977383e-05,-0.09565482752561182,-0.863531259616555,-0.548946587550746,7.25833042372111
0.001699477113205055,1.000765458410088,70.05358208870616,0.30104436575948174,0.7003965236141032,9.061337316868053e-05,-0.0956557387674367,-0.8635307699860063,-0.5489430196188361,7.288015610243616
0.0017064185289421849,1.0007685864710836,70.05380105297586,0.30104863711069774,0.7003985106717663,9.061588486663732e-05,-0.09565665373549899,-0.8635302783592609,-0.5489394371095987,7.317822362930215
0.0017133882964894456,1.0007717273214867,70.05402091250407,0.3010529259546853,0.7004005058444708,9.061840687601483e-05,-0.09565757244505374,-0.8635297847281954,-0.5489358399634581,7.347751180918186
0.001720386531648164,1.0007748810136414,70.0542416709549,0.30105723236327525,0.7004025091653537,9.062093923936018e-05,-0.09565849491141855,-0.8635292890846535,-0.5489322281205952,7.377802565404834
0.0017274133506926467,1.0007780476001071,70.0544633320075,0.3010615564085949,0.7004045206676882,9.062348199939785e-05,-0.0956594211499739,-0.863528791420446,-0.5489286015209464,7.407977019656048
0.001734468870372116,1.0007812271336585,70.05468589935609,0.3010658981630696,0.7004065403848825,9.06260351990305e-05,-0.09566035117616344,-0.8635282917273502,-0.5489249601042021,7.4382750490149565
0.0017415532079126533,1.0007844196672862,70.05490937671003,0.30107025769942347,0.7004085683504818,9.062859888133936e-05,-0.09566128500549409,-0.8635277899971103,-0.5489213038098065,7.468697160910586
0.0017486664810191452,1.0007876252541987,70.0551337677939,0.30107463509068083,0.7004106045981682,9.063117308958557e-05,-0.09566222265353647,-0.8635272862214372,-0.5489176325769558,7.499243864866573
0.0017558088078772256,1.0007908439478228,70.0553590763476,0.3010790304101677,0.7004126491617607,9.063375786721036e-05,-0.09566316413592511,-0.8635267803920075,-0.5489139463445978,7.529915672509826
0.0017629803071552623,1.0007940758018044,70.0555853061263,0.30108344373151286,0.7004147020752172,9.063635325783618e-05,-0.09566410946835877,-0.8635262725004649,-0.5489102450514306,7.560713097579401
0.001770181098006315,1.000797320870009,70.05581246090063,0.3010878751286489,0.7004167633726336,9.063895930526739e-05,-0.09566505866660042,-0.8635257625384186,-0.5489065286359016,7.591636655935256
0.0017774113000701137,1.0008005792065233,70.05604054445664,0.30109232467581387,0.7004188330882453,9.06415760534909e-05,-0.09566601174647794,-0.8635252504974442,-0.5489027970362063,7.622686865567082
0.0017846710334750498,1.0008038508656563,70.05626956059594,0.3010967924475525,0.7004209112564276,9.064420354667718e-05,-0.09566696872388411,-0.863524736369083,-0.5488990501902877,7.653864246603223
0.0017919604188401756,1.0008071359019388,70.05649951313572,0.30110127851871715,0.7004229979116954,9.064684182918088e-05,-0.09566792961477685,-0.863524220144842,-0.5488952880358348,7.68516932131959
0.0017992795772772056,1.000810434370126,70.05673040590882,0.3011057829644694,0.7004250930887054,9.064949094554169e-05,-0.09566889443517965,-0.8635237018161938,-0.5488915105102821,7.716602614148627
0.0018066286303925236,1.0008137463251976,70.05696224276383,0.3011103058602813,0.7004271968222553,9.065215094048495e-05,-0.09566986320118179,-0.8635231813745764,-0.5488877175508076,7.748164651688276
0.0018140077002892082,1.0008170718223588,70.05719502756511,0.30111484728193655,0.7004293091472851,9.065482185892269e-05,-0.0956708359289386,-0.8635226588113931,-0.5488839090943334,7.779855962711045
0.0018214169095690663,1.0008204109170413,70.05742876419289,0.30111940730553194,0.7004314300988774,9.06575037459543e-05,-0.09567181263467166,-0.8635221341180126,-0.5488800850775228,7.811677078173096
0.001828856381334659,1.0008237636649038,70.05766345654327,0.3011239860074786,0.7004335597122576,9.06601966468673e-05,-0.09567279333466913,-0.8635216072857682,-0.5488762454367805,7.84362853122332
0.0018363262391913532,1.0008271301218337,70.05789910852836,0.3011285834645033,0.7004356980227953,9.066290060713827e-05,-0.09567377804528604,-0.8635210783059585,-0.5488723901082506,7.875710857212512
0.0018438266072493778,1.0008305103439474,70.05813572407632,0.3011331997536496,0.7004378450660045,9.066561567243345e-05,-0.0956747667829446,-0.8635205471698464,-0.5488685190278164,7.90792459370257
0.0018513576101258833,1.0008339043875925,70.05837330713148,0.3011378349522797,0.7004400008775442,9.066834188860973e-05,-0.09567575956413446,-0.8635200138686598,-0.5488646321310996,7.940270280475725
0.0018589193729470078,1.0008373123093461,70.05861186165423,0.30114248913807506,0.7004421654932189,9.067107930171548e-05,-0.09567675640541286,-0.8635194783935911,-0.5488607293534575,7.972748459543786
0.0018665120213499599,1.0008407341660186,70.0588513916213,0.3011471623890382,0.7004443389489791,9.067382795799104e-05,-0.09567775732340501,-0.8635189407357964,-0.5488568106299838,8.005359675157464
0.0018741356814851095,1.0008441700146533,70.05909190102574,0.30115185478349416,0.7004465212809223,9.067658790387005e-05,-0.09567876233480452,-0.8635184008863966,-0.5488528758955062,8.038104473815748
0.0018817904800180808,1.0008476199125274,70.05933339387691,0.3011565664000914,0.7004487125252935,9.067935918597983e-05,-0.09567977145637338,-0.8635178588364765,-0.5488489250845868,8.070983404275268
0.0018894765441318526,1.0008510839171525,70.05957587420068,0.3011612973178033,0.7004509127184847,9.068214185114246e-05,-0.09568078470494232,-0.8635173145770845,-0.5488449581315187,8.103997017559715
0.0018971940015288747,1.0008545620862774,70.05981934603942,0.3011660476159297,0.700453121897038,9.068493594637539e-05,-0.09568180209741146,-0.8635167680992331,-0.5488409749703276,8.137145866969322
0.0019049429804331968,1.0008580544778867,70.06006381345206,0.30117081737409823,0.7004553400976434,9.068774151889268e-05,-0.09568282365075002,-0.8635162193938981,-0.5488369755347681,8.170430508090407
0.0019127236095925857,1.0008615611502039,70.06030928051428,0.30117560667226556,0.7004575673571416,9.069055861610532e-05,-0.09568384938199709,-0.863515668452019,-0.5488329597583254,8.20385149880486
0.001920536018280671,1.0008650821616902,70.06055575131832,0.3011804155907188,0.7004598037125228,9.069338728562242e-05,-0.09568487930826157,-0.8635151152644983,-0.5488289275742109,8.237409399299782
0.0019283803362990977,1.0008686175710482,70.06080322997337,0.30118524421007675,0.7004620492009289,9.069622757525203e-05,-0.0956859134467227,-0.8635145598222018,-0.5488248789153649,8.271104772077111
0.001936256693979677,1.0008721674372199,70.06105172060539,0.30119009261129176,0.7004643038596533,9.069907953300183e-05,-0.09568695181463018,-0.8635140021159586,-0.5488208137144517,8.304938181963289
0.0019441652221865498,1.0008757318193897,70.06130122735728,0.3011949608756505,0.7004665677261411,9.070194320707994e-05,-0.09568799442930458,-0.8635134421365601,-0.5488167319038606,8.338910196118961
0.0019521060523183633,1.000879310776985,70.06155175438896,0.3011998490847759,0.700468840837991,9.070481864589618e-05,-0.09568904130813755,-0.8635128798747609,-0.5488126334157046,8.37302138404875
0.001960079316310459,1.0008829043696774,70.06180330587742,0.301204757320628,0.7004711232329548,9.070770589806239e-05,-0.09569009246859227,-0.8635123153212776,-0.5488085181818196,8.407272317611058
0.0019680851466370615,1.0008865126573827,70.0620558860168,0.30120968566550615,0.7004734149489386,9.07106050123938e-05,-0.09569114792820353,-0.8635117484667898,-0.5488043861337618,8.441663571027918
0.001976123676313473,1.0008901357002629,70.0623094990184,0.30121463420204964,0.7004757160240029,9.071351603790945e-05,-0.0956922077045781,-0.863511179301939,-0.5488002372028077,8.476195720894825
0.0019841950388982906,1.0008937735587264,70.06256414911086,0.3012196030132393,0.7004780264963641,9.071643902383343e-05,-0.09569327181539514,-0.8635106078173289,-0.5487960713199531,8.510869346190702
0.001992299368495629,1.0008974262934307,70.06281984054014,0.3012245921823995,0.7004803464043943,9.071937401959536e-05,-0.09569434027840634,-0.8635100340035252,-0.5487918884159111,8.545685028287872
0.002000436799757337,1.0009010939652807,70.06307657756965,0.3012296017931989,0.7004826757866219,9.072232107483176e-05,-0.0956954131114363,-0.8635094578510553,-0.5487876884211116,8.580643350962044
0.0020086074678852426,1.0009047766354322,70.06333436448026,0.301234631929652,0.700485014681733,9.072528023938661e-05,-0.09569649033238278,-0.8635088793504082,-0.5487834712657002,8.61574490040236
0.0020168115086334,1.0009084743652918,70.06359320557043,0.301239682676121,0.7004873631285718,9.07282515633121e-05,-0.09569757195921716,-0.8635082984920346,-0.5487792368795363,8.650990265221521
0.0020250490583103437,1.0009121872165148,70.06385310515603,0.3012447541173121,0.7004897211661386,9.073123509686993e-05,-0.09569865800998353,-0.863507715266347,-0.548774985192197,8.686380036465918
0.002033320253781349,1.0009159152510094,70.06411406757066,0.3012498463382824,0.7004920888335929,9.073423089053204e-05,-0.09569974850280019,-0.8635071296637187,-0.5487707161329705,8.721914807625781
0.002041625232470709,1.000919658530941,70.06437609716588,0.3012549594244445,0.7004944661702562,9.073723899498115e-05,-0.0957008434558606,-0.8635065416744842,-0.5487664296308523,8.757595174645415
0.0020499641323640217,1.0009234171187307,70.06463919831114,0.3012600934615648,0.7004968532156107,9.074025946111235e-05,-0.09570194288743321,-0.8635059512889383,-0.5487621256145483,8.793421735933517
0.0020583370920104808,1.0009271910770547,70.06490337539383,0.3012652485357638,0.700499250009299,9.074329234003346e-05,-0.0957030468158612,-0.8635053584973368,-0.5487578040124719,8.82939509237344
0.002066744250525171,1.0009309804688475,70.06516863281932,0.30127042473351867,0.7005016565911266,9.074633768306608e-05,-0.0957041552595633,-0.863504763289896,-0.5487534647527443,8.865515847333546
0.002075185747591385,1.0009347853573012,70.06543497501109,0.3012756221416642,0.7005040730010608,9.074939554174664e-05,-0.09570526823703379,-0.8635041656567928,-0.5487491077631925,8.901784606677623
0.002083661723462949,1.0009386058058676,70.06570240641074,0.3012808408473944,0.7005064992792316,9.07524659678271e-05,-0.09570638576684289,-0.8635035655881638,-0.5487447329713482,8.938201978775352
0.0020921723189665435,1.0009424418782586,70.0659709314781,0.30128608093826403,0.700508935465934,9.075554901327609e-05,-0.0957075078676372,-0.8635029630741061,-0.5487403403044468,8.974768574512764
0.0021007176755040453,1.0009462936384483,70.06624055469139,0.3012913425021901,0.7005113816016265,9.07586447302797e-05,-0.0957086345581398,-0.8635023581046768,-0.5487359296894265,9.011485007302769
0.0021092979350548846,1.0009501611506728,70.0665112805471,0.30129662562745335,0.7005138377269333,9.076175317124246e-05,-0.0957097658571508,-0.8635017506698923,-0.5487315010529257,9.048351893095782
0.002117913240178398,1.000954044479432,70.06678311356025,0.3013019304026999,0.7005163038826442,9.076487438878821e-05,-0.0957109017835474,-0.8635011407597292,-0.5487270543212834,9.085369850390325
0.0021265637340161926,1.0009579436894909,70.06705605826436,0.30130725691694277,0.7005187801097155,9.076800843576131e-05,-0.09571204235628447,-0.8635005283641229,-0.5487225894205372,9.122539500243674
0.00213524956029453,1.00096185884588,70.06733011921159,0.30131260525956305,0.7005212664492709,9.077115536522705e-05,-0.09571318759439472,-0.8634999134729687,-0.5487181062764224,9.15986146628259
0.0021439708633267172,1.0009657900138966,70.06760530097276,0.3013179755203121,0.7005237629426013,9.077431523047316e-05,-0.09571433751698893,-0.8634992960761205,-0.5487136048143698,9.197336374714125
0.0021527277880155024,1.0009697372591064,70.06788160813745,0.30132336778931235,0.7005262696311672,9.077748808501051e-05,-0.09571549214325652,-0.8634986761633914,-0.5487090849595058,9.234964854336384
0.002161520479855469,1.0009737006473445,70.06815904531412,0.30132878215705955,0.7005287865565978,9.078067398257385e-05,-0.09571665149246573,-0.8634980537245531,-0.5487045466366506,9.272747536549353
0.002170349084935475,1.000977680244716,70.06843761713012,0.30133421871442406,0.7005313137606918,9.078387297712321e-05,-0.09571781558396396,-0.8634974287493362,-0.5486999897703164,9.310685055365884
0.002179213749941071,1.000981676117597,70.06871732823178,0.301339677552652,0.7005338512854188,9.078708512284468e-05,-0.095718984437178,-0.8634968012274296,-0.5486954142847071,9.348778047422604
0.00218811462215693,1.0009856883326367,70.06899818328456,0.3013451587633678,0.7005363991729203,9.079031047415125e-05,-0.09572015807161463,-0.8634961711484801,-0.5486908201037162,9.387027151990878
0.0021970518494693,1.0009897169567576,70.06928018697303,0.30135066243857456,0.7005389574655093,9.079354908568389e-05,-0.09572133650686061,-0.8634955385020935,-0.5486862071509262,9.425433010987886
0.002206025580368467,1.000993762057157,70.06956334400098,0.3013561886706567,0.7005415262056714,9.079680101231246e-05,-0.09572251976258321,-0.8634949032778326,-0.5486815753496064,9.46399626898772
0.0022150359639512185,1.0009978237013089,70.06984765909162,0.30136173755238116,0.7005441054360663,9.080006630913703e-05,-0.09572370785853072,-0.8634942654652187,-0.5486769246227134,9.502717573232529
0.0022240831499233124,1.0010019019569627,70.0701331369874,0.3013673091768987,0.7005466951995265,9.080334503148832e-05,-0.09572490081453225,-0.8634936250537303,-0.5486722548928874,9.541597573643646
0.002233167288601972,1.0010059968921474,70.07041978245032,0.30137290363774605,0.7005492955390609,9.080663723492902e-05,-0.09572609865049861,-0.8634929820328033,-0.5486675660824527,9.580636922832875
0.0022422885309183894,1.0010101085751708,70.07070760026195,0.30137852102884716,0.7005519064978526,9.080994297525481e-05,-0.09572730138642228,-0.8634923363918314,-0.5486628581134161,9.619836276113789
0.00225144702842022,1.001014237074621,70.07099659522346,0.3013841614445149,0.700554528119262,9.081326230849532e-05,-0.09572850904237803,-0.8634916881201646,-0.5486581309074645,9.659196291513009
0.0022606429332741053,1.0010183824593684,70.07128677215579,0.30138982497945294,0.7005571604468263,9.081659529091492e-05,-0.09572972163852315,-0.8634910372071105,-0.5486533843859659,9.698717629781587
0.0022698763982682097,1.0010225447985652,70.07157813589957,0.30139551172875684,0.7005598035242596,9.081994197901406e-05,-0.09573093919509754,-0.8634903836419332,-0.5486486184699652,9.7384009544065
0.0022791475768147496,1.0010267241616486,70.0718706913154,0.3014012217879164,0.7005624573954555,9.082330242953006e-05,-0.09573216173242452,-0.8634897274138533,-0.5486438330801848,9.778246931622068
0.0022884566229525415,1.0010309206183405,70.07216444328384,0.30140695525281674,0.7005651221044864,9.082667669943832e-05,-0.09573338927091087,-0.8634890685120479,-0.5486390281370234,9.818256230421476
0.0022978036913495637,1.001035134238649,70.07245939670543,0.30141271221974014,0.7005677976956038,9.083006484595296e-05,-0.09573462183104704,-0.8634884069256503,-0.5486342035605531,9.858429522568366
0.002307188937305532,1.0010393650928697,70.07275555650088,0.30141849278536786,0.7005704842132411,9.083346692652849e-05,-0.095735859433408,-0.86348774264375,-0.5486293592705198,9.8987674826085
0.002316612516754475,1.001043613251587,70.07305292761109,0.30142429704678164,0.7005731817020122,9.083688299886003e-05,-0.09573710209865305,-0.8634870756553921,-0.5486244951863406,9.939270787881386
0.0023260745862673203,1.0010478787856754,70.07335151499727,0.3014301251014655,0.7005758902067138,9.084031312088515e-05,-0.09573834984752658,-0.8634864059495777,-0.5486196112271031,9.97994011853201
0.0023355753030544994,1.0010521617663002,70.07365132364102,0.30143597704730724,0.7005786097723247,9.084375735078442e-05,-0.0957396027008581,-0.8634857335152633,-0.5486147073115641,10.020776157522626
0.002345114824968568,1.001056462264919,70.07395235854433,0.3014418529826004,0.7005813404440079,9.084721574698243e-05,-0.0957408606795628,-0.8634850583413606,-0.5486097833581478,10.061779590644603
0.0023546933105068157,1.001060780353283,70.0742546247298,0.30144775300604576,0.70058408226711,9.085068836814924e-05,-0.09574212380464182,-0.8634843804167367,-0.5486048392849447,10.102951106530261
0.002364310918813903,1.001065116103438,70.07455812724066,0.30145367721675315,0.7005868352871636,9.085417527320098e-05,-0.09574339209718269,-0.8634836997302135,-0.5485998750097103,10.144291396664812
0.002373967809684514,1.0010694695877258,70.07486287114081,0.30145962571424306,0.7005895995498865,9.085767652130129e-05,-0.09574466557835948,-0.8634830162705681,-0.5485948904498634,10.185801155398384
0.0023836641435660048,1.0010738408787854,70.07516886151498,0.3014655985984485,0.7005923751011834,9.086119217186193e-05,-0.09574594426943343,-0.8634823300265317,-0.5485898855224859,10.22748107995801
0.002393400081561063,1.001078230049554,70.07547610346877,0.30147159596971673,0.7005951619871463,9.086472228454453e-05,-0.09574722819175316,-0.8634816409867903,-0.5485848601443191,10.269331870459704
0.0024031757854303926,1.0010826371732682,70.07578460212878,0.3014776179288108,0.7005979602540552,9.086826691926092e-05,-0.09574851736675498,-0.863480949139984,-0.5485798142317643,10.311354229920621
0.0024129914175954038,1.001087062323466,70.07609436264262,0.3014836645769116,0.7006007699483793,9.087182613617475e-05,-0.09574981181596338,-0.8634802544747071,-0.5485747477008811,10.353548864271259
0.0024228471411409077,1.001091505573987,70.07640539017909,0.3014897360156195,0.7006035911167773,9.08753999957023e-05,-0.0957511115609914,-0.8634795569795078,-0.5485696604673851,10.395916482367685
0.002432743119817821,1.0010959669989747,70.07671768992823,0.30149583234695587,0.700606423806098,9.087898855851369e-05,-0.09575241662354084,-0.8634788566428878,-0.5485645524466479,10.438457796003807
0.002442679518045892,1.0011004466728766,70.07703126710136,0.3015019536733653,0.7006092680633823,9.088259188553387e-05,-0.09575372702540276,-0.8634781534533027,-0.5485594235536939,10.481173519923734
0.002452656500916438,1.0011049446704463,70.07734612693125,0.30150810009771695,0.7006121239358624,9.088621003794389e-05,-0.09575504278845785,-0.8634774473991611,-0.5485542737032008,10.524064371834228
0.002462674234195077,1.0011094610667441,70.0776622746721,0.30151427172330664,0.7006149914709633,9.088984307718184e-05,-0.09575636393467665,-0.8634767384688251,-0.5485491028094962,10.567131072417078
0.002472732884324485,1.0011139959371396,70.07797971559977,0.3015204686538584,0.7006178707163035,9.089349106494401e-05,-0.09575769048612018,-0.8634760266506093,-0.5485439107865582,10.610374345341642
0.002482832618427169,1.0011185493573107,70.07829845501175,0.3015266909935265,0.7006207617196966,9.089715406318594e-05,-0.09575902246494003,-0.8634753119327815,-0.5485386975480121,10.65379491727743
0.0024929736043082388,1.0011231214032477,70.07861849822734,0.3015329388468973,0.7006236645291504,9.090083213412379e-05,-0.09576035989337903,-0.863474594303562,-0.5485334630071305,10.697393517906708
0.002503156010458189,1.0011277121512518,70.07893985058763,0.3015392123189906,0.7006265791928692,9.090452534023523e-05,-0.09576170279377133,-0.8634738737511234,-0.5485282070768308,10.741170879937137
0.0025133800060557036,1.001132321677939,70.07926251745573,0.3015455115152622,0.7006295057592542,9.090823374426044e-05,-0.09576305118854306,-0.8634731502635906,-0.5485229296696744,10.785127739114522
0.0025236457609704725,1.001136950060239,70.07958650421672,0.30155183654160495,0.7006324442769034,9.091195740920371e-05,-0.0957644051002124,-0.8634724238290404,-0.5485176306978645,10.829264834235618
0.002533953445766009,1.001141597375398,70.07991181627787,0.3015581875043512,0.7006353947946142,9.091569639833408e-05,-0.09576576455139033,-0.8634716944355019,-0.5485123100732456,10.87358290716094
0.002544303231702477,1.0011462637009798,70.08023845906858,0.30156456451027436,0.7006383573613822,9.091945077518689e-05,-0.09576712956478066,-0.863470962070955,-0.5485069677073011,10.91808270282763
0.002554695290739543,1.0011509491148665,70.08056643804065,0.3015709676665908,0.7006413320264033,9.092322060356457e-05,-0.09576850016318059,-0.8634702267233318,-0.5485016035111525,10.962764969262434
0.002565129795539241,1.0011556536952602,70.0808957586682,0.3015773970809618,0.7006443188390746,9.092700594753803e-05,-0.09576987636948117,-0.8634694883805153,-0.5484962173955572,11.00763045759472
0.002575606919468825,1.0011603775206852,70.08122642644797,0.3015838528614953,0.7006473178489943,9.093080687144796e-05,-0.09577125820666754,-0.8634687470303397,-0.5484908092709087,11.052679922069508
0.0025861268366036577,1.0011651206699879,70.08155844689915,0.3015903351167479,0.7006503291059634,9.093462343990541e-05,-0.09577264569781942,-0.86346800266059,-0.5484853790472324,11.097914120060565
0.002596689721730107,1.001169883222338,70.08189182556366,0.3015968439557265,0.7006533526599855,9.093845571779373e-05,-0.0957740388661113,-0.8634672552590018,-0.5484799266341859,11.143333812083647
0.0026072957503484456,1.0011746652572318,70.08222656800622,0.30160337948789073,0.7006563885612692,9.09423037702691e-05,-0.09577543773481319,-0.8634665048132613,-0.5484744519410579,11.188939761809678
0.0026179450986757633,1.001179466854492,70.08256267981444,0.30160994182315426,0.7006594368602277,9.094616766276217e-05,-0.09577684232729076,-0.8634657513110049,-0.5484689548767657,11.234732736078028
0.0026286379436488965,1.0011842880942685,70.08290016659879,0.301616531071887,0.7006624976074793,9.095004746097885e-05,-0.09577825266700568,-0.8634649947398192,-0.5484634353498531,11.280713504909869
0.002639374462927376,1.001189129057042,70.08323903399294,0.3016231473449172,0.7006655708538501,9.095394323090193e-05,-0.09577966877751633,-0.8634642350872404,-0.5484578932684906,11.326882841521613
0.002650154834896375,1.0011939898236224,70.08357928765356,0.30162979075353274,0.7006686566503724,9.095785503879192e-05,-0.09578109068247775,-0.8634634723407545,-0.5484523285404725,11.37324152233834
0.0026609792386696556,1.0011988704751533,70.08392093326073,0.30163646140948397,0.7006717550482876,9.096178295118845e-05,-0.09578251840564254,-0.8634627064877972,-0.5484467410732163,11.419790327007266
0.0026718478540925738,1.0012037710931105,70.08426397651773,0.301643159424985,0.7006748660990458,9.096572703491138e-05,-0.09578395197086084,-0.8634619375157532,-0.5484411307737598,11.466530038411424
0.0026827608617450527,1.001208691759306,70.08460842315142,0.3016498849127157,0.7006779898543081,9.096968735706207e-05,-0.09578539140208109,-0.8634611654119564,-0.5484354975487618,11.513461442683242
0.002693718442944577,1.0012136325558865,70.08495427891205,0.30165663798582426,0.7006811263659445,9.09736639850246e-05,-0.09578683672334998,-0.8634603901636895,-0.5484298413044972,11.560585329218219
0.002704720779749213,1.001218593565338,70.08530154957366,0.3016634187579282,0.7006842756860385,9.097765698646699e-05,-0.09578828795881338,-0.8634596117581839,-0.5484241619468596,11.607902490688696
0.002715768054960637,1.001223574870484,70.08565024093389,0.3016702273431171,0.7006874378668853,9.098166642934227e-05,-0.0957897451327164,-0.8634588301826194,-0.5484184593813557,11.655413723057706
0.0027268604521271697,1.0012285765544902,70.08600035881432,0.30167706385595444,0.700690612960994,9.098569238189017e-05,-0.09579120826940397,-0.8634580454241242,-0.548412733513107,11.703119825592816
0.0027379981555468173,1.0012335987008623,70.08635190906035,0.30168392841147945,0.7006938010210874,9.098973491263783e-05,-0.09579267739332106,-0.8634572574697743,-0.5484069842468451,11.75102160088004
0.0027491813502703417,1.0012386413934509,70.08670489754157,0.3016908211252091,0.7006970021001038,9.099379409040126e-05,-0.09579415252901335,-0.863456466306594,-0.5484012114869137,11.79911985483785
0.0027604102221043384,1.0012437047164506,70.08705933015155,0.3016977421131405,0.700700216251198,9.099786998428688e-05,-0.09579563370112759,-0.8634556719215546,-0.5483954151372636,11.847415396731265
0.0027716849576143224,1.0012487887544017,70.08741521280812,0.3017046914917522,0.7007034435277407,9.100196266369213e-05,-0.09579712093441164,-0.8634548743015753,-0.548389595101453,11.895909039185943
0.0027830057441278087,1.001253893592193,70.08777255145351,0.301711669378007,0.7007066839833216,9.100607219830745e-05,-0.09579861425371552,-0.8634540734335223,-0.5483837512826457,11.944601598202297
0.002794372769737456,1.0012590193150621,70.08813135205435,0.3017186758893535,0.7007099376717482,9.101019865811704e-05,-0.09580011368399143,-0.863453269304209,-0.5483778835836093,11.99349389316985
0.002805786223304175,1.0012641660085961,70.08849162060173,0.3017257111437284,0.7007132046470478,9.101434211340039e-05,-0.09580161925029408,-0.8634524619003953,-0.5483719919067127,12.042586746881469
0.002817246294460261,1.0012693337587355,70.08885336311148,0.30173277525955844,0.7007164849634687,9.101850263473344e-05,-0.0958031309777816,-0.8634516512087879,-0.5483660761539264,12.09188098554771
0.0028287531736125534,1.001274522651773,70.08921658562411,0.3017398683557624,0.7007197786754803,9.102268029299003e-05,-0.0958046488917154,-0.8634508372160399,-0.5483601362268189,12.141377438811274
0.002840307051945601,1.0012797327743563,70.08958129420495,0.30174699055175336,0.7007230858377739,9.102687515934284e-05,-0.09580617301746096,-0.8634500199087503,-0.5483541720265561,12.191076939761507
0.0028519081214248353,1.0012849642134902,70.08994749494431,0.30175414196744066,0.7007264065052644,9.10310873052653e-05,-0.09580770338048819,-0.8634491992734642,-0.5483481834538999,12.240980324948941
0.002863556574799755,1.0012902170565363,70.09031519395754,0.30176132272323214,0.7007297407330908,9.103531680253224e-05,-0.09580924000637174,-0.8634483752966725,-0.5483421704092057,12.291088434399878
0.0028752526056071304,1.0012954913912158,70.0906843973851,0.301768532940036,0.7007330885766172,9.103956372322148e-05,-0.09581078292079163,-0.8634475479648116,-0.5483361327924209,12.341402111631078
0.0028869964081742333,1.001300787305611,70.09105511139278,0.30177577273926315,0.7007364500914334,9.104382813971544e-05,-0.09581233214953354,-0.8634467172642631,-0.5483300705030842,12.391922203664576
0.0028987881776220427,1.0013061048881657,70.0914273421716,0.30178304224282937,0.7007398253333564,9.104811012470204e-05,-0.09581388771848932,-0.8634458831813536,-0.548323983440322,12.44264956104237
0.002910628109868499,1.001311444227688,70.09180109593817,0.301790341573157,0.7007432143584303,9.105240975117598e-05,-0.09581544965365726,-0.8634450457023548,-0.5483178715028493,12.49358503784135
0.0029225164016317643,1.0013168054133512,70.09217637893458,0.3017976708531777,0.700746617222929,9.105672709244057e-05,-0.09581701798114292,-0.8634442048134827,-0.5483117345889656,12.544729491688265
0.002934453250433484,1.0013221885346952,70.09255319742867,0.30180503020633426,0.7007500339833552,9.106106222210861e-05,-0.09581859272715919,-0.863443360500898,-0.5483055725965544,12.596083783774686
0.002946438854602063,1.0013275936816277,70.09293155771394,0.3018124197565826,0.7007534646964423,9.106541521410409e-05,-0.09582017391802679,-0.8634425127507055,-0.5482993854230815,12.647648778872053
0.0029584734132759687,1.0013330209444273,70.09331146610991,0.3018198396283944,0.7007569094191557,9.106978614266306e-05,-0.09582176158017501,-0.863441661548954,-0.5482931729655931,12.69942534534682
0.0029705571264070415,1.001338470413743,70.093692928962,0.30182728994675906,0.7007603682086928,9.107417508233564e-05,-0.0958233557401418,-0.8634408068816359,-0.5482869351207136,12.751414355175696
0.0029826901947638154,1.0013439421805967,70.09407595264177,0.30183477083718563,0.7007638411224848,9.107858210798669e-05,-0.09582495642457439,-0.8634399487346874,-0.5482806717846449,12.80361668396087
0.0029948728199348457,1.0013494363363855,70.09446054354699,0.3018422824257054,0.7007673282181969,9.108300729479791e-05,-0.09582656366022985,-0.8634390870939878,-0.5482743828531638,12.856033210945322
0.0030071052043320634,1.0013549529728816,70.09484670810171,0.30184982483887396,0.7007708295537296,9.108745071826852e-05,-0.0958281774739752,-0.8634382219453594,-0.5482680682216206,12.908664819028239
0.003019387551194149,1.001360492182235,70.09523445275644,0.30185739820377333,0.7007743451872203,9.109191245421716e-05,-0.09582979789278831,-0.8634373532745676,-0.5482617277849373,12.961512394780524
0.0030317200645898906,1.0013660540569747,70.09562378398823,0.30186500264801436,0.7007778751770428,9.109639257878313e-05,-0.095831424943758,-0.8634364810673202,-0.5482553614376057,13.014576828460248
0.003044102949421584,1.001371638690011,70.09601470830076,0.3018726382997389,0.7007814195818102,9.110089116842755e-05,-0.09583305865408477,-0.8634356053092676,-0.5482489690736865,13.067859014028288
0.0030565364114284407,1.0013772461746349,70.09640723222444,0.301880305287622,0.7007849784603735,9.110540829993523e-05,-0.09583469905108094,-0.863434725986002,-0.5482425505868052,13.121359849164023
0.0030690206571900047,1.0013828766045232,70.09680136231663,0.30188800374087416,0.700788551871825,9.110994405041572e-05,-0.09583634616217154,-0.8634338430830579,-0.5482361058701543,13.175080235281039
0.003081555894129574,1.0013885300737364,70.09719710516154,0.30189573378924356,0.7007921398754974,9.111449849730472e-05,-0.09583800001489433,-0.8634329565859116,-0.548229634816487,13.229021077542912
0.0030941423305176556,1.001394206676723,70.09759446737061,0.30190349556301876,0.7007957425309661,9.111907171836587e-05,-0.09583966063690064,-0.8634320664799804,-0.5482231373181186,13.283183284879106
0.003106780175475432,1.0013999065083197,70.09799345558238,0.3019112891930303,0.7007993598980492,9.11236637916916e-05,-0.09584132805595563,-0.8634311727506232,-0.5482166132669235,13.337567770000941
0.003119469638978228,1.001405629663753,70.09839407646271,0.3019191148106535,0.7008029920368085,9.112827479570529e-05,-0.09584300229993872,-0.8634302753831397,-0.5482100625543331,13.392175449417586
0.003132210931858996,1.0014113762386425,70.09879633670498,0.3019269725478105,0.7008066390075522,9.113290480916206e-05,-0.09584468339684436,-0.8634293743627706,-0.5482034850713358,13.447007243452104
0.003145004265811821,1.001417146329,70.09920024303,0.30193486253697305,0.700810300870834,9.113755391115058e-05,-0.09584637137478227,-0.8634284696746968,-0.5481968807084718,13.50206407625765
0.0031578498533954523,1.001422940031233,70.09960580218632,0.30194278491116394,0.7008139776874536,9.114222218109443e-05,-0.09584806626197774,-0.8634275613040399,-0.5481902493558353,13.557346875833714
0.0031707479080368113,1.0014287574421454,70.10001302095019,0.3019507398039602,0.7008176695184605,9.114690969875357e-05,-0.09584976808677258,-0.8634266492358613,-0.5481835909030691,13.612856574042345
0.00318369864403455,1.0014345986589397,70.10042190612577,0.3019587273494953,0.7008213764251523,9.11516165442259e-05,-0.09585147687762523,-0.8634257334551624,-0.5481769052393648,13.668594106624566
0.003196702276562618,1.0014404637792185,70.10083246454529,0.301966747682461,0.7008250984690773,9.115634279794858e-05,-0.09585319266311147,-0.8634248139468839,-0.5481701922534613,13.724560413216821
0.0032097590216738294,1.0014463529009858,70.10124470306901,0.3019748009381102,0.7008288357120348,9.116108854069953e-05,-0.0958549154719247,-0.8634238906959061,-0.5481634518336409,13.78075643736747
0.0032228690963034476,1.0014522661226486,70.1016586285854,0.3019828872522592,0.7008325882160754,9.116585385359923e-05,-0.0958566453328765,-0.8634229636870483,-0.5481566838677286,13.837183126553354
0.0032360327182727956,1.00145820354302,70.10207424801139,0.30199100676129004,0.7008363560435045,9.11706388181117e-05,-0.09585838227489732,-0.8634220329050687,-0.5481498882430914,13.893841432196444
0.0032492501062928807,1.0014641652613188,70.10249156829231,0.30199915960215307,0.7008401392568809,9.117544351604646e-05,-0.09586012632703668,-0.8634210983346642,-0.5481430648466342,13.95073230968063
0.0032625214799680237,1.0014701513771724,70.10291059640207,0.302007345912369,0.7008439379190182,9.118026802955983e-05,-0.09586187751846378,-0.86342015996047,-0.5481362135647995,14.007856718368478
0.0032758470597994993,1.001476161990619,70.10333133934333,0.3020155658300318,0.7008477520929873,9.118511244115653e-05,-0.09586363587846816,-0.8634192177670592,-0.5481293342835647,14.065215621618082
0.003289227067189207,1.0014821972021073,70.10375380414752,0.3020238194938106,0.700851581842116,9.1189976833691e-05,-0.09586540143645987,-0.8634182717389433,-0.5481224268884408,14.122809986800036
0.003302661724443359,1.0014882571125003,70.10417799787503,0.30203210704295264,0.7008554272299905,9.119486129036942e-05,-0.09586717422197023,-0.863417321860571,-0.5481154912644697,14.180640785314504
0.0033161512547761557,1.0014943418230764,70.10460392761534,0.3020404286172856,0.7008592883204564,9.119976589475062e-05,-0.09586895426465236,-0.8634163681163285,-0.548108527296223,14.238708992608235
0.0033296958823135015,1.00150045143553,70.1050316004871,0.3020487843572196,0.70086316517762,9.120469073074818e-05,-0.09587074159428134,-0.8634154104905393,-0.5481015348677996,14.297015588191773
0.003343295832096737,1.001506586051975,70.10546102363824,0.3020571744037503,0.7008670578658491,9.120963588263163e-05,-0.0958725362407552,-0.8634144489674636,-0.5480945138628245,14.355561555656731
0.0033569513300863722,1.0015127457749455,70.10589220424619,0.30206559889846113,0.7008709664497745,9.121460143502823e-05,-0.0958743382340951,-0.8634134835312984,-0.548087464164446,14.414347882693104
0.0033706626031658315,1.0015189307073975,70.10632514951783,0.3020740579835257,0.7008748909942901,9.12195874729243e-05,-0.09587614760444584,-0.863412514166177,-0.5480803856553338,14.47337556110661
0.0033844298791452327,1.0015251409527108,70.10675986668976,0.3020825518017106,0.7008788315645551,9.122459408166721e-05,-0.09587796438207663,-0.863411540856169,-0.5480732782176772,14.532645586836237
0.003398253386765177,1.0015313766146914,70.1071963630284,0.30209108049637745,0.7008827882259943,9.122962134696642e-05,-0.09587978859738133,-0.8634105635852796,-0.548066141733184,14.592158959971782
0.003412133355700547,1.0015376377975718,70.10763464583002,0.30209964421148583,0.7008867610442995,9.123466935489557e-05,-0.09588162028087911,-0.8634095823374498,-0.548058976083077,14.651916684771491
0.003426070016564298,1.0015439246060145,70.10807472242101,0.3021082430915956,0.7008907500854307,9.123973819189383e-05,-0.09588345946321494,-0.863408597096556,-0.548051781148093,14.71191976967967
0.0034400636009113313,1.001550237145113,70.10851660015791,0.30211687728187003,0.7008947554156172,9.124482794476747e-05,-0.09588530617516025,-0.8634076078464098,-0.5480445568084811,14.772169227344625
0.003454114341242318,1.0015565755203928,70.10896028642749,0.3021255469280771,0.7008987771013583,9.124993870069163e-05,-0.09588716044761308,-0.8634066145707575,-0.5480373029439993,14.83266607463645
0.003468222471007557,1.001562939837814,70.10940578864698,0.3021342521765934,0.7009028152094243,9.12550705472119e-05,-0.09588902231159895,-0.8634056172532801,-0.5480300194339134,14.893411332664934
0.0034823882246108624,1.0015693302037745,70.10985311426421,0.3021429931744061,0.7009068698068588,9.126022357224579e-05,-0.09589089179827144,-0.863404615877593,-0.5480227061569962,14.954406026797615
0.003496611837413462,1.001575746725108,70.11030227075757,0.30215177006911553,0.7009109409609782,9.126539786408472e-05,-0.09589276893891234,-0.8634036104272454,-0.5480153629915223,15.015651186677923
0.003510893545737906,1.0015821895090902,70.1107532656363,0.3021605830089379,0.700915028739374,9.127059351139521e-05,-0.09589465376493254,-0.8634026008857209,-0.5480079898152694,15.077147846243324
0.0035252335868719803,1.001588658663438,70.11120610644066,0.302169432142708,0.7009191332099134,9.127581060322098e-05,-0.0958965463078725,-0.8634015872364359,-0.5480005865055148,15.13889704374355
0.0035396321990726607,1.001595154296311,70.11166080074177,0.3021783176198818,0.7009232544407402,9.128104922898419e-05,-0.09589844659940257,-0.8634005694627409,-0.547993152939032,15.200899821758965
0.0035540896215700804,1.0016016765163158,70.11211735614211,0.3021872395905387,0.7009273925002772,9.128630947848762e-05,-0.09590035467132384,-0.8633995475479188,-0.5479856889920917,15.263157227219052
0.003568606094571483,1.001608225432505,70.11257578027535,0.3021961982053849,0.7009315474572249,9.129159144191583e-05,-0.09590227055556835,-0.8633985214751858,-0.5479781945404567,15.325670311420806
0.003583181859265224,1.0016148011543815,70.11303608080671,0.30220519361575554,0.7009357193805658,9.129689520983717e-05,-0.09590419428420015,-0.8633974912276902,-0.5479706694593827,15.388440130047371
0.0035978171578247876,1.0016214037918985,70.1134982654329,0.3022142259736177,0.7009399083395624,9.130222087320518e-05,-0.09590612588941524,-0.8633964567885126,-0.5479631136236127,15.45146774318673
0.0036125122334128013,1.0016280334554621,70.11396234188236,0.30222329543157256,0.7009441144037607,9.130756852336077e-05,-0.09590806540354241,-0.863395418140666,-0.5479555269073785,15.514754215350457
0.0036272673301850668,1.001634690255934,70.11442831791538,0.3022324021428588,0.7009483376429901,9.131293825203353e-05,-0.09591001285904395,-0.8633943752670945,-0.5479479091843966,15.57830061549247
0.003642082693294629,1.0016413743046317,70.11489620132423,0.302241546261355,0.7009525781273652,9.131833015134345e-05,-0.0959119682885159,-0.863393328150674,-0.5479402603278654,15.642108017028013
0.0036569585688958515,1.001648085713332,70.11536599993325,0.3022507279415822,0.7009568359272864,9.132374431380297e-05,-0.09591393172468886,-0.8633922767742116,-0.5479325802104662,15.706177497852671
0.0036718952041485025,1.0016548245942714,70.115837721599,0.30225994733870687,0.7009611111134414,9.132918083231832e-05,-0.09591590320042828,-0.863391221120445,-0.5479248687043567,15.770510140361429
0.003686892847221851,1.0016615910601496,70.11631137421047,0.3022692046085436,0.7009654037568065,9.13346398001915e-05,-0.09591788274873536,-0.8633901611720427,-0.5479171256811731,15.8351070314678
0.0037019517472988,1.0016683852241302,70.11678696568912,0.3022784999075579,0.7009697139286475,9.134012131112204e-05,-0.09591987040274728,-0.8633890969116037,-0.5479093510120248,15.899969262623113
0.003717072154580037,1.0016752071998432,70.11726450398902,0.3022878333928688,0.7009740417005208,9.134562545920869e-05,-0.09592186619573803,-0.8633880283216568,-0.5479015445674942,15.965097929835903
0.003732254320288168,1.0016820571013867,70.11774399709707,0.302297205222252,0.7009783871442751,9.135115233895108e-05,-0.09592387016111881,-0.8633869553846608,-0.547893706217633,16.030494133691224
0.003747498496671903,1.0016889350433293,70.11822545303305,0.30230661555414223,0.7009827503320518,9.135670204525163e-05,-0.0959258823324387,-0.8633858780830039,-0.5478858358319619,16.09615897937022
0.0037628049370102556,1.0016958411407113,70.11870887984979,0.3023160645476365,0.7009871313362873,9.136227467341743e-05,-0.0959279027433852,-0.8633847963990035,-0.5478779332794664,16.162093576669747
0.0037781738956167415,1.001702775509047,70.1191942856333,0.3023255523624964,0.7009915302297127,9.136787031916181e-05,-0.09592993142778468,-0.863383710314906,-0.547869998428596,16.22829904002201
0.0037936056278435994,1.0017097382643272,70.1196816785029,0.3023350791591516,0.7009959470853565,9.13734890786063e-05,-0.09593196841960325,-0.8633826198128866,-0.5478620311472615,16.29477648851433
0.0038091003900860374,1.0017167295230203,70.12017106661142,0.3023446450987021,0.7010003819765455,9.137913104828229e-05,-0.09593401375294713,-0.8633815248750488,-0.5478540313028328,16.361527045908996
0.0038246584397865044,1.0017237494020748,70.12066245814523,0.3023542503429216,0.7010048349769041,9.138479632513308e-05,-0.0959360674620632,-0.8633804254834242,-0.5478459987621365,16.42855184066327
0.003840280035438957,1.0017307980189214,70.1211558613245,0.3023638950542598,0.701009306160359,9.13904850065154e-05,-0.09593812958133974,-0.8633793216199722,-0.5478379333914545,16.49585200594937
0.003855965436593148,1.0017378754914747,70.12165128440323,0.30237357939584586,0.7010137956011372,9.139619719020151e-05,-0.09594020014530695,-0.8633782132665799,-0.5478298350565207,16.56342867967457
0.0038717149038589465,1.001744981938135,70.12214873566946,0.302383303531491,0.7010183033737691,9.140193297438101e-05,-0.09594227918863747,-0.8633771004050614,-0.547821703622519,16.631283004501437
0.003887528698910678,1.0017521174777912,70.12264822344538,0.3023930676256915,0.7010228295530895,9.140769245766242e-05,-0.09594436674614713,-0.8633759830171581,-0.5478135389540819,16.699416127868176
0.003903407084491451,1.0017592822298218,70.12314975608753,0.30240287184363157,0.7010273742142371,9.141347573907547e-05,-0.0959464628527953,-0.8633748610845378,-0.5478053409152868,16.767829202008937
0.003919350324417532,1.0017664763140977,70.12365334198684,0.3024127163511862,0.7010319374326592,9.14192829180726e-05,-0.09594856754368587,-0.8633737345887948,-0.5477971093696552,16.836523383974335
0.00393535868358274,1.0017736998509836,70.12415898956885,0.3024226013149246,0.7010365192841097,9.142511409453104e-05,-0.09595068085406747,-0.8633726035114497,-0.5477888441801492,16.905499835652048
0.003951432427962834,1.0017809529613408,70.12466670729385,0.30243252690211236,0.7010411198446511,9.143096936875468e-05,-0.09595280281933422,-0.8633714678339485,-0.5477805452091702,16.97475972378747
0.00396757182461993,1.0017882357665289,70.12517650365702,0.30244249328071526,0.7010457391906577,9.143684884147587e-05,-0.09595493347502644,-0.8633703275376631,-0.5477722123185559,17.044304220004395
0.003983777141706943,1.0017955483884071,70.1256883871885,0.30245250061940165,0.7010503773988138,9.144275261385735e-05,-0.09595707285683112,-0.8633691826038903,-0.5477638453695779,17.114134500825937
0.004000048648472051,1.001802890949338,70.12620236645365,0.3024625490875458,0.7010550345461181,9.144868078749443e-05,-0.09595922100058253,-0.8633680330138523,-0.5477554442229404,17.18425174769549
0.004016386615263161,1.0018102635721884,70.12671845005319,0.3024726388552308,0.7010597107098823,9.145463346441628e-05,-0.09596137794226306,-0.8633668787486954,-0.5477470087387766,17.254657146997708
0.004032791313532392,1.001817666380331,70.12723664662317,0.30248277009325175,0.7010644059677336,9.146061074708864e-05,-0.09596354371800339,-0.8633657197894907,-0.5477385387766467,17.325351890079617
0.004049263015840593,1.0018250994976485,70.1277569648354,0.30249294297311835,0.7010691203976168,9.14666127384153e-05,-0.09596571836408363,-0.8633645561172331,-0.5477300341955367,17.39633717327188
0.004065801995861884,1.0018325630485334,70.12827941339734,0.3025031576670586,0.7010738540777934,9.147263954174001e-05,-0.09596790191693352,-0.863363387712841,-0.5477214948538541,17.46761419791013
0.0040824085283881805,1.0018400571578918,70.12880400105243,0.30251341434802137,0.7010786070868456,9.147869126084863e-05,-0.09597009441313338,-0.8633622145571569,-0.5477129206094273,17.539184170356297
0.0040990828893337685,1.0018475819511443,70.1293307365801,0.30252371318967974,0.7010833795036749,9.148476799997115e-05,-0.09597229588941444,-0.8633610366309459,-0.5477043113195021,17.611048302020183
0.004115825355739898,1.0018551375542293,70.12985962879605,0.30253405436643416,0.7010881714075057,9.149086986378352e-05,-0.09597450638265972,-0.8633598539148961,-0.5476956668407391,17.683207809381056
0.004132636205779377,1.0018627240936042,70.13039068655229,0.30254443805341524,0.7010929828778847,9.149699695740962e-05,-0.09597672592990449,-0.8633586663896182,-0.5476869870292131,17.75566391400934
0.004149515718761189,1.0018703416962487,70.13092391873741,0.3025548644264873,0.7010978139946843,9.15031493864233e-05,-0.09597895456833709,-0.8633574740356451,-0.5476782717404087,17.82841784258836
0.004166464175135135,1.001877990489665,70.13145933427656,0.30256533366225113,0.7011026648381012,9.150932725685049e-05,-0.0959811923352993,-0.8633562768334315,-0.5476695208292184,17.901470826936286
0.0041834818564965084,1.0018856706018822,70.13199694213175,0.3025758459380474,0.7011075354886607,9.151553067517116e-05,-0.09598343926828716,-0.863355074763354,-0.5476607341499409,17.97482410402815
0.004200569045590765,1.0018933821614573,70.13253675130201,0.30258640143195986,0.7011124260272158,9.15217597483213e-05,-0.09598569540495178,-0.8633538678057101,-0.547651911556278,18.048478916017896
0.004217726026318193,1.0019011252974774,70.13307877082342,0.30259700032281833,0.7011173365349498,9.152801458369477e-05,-0.09598796078309957,-0.8633526559407187,-0.5476430529013321,18.122436510260453
0.00423495308373868,1.0019089001395625,70.13362300976937,0.30260764279020197,0.7011222670933767,9.153429528914602e-05,-0.09599023544069323,-0.8633514391485192,-0.5476341580376046,18.19669813933426
0.00425225050407642,1.001916706817867,70.13416947725068,0.30261832901444263,0.701127217784344,9.154060197299129e-05,-0.09599251941585228,-0.8633502174091715,-0.547625226816992,18.271265061063474
0.004269618574724666,1.0019245454630819,70.13471818241572,0.30262905917662797,0.7011321886900311,9.154693474401111e-05,-0.09599481274685366,-0.8633489907026551,-0.5476162590907844,18.34613853854047
0.004287057584250509,1.001932416206438,70.13526913445067,0.30263983345860457,0.701137179892955,9.155329371145259e-05,-0.09599711547213247,-0.8633477590088701,-0.5476072547096631,18.42131984014845
0.004304567822399687,1.0019403191797078,70.13582234257954,0.3026506520429816,0.7011421914759682,9.155967898503105e-05,-0.09599942763028271,-0.8633465223076352,-0.5475982135236975,18.49681023958417
0.004322149580101386,1.0019482545152067,70.13637781606447,0.30266151511313355,0.7011472235222609,9.156609067493235e-05,-0.09600174926005775,-0.8633452805786886,-0.5475891353823432,18.57261101588069
0.004339803149473069,1.0019562223457965,70.13693556420576,0.30267242285320395,0.7011522761153636,9.157252889181501e-05,-0.09600408040037112,-0.8633440338016876,-0.547580020134439,18.64872345343021
0.004357528823825332,1.0019642228048873,70.1374955963421,0.3026833754481087,0.7011573493391465,9.15789937468123e-05,-0.09600642109029714,-0.8633427819562072,-0.5475708676282043,18.72514884200711
0.004375326897666798,1.0019722560264395,70.13805792185076,0.30269437308353886,0.7011624432778225,9.158548535153424e-05,-0.09600877136907159,-0.8633415250217413,-0.5475616777112372,18.80188847679111
0.0043931976667089786,1.0019803221449666,70.13862255014766,0.30270541594596445,0.7011675580159483,9.159200381807002e-05,-0.09601113127609247,-0.8633402629777014,-0.5475524502305117,18.878943658390334
0.0044111414278712015,1.0019884212955368,70.13918949068757,0.30271650422263796,0.7011726936384253,9.15985492589899e-05,-0.09601350085092049,-0.8633389958034163,-0.547543185032374,18.956315692864678
0.004429158479285554,1.0019965536137763,70.13975875296434,0.3027276381015971,0.7011778502305007,9.160512178734742e-05,-0.09601588013328001,-0.8633377234781323,-0.547533881962542,19.034005891749246
0.004447249120301825,1.0020047192358703,70.14033034651092,0.3027388177716686,0.7011830278777702,9.161172151668163e-05,-0.0960182691630594,-0.8633364459810124,-0.547524540866101,19.112015572077834
0.004465413651492474,1.002012918298567,70.14090428089969,0.30275004342247175,0.7011882266661783,9.161834856101926e-05,-0.09602066798031209,-0.8633351632911361,-0.547515161587502,19.190346056406494
0.00448365237465763,1.0020211509391788,70.14148056574251,0.3027613152444213,0.7011934466820204,9.162500303487674e-05,-0.09602307662525694,-0.8633338753874995,-0.5475057439705591,19.26899867283729
0.004501965592830113,1.0020294172955841,70.14205921069089,0.3027726334287313,0.7011986880119435,9.163168505326271e-05,-0.09602549513827918,-0.8633325822490139,-0.5474962878584455,19.34797475504219
0.00452035361028047,1.0020377175062316,70.14264022543621,0.3027839981674184,0.7012039507429482,9.163839473168014e-05,-0.09602792355993087,-0.8633312838545067,-0.5474867930936934,19.427275642286947
0.004538816732522008,1.0020460517101406,70.14322361970984,0.30279540965330537,0.7012092349623904,9.164513218612821e-05,-0.09603036193093181,-0.8633299801827206,-0.5474772595181887,19.506902679455074
0.004557355266315887,1.002054420046905,70.14380940328336,0.30280686808002444,0.7012145407579817,9.165189753310499e-05,-0.09603281029217016,-0.8633286712123127,-0.5474676869731705,19.586857217072076
0.00457596951967623,1.0020628226566948,70.14439758596863,0.3028183736420209,0.7012198682177919,9.16586908896095e-05,-0.0960352686847031,-0.8633273569218549,-0.5474580752992272,19.667140611329746
0.004594659801875213,1.0020712596802581,70.14498817761807,0.30282992653455654,0.7012252174302499,9.166551237314377e-05,-0.09603773714975752,-0.8633260372898337,-0.5474484243362936,19.747754224110412
0.004613426423448213,1.0020797312589256,70.1455811881248,0.3028415269537133,0.7012305884841452,9.167236210171572e-05,-0.09604021572873095,-0.8633247122946488,-0.54743873392365,19.828699423011486
0.004632269696198983,1.0020882375346096,70.14617662742268,0.30285317509639653,0.7012359814686299,9.167924019384047e-05,-0.09604270446319191,-0.8633233819146139,-0.547429003899917,19.909977581370068
0.004651189933204818,1.0020967786498103,70.14677450548672,0.3028648711603389,0.7012413964732194,9.168614676854373e-05,-0.09604520339488098,-0.8633220461279558,-0.5474192341030549,19.991590078287636
0.0046701874488217525,1.0021053547476149,70.14737483233304,0.3028766153441036,0.7012468335877943,9.169308194536304e-05,-0.09604771256571129,-0.8633207049128142,-0.5474094243703598,20.073538298654764
0.004689262558689788,1.0021139659717024,70.14797761801917,0.3028884078470882,0.701252292902602,9.170004584435097e-05,-0.09605023201776934,-0.8633193582472415,-0.5473995745384617,20.155823633176148
0.004708415579738148,1.0021226124663447,70.14858287264413,0.30290024886952827,0.7012577745082574,9.170703858607672e-05,-0.09605276179331566,-0.8633180061092018,-0.5473896844433203,20.238447478395617
0.004727646830190536,1.0021312943764096,70.14919060634867,0.30291213861250066,0.701263278495746,9.171406029162911e-05,-0.09605530193478565,-0.8633166484765717,-0.5473797539202241,20.321411236721275
0.004746956629570415,1.0021400118473636,70.14980082931545,0.3029240772779275,0.701268804956424,9.172111108261842e-05,-0.09605785248479026,-0.8633152853271386,-0.5473697828037869,20.404716316450703
0.004766345298706318,1.0021487650252732,70.15041355176912,0.3029360650685795,0.7012743539820196,9.172819108117887e-05,-0.09606041348611655,-0.8633139166386018,-0.5473597709279442,20.488364131796374
0.004785813159737202,1.0021575540568093,70.15102878397666,0.3029481021880801,0.7012799256646365,9.17353004099711e-05,-0.09606298498172881,-0.8633125423885708,-0.5473497181259517,20.572356102911186
0.004805360536117764,1.0021663790892474,70.15164653624733,0.3029601888409087,0.7012855200967524,9.174243919218456e-05,-0.09606556701476886,-0.8633111625545657,-0.5473396242303814,20.65669365591399
0.004824987752623836,1.002175240270473,70.1522668189331,0.3029723252324045,0.7012911373712237,9.174960755153967e-05,-0.0960681596285572,-0.863309777114017,-0.54732948907312,20.741378222915294
0.004844695135357787,1.0021841377489804,70.15288964242863,0.3029845115687704,0.7012967775812848,9.175680561229045e-05,-0.09607076286659343,-0.8633083860442647,-0.5473193124853645,20.826411242043196
0.0048644830117539305,1.0021930716738796,70.15351501717157,0.30299674805707627,0.7013024408205506,9.176403349922688e-05,-0.09607337677255724,-0.8633069893225582,-0.5473090942976213,20.91179415746926
0.004884351710583959,1.0022020421948952,70.15414295364266,0.3030090349052632,0.7013081271830176,9.177129133767726e-05,-0.09607600139030903,-0.863305586926056,-0.5472988343397017,20.99752841943456
0.004904301561962413,1.0022110494623708,70.15477346236595,0.3030213723221471,0.701313836763066,9.177857925351072e-05,-0.09607863676389064,-0.8633041788318254,-0.5472885324407198,21.083615484275885
0.004924332897352175,1.0022200936272714,70.155406553909,0.30303376051742237,0.7013195696554612,9.178589737313967e-05,-0.09608128293752632,-0.863302765016842,-0.5472781884290898,21.170056814452106
0.004944446049569972,1.0022291748411853,70.15604223888297,0.3030461997016658,0.701325325955354,9.1793245823522e-05,-0.09608393995562321,-0.8633013454579891,-0.5472678021325219,21.256853878570524
0.004964641352791888,1.0022382932563279,70.15668052794295,0.3030586900863404,0.7013311057582846,9.180062473216405e-05,-0.0960866078627723,-0.863299920132058,-0.5472573733780215,21.344008151413405
0.004984919142558932,1.0022474490255429,70.157321431788,0.303071231883799,0.7013369091601821,9.18080342271226e-05,-0.0960892867037491,-0.8632984890157472,-0.5472469019918849,21.431521113964646
0.005005279755782625,1.0022566423023058,70.15796496116141,0.30308382530728845,0.701342736257367,9.181547443700791e-05,-0.09609197652351456,-0.8632970520856619,-0.5472363877996956,21.519394253436666
0.005025723530750569,1.002265873240727,70.15861112685089,0.3030964705709534,0.7013485871465529,9.182294549098542e-05,-0.09609467736721566,-0.8632956093183138,-0.5472258306263239,21.607629063297107
0.005046250807132082,1.0022751419955533,70.15925993968874,0.30310916788984005,0.7013544619248477,9.183044751877922e-05,-0.09609738928018631,-0.8632941606901212,-0.5472152302959217,21.696227043296012
0.00506686192598385,1.002284448722171,70.15991141055197,0.3031219174799001,0.7013603606897554,9.183798065067387e-05,-0.0961001123079481,-0.8632927061774078,-0.54720458663192,21.78518969949294
0.00508755722975559,1.002293793576609,70.16056555036263,0.3031347195579947,0.7013662835391777,9.184554501751715e-05,-0.09610284649621109,-0.8632912457564028,-0.5471938994570271,21.87451854428422
0.005108337062295718,1.0023031767155408,70.16122237008786,0.30314757434189843,0.7013722305714153,9.185314075072289e-05,-0.09610559189087452,-0.8632897794032407,-0.547183168593224,21.964215096430316
0.0051292017688570855,1.0023125982962877,70.16188188074014,0.3031604820503032,0.7013782018851701,9.186076798227308e-05,-0.09610834853802777,-0.8632883070939604,-0.5471723938617625,22.054280881083358
0.005150151696102715,1.0023220584768222,70.16254409337755,0.30317344290282233,0.7013841975795468,9.186842684472085e-05,-0.09611111648395115,-0.8632868288045052,-0.5471615750831624,22.14471742981485
0.005171187192111562,1.0023315574157683,70.16320901910377,0.30318645711999426,0.7013902177540541,9.187611747119278e-05,-0.09611389577511643,-0.8632853445107227,-0.5471507120772071,22.235526280643402
0.005192308606384256,1.0023410952724068,70.16387666906847,0.30319952492328706,0.7013962625086058,9.188383999539171e-05,-0.09611668645818794,-0.8632838541883634,-0.5471398046629419,22.326708978062463
0.005213516289848977,1.0023506722066773,70.1645470544674,0.30321264653510177,0.7014023319435243,9.189159455159928e-05,-0.09611948858002325,-0.8632823578130816,-0.5471288526586707,22.418267073068634
0.005234810594867242,1.00236028837918,70.1652201865426,0.3032258221787772,0.7014084261595409,9.18993812746785e-05,-0.09612230218767406,-0.8632808553604343,-0.5471178558819527,22.51020212318962
0.0052561918752397595,1.0023699439511795,70.16589607658257,0.3032390520785935,0.7014145452577972,9.190720030007665e-05,-0.09612512732838685,-0.8632793468058808,-0.547106814149599,22.602515692512533
0.005277660486212316,1.0023796390846074,70.16657473592251,0.3032523364597763,0.7014206893398477,9.191505176382748e-05,-0.09612796404960387,-0.8632778321247825,-0.5470957272776706,22.695209351712275
0.0052992167844816895,1.002389373942065,70.16725617594456,0.3032656755485011,0.7014268585076613,9.192293580255434e-05,-0.096130812398964,-0.8632763112924027,-0.5470845950814744,22.788284678080174
0.005320861128201565,1.0023991486868256,70.16794040807778,0.3032790695718971,0.7014330528636221,9.193085255347272e-05,-0.09613367242430325,-0.8632747842839056,-0.5470734173755598,22.881743255552568
0.005342593876988476,1.0024089634828381,70.16862744379867,0.3032925187580513,0.7014392725105322,9.193880215439277e-05,-0.09613654417365596,-0.8632732510743567,-0.5470621939737172,22.975586674739567
0.005364415391927787,1.0024188184947296,70.16931729463107,0.30330602333601303,0.7014455175516129,9.194678474372237e-05,-0.09613942769525546,-0.8632717116387219,-0.5470509246889732,23.06981653295401
0.005386326035579712,1.0024287138878079,70.17000997214654,0.3033195835357978,0.7014517880905061,9.195480046046936e-05,-0.09614232303753494,-0.8632701659518672,-0.547039609333588,23.16443443424059
0.005408326171985305,1.0024386498280646,70.17070548796453,0.30333319958839156,0.7014580842312775,9.196284944424485e-05,-0.09614523024912829,-0.8632686139885586,-0.5470282477190525,23.259441989404912
0.005430416166672523,1.0024486264821784,70.17140385375248,0.303346871725755,0.7014644060784156,9.197093183526561e-05,-0.09614814937887087,-0.863267055723461,-0.5470168396560853,23.354840816042884
0.0054525963866623155,1.0024586440175167,70.17210508122616,0.3033606001808278,0.7014707537368362,9.197904777435685e-05,-0.09615108047580043,-0.8632654911311387,-0.5470053849546286,23.450632538570215
0.005474867200474703,1.0024687026021404,70.17280918214982,0.3033743851875328,0.7014771273118827,9.19871974029552e-05,-0.0961540235891581,-0.8632639201860545,-0.5469938834238461,23.54681878825193
0.005497228978134898,1.0024788024048044,70.1735161683363,0.30338822698078033,0.7014835269093275,9.199538086311123e-05,-0.09615697876838888,-0.8632623428625692,-0.5469823348721187,23.6434012032321
0.005519682091179455,1.002488943594963,70.17422605164742,0.3034021257964724,0.7014899526353754,9.200359829749249e-05,-0.09615994606314288,-0.8632607591349417,-0.5469707391070429,23.740381428563683
0.005542226912662464,1.0024991263427714,70.174938843994,0.3034160818715072,0.7014964045966633,9.201184984938635e-05,-0.09616292552327585,-0.8632591689773281,-0.5469590959354258,23.83776111623864
0.005564863817161729,1.0025093508190883,70.17565455733619,0.3034300954437834,0.7015028829002639,9.202013566270265e-05,-0.09616591719885045,-0.8632575723637816,-0.5469474051632826,23.935541925217954
0.005587593180784985,1.00251961719548,70.1763732036836,0.3034441667522043,0.7015093876536855,9.202845588197661e-05,-0.0961689211401366,-0.8632559692682519,-0.5469356665958336,24.03372552146188
0.005610415381176159,1.0025299256442226,70.17709479509558,0.3034582960366824,0.7015159189648755,9.203681065237182e-05,-0.09617193739761282,-0.8632543596645849,-0.5469238800375009,24.1323135779604
0.005633330797521658,1.0025402763383051,70.17781934368136,0.3034724835381439,0.7015224769422217,9.204520011968291e-05,-0.09617496602196683,-0.8632527435265224,-0.5469120452919043,24.23130777476384
0.005656339810556637,1.0025506694514328,70.1785468616003,0.3034867294985327,0.7015290616945531,9.20536244303388e-05,-0.09617800706409659,-0.8632511208277016,-0.5469001621618591,24.330709799013423
0.005679442802571343,1.0025611051580299,70.17927736106209,0.30350103416081553,0.7015356733311433,9.206208373140506e-05,-0.09618106057511108,-0.8632494915416546,-0.5468882304493723,24.43052134497215
0.005702640157417475,1.002571583633242,70.18001085432694,0.30351539776898545,0.7015423119617109,9.207057817058745e-05,-0.09618412660633116,-0.8632478556418082,-0.546876249955639,24.530744114055814
0.005725932260514552,1.002582105052941,70.18074735370588,0.3035298205680673,0.7015489776964228,9.20791078962344e-05,-0.09618720520929071,-0.8632462131014832,-0.5468642204810399,24.631379814864086
0.005749319498856308,1.002592669593725,70.18148687156075,0.3035443028041216,0.7015556706458936,9.208767305734013e-05,-0.096190296435737,-0.8632445638938944,-0.5468521418251362,24.7324301632117
0.005772802261017126,1.0026032774329252,70.18222942030476,0.3035588447242492,0.7015623909211905,9.209627380354769e-05,-0.09619340033763231,-0.8632429079921495,-0.5468400137866689,24.833896882159884
0.005796380937158513,1.0026139287486056,70.1829750124024,0.303573446576596,0.701569138633833,9.210491028515182e-05,-0.0961965169671542,-0.86324124536925,-0.5468278361635529,24.935781702047997
0.005820055919035569,1.002624623719568,70.18372366036975,0.3035881086103572,0.7015759138957951,9.211358265310185e-05,-0.09619964637669674,-0.863239575998089,-0.5468156087528753,25.038086360525096
0.005843827600003482,1.0026353625253543,70.1844753767748,0.30360283107578195,0.7015827168195076,9.212229105900514e-05,-0.09620278861887138,-0.863237899851452,-0.546803331350891,25.140812602581782
0.005867696375024074,1.00264614534625,70.1852301742375,0.30361761422417854,0.7015895475178598,9.213103565512966e-05,-0.09620594374650776,-0.8632362169020167,-0.5467910037530193,25.243962180582166
0.005891662640672388,1.0026569723632874,70.18598806543012,0.3036324583079181,0.7015964061042016,9.213981659440716e-05,-0.09620911181265482,-0.8632345271223514,-0.5467786257538415,25.34753685429612
0.005915726795143233,1.0026678437582481,70.18674906307737,0.3036473635804397,0.7016032926923444,9.214863403043639e-05,-0.09621229287058146,-0.8632328304849154,-0.5467661971470963,25.451538390931344
0.005939889238257825,1.0026787597136668,70.18751317995668,0.3036623302962552,0.7016102073965644,9.215748811748588e-05,-0.09621548697377773,-0.8632311269620587,-0.546753717725677,25.5559685651659
0.005964150371470436,1.0026897204128342,70.1882804288984,0.30367735871095364,0.7016171503316035,9.216637901049741e-05,-0.09621869417595563,-0.8632294165260213,-0.5467411872816276,25.660829159180814
0.005988510597875055,1.0027007260398002,70.18905082278602,0.3036924490812061,0.7016241216126712,9.217530686508871e-05,-0.09622191453104999,-0.8632276991489323,-0.5467286056061396,25.76612196269273
0.006012970322212074,1.002711776779377,70.18982437455638,0.3037076016647703,0.7016311213554469,9.218427183755696e-05,-0.09622514809321954,-0.8632259748028104,-0.5467159724895481,25.87184877298674
0.006037529950875023,1.002722872817142,70.19060109719995,0.30372281672049545,0.701638149676082,9.21932740848816e-05,-0.09622839491684779,-0.863224243459563,-0.5467032877213289,25.97801139494946
0.006062189891917336,1.0027340143394425,70.19138100376098,0.30373809450832717,0.7016452066912012,9.22023137647276e-05,-0.09623165505654398,-0.8632225050909855,-0.5466905510900951,26.084611641102224
0.006086950555059115,1.0027452015333966,70.19216410733776,0.3037534352893119,0.7016522925179047,9.221139103544884e-05,-0.09623492856714397,-0.8632207596687616,-0.5466777623835918,26.19165133163438
0.006111812351693931,1.0027564345868984,70.1929504210829,0.3037688393256022,0.7016594072737705,9.22205060560909e-05,-0.09623821550371137,-0.8632190071644621,-0.5466649213886952,26.299132294436706
0.006136775694895667,1.0027677136886206,70.19373995820344,0.3037843068804612,0.7016665510768555,9.222965898639459e-05,-0.0962415159215383,-0.8632172475495448,-0.5466520278914069,26.407056365135087
0.006161840999425399,1.0027790390280167,70.19453273196117,0.30379983821826767,0.7016737240456984,9.223884998679902e-05,-0.09624482987614645,-0.8632154807953543,-0.5466390816768505,26.515425387124395
0.006187008681738254,1.0027904107953267,70.19532875567288,0.3038154336045208,0.7016809262993208,9.224807921844485e-05,-0.09624815742328807,-0.863213706873121,-0.5466260825292701,26.624241211602243
0.006212279159990347,1.0028018291815781,70.19612804271047,0.3038310933058453,0.7016881579572304,9.225734684317756e-05,-0.09625149861894698,-0.8632119257539613,-0.5466130302320238,26.733505697603196
0.006237652854045735,1.00281329437859,70.1969306065013,0.303846817589996,0.7016954191394208,9.226665302355064e-05,-0.09625485351933925,-0.8632101374088768,-0.5465999245675817,26.843220712033045
0.006263130185483391,1.0028248065789767,70.19773646052836,0.3038626067258631,0.7017027099663761,9.227599792282899e-05,-0.09625822218091462,-0.8632083418087535,-0.546586765317522,26.953388129703207
0.006288711577604188,1.0028363659761517,70.19854561833061,0.30387846098347737,0.7017100305590716,9.228538170499219e-05,-0.09626160466035732,-0.8632065389243622,-0.5465735522625275,27.0640098333652
0.006314397455437945,1.0028479727643285,70.199358093503,0.30389438063401425,0.7017173810389744,9.229480453473772e-05,-0.09626500101458672,-0.8632047287263576,-0.5465602851823809,27.175087713745448
0.006340188245750507,1.0028596271385273,70.2001738996969,0.3039103659497999,0.7017247615280484,9.230426657748433e-05,-0.0962684113007589,-0.8632029111852775,-0.5465469638559628,27.28662366958025
0.006366084377050823,1.0028713292945757,70.2009930506203,0.3039264172043158,0.7017321721487542,9.231376799937558e-05,-0.09627183557626727,-0.8632010862715429,-0.5465335880612461,27.39861960765077
0.006392086279598024,1.002883079429114,70.20181556003797,0.3039425346722036,0.7017396130240516,9.2323308967283e-05,-0.09627527389874367,-0.8631992539554577,-0.5465201575752943,27.51107744281807
0.006418194385408649,1.0028948777395972,70.2026414417718,0.30395871862927076,0.7017470842774018,9.233288964880934e-05,-0.0962787263260593,-0.8631974142072074,-0.5465066721742557,27.623999098058835
0.006444409128263776,1.002906724424299,70.20347070970094,0.3039749693524952,0.7017545860327695,9.234251021229234e-05,-0.09628219291632596,-0.8631955669968595,-0.5464931316333608,27.737386504500716
0.006470730943716225,1.002918619682316,70.20430337776213,0.3039912871200306,0.7017621184146245,9.235217082680791e-05,-0.09628567372789686,-0.8631937122943625,-0.5464795357269188,27.85124160145799
0.006497160269097805,1.0029305637135695,70.20513945994986,0.30400767221121183,0.7017696815479442,9.236187166217361e-05,-0.09628916881936751,-0.8631918500695457,-0.5464658842283123,27.965566336467514
0.006523697543526595,1.0029425567188104,70.20597897031672,0.3040241249065595,0.7017772755582157,9.237161288895211e-05,-0.09629267824957723,-0.8631899802921187,-0.546452176909996,28.08036266532481
0.006550343207914226,1.0029545988996218,70.20682192297353,0.304040645487786,0.701784900571437,9.23813946784547e-05,-0.09629620207760957,-0.863188102931671,-0.5464384135434901,28.195632552120205
0.006577097704973194,1.0029666904584238,70.20766833208967,0.3040572342377999,0.701792556714121,9.239121720274471e-05,-0.09629974036279391,-0.8631862179576713,-0.5464245938993788,28.311377969275167
0.006603961479224228,1.002978831598475,70.20851821189325,0.30407389144071206,0.7018002441132952,9.240108063464089e-05,-0.09630329316470608,-0.8631843253394674,-0.5464107177473043,28.427600897578873
0.006630934977003692,1.0029910225238776,70.20937157667143,0.3040906173818402,0.7018079628965055,9.241098514772145e-05,-0.09630686054316959,-0.8631824250462854,-0.5463967848559648,28.544303326225045
0.006658018646470989,1.0030032634395807,70.21022844077065,0.3041074123477147,0.701815713191818,9.24209309163269e-05,-0.09631044255825667,-0.8631805170472293,-0.5463827949931095,28.661487252848712
0.006685212937615962,1.0030155545513835,70.21108881859685,0.3041242766260835,0.70182349512782,9.243091811556409e-05,-0.09631403927028921,-0.8631786013112809,-0.5463687479255352,28.779154683563128
0.006712518302266455,1.003027896065939,70.21195272461573,0.30414121050591814,0.7018313088336245,9.244094692130966e-05,-0.0963176507398401,-0.8631766778072987,-0.5463546434190822,28.89730763299734
0.006739935194095768,1.0030402881907574,70.21282017335302,0.30415821427741824,0.7018391544388692,9.245101751021366e-05,-0.09632127702773381,-0.8631747465040179,-0.5463404812386303,29.015948124333352
0.006767464068630189,1.0030527311342106,70.21369117939474,0.30417528823201784,0.7018470320737212,9.246113005970307e-05,-0.09632491819504797,-0.8631728073700499,-0.546326261148095,29.135078189343695
0.006795105383256579,1.0030652251055343,70.2145657573874,0.30419243266239016,0.7018549418688781,9.247128474798556e-05,-0.09632857430311408,-0.8631708603738812,-0.5463119829104229,29.25469986842924
0.0068228595972299804,1.0030777703148335,70.21544392203835,0.30420964786245336,0.7018628839555705,9.248148175405295e-05,-0.09633224541351879,-0.8631689054838744,-0.5462976462875895,29.374815210657136
0.006850727171681239,1.0030903669730844,70.2163256881159,0.3042269341273761,0.7018708584655635,9.249172125768526e-05,-0.09633593158810486,-0.8631669426682658,-0.5462832510405924,29.49542627379894
0.006878708569624645,1.0031030152921394,70.21721107044976,0.3042442917535829,0.7018788655311595,9.250200343945387e-05,-0.09633963288897228,-0.8631649718951662,-0.5462687969294502,29.61653512436873
0.006906804255965648,1.0031157154847297,70.21810008393108,0.3042617210387596,0.7018869052852009,9.251232848072576e-05,-0.0963433493784794,-0.8631629931325603,-0.5462542837131963,29.7381438376617
0.006935014697508595,1.00312846776447,70.2189927435129,0.3042792222818593,0.7018949778610702,9.252269656366687e-05,-0.09634708111924392,-0.8631610063483057,-0.546239711149876,29.860254497792845
0.006963340362964448,1.0031412723458615,70.2198890642103,0.3042967957831075,0.7019030833926951,9.253310787124598e-05,-0.09635082817414414,-0.8631590115101331,-0.5462250789965416,29.982869197735617
0.00699178172295859,1.0031541294442963,70.22078906110075,0.3043144418440081,0.7019112220145485,9.254356258723847e-05,-0.09635459060631993,-0.863157008585645,-0.5462103870092496,30.105990039361
0.0070203392500386656,1.00316703927606,70.2216927493242,0.30433216076734887,0.7019193938616511,9.255406089623025e-05,-0.09635836847917387,-0.8631549975423158,-0.5461956349430548,30.229619133476785
0.007049013418682407,1.0031800020583372,70.2226001440836,0.30434995285720706,0.7019275990695749,9.25646029836212e-05,-0.09636216185637238,-0.8631529783474914,-0.5461808225520082,30.3537585998668
0.007077804705305512,1.003193018009214,70.22351126064497,0.30436781841895544,0.7019358377744439,9.257518903562931e-05,-0.0963659708018469,-0.8631509509683881,-0.546165949589151,30.478410567330474
0.007106713588269569,1.0032060873476816,70.22442611433772,0.3043857577592674,0.7019441101129372,9.258581923929462e-05,-0.09636979537979494,-0.8631489153720928,-0.5461510158065119,30.603577173722584
0.007135740547890022,1.0032192102936413,70.22534472055489,0.30440377118612355,0.7019524162222911,9.259649378248253e-05,-0.09637363565468114,-0.8631468715255618,-0.5461360209551016,30.729260565993247
0.007164886066444137,1.0032323870679074,70.22626709475352,0.3044218590088167,0.701960756240301,9.260721285388845e-05,-0.09637749169123855,-0.863144819395621,-0.5461209647849099,30.85546290022797
0.0071941506281789965,1.0032456178922116,70.22719325245481,0.304440021537958,0.701969130305324,9.261797664304107e-05,-0.09638136355446962,-0.863142758948965,-0.546105847044901,30.98218634168786
0.0072235347193195625,1.0032589029892058,70.22812320924442,0.30445825908548324,0.7019775385562813,9.262878534030659e-05,-0.09638525130964745,-0.8631406901521564,-0.5460906674830079,31.10943306485019
0.007253038828076778,1.0032722425824685,70.2290569807728,0.30447657196465777,0.7019859811326608,9.26396391368927e-05,-0.09638915502231704,-0.8631386129716261,-0.5460754258461317,31.23720525344915
0.007282663444655633,1.0032856368965053,70.22999458275537,0.3044949604900831,0.7019944581745182,9.265053822485238e-05,-0.09639307475829613,-0.8631365273736719,-0.5460601218801331,31.36550510051653
0.007312409061263329,1.0032990861567552,70.23093603097287,0.3045134249777028,0.7020029698224802,9.266148279708793e-05,-0.09639701058367656,-0.8631344333244582,-0.5460447553298309,31.49433480842283
0.007342276172117477,1.003312590589594,70.23188134127159,0.304531965744808,0.7020115162177472,9.267247304735514e-05,-0.09640096256482547,-0.8631323307900162,-0.5460293259389967,31.623696588918648
0.007372265273454291,1.0033261504223383,70.23283052956369,0.3045505831100438,0.7020200975020947,9.268350917026699e-05,-0.09640493076838644,-0.8631302197362423,-0.546013833450351,31.753592663175958
0.007402376863536816,1.003339765883249,70.23378361182743,0.3045692773934152,0.7020287138178762,9.26945913612982e-05,-0.09640891526128055,-0.8631281001288984,-0.545998277605559,31.884025261829773
0.007432611442663225,1.0033534372015351,70.23474060410746,0.30458804891629293,0.7020373653080253,9.270571981678883e-05,-0.09641291611070765,-0.8631259719336111,-0.5459826581452247,32.01499662501996
0.0074629695131751455,1.0033671646073596,70.23570152251517,0.30460689800141977,0.7020460521160583,9.271689473394851e-05,-0.09641693338414757,-0.8631238351158712,-0.5459669748088891,32.14650900243339
0.007493451579465988,1.0033809483318405,70.23666638322884,0.3046258249729164,0.7020547743860763,9.272811631086069e-05,-0.09642096714936119,-0.8631216896410332,-0.5459512273350232,32.27856465334605
0.007524058147989316,1.0033947886070578,70.23763520249405,0.3046448301562876,0.702063532262768,9.273938474648674e-05,-0.0964250174743918,-0.8631195354743146,-0.5459354154610263,32.41116584666544
0.007554789727267272,1.0034086856660553,70.23860799662387,0.3046639138784285,0.7020723258914112,9.275070024066983e-05,-0.09642908442756618,-0.8631173725807957,-0.5459195389232191,32.54431486097321
0.00758564682789905,1.0034226397428463,70.23958478199924,0.30468307646763065,0.702081155417877,9.276206299413964e-05,-0.09643316807749577,-0.863115200925419,-0.5459035974568407,32.67801398456818
0.007616629962569336,1.0034366510724164,70.24056557506916,0.30470231825358834,0.7020900209886294,9.277347320851603e-05,-0.096437268493078,-0.8631130204729883,-0.5458875907960434,32.81226551550902
0.007647739646056843,1.0034507198907288,70.24155039235102,0.30472163956740483,0.7020989227507307,9.278493108631358e-05,-0.09644138574349746,-0.8631108311881689,-0.5458715186738893,32.94707176165772
0.0076789763952428884,1.003464846434727,70.2425392504309,0.3047410407415982,0.7021078608518414,9.279643683094575e-05,-0.096445519898227,-0.8631086330354862,-0.5458553808223443,33.08243504072297
0.0077103407291199575,1.0034790309423414,70.2435321659639,0.3047605221101087,0.7021168354402253,9.280799064672902e-05,-0.0964496710270293,-0.8631064259793261,-0.5458391769722748,33.21835768030383
0.007741833168800315,1.0034932736524902,70.24452915567431,0.3047800840083037,0.702125846664749,9.281959273888756e-05,-0.09645383919995758,-0.8631042099839334,-0.5458229068534426,33.35484201793343
0.007773454237524681,1.003507574805086,70.24553023635602,0.3047997267729851,0.7021348946748864,9.283124331355697e-05,-0.0964580244873573,-0.8631019850134123,-0.5458065701945005,33.491890401123115
0.007805204460670935,1.0035219346410391,70.24653542487273,0.30481945074239536,0.7021439796207206,9.284294257778917e-05,-0.09646222695986713,-0.8630997510317253,-0.5457901667229877,33.62950518740675
0.007837084365762833,1.003536353402262,70.24754473815835,0.30483925625622393,0.7021531016529464,9.285469073955651e-05,-0.09646644668842036,-0.8630975080026926,-0.5457736961653249,33.76768874438519
0.007869094482478757,1.0035508313316737,70.24855819321715,0.3048591436556135,0.7021622609228723,9.286648800775605e-05,-0.096470683744246,-0.863095255889992,-0.5457571582468106,33.906443449770784
0.007901235342660524,1.0035653686732038,70.24957580712426,0.3048791132831669,0.7021714575824243,9.287833459221411e-05,-0.09647493819887025,-0.8630929946571579,-0.545740552691616,34.04577169143238
0.00793350748032226,1.0035799656717963,70.25059759702575,0.30489916548295337,0.7021806917841467,9.289023070369066e-05,-0.09647921012411752,-0.8630907242675812,-0.5457238792227794,34.185675867440544
0.007965911431659213,1.0035946225734145,70.25162358013901,0.3049193006005149,0.7021899636812055,9.290217655388402e-05,-0.09648349959211172,-0.8630884446845081,-0.5457071375622028,34.326158386112674
0.007998447735056684,1.0036093396250456,70.2526537737532,0.3049395189828733,0.7021992734273913,9.291417235543472e-05,-0.09648780667527787,-0.8630861558710403,-0.5456903274306469,34.46722166605854
0.008031116931099005,1.0036241170747042,70.2536881952293,0.30495982097853647,0.7022086211771214,9.292621832193048e-05,-0.09649213144634293,-0.8630838577901341,-0.5456734485477261,34.60886813622622
0.008063919562578485,1.0036389551714375,70.25472686200062,0.3049802069375049,0.702218007085442,9.293831466791092e-05,-0.09649647397833744,-0.8630815504045996,-0.5456565006319047,34.751100235947916
0.00809685617450442,1.003653854165329,70.25576979157303,0.3050006772112788,0.7022274313080316,9.295046160887147e-05,-0.09650083434459655,-0.8630792336771007,-0.5456394834004902,34.893920414986084
0.00812992731411217,1.0036688143075028,70.25681700152519,0.3050212321528645,0.7022368940012025,9.296265936126835e-05,-0.09650521261876147,-0.8630769075701541,-0.5456223965696302,35.037331133579876
0.00816313353087226,1.0036838358501288,70.25786850950901,0.305041872116781,0.7022463953219046,9.297490814252321e-05,-0.0965096088747807,-0.8630745720461289,-0.5456052398543076,35.18133486249189
0.008196475376499505,1.0036989190464267,70.25892433324987,0.30506259745906744,0.702255935427727,9.298720817102763e-05,-0.09651402318691149,-0.8630722270672462,-0.5455880129683353,35.32593408305491
0.008229953404962112,1.00371406415067,70.25998449054691,0.3050834085372889,0.7022655144769007,9.299955966614761e-05,-0.09651845562972086,-0.863069872595578,-0.5455707156243506,35.47113128721873
0.008263568172490998,1.003729271418192,70.26104899927344,0.3051043057105439,0.7022751326283024,9.301196284822862e-05,-0.09652290627808728,-0.8630675085930476,-0.5455533475338126,35.61692897759794
0.008297320237588956,1.0037445411053878,70.26211787737715,0.3051252893394715,0.7022847900414553,9.302441793859992e-05,-0.09652737520720168,-0.863065135021428,-0.5455359084069951,35.76332966751903
0.008331210161039942,1.0037598734697208,70.26319114288046,0.30514635978625726,0.7022944868765331,9.30369251595796e-05,-0.09653186249256897,-0.8630627518423419,-0.5455183979529823,35.910335881068285
0.008365238505918395,1.0037752687697268,70.26426881388088,0.30516751741464115,0.7023042232943617,9.304948473447887e-05,-0.09653636821000931,-0.863060359017261,-0.5455008158796644,36.05795015313964
0.008399405837598618,1.0037907272650184,70.26535090855128,0.30518876258992395,0.7023139994564229,9.30620968876075e-05,-0.09654089243565951,-0.8630579565075056,-0.545483161893733,36.20617502948309
0.008433712723764154,1.0038062492162894,70.26643744514026,0.30521009567897434,0.7023238155248563,9.307476184427785e-05,-0.0965454352459743,-0.8630555442742438,-0.5454654357006752,36.35501306675292
0.0084681597344172,1.003821834885319,70.26752844197233,0.30523151705023605,0.7023336716624615,9.308747983081034e-05,-0.09654999671772764,-0.8630531222784908,-0.5454476370047683,36.504466832556375
0.008502747441888092,1.0038374845349782,70.26862391744848,0.3052530270737348,0.702343568032703,9.310025107453798e-05,-0.09655457692801438,-0.863050690481109,-0.545429765509077,36.65453890550258
0.008537476420844842,1.003853198429232,70.26972389004624,0.30527462612108547,0.7023535047997097,9.31130758038111e-05,-0.0965591759542512,-0.8630482488428065,-0.5454118209154457,36.80523187525172
0.008572347248302635,1.003868976833146,70.27082837832022,0.3052963145654993,0.7023634821282799,9.312595424800275e-05,-0.09656379387417831,-0.8630457973241371,-0.5453938029244951,36.956548342564304
0.00860736050363344,1.0038848200128898,70.27193740090229,0.305318092781791,0.7023735001838836,9.313888663751311e-05,-0.0965684307658607,-0.8630433358854999,-0.5453757112356172,37.1084909193507
0.008642516768575657,1.0039007282357428,70.27305097650199,0.30533996114638584,0.7023835591326649,9.31518732037747e-05,-0.09657308670768959,-0.8630408644871378,-0.5453575455469695,37.261062228721165
0.00867781662724376,1.0039167017700972,70.2741691239068,0.30536192003732693,0.7023936591414444,9.316491417925712e-05,-0.09657776177838362,-0.863038383089138,-0.5453393055554694,37.41426490503573
0.008713260666137989,1.0039327408854657,70.2752918619826,0.3053839698342827,0.7024038003777232,9.317800979747267e-05,-0.09658245605699066,-0.8630358916514311,-0.5453209909567915,37.56810159395453
0.008748849474154108,1.0039488458524821,70.27641920967375,0.305406110918554,0.702413983009684,9.319116029298049e-05,-0.09658716962288866,-0.8630333901337898,-0.5453026014453592,37.72257495248834
0.008784583642593213,1.00396501694291,70.27755118600369,0.30542834367308136,0.7024242072061949,9.320436590139235e-05,-0.09659190255578756,-0.8630308784958292,-0.5452841367143426,37.87768764904947
0.008820463765171533,1.0039812544296456,70.2786878100752,0.3054506684824528,0.7024344731368127,9.321762685937724e-05,-0.09659665493573052,-0.8630283566970056,-0.5452655964556512,38.03344236350272
0.008856490438030275,1.0039975585867227,70.27982910107059,0.30547308573291054,0.7024447809717843,9.323094340466705e-05,-0.09660142684309524,-0.8630258246966167,-0.5452469803599296,38.189841787216565
0.008892664259745558,1.0040139296893174,70.28097507825221,0.3054955958123593,0.7024551308820502,9.324431577606089e-05,-0.09660621835859545,-0.8630232824537999,-0.5452282881165518,38.34688862311472
0.00892898583133837,1.0040303680137541,70.28212576096278,0.30551819911037315,0.702465523039248,9.325774421343115e-05,-0.09661102956328256,-0.8630207299275325,-0.545209519413617,38.5045855857281
0.008965455756284515,1.0040468738375092,70.28328116862565,0.30554089601820317,0.702475957615714,9.327122895772803e-05,-0.09661586053854679,-0.863018167076631,-0.5451906739379431,38.66293540124656
0.009002074640524648,1.0040634474392156,70.28444132074509,0.30556368692878505,0.7024864347844864,9.328477025098505e-05,-0.09662071136611865,-0.8630155938597504,-0.545171751375062,38.821940807571195
0.009038843092474384,1.0040800890986694,70.28560623690686,0.3055865722367469,0.702496954719309,9.329836833632437e-05,-0.09662558212807071,-0.863013010235383,-0.545152751409214,38.98160455436709
0.009075761723034367,1.004096799096834,70.28677593677837,0.30560955233841663,0.7025075175946329,9.331202345796185e-05,-0.09663047290681877,-0.8630104161618589,-0.545133673723344,39.14192940311589
0.009112831145600415,1.0041135777158434,70.28795044010904,0.3056326276318295,0.7025181235856202,9.332573586121246e-05,-0.09663538378512332,-0.8630078115973449,-0.5451145179990928,39.30291812716877
0.009150051976073726,1.00413042523901,70.2891297667307,0.30565579851673624,0.7025287728681463,9.333950579249572e-05,-0.09664031484609117,-0.8630051964998434,-0.5450952839167953,39.46457351179982
0.009187424832871128,1.0041473419508282,70.29031393655798,0.30567906539461065,0.7025394656188036,9.335333349934095e-05,-0.09664526617317695,-0.8630025708271927,-0.545075971155473,39.62689835425961
0.009224950336935335,1.0041643281369792,70.29150296958855,0.3057024286686568,0.7025502020149035,9.336721923039254e-05,-0.09665023785018435,-0.8629999345370655,-0.5450565793928299,39.78989546382892
0.009262629111745252,1.0041813840843359,70.29269688590351,0.305725888743818,0.7025609822344792,9.338116323541578e-05,-0.09665522996126781,-0.8629972875869688,-0.545037108305245,39.953567661872746
0.00930046178332634,1.0041985100809698,70.2938957056679,0.3057494460267836,0.7025718064562906,9.339516576530184e-05,-0.09666024259093413,-0.8629946299342435,-0.5450175575677697,40.117917781894604
0.009338448980261062,1.0042157064161534,70.29509944913075,0.3057731009259974,0.7025826748598245,9.340922707207363e-05,-0.0966652758240437,-0.8629919615360628,-0.5449979268541196,40.28294866959131
0.009376591333699252,1.0042329733803674,70.29630813662573,0.3057968538516656,0.7025935876252992,9.3423347408891e-05,-0.09667032974581213,-0.862989282349433,-0.5449782158366708,40.4486631829075
0.009414889477368647,1.004250311265305,70.29752178857134,0.30582070521576454,0.7026045449336672,9.343752703005667e-05,-0.0966754044418119,-0.8629865923311912,-0.5449584241864538,40.61506419209093
0.00945334404758542,1.004267720363877,70.2987404254714,0.3058446554320488,0.7026155469666182,9.345176619102134e-05,-0.09668049999797369,-0.8629838914380066,-0.5449385515731476,40.78215457974781
0.009491955683264748,1.0042852009702172,70.29996406791521,0.30586870491605944,0.7026265939065818,9.346606514838959e-05,-0.09668561650058805,-0.862981179626378,-0.5449185976650743,40.949937240898485
0.009530725025931394,1.0043027533796882,70.30119273657817,0.3058928540851319,0.7026376859367313,9.348042415992564e-05,-0.09669075403630695,-0.8629784568526342,-0.5448985621291946,41.11841508303317
0.009569652719730395,1.0043203778888856,70.302426452222,0.3059171033584042,0.7026488232409851,9.349484348455866e-05,-0.09669591269214518,-0.8629757230729336,-0.5448784446311001,41.287591026168194
0.00960873941143778,1.0043380747956434,70.30366523569504,0.30594145315682497,0.7026600060040118,9.350932338238858e-05,-0.09670109255548208,-0.8629729782432626,-0.5448582448350097,41.45746800290257
0.009647985750471298,1.0043558443990397,70.30490910793277,0.3059659039031621,0.7026712344112311,9.352386411469208e-05,-0.0967062937140629,-0.8629702223194357,-0.5448379624037616,41.62804895847464
0.009687392388901187,1.0043736869994024,70.30615808995817,0.30599045602201025,0.7026825086488192,9.353846594392808e-05,-0.0967115162560007,-0.8629674552570947,-0.5448175969988108,41.79933685081893
0.009726959981461026,1.0043916028983133,70.30741220288193,0.30601510993979997,0.7026938289037097,9.355312913374354e-05,-0.09671676026977755,-0.8629646770117081,-0.5447971482802201,41.971334650623525
0.009766689185558649,1.0044095923986152,70.30867146790307,0.30603986608480527,0.7027051953635979,9.356785394897926e-05,-0.09672202584424638,-0.8629618875385701,-0.5447766159066575,42.144045341387724
0.009806580661287,1.0044276558044152,70.30993590630906,0.3060647248871528,0.7027166082169439,9.358264065567616e-05,-0.09672731306863248,-0.8629590867928004,-0.544755999535387,42.31747191947969
0.009846635071435138,1.004445793421091,70.31120553947638,0.30608968677882964,0.7027280676529747,9.359748952108046e-05,-0.096732622032535,-0.8629562747293436,-0.5447352988222651,42.49161739419456
0.009886853081499265,1.0044640055552982,70.31248038887088,0.3061147521936917,0.7027395738616887,9.361240081365012e-05,-0.09673795282592881,-0.8629534513029676,-0.5447145134217359,42.666484787813005
0.009927235359693762,1.0044822925149721,70.31376047604805,0.306139921567473,0.7027511270338581,9.362737480306069e-05,-0.09674330553916584,-0.8629506164682645,-0.5446936429868218,42.84207713565978
0.009967782576962273,1.004500654609336,70.31504582265352,0.30616519533779324,0.7027627273610314,9.364241176021117e-05,-0.09674868026297682,-0.8629477701796489,-0.544672687169121,43.0183974861626
0.010008495406988872,1.004519092148906,70.31633645042342,0.306190573944167,0.702774375035538,9.365751195723018e-05,-0.09675407708847295,-0.8629449123913568,-0.5446516456188004,43.19544890091146
0.01004937452620929,1.0045376054454953,70.31763238118467,0.30621605782801214,0.70278607025049,9.367267566748189e-05,-0.09675949610714743,-0.8629420430574466,-0.5446305179845885,43.37323445471832
0.010090420613822077,1.0045561948122224,70.31893363685556,0.30624164743265886,0.7027978131997873,9.368790316557205e-05,-0.09676493741087733,-0.8629391621317968,-0.5446093039137716,43.551757235676604
0.010131634351799972,1.0045748605635134,70.32024023944594,0.3062673432033575,0.7028096040781178,9.370319472735431e-05,-0.09677040109192482,-0.862936269568106,-0.5445880030521868,43.73102034522162
0.010173016424901147,1.0045936030151104,70.32155221105772,0.3062931455872885,0.7028214430809628,9.371855062993644e-05,-0.09677588724293923,-0.8629333653198923,-0.5445666150442152,43.91102689819072
0.01021456752068068,1.0046124224840753,70.32286957388527,0.3063190550335701,0.7028333304046005,9.373397115168594e-05,-0.0967813959569585,-0.8629304493404929,-0.5445451395327777,44.09178002288423
0.010256288329501876,1.0046313192887966,70.32419235021575,0.3063450719932679,0.7028452662461079,9.37494565722371e-05,-0.096786927327411,-0.8629275215830624,-0.5445235761593272,44.27328286112616
0.010298179544547838,1.004650293748994,70.32552056242959,0.30637119691940334,0.7028572508033644,9.376500717249653e-05,-0.096792481448117,-0.8629245820005733,-0.5445019245638442,44.45553856832586
0.010340241861832898,1.0046693461857257,70.3268542330008,0.30639743026696303,0.7028692842750557,9.378062323464981e-05,-0.09679805841329057,-0.8629216305458147,-0.5444801843848291,44.63855031353925
0.010382475980214224,1.0046884769213915,70.32819338449741,0.3064237724929074,0.7028813668606759,9.379630504216794e-05,-0.09680365831754108,-0.8629186671713915,-0.5444583552592968,44.822321279530875
0.010424882601403451,1.004707686279742,70.32953803958193,0.3064502240561797,0.7028934987605326,9.381205287981319e-05,-0.09680928125587515,-0.8629156918297243,-0.5444364368227717,45.006854662836226
0.010467462429978277,1.0047269745858807,70.33088822101165,0.3064767854177154,0.7029056801757481,9.382786703364599e-05,-0.09681492732369804,-0.8629127044730481,-0.5444144287092786,45.19215367382395
0.01051021617339425,1.0047463421662735,70.33224395163914,0.3065034570404508,0.7029179113082644,9.384374779103123e-05,-0.09682059661681576,-0.8629097050534122,-0.5443923305513406,45.378221536759
0.010553144541996429,1.0047657893487512,70.33360525441257,0.30653023938933266,0.7029301923608458,9.385969544064458e-05,-0.09682628923143632,-0.862906693522679,-0.5443701419799691,45.56506148986533
0.010596248249031286,1.0047853164625173,70.33497215237621,0.3065571329313272,0.7029425235370815,9.387571027247921e-05,-0.0968320052641719,-0.8629036698325236,-0.5443478626246595,45.75267678538978
0.010639528010658464,1.0048049238381536,70.33634466867075,0.3065841381354292,0.7029549050413908,9.389179257785193e-05,-0.09683774481204034,-0.862900633934433,-0.5443254921133844,45.94107068966537
0.010682984545962759,1.0048246118076256,70.33772282653379,0.3066112554726717,0.7029673370790246,9.390794264941055e-05,-0.09684350797246699,-0.8628975857797053,-0.5443030300725882,46.13024648317577
0.010726618576965994,1.004844380704289,70.33910664930023,0.30663848541613475,0.7029798198560703,9.392416078113941e-05,-0.0968492948432864,-0.8628945253194495,-0.5442804761271797,46.32020746061921
0.010770430828639052,1.004864230862895,70.34049616040265,0.30666582844095536,0.7029923535794538,9.39404472683672e-05,-0.0968551055227441,-0.8628914525045843,-0.5442578299005254,46.51095693097349
0.010814422028913945,1.0048841626195968,70.34189138337177,0.3066932850243367,0.7030049384569439,9.395680240777245e-05,-0.09686094010949843,-0.8628883672858373,-0.5442350910144447,46.7024982175609
0.010858592908695843,1.0049041763119557,70.3432923418369,0.30672085564555734,0.7030175746971554,9.397322649739142e-05,-0.09686679870262228,-0.8628852696137449,-0.5442122590892029,46.89483465811342
0.010902944201875294,1.0049242722789467,70.34469905952626,0.3067485407859813,0.7030302625095525,9.398971983662385e-05,-0.09687268140160481,-0.8628821594386511,-0.5441893337435034,47.087969604838484
0.010947476645340341,1.0049444508609648,70.34611156026754,0.30677634092906725,0.7030430021044525,9.400628272624051e-05,-0.09687858830635347,-0.8628790367107069,-0.5441663145944834,47.281906424484795
0.010992190978988844,1.004964712399831,70.34752986798817,0.30680425656037813,0.7030557936930287,9.402291546838959e-05,-0.09688451951719548,-0.8628759013798697,-0.544143201257706,47.47664849840881
0.01103708794574069,1.0049850572387988,70.34895400671591,0.3068322881675909,0.7030686374873142,9.40396183666039e-05,-0.09689047513487986,-0.8628727533959025,-0.5441199933471546,47.67219922264106
0.011082168291550221,1.0050054857225597,70.35038400057917,0.3068604362405064,0.7030815337002059,9.405639172580743e-05,-0.09689645526057927,-0.8628695927083733,-0.5440966904752251,47.86856200795343
0.011127432765418546,1.0050259981972498,70.35181987380749,0.3068887012710589,0.7030944825454669,9.407323585232242e-05,-0.09690245999589171,-0.8628664192666542,-0.5440732922527209,48.06574027992601
0.011172882119406069,1.0050465950104557,70.3532616507319,0.306917083753326,0.7031074842377311,9.409015105387677e-05,-0.09690848944284239,-0.8628632330199206,-0.5440497982888449,48.263737479015184
0.011218517108644905,1.0050672765112216,70.35470935578552,0.30694558418353857,0.7031205389925061,9.41071376396103e-05,-0.09691454370388569,-0.8628600339171513,-0.5440262081911944,48.46255706062105
0.011264338491351463,1.005088043050054,70.35616301350377,0.3069742030600904,0.7031336470261769,9.412419592008252e-05,-0.09692062288190681,-0.8628568219071262,-0.5440025215657526,48.662202495156
0.011310347028839082,1.0051088949789297,70.35762264852508,0.3070029408835485,0.7031468085560094,9.414132620727936e-05,-0.09692672708022392,-0.8628535969384273,-0.5439787380168841,48.86267726811335
0.011356543485530586,1.0051298326513007,70.35908828559106,0.30703179815666315,0.7031600238001542,9.415852881462045e-05,-0.09693285640258968,-0.862850358959437,-0.5439548571473258,49.063984880135955
0.011402928628971097,1.0051508564221017,70.36055994954711,0.30706077538437737,0.70317329297765,9.417580405696639e-05,-0.09693901095319343,-0.8628471079183373,-0.5439308785581828,49.26612884708599
0.011449503229840674,1.0051719666477548,70.36203766534284,0.3070898730738377,0.7031866163084268,9.41931522506256e-05,-0.09694519083666284,-0.8628438437631095,-0.5439068018489188,49.469112700113975
0.011496268061967229,1.0051931636861788,70.36352145803252,0.30711909173440444,0.7031999940133111,9.421057371336221e-05,-0.09695139615806611,-0.8628405664415334,-0.5438826266173521,49.672939985729336
0.011543223902339275,1.005214447896792,70.36501135277544,0.3071484318776607,0.7032134263140271,9.422806876440277e-05,-0.09695762702291336,-0.8628372759011864,-0.543858352459647,49.877614265870214
0.01159037153111894,1.0052358196405216,70.36650737483652,0.3071778940174244,0.7032269134332022,9.42456377244442e-05,-0.09696388353715918,-0.8628339720894426,-0.5438339789703072,50.08313911797457
0.011637711731654834,1.0052572792798085,70.36800954958659,0.3072074786697572,0.7032404555943703,9.426328091566049e-05,-0.09697016580720402,-0.8628306549534727,-0.5438095057421697,50.28951813505072
0.011685245290495154,1.0052788271786155,70.36951790250309,0.3072371863529755,0.7032540530219754,9.42809986617108e-05,-0.09697647393989661,-0.8628273244402425,-0.5437849323663979,50.496754925749244
0.01173297299740067,1.005300463702431,70.37103245917017,0.3072670175876609,0.703267705941374,9.429879128774655e-05,-0.0969828080425352,-0.8628239804965127,-0.5437602584324726,50.70485311443419
0.011780895645357888,1.0053221892182784,70.37255324527949,0.3072969728966703,0.7032814145788413,9.4316659120419e-05,-0.0969891682228703,-0.8628206230688378,-0.5437354835281882,50.913816341255405
0.011829014030592257,1.0053440040947217,70.37408028663052,0.3073270528051469,0.7032951791615732,9.433460248788718e-05,-0.09699555458910614,-0.8628172521035657,-0.5437106072396436,51.12364826222114
0.011877328952581308,1.0053659087018718,70.37561360913102,0.3073572578405303,0.7033089999176902,9.435262171982475e-05,-0.09700196724990279,-0.8628138675468366,-0.5436856291512362,51.33435254927034
0.01192584121406805,1.005387903411393,70.37715323879752,0.3073875885325677,0.7033228770762417,9.437071714742848e-05,-0.09700840631437808,-0.8628104693445825,-0.5436605488456532,51.5459328903464
0.011974551621074192,1.005409988596511,70.37869920175578,0.3074180454133239,0.7033368108672092,9.438888910342527e-05,-0.0970148718921097,-0.8628070574425262,-0.5436353659038677,51.75839298947009
0.012023460982913648,1.005432164632018,70.38025152424126,0.3074486290171928,0.7033508015215103,9.440713792208068e-05,-0.09702136409313698,-0.8628036317861809,-0.5436100799051281,51.97173656681404
0.01207257011220587,1.0054544318942802,70.38181023259962,0.30747933988090764,0.7033648492710027,9.442546393920563e-05,-0.09702788302796322,-0.862800192320849,-0.5435846904269535,52.18596735877636
0.012121879824889468,1.0054767907612447,70.38337535328714,0.30751017854355206,0.7033789543484877,9.444386749216518e-05,-0.09703442880755725,-0.8627967389916217,-0.543559197045125,52.40108911805588
0.012171390940235657,1.0054992416124469,70.38494691287129,0.307541145546571,0.7033931169877148,9.446234891988617e-05,-0.09704100154335601,-0.8627932717433782,-0.5435335993336798,52.61710561372666
0.012221104280861926,1.0055217848290152,70.38652493803106,0.30757224143378176,0.7034073374233837,9.448090856286474e-05,-0.097047601347266,-0.8627897905207845,-0.5435078968649028,52.83402063131355
0.01227102067274573,1.0055444207936806,70.38810945555764,0.30760346675138495,0.7034216158911506,9.449954676317478e-05,-0.09705422833166584,-0.8627862952682934,-0.54348208920932,53.05183797286808
0.012321140945238134,1.0055671498907817,70.38970049235472,0.30763482204797526,0.7034359526276301,9.451826386447579e-05,-0.09706088260940793,-0.8627827859301429,-0.5434561759356918,53.27056145704425
0.012371465931077689,1.0055899725062722,70.39129807543905,0.30766630787455335,0.7034503478704001,9.453706021202075e-05,-0.09706756429382069,-0.862779262450356,-0.5434301566110041,53.4901949191754
0.012421996466404166,1.005612889027728,70.39290223194097,0.3076979247845362,0.7034648018580051,9.455593615266453e-05,-0.09707427349871049,-0.8627757247727398,-0.543404030800462,53.710742211350706
0.012472733390772553,1.0056358998443549,70.39451298910484,0.3077296733337691,0.7034793148299614,9.457489203487192e-05,-0.09708101033836418,-0.8627721728408845,-0.5433777980674832,53.93220720249288
0.0125236775471669,1.0056590053469932,70.39613037428953,0.3077615540805361,0.7034938870267589,9.459392820872559e-05,-0.09708777492755034,-0.8627686065981629,-0.5433514579736887,54.15459377843537
0.01257482978201443,1.0056822059281278,70.39775441496894,0.30779356758557247,0.7035085186898669,9.461304502593483e-05,-0.09709456738152222,-0.8627650259877295,-0.5433250100788969,54.37790584200088
0.01262619094519949,1.0057055019818935,70.39938513873254,0.30782571441207507,0.7035232100617376,9.463224283984331e-05,-0.09710138781601939,-0.8627614309525196,-0.5432984539411154,54.6021473130793
0.012677761890077794,1.0057288939040827,70.40102257328579,0.3078579951257146,0.7035379613858095,9.465152200543795e-05,-0.09710823634726995,-0.8627578214352487,-0.5432717891165344,54.82732212870706
0.012729543473490488,1.0057523820921517,70.40266674645062,0.30789041029464653,0.7035527729065117,9.467088287935685e-05,-0.09711511309199256,-0.8627541973784116,-0.5432450151595177,55.053434243145915
0.012781536555778442,1.0057759669452297,70.40431768616608,0.3079229604895234,0.7035676448692689,9.469032581989802e-05,-0.09712201816739889,-0.8627505587242819,-0.5432181316225968,55.28048762796274
0.012833742000796575,1.0057996488641245,70.40597542048872,0.30795564628350575,0.7035825775205035,9.470985118702774e-05,-0.09712895169119536,-0.8627469054149104,-0.5431911380564622,55.50848627210973
0.01288616067592812,1.0058234282513299,70.40763997759309,0.30798846825227444,0.7035975711076412,9.472945934238898e-05,-0.09713591378158559,-0.8627432373921252,-0.5431640340099557,55.73743418200439
0.01293879345209914,1.0058473055110333,70.40931138577233,0.30802142697404183,0.7036126258791146,9.474915064931051e-05,-0.0971429045572724,-0.8627395545975305,-0.5431368190300639,55.96733538161094
0.01299164120379289,1.0058712810491235,70.41098967343865,0.3080545230295644,0.7036277420843673,9.476892547281473e-05,-0.09714992413746008,-0.862735856972506,-0.5431094926619093,56.19819391252089
0.013044704809064457,1.0058953552731968,70.41267486912378,0.30808775700215385,0.7036429199738574,9.478878417962713e-05,-0.09715697264185646,-0.8627321444582055,-0.5430820544487431,56.43001383403536
0.013097985149555237,1.0059195285925664,70.41436700147965,0.3081211294776895,0.7036581597990632,9.480872713818445e-05,-0.09716405019067535,-0.862728416995557,-0.5430545039319382,56.662799223246495
0.013151483110507694,1.0059438014182671,70.4160660992787,0.30815464104463036,0.7036734618124851,9.482875471864398e-05,-0.09717115690463834,-0.8627246745252611,-0.5430268406509793,56.89655417512052
0.013205199580779958,1.0059681741630657,70.4177721914146,0.3081882922940271,0.7036888262676522,9.484886729289181e-05,-0.09717829290497754,-0.8627209169877907,-0.5429990641434579,57.13128280258009
0.013259135452860707,1.005992647241466,70.41948530690262,0.30822208381953403,0.703704253419124,9.486906523455216e-05,-0.09718545831343722,-0.8627171443233899,-0.5429711739450621,57.36698923658806
0.013313291622883893,1.0060172210697176,70.42120547488022,0.30825601621742155,0.7037197435224967,9.488934891899643e-05,-0.09719265325227654,-0.8627133564720733,-0.54294316958957,57.603677626230876
0.013367668990643676,1.0060418960658237,70.42293272460766,0.3082900900865884,0.703735296834406,9.490971872335157e-05,-0.09719987784427152,-0.8627095533736251,-0.5429150506088418,57.84135213880275
0.01342226845960941,1.0060666726495477,70.42466708546834,0.3083243060285738,0.703750913612532,9.493017502650983e-05,-0.09720713221271733,-0.8627057349675984,-0.5428868165328111,58.080016959890536
0.013477090936940574,1.0060915512424218,70.42640858696953,0.3083586646475703,0.7037665941156033,9.49507182091374e-05,-0.09721441648143071,-0.8627019011933145,-0.5428584668894771,58.31967629345829
0.013532137333501929,1.0061165322677537,70.42815725874276,0.3083931665504356,0.7037823386034007,9.497134865368387e-05,-0.09722173077475205,-0.8626980519898613,-0.5428300012048979,58.5603343619331
0.01358740856387856,1.0061416161506356,70.42991313054449,0.3084278123467055,0.7037981473367627,9.499206674439103e-05,-0.0972290752175478,-0.8626941872960936,-0.5428014190031806,58.80199540629053
0.013642905546391183,1.0061668033179503,70.43167623225652,0.3084626026486067,0.7038140205775888,9.501287286730275e-05,-0.09723644993521267,-0.8626903070506318,-0.542772719806474,59.044663686141405
0.013698629203111276,1.0061920941983806,70.43344659388664,0.3084975380710689,0.7038299585888436,9.50337674102737e-05,-0.09724385505367208,-0.8626864111918603,-0.542743903134961,59.288343479818025
0.01375458045987653,1.0062174892224158,70.4352242455691,0.3085326192317378,0.7038459616345618,9.505475076297887e-05,-0.09725129069938429,-0.8626824996579282,-0.5427149685068497,59.53303908446178
0.013810760246306114,1.0062429888223605,70.43700921756523,0.30856784675098803,0.7038620299798525,9.507582331692343e-05,-0.09725875699934293,-0.8626785723867471,-0.5426859154383664,59.77875481611046
0.013867169495816184,1.0062685934323423,70.43880154026397,0.3086032212519358,0.7038781638909034,9.509698546545162e-05,-0.09726625408107926,-0.8626746293159908,-0.5426567434437458,60.02549500978637
0.013923809145635412,1.006294303488319,70.44060124418233,0.308638743360452,0.7038943636349849,9.511823760375664e-05,-0.09727378207266446,-0.8626706703830946,-0.5426274520352234,60.27326401958507
0.013980680136820477,1.0063201194280864,70.44240835996605,0.308674413705175,0.7039106294804542,9.513958012888991e-05,-0.09728134110271189,-0.8626666955252543,-0.5425980407230275,60.522066218763904
0.014037783414271804,1.0063460416912888,70.44422291839022,0.3087102329175238,0.7039269616967614,9.516101343977127e-05,-0.09728893130037991,-0.8626627046794253,-0.5425685090153716,60.771905999831894
0.014095119926749151,1.0063720707194233,70.44604495035962,0.3087462016317112,0.7039433605544514,9.518253793719831e-05,-0.0972965527953737,-0.8626586977823215,-0.5425388564184438,61.022787774639106
0.014152690626887485,1.006398206955851,70.44787448690957,0.30878232048475707,0.7039598263251708,9.520415402385597e-05,-0.09730420571794815,-0.8626546747704151,-0.542509082436401,61.2747159744674
0.014210496471212706,1.006424450845803,70.44971155920621,0.3088185901165013,0.7039763592816703,9.522586210432693e-05,-0.09731189019890979,-0.8626506355799353,-0.5424791865713585,61.527695050120855
0.014268538420157639,1.00645080283639,70.45155619854731,0.30885501116961755,0.7039929596978113,9.524766258510094e-05,-0.09731960636961973,-0.8626465801468675,-0.5424491683233836,61.78172947201739
0.014326817438077882,1.0064772633766093,70.45340843636265,0.3088915842896263,0.7040096278485678,9.52695558745849e-05,-0.09732735436199551,-0.8626425084069524,-0.5424190271904842,62.03682373027993
0.014385334493267954,1.006503832917354,70.45526830421477,0.3089283101249085,0.7040263640100329,9.529154238311313e-05,-0.09733513430851409,-0.8626384202956853,-0.5423887626686038,62.29298233482923
0.014444090557977267,1.00653051191142,70.4571358337994,0.3089651893267193,0.7040431684594232,9.531362252295708e-05,-0.0973429463422139,-0.862634315748315,-0.5423583742516096,62.55020981547596
0.014503086608426327,1.0065573008135162,70.45901105694614,0.30900222254920107,0.7040600414750823,9.533579670833577e-05,-0.09735079059669753,-0.8626301946998433,-0.5423278614312862,62.808510722014034
0.014562323624823008,1.0065842000802712,70.46089400561898,0.3090394104493979,0.7040769833364862,9.535806535542557e-05,-0.09735866720613418,-0.8626260570850235,-0.5422972236973265,63.067889624314425
0.014621802591378722,1.0066112101702416,70.46278471191691,0.3090767536872686,0.7040939943242474,9.538042888237094e-05,-0.09736657630526192,-0.8626219028383603,-0.5422664605373223,63.32835111241875
0.014681524496324892,1.0066383315439216,70.4646832080745,0.30911425292570105,0.70411107472012,9.540288770929424e-05,-0.09737451802939048,-0.8626177318941085,-0.5422355714367563,63.589899796634334
0.014741490331929265,1.006665564663751,70.46658952646257,0.30915190883052585,0.7041282248070043,9.542544225830623e-05,-0.09738249251440373,-0.862613544186272,-0.5422045558789933,63.85254030762875
0.014801701094512495,1.0066929099941224,70.46850369958857,0.30918972207053047,0.7041454448689505,9.544809295351697e-05,-0.09739049989676185,-0.8626093396486033,-0.5421734133452704,64.11627729652585
0.014862157784464603,1.0067203680013923,70.47042576009746,0.30922769331747313,0.7041627351911648,9.547084022104546e-05,-0.09739854031350441,-0.8626051182146022,-0.5421421433146905,64.38111543500125
0.014922861406261695,1.006747939153887,70.47235574077209,0.3092658232460969,0.7041800960600125,9.549368448903095e-05,-0.09740661390225237,-0.8626008798175152,-0.5421107452642113,64.64705941537936
0.014983812968482562,1.0067756239219128,70.4742936745339,0.30930411253414425,0.7041975277630249,9.551662618764302e-05,-0.09741472080121116,-0.8625966243903347,-0.542079218668637,64.9141139507299
0.015045013483825474,1.006803422777764,70.47623959444348,0.30934256186237075,0.7042150305889012,9.553966574909264e-05,-0.09742286114917274,-0.8625923518657977,-0.5420475630006101,65.18228377496561
0.015106463969125055,1.006831336195732,70.47819353370123,0.30938117191456016,0.7042326048275154,9.55628036076427e-05,-0.09743103508551851,-0.8625880621763855,-0.5420157777306013,65.45157364294049
0.01516816544536907,1.0068593646521136,70.48015552564794,0.30941994337753803,0.7042502507699201,9.558604019961882e-05,-0.09743924275022181,-0.862583755254322,-0.5419838623269015,65.72198833054775
0.01523011893771551,1.00688750862522,70.4821256037654,0.3094588769411869,0.7042679687083523,9.560937596342025e-05,-0.0974474842838506,-0.8625794310315735,-0.5419518162556127,65.99353263481936
0.015292325475509504,1.0069157685953856,70.484103801677,0.3094979732984604,0.7042857589362361,9.56328113395308e-05,-0.09745575982756982,-0.862575089439848,-0.541919638980638,66.26621137402508
0.015354786092300541,1.0069441450449763,70.48609015314834,0.3095372331453981,0.7043036217481898,9.56563467705299e-05,-0.09746406952314433,-0.862570730410593,-0.5418873299636736,66.540029387773
0.015417501825859523,1.0069726384583997,70.48808469208798,0.3095766571811404,0.7043215574400297,9.567998270110367e-05,-0.09747241351294149,-0.862566353874996,-0.5418548886641992,66.81499153710955
0.015480473718196129,1.0070012493221128,70.4900874525479,0.30961624610794325,0.7043395663087744,9.570371957805583e-05,-0.09748079193993354,-0.8625619597639833,-0.5418223145394685,67.09110270462106
0.015543702815576004,1.0070299781246304,70.49209846872412,0.30965600063119253,0.7043576486526507,9.572755785031919e-05,-0.09748920494770055,-0.8625575480082183,-0.5417896070445002,67.36836779453482
0.015607190168538265,1.0070588253565365,70.49411777495756,0.3096959214594199,0.7043758047710982,9.575149796896673e-05,-0.09749765268043313,-0.8625531185381013,-0.5417567656320699,67.64679173282175
0.01567093683191285,1.0070877915104908,70.49614540573435,0.30973600930431716,0.7043940349647735,9.577554038722314e-05,-0.0975061352829348,-0.8625486712837689,-0.5417237897526982,67.92637946729855
0.01573494386483809,1.0071168770812398,70.49818139568679,0.3097762648807518,0.7044123395355565,9.579968556047587e-05,-0.09751465290062508,-0.8625442061750918,-0.541690678854645,68.20713596773103
0.01579921233077835,1.0071460825656238,70.50022577959366,0.309816688906782,0.7044307187865539,9.582393394628711e-05,-0.09752320567954195,-0.8625397231416752,-0.5416574323838954,68.48906622593807
0.015863743297541585,1.007175408462588,70.50227859238116,0.30985728210367164,0.7044491730221047,9.584828600440459e-05,-0.09753179376634451,-0.8625352221128574,-0.5416240497841556,68.7721752558952
0.015928537837297228,1.007204855273191,70.50433986912337,0.30989804519590647,0.7044677025477861,9.587274219677422e-05,-0.09754041730831613,-0.8625307030177087,-0.5415905304968394,69.05646809384027
0.01599359702659385,1.0072344235006137,70.50640964504295,0.3099389789112088,0.704486307670417,9.589730298755066e-05,-0.09754907645336676,-0.8625261657850306,-0.5415568739610601,69.34194979837777
0.01605892194637719,1.007264113650169,70.50848795551182,0.3099800839805534,0.7045049886980641,9.592196884310996e-05,-0.09755777135003589,-0.8625216103433551,-0.5415230796136217,69.62862545058559
0.016124513682007974,1.0072939262293115,70.5105748360518,0.3100213611381829,0.7045237459400464,9.5946740232061e-05,-0.09756650214749539,-0.8625170366209433,-0.5414891468890082,69.91650015412065
0.016190373323280105,1.0073238617476454,70.51267032233518,0.3100628111216239,0.7045425797069401,9.597161762525725e-05,-0.09757526899555208,-0.8625124445457848,-0.5414550752193743,70.20557903532661
0.01625650196443861,1.007353920716936,70.51477445018551,0.3101044346717022,0.7045614903105849,9.599660149580896e-05,-0.0975840720446508,-0.8625078340455968,-0.5414208640345362,70.4958672433406
0.01632290070419795,1.0073841036511175,70.51688725557823,0.31014623253255896,0.7045804780640875,9.602169231909552e-05,-0.0975929114458771,-0.8625032050478231,-0.5413865127619617,70.78736995020205
0.016389570645760198,1.0074144110663037,70.51900877464126,0.31018820545166687,0.7045995432818278,9.604689057277661e-05,-0.09760178735096002,-0.8624985574796329,-0.5413520208267603,71.08009235096067
0.016456512896833368,1.007444843480796,70.52113904365572,0.31023035417984574,0.7046186862794632,9.607219673680553e-05,-0.09761069991227496,-0.8624938912679203,-0.5413173876516729,71.374039663786
0.016523728569649905,1.0074754014150957,70.5232780990567,0.310272679471279,0.704637907373936,9.609761129344059e-05,-0.09761964928284687,-0.8624892063393029,-0.541282612657064,71.66921713007721
0.01659121878098504,1.0075060853919104,70.52542597743373,0.3103151820835297,0.7046572068834746,9.612313472725796e-05,-0.09762863561635245,-0.8624845026201213,-0.5412476952609091,71.96563001457315
0.016658984652175458,1.0075368959361657,70.5275827155316,0.3103578627775568,0.704676585127602,9.614876752516386e-05,-0.09763765906712354,-0.862479780036438,-0.5412126348787869,72.26328360546363
0.016727027309137832,1.007567833575015,70.52974835025104,0.31040072231773186,0.7046960424271405,9.61745101764072e-05,-0.09764671979015002,-0.8624750385140361,-0.5411774309238685,72.5621832145005
0.016795347882387627,1.0075988988378477,70.53192291864934,0.31044376147185504,0.7047155791042159,9.620036317259204e-05,-0.09765581794108247,-0.8624702779784187,-0.5411420828069073,72.86233417711013
0.016863947507057775,1.0076300922563017,70.53410645794112,0.31048698101117195,0.7047351954822634,9.622632700769009e-05,-0.09766495367623526,-0.862465498354808,-0.5411065899362303,73.1637418525056
0.01693282732291766,1.0076614143642704,70.53629900549893,0.31053038171039044,0.7047548918860332,9.625240217805384e-05,-0.09767412715258952,-0.8624606995681443,-0.5410709517177256,73.46641162380051
0.01700198847439193,1.0076928656979143,70.538500598854,0.3105739643476971,0.704774668641595,9.627858918242893e-05,-0.09768333852779591,-0.8624558815430845,-0.5410351675548346,73.77034889812224
0.017071432110579574,1.0077244467956703,70.54071127569692,0.3106177297047739,0.7047945260763439,9.630488852196738e-05,-0.09769258796017777,-0.8624510442040021,-0.5409992368485406,74.07555910672662
0.017141159385273066,1.0077561581982626,70.54293107387838,0.31066167856681565,0.7048144645190059,9.633130070024026e-05,-0.09770187560873403,-0.8624461874749856,-0.5409631589973595,74.38204770511324
0.017211171456977398,1.0077880004487116,70.54516003140982,0.31070581172254613,0.704834484299643,9.6357826223251e-05,-0.09771120163314226,-0.8624413112798374,-0.5409269333973294,74.6898201731404
0.017281469488929488,1.0078199740923444,70.54739818646411,0.31075012996423623,0.7048545857496581,9.638446559944824e-05,-0.0977205661937614,-0.8624364155420734,-0.5408905594419993,74.99888201514214
0.01735205464911735,1.0078520796768056,70.5496455773764,0.3107946340877209,0.7048747692018015,9.64112193397393e-05,-0.09772996945163538,-0.8624315001849214,-0.5408540365224195,75.30923876004428
0.01742292811029965,1.007884317752067,70.5519022426447,0.31083932489241617,0.7048950349901761,9.643808795750326e-05,-0.0977394115684957,-0.8624265651313208,-0.5408173640271317,75.62089596148259
0.017494091050025053,1.007916688870438,70.55416822093066,0.3108842031813368,0.7049153834502421,9.64650719686044e-05,-0.0977488927067645,-0.8624216103039208,-0.5407805413421577,75.93385919792026
0.01756554465065192,1.0079491935865754,70.55644355106028,0.31092926976111346,0.7049358149188227,9.649217189140566e-05,-0.09775841302955783,-0.8624166356250803,-0.5407435678509895,76.24813407276712
0.017637290099367816,1.0079818324574943,70.5587282720246,0.3109745254420104,0.7049563297341109,9.651938824678207e-05,-0.09776797270068854,-0.8624116410168663,-0.5407064429345794,76.56372621449832
0.017709328588209373,1.0080146060425785,70.5610224229805,0.3110199710379433,0.7049769282356734,9.654672155813463e-05,-0.0977775718846696,-0.8624066264010528,-0.5406691659713277,76.88064127677501
0.01778166131408198,1.0080475149035906,70.56332604325134,0.3110656073664969,0.7049976107644564,9.657417235140378e-05,-0.09778721074671694,-0.8624015916991208,-0.5406317363370744,77.1988849385643
0.017854289478779713,1.0080805596046827,70.56563917232779,0.31111143524894275,0.7050183776627924,9.660174115508304e-05,-0.09779688945275276,-0.8623965368322559,-0.5405941534050869,77.51846290426056
0.017927214289005355,1.008113740712407,70.5679618498685,0.3111574555102575,0.7050392292744043,9.662942850023346e-05,-0.09780660816940868,-0.8623914617213485,-0.5405564165460497,77.8393809038077
0.018000436956390333,1.008147058795726,70.57029411570082,0.3112036689791405,0.7050601659444118,9.665723492049681e-05,-0.09781636706402876,-0.8623863662869923,-0.5405185251280543,78.1616446928209
0.018073958697514984,1.0081805144260236,70.57263600982165,0.3112500764880324,0.7050811880193372,9.668516095211021e-05,-0.09782616630467272,-0.8623812504494831,-0.540480478516588,78.48526005271059
0.01814778073392862,1.0082141081771163,70.57498757239814,0.31129667887313317,0.7051022958471107,9.671320713392013e-05,-0.09783600606011943,-0.8623761141288182,-0.5404422760745231,78.81023279080536
0.018221904292169976,1.0082478406252622,70.57734884376835,0.3113434769744206,0.7051234897770758,9.674137400739653e-05,-0.0978458864998695,-0.8623709572446953,-0.5404039171621061,79.13656874047717
0.018296330603787436,1.0082817123491732,70.57971986444213,0.3113904716356683,0.7051447701599958,9.676966211664688e-05,-0.09785580779414901,-0.8623657797165112,-0.540365401136947,79.46427376126567
0.01837106090535965,1.008315723930026,70.58210067510181,0.3114376637044652,0.7051661373480589,9.679807200843138e-05,-0.09786577011391262,-0.8623605814633614,-0.540326727354008,79.7933537390047
0.018446096438515927,1.0083498759514724,70.58449131660306,0.3114850540322331,0.7051875916948845,9.682660423217662e-05,-0.09787577363084675,-0.8623553624040383,-0.5402878951655932,80.123814585948
0.018521438449957014,1.0083841689996498,70.58689182997549,0.3115326434742462,0.7052091335555282,9.68552593399904e-05,-0.09788581851737276,-0.8623501224570309,-0.5402489039213365,80.45566224089688
0.018597088191475677,1.0084186036631937,70.58930225642357,0.31158043288964987,0.7052307632864888,9.688403788667674e-05,-0.0978959049466506,-0.8623448615405234,-0.5402097529681922,80.78890266932748
0.018673046919977555,1.0084531805332466,70.59172263732727,0.31162842314147904,0.705252481245712,9.691294042975028e-05,-0.0979060330925815,-0.8623395795723942,-0.5401704416504217,81.12354186351939
0.018749315897502106,1.0084879002034715,70.594153014243,0.31167661509667804,0.7052742877925994,9.69419675294511e-05,-0.09791620312981193,-0.862334276470215,-0.5401309693095845,81.45958584268494
0.018825896391243442,1.0085227632700613,70.59659342890428,0.3117250096261196,0.7052961832880117,9.697111974876012e-05,-0.09792641523373652,-0.8623289521512499,-0.5400913352845254,81.79704065309858
0.018902789673571518,1.0085577703317505,70.59904392322254,0.31177360760462347,0.7053181680942749,9.700039765341352e-05,-0.09793666958050139,-0.862323606532454,-0.5400515389113643,82.13591236822771
0.018979997022053153,1.0085929219898269,70.60150453928787,0.31182240991097676,0.7053402425751885,9.702980181191833e-05,-0.09794696634700784,-0.8623182395304728,-0.540011579523484,82.47620708886355
0.019057519719473375,1.0086282188481426,70.60397531936998,0.31187141742795277,0.7053624070960282,9.705933279556757e-05,-0.09795730571091545,-0.8623128510616407,-0.5399714564515206,82.8179309432534
0.019135359053856604,1.0086636615131248,70.60645630591874,0.31192063104233086,0.7053846620235541,9.708899117845554e-05,-0.0979676878506454,-0.8623074410419803,-0.539931169023349,83.1610900872326
0.019213516318488198,1.0086992505937882,70.60894754156517,0.3119700516449161,0.7054070077260164,9.711877753749319e-05,-0.09797811294538418,-0.8623020093872016,-0.539890716564075,83.5056907043585
0.0192919928119358,1.0087349867017463,70.61144906912224,0.3120196801305592,0.7054294445731606,9.714869245242376e-05,-0.09798858117508687,-0.8622965560127003,-0.5398500983960216,83.85173900604379
0.019370789838070984,1.0087708704512217,70.61396093158552,0.312069517398176,0.7054519729362339,9.717873650583833e-05,-0.09799909272048028,-0.8622910808335573,-0.5398093138387174,84.19924123169149
0.019449908706090965,1.00880690245906,70.6164831721342,0.31211956435076843,0.7054745931879918,9.720891028319139e-05,-0.09800964776306714,-0.8622855837645373,-0.5397683622088869,84.5482036488305
0.01952935073054023,1.0088430833447388,70.61901583413172,0.31216982189544357,0.7054973057027034,9.723921437281729e-05,-0.09802024648512868,-0.8622800647200883,-0.5397272428204365,84.89863255325136
0.019609117231332508,1.0088794137303818,70.62155896112672,0.3122202909434347,0.7055201108561582,9.726964936594512e-05,-0.09803088906972886,-0.8622745236143401,-0.5396859549844448,85.25053426914342
0.019689209533772577,1.008915894240768,70.62411259685376,0.31227097241012103,0.7055430090256712,9.730021585671589e-05,-0.09804157570071736,-0.862268960361103,-0.5396444980091493,85.6039151492321
0.019769628968578416,1.0089525255033471,70.6266767852343,0.3123218672150492,0.705566000590091,9.733091444219767e-05,-0.09805230656273362,-0.8622633748738675,-0.5396028711999361,85.95878157491765
0.019850376871903167,1.0089893081482473,70.6292515703773,0.31237297628195265,0.7055890859298037,9.736174572240236e-05,-0.09806308184120975,-0.8622577670658028,-0.5395610738593268,86.31513995641359
0.01993145458535749,1.00902624280829,70.63183699658029,0.3124243005387731,0.7056122654267407,9.739271030030205e-05,-0.09807390172237465,-0.8622521368497558,-0.5395191052869677,86.67299673288717
0.020012863456031697,1.0090633301190004,70.63443310833003,0.3124758409176812,0.7056355394643838,9.742380878184509e-05,-0.09808476639325721,-0.86224648413825,-0.5394769647796169,87.03235837259925
0.020094604836518298,1.009100570718621,70.63703995030346,0.3125275983550975,0.7056589084277728,9.745504177597299e-05,-0.0980956760416902,-0.8622408088434843,-0.539434651631133,87.39323137304623
0.02017668008493432,1.0091379652481216,70.63965756736852,0.31257957379171364,0.7056823727035109,9.74864098946369e-05,-0.09810663085631366,-0.8622351108773326,-0.539392165132463,87.75562226110158
0.02025909056494394,1.0091755143512136,70.64228600458495,0.3126317681725129,0.7057059326797707,9.751791375281432e-05,-0.09811763102657858,-0.862229390151342,-0.5393495045716301,88.11953759315878
0.020341837645781215,1.0092132186743603,70.64492530720523,0.3126841824467925,0.7057295887463014,9.754955396852604e-05,-0.09812867674275055,-0.8622236465767321,-0.5393066692337212,88.48498395527524
0.020424922702272662,1.009251078866791,70.64757552067537,0.3127368175681841,0.7057533412944345,9.758133116285322e-05,-0.0981397681959135,-0.8622178800643937,-0.5392636584008761,88.851967963316
0.02050834711486029,1.0092890955805114,70.6502366906358,0.31278967449467604,0.7057771907170908,9.761324595995427e-05,-0.09815090557797326,-0.862212090524888,-0.539220471352273,89.22049626309963
0.020592112269624357,1.0093272694703181,70.65290886292227,0.31284275418863444,0.7058011374087865,9.764529898708198e-05,-0.09816208908166145,-0.8622062778684456,-0.5391771073641192,89.59057553054318
0.020676219558306567,1.0093656011938086,70.6555920835666,0.3128960576168253,0.7058251817656387,9.76774908746011e-05,-0.09817331890053878,-0.8622004420049648,-0.5391335657096352,89.96221247180983
0.020760670378333033,1.0094040914113962,70.65828639879773,0.31294958575043647,0.705849324185374,9.770982225600562e-05,-0.09818459522899939,-0.8621945828440113,-0.5390898456590459,90.33541382345558
0.020845466132837658,1.0094427407863213,70.6609918550425,0.3130033395650992,0.705873565067333,9.774229376793625e-05,-0.09819591826227411,-0.8621887002948168,-0.5390459464795664,90.71018635257815
0.020930608230685294,1.0094815499846634,70.66370849892644,0.31305732004091075,0.7058979048124776,9.777490605019792e-05,-0.09820728819643434,-0.8621827942662779,-0.5390018674353887,91.08653685696534
0.021016098086495225,1.0095205196753556,70.66643637727489,0.3131115281624568,0.7059223438233977,9.78076597457779e-05,-0.09821870522839606,-0.8621768646669546,-0.5389576077876705,91.46447216524533
0.021101937120664726,1.009559650530196,70.66917553711372,0.3131659649188332,0.7059468825043174,9.78405555008632e-05,-0.09823016955592336,-0.8621709114050704,-0.5389131667945234,91.84399913703751
0.021188126759392523,1.0095989432238603,70.67192602567022,0.3132206313036689,0.705971521261102,9.787359396485908e-05,-0.0982416813776324,-0.8621649343885099,-0.5388685437109977,92.22512466310341
0.021274668434702652,1.0096383984339161,70.67468789037413,0.31327552831514877,0.705996260501264,9.790677579040665e-05,-0.09825324089299527,-0.8621589335248185,-0.5388237377890718,92.60785566549963
0.021361563584468075,1.0096780168408344,70.67746117885841,0.31333065695603596,0.7060211006339707,9.794010163340125e-05,-0.09826484830234383,-0.8621529087212011,-0.538778748277639,92.99219909773015
0.021448813652434756,1.0097177991280026,70.68024593896018,0.31338601823369516,0.7060460420700495,9.797357215301091e-05,-0.09827650380687346,-0.8621468598845209,-0.5387335744224941,93.37816194490121
0.02153642008824547,1.0097577459817395,70.68304221872177,0.3134416131601154,0.7060710852219962,9.80071880116948e-05,-0.0982882076086473,-0.8621407869212985,-0.5386882154663216,93.76575122387526
0.021624384347464054,1.0097978580913058,70.68585006639141,0.3134974427519331,0.7060962305039807,9.804094987522146e-05,-0.09829995991059977,-0.8621346897377106,-0.5386426706486821,94.15497398342713
0.021712707891599434,1.0098381361489188,70.68866953042432,0.3135535080304558,0.7061214783318536,9.80748584126878e-05,-0.09831176091654067,-0.8621285682395893,-0.5385969392059993,94.54583730440005
0.021801392188130056,1.009878580849765,70.69150065948355,0.3136098100216854,0.7061468291231534,9.810891429653792e-05,-0.09832361083115929,-0.8621224223324203,-0.5385510203715469,94.93834829986343
0.021890438710528152,1.0099191928920144,70.694343502441,0.31366634975634144,0.7061722832971138,9.814311820258184e-05,-0.09833550986002816,-0.8621162519213426,-0.5385049133754363,95.33251411527053
0.021979848938284245,1.0099599729768325,70.69719810837827,0.3137231282698852,0.7061978412746692,9.817747081001483e-05,-0.0983474582096072,-0.8621100569111466,-0.5384586174446031,95.72834192861757
0.022069624356931834,1.0100009218083952,70.70006452658767,0.31378014660254316,0.7062235034784635,9.82119728014362e-05,-0.09835945608724772,-0.862103837206274,-0.5384121318027939,96.125838950604
0.022159766458071897,1.0100420400939005,70.70294280657303,0.31383740579933117,0.7062492703328545,9.824662486286904e-05,-0.09837150370119625,-0.8620975927108155,-0.5383654556705526,96.52501242479265
0.022250276739397855,1.0100833285435837,70.70583299805087,0.3138949069100788,0.7062751422639229,9.828142768377928e-05,-0.09838360126059886,-0.8620913233285108,-0.5383185882652077,96.92586962777182
0.022341156704720293,1.0101247878707305,70.70873515095113,0.3139526509894528,0.7063011196994783,9.83163819570954e-05,-0.09839574897550517,-0.8620850289627465,-0.5382715288008596,97.32841786931724
0.022432407863992098,1.0101664187916901,70.71164931541831,0.31401063909698235,0.7063272030690666,9.835148837922838e-05,-0.09840794705687239,-0.8620787095165559,-0.5382242764883656,97.73266449255613
0.022524031733333397,1.0102082220258901,70.71457554181231,0.3140688722970831,0.7063533928039768,9.838674765009093e-05,-0.09842019571656946,-0.8620723648926172,-0.5381768305353276,98.13861687413068
0.022616029835056905,1.010250198295849,70.71751388070943,0.3141273516590817,0.7063796893372473,9.842216047311781e-05,-0.09843249516738108,-0.8620659949932526,-0.5381291901460786,98.54628242436394
0.02270840369769304,1.0102923483271913,70.72046438290339,0.3141860782572411,0.7064060931036743,9.845772755528613e-05,-0.09844484562301212,-0.8620595997204276,-0.5380813545216688,98.95566858742511
0.022801154856015513,1.0103346728486606,70.72342709940625,0.3142450531707849,0.7064326045398182,9.849344960713498e-05,-0.09845724729809156,-0.862053178975749,-0.5380333228598521,99.36678284149725
0.02289428485106666,1.0103771725921344,70.72640208144941,0.314304277483923,0.70645922408401,9.852932734278622e-05,-0.0984697004081768,-0.8620467326604646,-0.5379850943550724,99.77963269894455
0.022987795230183104,1.0104198482926374,70.72938938048462,0.314363752285876,0.7064859521763602,9.856536147996464e-05,-0.09848220516975781,-0.8620402606754617,-0.5379366681984503,100.19422570648118
0.023081687547021557,1.010462700688356,70.73238904818491,0.31442347867090187,0.7065127892587644,9.860155274001889e-05,-0.09849476180026148,-0.862033762921266,-0.5378880435777681,100.61056944534153
0.023175963361584454,1.010505730520653,70.73540113644572,0.3144834577383198,0.7065397357749108,9.86379018479421e-05,-0.09850737051805576,-0.8620272392980405,-0.5378392196774583,101.02867153145
0.023270624240246063,1.0105489385340811,70.73842569738568,0.3145436905925375,0.7065667921702882,9.867440953239252e-05,-0.09852003154245398,-0.8620206897055844,-0.5377901956785867,101.4485396155933
0.023365671755778323,1.0105923254763975,70.74146278334783,0.3146041783430755,0.706593958892192,9.871107652571488e-05,-0.09853274509371913,-0.862014114043332,-0.537740970758841,101.87018138359231
0.02346110748737716,1.0106358920985794,70.74451244690056,0.3146649221045945,0.7066212363897331,9.874790356396133e-05,-0.09854551139306837,-0.8620075122103512,-0.5376915440925156,102.29360455647608
0.02355693302068855,1.0106796391548365,70.74757474083856,0.31472592299692026,0.7066486251138434,9.878489138691294e-05,-0.09855833066267704,-0.862000884105343,-0.5376419148504977,102.71881689065563
0.02365314994783503,1.0107235674026271,70.7506497181839,0.31478718214507057,0.7066761255172842,9.882204073810082e-05,-0.0985712031256832,-0.8619942296266403,-0.5375920822002531,103.1458261781
0.023749759867442006,1.0107676776026726,70.75373743218708,0.31484870067928156,0.7067037380546538,9.885935236482819e-05,-0.09858412900619212,-0.8619875486722056,-0.5375420453058126,103.57464024651176
0.02384676438466437,1.0108119705189718,70.75683793632803,0.31491047973503405,0.7067314631823945,9.889682701819133e-05,-0.09859710852928061,-0.8619808411396317,-0.5374918033277568,104.00526695950464
0.023944165111213254,1.010856446918816,70.75995128431711,0.31497252045308016,0.7067593013587995,9.89344654531025e-05,-0.09861014192100126,-0.8619741069261392,-0.5374413554232031,104.43771421678223
0.024041963665382637,1.0109011075728032,70.76307753009623,0.31503482397947064,0.7067872530440211,9.897226842831082e-05,-0.09862322940838722,-0.8619673459285756,-0.5373907007457897,104.8719899543161
0.024140161672076416,1.0109459532548544,70.7662167278398,0.3150973914655815,0.7068153187000781,9.901023670642542e-05,-0.0986363712194564,-0.8619605580434148,-0.5373398384456625,105.30810214452723
0.024238760762835213,1.0109909847422272,70.7693689319559,0.3151602240681412,0.7068434987908631,9.904837105393698e-05,-0.09864956758321615,-0.861953743166755,-0.5372887676694607,105.74605879646596
0.024337762575863696,1.011036202815532,70.77253419708724,0.3152233229492582,0.7068717937821499,9.908667224124077e-05,-0.09866281872966773,-0.8619469011943184,-0.5372374875603008,106.18586795599543
0.02443716875605757,1.011081608258746,70.77571257811222,0.31528668927644804,0.7069002041416014,9.912514104265887e-05,-0.09867612488981066,-0.8619400320214494,-0.5371859972577637,106.62753770597357
0.02453698095503113,1.0111272018592297,70.77890413014607,0.3153503242226616,0.7069287303387773,9.916377823646297e-05,-0.0986894862956477,-0.861933135543114,-0.5371342958978795,107.07107616643833
0.024637200831144495,1.0111729844077413,70.78210890854189,0.31541422896631216,0.7069573728451412,9.920258460489755e-05,-0.098702903180189,-0.8619262116538984,-0.537082382613112,107.51649149479192
0.02473783004953135,1.0112189566984526,70.78532696889168,0.3154784046913039,0.7069861321340688,9.924156093420266e-05,-0.09871637577745694,-0.8619192602480074,-0.5370302565323454,107.963791885988
0.02483887028212646,1.0112651195289641,70.78855836702749,0.31554285258706005,0.7070150086808554,9.928070801463723e-05,-0.09872990432249079,-0.8619122812192641,-0.5369779167808675,108.41298557271811
0.024940323207693498,1.0113114737003206,70.79180315902244,0.3156075738485507,0.7070440029627233,9.932002664050232e-05,-0.09874348905135116,-0.8619052744611082,-0.5369253624803568,108.86408082560021
0.025042190511853035,1.0113580200170276,70.79506140119193,0.3156725696763218,0.7070731154588302,9.9359517610165e-05,-0.09875713020112502,-0.861898239866595,-0.5368725927488672,109.31708595336852
0.025144473887110354,1.011404759287065,70.79833315009455,0.3157378412765232,0.7071023466502765,9.939918172608161e-05,-0.09877082800992987,-0.8618911773283939,-0.5368196067008111,109.77200930306293
0.025247175032883783,1.0114516923219055,70.80161846253338,0.3158033898609383,0.7071316970201132,9.943901979482196e-05,-0.09878458271691912,-0.861884086738788,-0.5367664034469465,110.22885926022143
0.025350295655532724,1.0114988199365282,70.80491739555697,0.3158692166470119,0.7071611670533501,9.947903262709294e-05,-0.09879839456228633,-0.8618769679896721,-0.5367129820943612,110.68764424907158
0.025453837468386205,1.0115461429494361,70.80823000646053,0.31593532285788034,0.7071907572369629,9.95192210377631e-05,-0.09881226378727014,-0.861869820972552,-0.5366593417464574,111.14837273272505
0.02555780219177114,1.0115936621826709,70.81155635278697,0.31600170972240005,0.7072204680599019,9.955958584588674e-05,-0.09882619063415914,-0.8618626455785434,-0.536605481502936,111.61105321337129
0.02566219155304114,1.0116413784618306,70.81489649232815,0.3160683784751777,0.7072503000131001,9.960012787472847e-05,-0.09884017534629674,-0.8618554416983704,-0.5365514004597824,112.07569423247418
0.02576700728660499,1.0116892926160828,70.8182504831258,0.31613533035659885,0.7072802535894794,9.964084795178786e-05,-0.09885421816808561,-0.8618482092223644,-0.5364970977092505,112.54230437096786
0.02587225113395558,1.011737405478185,70.82161838347294,0.316202566612859,0.7073103292839614,9.968174690882413e-05,-0.09886831934499314,-0.8618409480404633,-0.5364425723398466,113.01089224945507
0.02597792484369891,1.0117857178844973,70.82500025191482,0.31627008849599253,0.7073405275934732,9.972282558188151e-05,-0.0988824791235559,-0.8618336580422099,-0.5363878234363153,113.48146652840646
0.02608403017158294,1.0118342306750008,70.82839614725006,0.3163378972639036,0.707370849016956,9.976408481131398e-05,-0.09889669775138467,-0.8618263391167509,-0.5363328500796223,113.95403590835983
0.026190568880526996,1.0118829446933137,70.83180612853197,0.3164059941803957,0.7074012940553742,9.980552544181083e-05,-0.0989109754771695,-0.8618189911528357,-0.5362776513469407,114.4286091301221
0.02629754274065084,1.0119318607867072,70.8352302550695,0.31647438051520316,0.707431863211722,9.984714832242212e-05,-0.09892531255068447,-0.8618116140388152,-0.5362222263116334,114.90519497497091
0.02640495352930429,1.0119809798061228,70.8386685864286,0.3165430575440209,0.7074625569910328,9.988895430658437e-05,-0.09893970922279288,-0.8618042076626409,-0.5361665740432382,115.38380226485884
0.026512803031096537,1.012030302606189,70.84212118243323,0.31661202654853593,0.7074933759003866,9.993094425214648e-05,-0.09895416574545214,-0.8617967719118631,-0.5361106936074519,115.86443986261699
0.02662109303792602,1.012079830045238,70.84558810316666,0.31668128881645813,0.7075243204489187,9.997311902139551e-05,-0.09896868237171882,-0.8617893066736304,-0.5360545840661148,116.34711667216175
0.026729825349009962,1.0121295629853226,70.84906940897258,0.3167508456415516,0.7075553911478277,0.00010001547948108318,-0.09898325935575383,-0.861781811834688,-0.535998244477194,116.83184163870051
0.026839001770914507,1.012179502292233,70.85256516045632,0.31682069832366616,0.7075865885103844,0.00010005802650245208,-0.09899789695282739,-0.8617742872813771,-0.5359416738947675,117.31862374894075
0.026948624117584526,1.0122296488355118,70.85607541848583,0.31689084816876534,0.707617913051937,0.00010010076096126219,-0.09901259541932335,-0.8617667328996331,-0.5358848713690114,117.80747203129833
0.027058694210373838,1.0122800034884745,70.85960024419322,0.3169612964889635,0.7076493652899244,0.00010014368373781796,-0.0990273550127458,-0.8617591485749851,-0.5358278359461792,118.2983955561081
0.027169213878075568,1.012330567128226,70.86313969897583,0.3170320446025574,0.7076809457438816,0.00010018679571699462,-0.09904217599172369,-0.8617515341925539,-0.535770566668585,118.79140343583576
0.027280184956952325,1.012381340635679,70.86669384449753,0.317103093834057,0.7077126549354493,0.00010023009778826609,-0.09905705861601599,-0.8617438896370512,-0.5357130625745905,119.2865048252898
0.027391609290766932,1.0124323248955682,70.87026274268977,0.31717444551421764,0.707744493388382,0.00010027359084573138,-0.09907200314651687,-0.8617362147927782,-0.5356553226985865,119.78370892183608
0.027503488730812854,1.0124835207964706,70.87384645575294,0.31724610098007294,0.7077764616285559,0.00010031727578814289,-0.09908700984526093,-0.861728509543625,-0.5355973460709776,120.28302496561224
0.027615825135945158,1.0125349292308212,70.87744504615749,0.31731806157496717,0.7078085601839781,0.00010036115351893362,-0.09910207897542848,-0.8617207737730688,-0.5355391317181655,120.78446223974471
0.027728620372611194,1.0125865510949323,70.88105857664526,0.3173903286485887,0.7078407895847953,0.00010040522494624511,-0.09911721080135091,-0.861713007364173,-0.535480678662532,121.28803007056524
0.02784187631488181,1.0126383872890101,70.88468711023071,0.3174629035570025,0.7078731503633019,0.00010044949098295545,-0.09913240558851592,-0.8617052101995861,-0.5354219859224236,121.79373782783053
0.027955594844482286,1.0126904387171722,70.88833071020206,0.3175357876626842,0.7079056430539479,0.00010049395254670777,-0.09914766360357277,-0.8616973821615402,-0.5353630525121325,122.30159492494134
0.028069777850823808,1.0127427062874668,70.89198944012267,0.31760898233455276,0.7079382681933494,0.0001005386105599384,-0.099162985114338,-0.8616895231318501,-0.5353038774418826,122.8116108191644
0.028184427231034665,1.0127951909118897,70.89566336383228,0.3176824889480052,0.707971026320296,0.00010058346594990561,-0.09917837038980054,-0.8616816329919117,-0.5352444597178101,123.32379501185409
0.028299544889991857,1.0128478935064031,70.89935254544822,0.31775630888494977,0.7080039179757597,0.00010062851964871838,-0.09919381970012726,-0.8616737116227013,-0.5351847983419489,123.8381570486763
0.02841513274035283,1.0129008149909535,70.90305704936675,0.3178304435338403,0.708036943702904,0.00010067377259336571,-0.09920933331666842,-0.8616657589047744,-0.5351248923122118,124.35470651983383
0.028531192702587062,1.0129539562894896,70.90677694026427,0.3179048942897108,0.7080701040470926,0.00010071922572574546,-0.09922491151196317,-0.8616577747182639,-0.5350647406223745,124.87345306029167
0.02864772670500818,1.0130073183299813,70.91051228309868,0.31797966255420973,0.7081033995558974,0.00010076487999269403,-0.09924055455974494,-0.8616497589428794,-0.5350043422620581,125.39440635000528
0.028764736683805782,1.0130609020444379,70.91426314311065,0.31805474973563475,0.7081368307791092,0.00010081073634601578,-0.09925626273494736,-0.8616417114579062,-0.5349436962167118,125.91757611414842
0.028882224583077844,1.0131147083689267,70.91802958582487,0.31813015724896787,0.7081703982687448,0.0001008567957425133,-0.09927203631370934,-0.8616336321422035,-0.5348828014675964,126.44297212334413
0.02900019235486278,1.0131687382435914,70.9218116770514,0.31820588651591064,0.7082041025790565,0.00010090305914401706,-0.099287875573381,-0.8616255208742034,-0.5348216569917654,126.97060419389508
0.0291186419591721,1.013222992612672,70.92560948288704,0.3182819389649192,0.7082379442665421,0.00010094952751741556,-0.09930378079252931,-0.8616173775319101,-0.5347602617620499,127.5004821880169
0.02923757536402279,1.0132774724245215,70.9294230697165,0.3183583160312403,0.7082719238899516,0.0001009962018346865,-0.0993197522509435,-0.8616092019928985,-0.5346986147470385,128.0326160140716
0.029356994545470076,1.0133321786316267,70.93325250421387,0.3184350191569468,0.7083060420102992,0.00010104308307292656,-0.099335790229641,-0.8616009941343126,-0.5346367149110622,128.5670156268028
0.029476901487640365,1.0133871121906268,70.93709785334387,0.31851204979097403,0.7083402991908697,0.00010109017221438293,-0.09935189501087303,-0.8615927538328645,-0.5345745612141748,129.1036910275729
0.029597298182763992,1.0134422740623323,70.94095918436327,0.31858940938915564,0.7083746959972292,0.00010113747024648416,-0.09936806687813049,-0.8615844809648336,-0.5345121526121368,129.6426522646
0.029718186631208558,1.0134976652117438,70.94483656482207,0.31866709941426025,0.708409232997234,0.00010118497816187169,-0.09938430611614944,-0.8615761754060653,-0.5344494880563964,130.18390943319824
0.029839568841511937,1.0135532866080728,70.94873006256509,0.3187451213360282,0.7084439107610393,0.00010123269695843088,-0.09940061301091734,-0.8615678370319693,-0.5343865664940732,130.7274726760171
0.029961446830415867,1.0136091392247588,70.95263974573312,0.3188234766312085,0.7084787298611086,0.00010128062763932363,-0.09941698784967842,-0.8615594657175183,-0.534323386867938,131.27335218328474
0.03008382262289924,1.0136652240394914,70.9565656827644,0.31890216678359584,0.7085136908722236,0.0001013287712130194,-0.09943343092093997,-0.8615510613372481,-0.534259948116397,131.82155819304995
0.030206698252211978,1.0137215420342283,70.96050794239598,0.3189811932840678,0.7085487943714923,0.00010137712869332827,-0.09944994251447788,-0.8615426237652548,-0.534196249173473,132.3721009914281
0.030330075759908568,1.0137780941952146,70.96446659366502,0.3190605576306227,0.7085840409383595,0.00010142570109943269,-0.09946652292134278,-0.8615341528751945,-0.5341322889687865,132.92499091284617
0.03045395719588223,1.013834881513005,70.96844170591035,0.31914026132841733,0.7086194311546155,0.00010147448945592071,-0.09948317243386608,-0.8615256485402821,-0.534068066427539,133.48023834029104
0.03057834461839877,1.0138919049824806,70.97243334877365,0.31922030588980504,0.7086549656044057,0.00010152349479281848,-0.09949989134566559,-0.8615171106332896,-0.5340035804704935,134.03785370555784
0.030703240094130852,1.0139491656028714,70.976441592201,0.3193006928343736,0.70869064487424,0.00010157271814562357,-0.09951667995165192,-0.8615085390265453,-0.5339388300139567,134.59784748950028
0.030828645698192443,1.0140066643777752,70.98046650644426,0.31938142368898453,0.7087264695530022,0.00010162216055533813,-0.09953353854803436,-0.8614999335919324,-0.5338738139697607,135.16023022228288
0.030954563514173063,1.014064402315178,70.98450816206245,0.3194624999878109,0.7087624402319598,0.0001016718230685027,-0.09955046743232697,-0.8614912942008879,-0.5338085312452439,135.7250124836333
0.031080995634172666,1.0141223804274748,70.98856662992324,0.31954392327237696,0.7087985575047735,0.00010172170673723011,-0.09956746690335473,-0.8614826207244016,-0.5337429807432336,136.29220490309794
0.03120794415883613,1.0141805997314888,70.99264198120422,0.31962569509159716,0.7088348219675057,0.00010177181261923914,-0.09958453726125949,-0.8614739130330142,-0.5336771613620251,136.8618181602967
0.03133541119738843,1.0142390612484937,70.99673428739456,0.3197078170018154,0.7088712342186324,0.00010182214177788914,-0.09960167880750657,-0.8614651709968172,-0.5336110719953662,137.43386298518186
0.031463398867669426,1.0142977660042332,71.00084362029632,0.319790290566845,0.7089077948590511,0.00010187269528221452,-0.09961889184489058,-0.8614563944854503,-0.5335447115324359,138.00835015829574
0.03159190929616929,1.0143567150289419,71.00497005202593,0.31987311735800844,0.7089445044920903,0.00010192347420695972,-0.09963617667754172,-0.8614475833681017,-0.5334780788578268,138.5852905110324
0.03172094461806359,1.0144159093573657,71.0091136550156,0.3199562989541778,0.7089813637235209,0.0001019744796326136,-0.09965353361093222,-0.8614387375135056,-0.5334111728515245,139.16469492589806
0.031850506977249025,1.0144753500287844,71.01327450201491,0.32003983694181476,0.7090183731615642,0.0001020257126454457,-0.0996709629518825,-0.8614298567899419,-0.5333439923888914,139.74657433677623
0.03198059852637883,1.0145350380870304,71.01745266609213,0.3201237329150116,0.709055533416903,0.00010207717433754091,-0.09968846500856754,-0.8614209410652343,-0.5332765363406449,140.33093972919121
0.03211122142689861,1.0145949745805118,71.02164822063583,0.320207988475532,0.7090928451026907,0.00010212886580683573,-0.09970604009052324,-0.8614119902067497,-0.5332088035728397,140.91780214057502
0.03224237784908239,1.0146551605622331,71.02586123935632,0.32029260523285236,0.7091303088345614,0.00010218078815715418,-0.09972368850865289,-0.8614030040813968,-0.5331407929468481,141.5071726605359
0.032374069972068396,1.0147155970898156,71.0300917962871,0.32037758480420275,0.7091679252306402,0.00010223294249824413,-0.09974141057523343,-0.8613939825556247,-0.5330725033193409,142.0990624311266
0.032506299983895565,1.0147762852255209,71.03433996578646,0.3204629288146093,0.7092056949115525,0.00010228532994581374,-0.09975920660392218,-0.8613849254954219,-0.5330039335422676,142.69348264711672
0.03263907008153962,1.0148372260362701,71.03860582253891,0.3205486388969355,0.7092436185004346,0.0001023379516215684,-0.09977707690976308,-0.8613758327663148,-0.5329350824628372,143.29044455626408
0.03277238247094984,1.014898420593668,71.04288944155675,0.32063471669192495,0.7092816966229435,0.00010239080865324795,-0.09979502180919343,-0.861366704233367,-0.5328659489234988,143.88995945959002
0.03290623936708542,1.0149598699740225,71.04719089818158,0.32072116384824306,0.7093199299072672,0.00010244390217466357,-0.09981304162005031,-0.8613575397611779,-0.5327965317619214,144.4920387116539
0.03304064299395259,1.0150215752583687,71.0515102680858,0.3208079820225207,0.7093583189841339,0.00010249723332573584,-0.09983113666157728,-0.8613483392138811,-0.5327268298109751,145.09669372083155
0.03317559558464128,1.0150835375324891,71.05584762727425,0.3208951728793962,0.7093968644868238,0.00010255080325253248,-0.09984930725443086,-0.8613391024551439,-0.5326568418987099,145.70393594959333
0.03331109938136237,1.0151457578869376,71.06020305208563,0.32098273809155936,0.7094355670511782,0.00010260461310730621,-0.09986755372068758,-0.8613298293481655,-0.5325865668483379,146.31377691478463
0.033447156635485004,1.0152082374170597,71.06457661919418,0.3210706793397949,0.7094744273156096,0.00010265866404853378,-0.09988587638385014,-0.8613205197556759,-0.5325160034782104,146.9262281879089
0.03358376960757378,1.0152709772230168,71.06896840561117,0.32115899831302547,0.7095134459211131,0.00010271295724095404,-0.09990427556885466,-0.8613111735399354,-0.5324451506018013,147.54130139540985
0.03372094056742659,1.0153339784098072,71.0733784886865,0.3212476967083566,0.7095526235112748,0.00010276749385560732,-0.099922751602077,-0.8613017905627323,-0.5323740070276837,148.15900821895838
0.03385867179411202,1.0153972420872903,71.07780694611033,0.3213367762311207,0.7095919607322847,0.00010282227506987454,-0.09994130481134011,-0.8612923706853823,-0.5323025715595127,148.77936039573808
0.03399696557600755,1.0154607693702076,71.08225385591453,0.32142623859492153,0.7096314582329448,0.00010287730206751665,-0.0999599355259203,-0.8612829137687277,-0.5322308429960025,149.4023697187353
0.03413582421083724,1.0155245613782065,71.08671929647446,0.32151608552167904,0.7096711166646811,0.00010293257603871474,-0.09997864407655452,-0.8612734196731351,-0.5321588201309075,150.02804803702793
0.034275250005710224,1.015588619235864,71.09120334651048,0.32160631874167495,0.7097109366815537,0.00010298809818010989,-0.09999743079544725,-0.8612638882584954,-0.5320865017530023,150.65640725607892
0.034415245277158744,1.0156529440727078,71.09570608508955,0.3216969399935977,0.7097509189402663,0.00010304386969484351,-0.10001629601627714,-0.8612543193842219,-0.5320138866460592,151.28745933802847
0.03455581235117693,1.0157175370232412,71.10022759162689,0.3217879510245883,0.7097910641001784,0.0001030998917925984,-0.10003524007420433,-0.8612447129092492,-0.5319409735888297,151.92121630199074
0.0346969535632592,1.015782399226966,71.10476794588762,0.32187935359028663,0.7098313728233149,0.00010315616568963935,-0.10005426330587744,-0.8612350686920323,-0.5318677613550228,152.5576902243497
0.03483867125843913,1.0158475318284053,71.10932722798837,0.3219711494548772,0.7098718457743769,0.00010321269260885444,-0.10007336604944043,-0.8612253865905448,-0.5317942487132838,153.1968932390584
0.034980967791328595,1.0159129359771284,71.113905518399,0.32206334039113627,0.709912483620753,0.00010326947377979696,-0.10009254864454001,-0.8612156664622788,-0.5317204344271751,153.83883753793998
0.03512384552615659,1.0159786128277728,71.1185028979441,0.3221559281804783,0.7099532870325286,0.00010332651043872696,-0.10011181143233236,-0.8612059081642421,-0.5316463172551528,154.48353537098876
0.03526730683680881,1.01604456354007,71.1231194478049,0.3222489146130035,0.7099942566824987,0.00010338380382865347,-0.10013115475549084,-0.8611961115529589,-0.5315718959505482,155.13099904667538
0.03541135410686679,1.0161107892788666,71.12775524952066,0.3223423014875447,0.7100353932461769,0.00010344135519937721,-0.10015057895821261,-0.8611862764844671,-0.5314971692615448,155.78124093225148
0.03555598972964783,1.0161772912141518,71.13241038499062,0.3224360906117159,0.7100766974018075,0.00010349916580753303,-0.10017008438622643,-0.8611764028143178,-0.531422135931158,156.43427345405814
0.03570121610824445,1.0162440705210791,71.13708493647553,0.32253028380195975,0.7101181698303758,0.00010355723691663328,-0.1001896713867996,-0.8611664903975742,-0.5313467946972137,157.09010909783427
0.03584703565556459,1.0163111283799917,71.14177898659942,0.3226248828835959,0.7101598112156188,0.00010361556979711127,-0.10020934030874551,-0.8611565390888098,-0.5312711442923275,157.7487604090287
0.03599345079437148,1.0163784659764459,71.14649261835122,0.32271988969087,0.7102016222440368,0.00010367416572636457,-0.1002290915024306,-0.861146548742108,-0.5311951834438814,158.41023999311193
0.036140463957323975,1.0164460845012375,71.15122591508663,0.3228153060670026,0.7102436036049053,0.00010373302598879962,-0.10024892531978252,-0.8611365192110605,-0.5311189108740046,159.07456051589133
0.03628807758701711,1.0165139851504241,71.1559789605297,0.3229111338642379,0.710285755990283,0.00010379215187587591,-0.10026884211429662,-0.8611264503487661,-0.5310423252995502,159.7417347038284
0.03643629413602239,1.0165821691253525,71.16075183877467,0.32300737494389425,0.7103280800950262,0.00010385154468615038,-0.10028884224104427,-0.8611163420078299,-0.5309654254320748,160.41177534435545
0.03658511606692886,1.0166506376326812,71.16554463428768,0.3231040311764132,0.7103705766167986,0.00010391120572532293,-0.1003089260566799,-0.8611061940403615,-0.5308882099778149,161.0846952861976
0.03673454585238373,1.016719391884405,71.17035743190836,0.32320110444140715,0.7104132462560812,0.00010397113630628139,-0.10032909391944815,-0.8610960062979746,-0.5308106776376698,161.76050743969333
0.03688458597513374,1.0167884330978836,71.17519031685185,0.3232985966277149,0.7104560897161852,0.00010403133774914729,-0.10034934618919236,-0.8610857786317854,-0.5307328271071734,162.43922477711965
0.03703523892806611,1.016857762495865,71.18004337471055,0.32339650963345073,0.7104991077032646,0.00010409181138132219,-0.10036968322736212,-0.8610755108924111,-0.530654657076475,163.1208603330168
0.03718650721425025,1.0169273813065114,71.1849166914558,0.3234948453660561,0.7105423009263251,0.0001041525585375335,-0.10039010539702069,-0.8610652029299695,-0.5305761662303157,163.80542720451703
0.03733839334697909,1.0169972907634246,71.18981035343973,0.3235936057423494,0.7105856700972363,0.00010421358055988154,-0.10041061306285264,-0.861054854594077,-0.5304973532480084,164.4929385516731
0.03749089984981109,1.0170674921056722,71.19472444739705,0.32369279268857926,0.710629215930744,0.00010427487879788662,-0.10043120659117204,-0.8610444657338481,-0.5304182168034145,165.18340759779116
0.03764402925661193,1.0171379865778116,71.19965906044682,0.3237924081404758,0.71067293914448,0.00010433645460853616,-0.10045188634992956,-0.8610340361978941,-0.5303387555649203,165.87684762976286
0.037797784111596726,1.0172087754299186,71.2046142800943,0.3238924540433034,0.710716840458975,0.00010439830935633247,-0.10047265270872095,-0.8610235658343215,-0.5302589681954168,166.57327199840142
0.03795216696937239,1.0172798599176123,71.20959019423286,0.32399293235191384,0.7107609205976698,0.00010446044441334132,-0.10049350603879476,-0.8610130544907317,-0.5301788533522759,167.2726941187796
0.038107180394979845,1.0173512413020804,71.21458689114563,0.3240938450307985,0.7108051802869262,0.00010452286115923963,-0.10051444671305991,-0.8610025020142191,-0.5300984096873275,167.97512747056768
0.03826282696393691,1.0174229208501075,71.21960445950752,0.3241951940541434,0.7108496202560396,0.00010458556098136461,-0.10053547510609423,-0.8609919082513704,-0.5300176358468369,168.68058559837607
0.03841910926228081,1.0174948998341007,71.22464298838705,0.3242969814058812,0.7108942412372503,0.00010464854527476313,-0.10055659159415213,-0.8609812730482628,-0.5299365304714827,169.3890821120976
0.03857602988661145,1.0175671795321155,71.22970256724808,0.32439920907974695,0.7109390439657555,0.00010471181544224097,-0.10057779655517265,-0.8609705962504639,-0.5298550921963325,170.10063068725407
0.038733591444134234,1.0176397612278847,71.23478328595193,0.32450187907933165,0.71098402917972,0.0001047753728944128,-0.10059909036878775,-0.8609598777030298,-0.5297733196508216,170.815245065342
0.0388917965527037,1.0177126462108435,71.23988523475904,0.32460499341813753,0.71102919762029,0.00010483921904975235,-0.10062047341633033,-0.8609491172505043,-0.5296912114587282,171.53293905418363
0.03905064784086672,1.0177858357761573,71.24500850433101,0.32470855411963306,0.7110745500316034,0.00010490335533464305,-0.10064194608084243,-0.8609383147369172,-0.5296087662381517,172.253726528277
0.03921014794790645,1.0178593312247493,71.25015318573244,0.32481256321730884,0.7111200871608018,0.00010496778318342928,-0.1006635087470834,-0.8609274700057842,-0.5295259826014874,172.9776214291507
0.03937029952388593,1.0179331338633273,71.25531937043291,0.32491702275473305,0.7111658097580432,0.00010503250403846737,-0.10068516180153837,-0.8609165829001046,-0.5294428591554059,173.7046377657182
0.03953110522969224,1.0180072450044118,71.26050715030883,0.3250219347856083,0.711211718576514,0.0001050975193501776,-0.10070690563242642,-0.8609056532623612,-0.5293593945008269,174.43478961463603
0.03969256773708082,1.018081665966363,71.26571661764541,0.3251273013738277,0.7112578143724402,0.00010516283057709639,-0.10072874062970896,-0.8608946809345186,-0.5292755872328976,175.16809112066423
0.03985468972871956,1.0181563980734094,71.27094786513865,0.3252331245935325,0.7113040979051004,0.00010522843918592872,-0.1007506671850981,-0.860883665758022,-0.5291914359409675,175.90455649702676
0.04001747389823373,1.0182314426556758,71.2762009858973,0.325339406529169,0.711350569936838,0.00010529434665160103,-0.10077268569206536,-0.8608726075737967,-0.5291069392085659,176.64420002577685
0.04018092295025039,1.0183068010492098,71.28147607344468,0.32544614927554616,0.7113972312330717,0.00010536055445731455,-0.10079479654584969,-0.8608615062222462,-0.5290220956133771,177.3870360581619
0.04034503960044366,1.0183824745960135,71.28677322172095,0.32555335493789456,0.7114440825623108,0.0001054270640945993,-0.10081700014346658,-0.8608503615432519,-0.5289369037272178,178.133079014993
0.04050982657557949,1.018458464644068,71.29209252508475,0.32566102563192395,0.7114911246961649,0.0001054938770633677,-0.10083929688371619,-0.8608391733761711,-0.5288513621160111,178.88234338701412
0.040675286613561346,1.0185347725473644,71.2974340783155,0.32576916348388263,0.7115383584093568,0.00010556099487196964,-0.10086168716719222,-0.8608279415598368,-0.5287654693397636,179.63484373527595
0.040841422463475344,1.0186113996659323,71.30279797661527,0.3258777706306166,0.7115857844797356,0.000105628419037247,-0.10088417139629063,-0.8608166659325558,-0.5286792239525419,180.39059469150953
0.0410082368856361,1.0186883473658679,71.30818431561075,0.32598684921962917,0.7116334036882894,0.00010569615108458913,-0.10090674997521817,-0.8608053463321085,-0.5285926245024462,181.14961095850379
0.0411757326516327,1.0187656170193637,71.31359319135547,0.32609640140914103,0.7116812168191562,0.0001057641925479888,-0.10092942331000135,-0.8607939825957468,-0.5285056695315875,181.91190731048545
0.04134391254437446,1.018843210004738,71.31902470033165,0.32620642936815075,0.711729224659638,0.00010583254497009811,-0.10095219180849521,-0.8607825745601937,-0.5284183575760634,182.67749859349917
0.04151277935813747,1.018921127706463,71.3244789394524,0.32631693527649525,0.7117774280002126,0.00010590120990228537,-0.10097505588039216,-0.8607711220616422,-0.5283306871659317,183.44639972579247
0.041682335898610756,1.018999371515195,71.32995600606365,0.3264279213249115,0.7118258276345463,0.00010597018890469159,-0.10099801593723086,-0.8607596249357539,-0.5282426568251869,184.2186256982006
0.04185258498294315,1.0190779428278052,71.33545599794637,0.3265393897150978,0.7118744243595073,0.00010603948354628878,-0.10102107239240543,-0.8607480830176578,-0.5281542650717358,184.99419157453616
0.042023529439789806,1.0191568430474072,71.3409790133185,0.3266513426597756,0.7119232189751767,0.00010610909540493696,-0.10104422566117402,-0.8607364961419502,-0.5280655104173717,185.77311249197797
0.04219517210935953,1.0192360735833892,71.34652515083724,0.3267637823827524,0.7119722122848643,0.00010617902606744334,-0.10106747616066843,-0.8607248641426924,-0.5279763913677499,186.55540366146593
0.04236751584346163,1.0193156358514428,71.352094509601,0.32687671111898403,0.7120214050951177,0.00010624927712962009,-0.10109082430990274,-0.8607131868534104,-0.5278869064223627,187.34108036809405
0.04254056350555361,1.0193955312735938,71.35768718915156,0.3269901311146385,0.7120707982157379,0.00010631985019634473,-0.1011142705297828,-0.8607014641070936,-0.5277970540745136,188.13015797151004
0.042714317970788514,1.0194757612782328,71.36330328947629,0.32710404462715903,0.7121203924597918,0.00010639074688161872,-0.10113781524311537,-0.8606896957361936,-0.5277068328112926,188.92265190631352
0.04288878212606274,1.0195563273001451,71.36894291101015,0.3272184539253282,0.7121701886436238,0.00010646196880862819,-0.10116145887461712,-0.8606778815726236,-0.527616241113551,189.71857768245897
0.043063958870064194,1.0196372307805424,71.37460615463796,0.32733336128933277,0.7122201875868706,0.00010653351760980423,-0.10118520185092438,-0.8606660214477571,-0.5275252774558752,190.51795088566087
0.043239851113320134,1.0197184731670936,71.38029312169655,0.32744876901082837,0.7122703901124734,0.00010660539492688427,-0.10120904460060229,-0.8606541151924266,-0.5274339403065618,191.32078717779947
0.043416461778245874,1.0198000559139553,71.38600391397686,0.3275646793930046,0.7123207970466906,0.00010667760241097318,-0.1012329875541541,-0.8606421626369232,-0.5273422281275912,192.12710229733176
0.04359379379919298,1.0198819804818033,71.39173863372623,0.327681094750651,0.7123714092191121,0.00010675014172260516,-0.10125703114403084,-0.8606301636109946,-0.527250139374603,192.93691205970163
0.043771850122498394,1.0199642483378653,71.39749738365057,0.32779801741022313,0.7124222274626717,0.00010682301453180671,-0.10128117580464076,-0.8606181179438455,-0.5271576724968692,193.75023235775586
0.043950633706533,1.0200468609559505,71.40328026691654,0.3279154497099095,0.7124732526136607,0.000106896222518159,-0.10130542197235894,-0.8606060254641349,-0.5270648259372682,194.56707916215933
0.04413014752175119,1.020129819816483,71.4090873871538,0.328033393999698,0.7125244855117412,0.00010696976737086162,-0.10132977008553687,-0.8605938859999764,-0.5269715981322594,195.38746852181592
0.0443103945507398,1.0202131264065326,71.41491884845728,0.3281518526414437,0.7125759269999592,0.00010704365078879593,-0.101354220584512,-0.860581699378937,-0.5268779875118563,196.2114165642882
0.04449137778826805,1.020296782219841,71.42077475538886,0.3282708280089372,0.7126275779247436,0.00010711787448059022,-0.10137877391161568,-0.8605694654280343,-0.5267839924995942,197.038939496224
0.044673100241336985,1.0203807887568817,71.42665521298171,0.32839032248797223,0.7126794391359789,0.00010719244016468367,-0.10140343051119113,-0.8605571839737399,-0.5266896115125297,197.8700536037812
0.0448555649292296,1.0204651475248503,71.43256032673952,0.3285103384764148,0.7127315114869301,0.00010726734956939236,-0.10142819082959081,-0.8605448548419734,-0.526594842961176,198.70477525305782
0.04503877488356107,1.0205498600377252,71.43849020264076,0.3286308783842729,0.7127837958343145,0.00010734260443297458,-0.10145305531519434,-0.8605324778581037,-0.5264996852495005,199.5431208905244
0.04522273314832887,1.0206349278162936,71.44444494714055,0.32875194463376545,0.712836293038302,0.00010741820650369783,-0.10147802441841691,-0.8605200528469483,-0.5264041367748933,200.38510704345725
0.04540744277996369,1.020720352388185,71.45042466717294,0.3288735396593932,0.7128890039625272,0.00010749415753990504,-0.10150309859171883,-0.860507579632772,-0.5263081959281399,201.23075032037687
0.045592906847379835,1.020806135287903,71.45642947015321,0.32899566590800905,0.7129419294741053,0.00010757045931008208,-0.1015282782896159,-0.8604950580392855,-0.5262118610933944,202.0800674114859
0.045779128432026604,1.0208922780568601,71.46245946398021,0.3291183258388893,0.7129950704436432,0.00010764711359292587,-0.10155356396868916,-0.860482487889645,-0.5261151306481517,202.93307508911317
0.04596611062793913,1.0209787822434109,71.46851475703876,0.3292415219238049,0.7130484277452559,0.0001077241221774128,-0.10157895608759546,-0.860469869006451,-0.5260180029632227,203.78979020815697
0.046153856541790106,1.0210656494028851,71.47459545820196,0.3293652566470942,0.7131020022565787,0.00010780148686286713,-0.10160445510707736,-0.8604572012117472,-0.5259204764027041,204.65022970653385
0.04634236929294114,1.0211528810976225,71.48070167683358,0.3294895325057347,0.7131557948587816,0.00010787920945903124,-0.10163006148997347,-0.8604444843270201,-0.5258225493239538,205.51441060562797
0.046531652013494657,1.0212404788970029,71.4868335227902,0.329614352009412,0.7132098064365816,0.00010795729178613481,-0.10165577570122804,-0.860431718173198,-0.5257242200775654,206.382350010744
0.04672170784834616,1.0213284443774866,71.49299110642406,0.3297397176806014,0.7132640378782605,0.00010803573567496614,-0.10168159820790276,-0.860418902570649,-0.5256254870073352,207.25406511156396
0.04691253995523606,1.0214167791226472,71.49917453858531,0.32986563205463887,0.7133184900756768,0.00010811454296694254,-0.10170752947918674,-0.8604060373391815,-0.5255263484502368,208.12957318260348
0.04710415150480259,1.0215054847232055,71.50538393062438,0.3299920976797958,0.7133731639242809,0.00010819371551418231,-0.10173356998640697,-0.8603931222980423,-0.5254268027363928,209.00889158367497
0.04729654568063409,1.0215945627770642,71.51161939439449,0.3301191171173528,0.7134280603231284,0.0001082732551795771,-0.10175972020303888,-0.8603801572659158,-0.5253268481890485,209.89203776034972
0.047489725679322255,1.0216840148893431,71.51788104225402,0.33024669294167563,0.7134831801748949,0.00010835316383686425,-0.10178598060471665,-0.8603671420609234,-0.5252264831245439,210.77902924442594
0.04768369471051488,1.0217738426724143,71.524168987069,0.3303748277402915,0.7135385243858895,0.0001084334433707001,-0.10181235166924431,-0.8603540765006227,-0.5251257058522844,211.66988365439664
0.047878455996969584,1.021864047745938,71.53048334221566,0.3305035241139654,0.7135940938660703,0.00010851409567673445,-0.1018388338766062,-0.8603409604020064,-0.5250245146747137,212.56461869592363
0.048074012774606954,1.021954631736897,71.53682422158279,0.33063278467677676,0.7136498895290582,0.00010859512266168411,-0.10186542770897784,-0.8603277935815012,-0.5249229078872861,213.46325216231057
0.0482703682925647,1.0220455962796338,71.54319173957437,0.3307626120561976,0.7137059122921512,0.00010867652624340889,-0.1018921336507368,-0.8603145758549676,-0.5248208837784366,214.3658019349829
0.04846752581325131,1.0221369430158864,71.54958601111205,0.3308930088931703,0.7137621630763401,0.00010875830835098626,-0.10191895218847374,-0.8603013070376984,-0.5247184406295544,215.27228598396675
0.04866548861240037,1.0222286735948236,71.55600715163766,0.3310239778421862,0.7138186428063216,0.00010884047092478834,-0.1019458838110031,-0.8602879869444178,-0.5246155767149527,216.18272236837356
0.04886425997912519,1.0223207896730824,71.56245527711576,0.3311555215713646,0.7138753524105137,0.00010892301591655825,-0.10197292900937445,-0.860274615389281,-0.5245122903018413,217.0971292368871
0.049063843215973034,1.0224132929148044,71.56893050403632,0.3312876427625329,0.7139322928210711,0.00010900594528948756,-0.10200008827688345,-0.8602611921858734,-0.5244085796502969,218.01552482825122
0.049264241638980466,1.0225061849916717,71.57543294941702,0.33142034411130633,0.7139894649738984,0.00010908926101829426,-0.10202736210908284,-0.8602477171472093,-0.5243044430132342,218.93792747176428
0.04946545857772797,1.022599467582946,71.58196273080621,0.3315536283271687,0.7140468698086665,0.0001091729650893017,-0.10205475100379416,-0.8602341900857312,-0.5241998786363794,219.86435558777285
0.04966749737539576,1.022693142375503,71.5885199662852,0.33168749813355397,0.7141045082688264,0.00010925705950051732,-0.10208225546111849,-0.8602206108133094,-0.524094884758237,220.79482768817152
0.049870361388818826,1.0227872110638725,71.59510477447107,0.33182195626792776,0.7141623813016249,0.00010934154626171275,-0.1021098759834481,-0.8602069791412403,-0.523989459610064,221.7293623769025
0.050074053988543185,1.0228816753502743,71.6017172745192,0.3319570054818701,0.7142204898581193,0.0001094264273945043,-0.10213761307547788,-0.860193294880247,-0.5238836014158395,222.66797835046196
0.05027857855888149,1.0229765369446564,71.60835758612595,0.33209264854115783,0.7142788348931918,0.00010951170493243388,-0.1021654672442166,-0.8601795578404768,-0.5237773083922347,223.61069439840563
0.05048393849796943,1.023071797564734,71.61502582953139,0.3322288882258488,0.7143374173655667,0.00010959738092105078,-0.1021934389989988,-0.8601657678315021,-0.5236705787485849,224.5575294038601
0.050690137217822326,1.0231674589360265,71.62172212552186,0.33236572733036535,0.7143962382378223,0.00010968345741799434,-0.10222152885149599,-0.8601519246623182,-0.5235634106868581,225.50850234403697
0.050897178144391486,1.0232635227918965,71.62844659543275,0.33250316866357904,0.7144552984764097,0.00010976993649307643,-0.10224973731572873,-0.8601380281413432,-0.5234558024016274,226.4636322907478
0.051105064717621516,1.023359990873588,71.63519936115115,0.33264121504889627,0.7145145990516654,0.00010985682022836566,-0.10227806490807803,-0.8601240780764177,-0.5233477520800386,227.42293841092578
0.051313800391507076,1.0234568649302664,71.64198054511866,0.33277986932434356,0.714574140937828,0.0001099441107182713,-0.10230651214729732,-0.8601100742748031,-0.5232392579017829,228.38643996714677
0.05152338863415065,1.0235541467190572,71.648790270334,0.33291913434265424,0.7146339251130536,0.00011003181006962851,-0.10233507955452444,-0.8600960165431814,-0.5231303180390656,229.35415631815687
0.051733832927819814,1.023651838005084,71.65562866035589,0.33305901297135526,0.71469395255943,0.00011011992040178393,-0.10236376765329319,-0.8600819046876543,-0.5230209306565755,230.3261069194003
0.05194513676900545,1.02374994056151,71.6624958393057,0.3331995080928548,0.714754224262994,0.00011020844384668191,-0.10239257696954575,-0.8600677385137429,-0.5229110939114556,231.30231132355317
0.05215730366847945,1.0238484561695766,71.66939193187036,0.33334062260453057,0.7148147412137458,0.00011029738254895193,-0.10242150803164458,-0.8600535178263861,-0.5228008059532725,232.28278918105752
0.052370337151353454,1.0239473866186433,71.67631706330504,0.33348235941881804,0.7148755044056653,0.00011038673866599573,-0.10245056137038447,-0.8600392424299409,-0.5226900649239857,233.2675602406619
0.052584240757137066,1.0240467337062291,71.68327135943603,0.3336247214633007,0.7149365148367275,0.00011047651436807617,-0.10247973751900502,-0.8600249121281811,-0.5225788689579174,234.25664434996182
0.05279901803979681,1.0241464992380507,71.69025494666354,0.33376771168079883,0.7149977735089176,0.00011056671183840618,-0.1025090370132024,-0.8600105267242967,-0.522467216181721,235.25006145594594
0.05301467256781534,1.0242466850280665,71.69726795196465,0.3339113330294614,0.7150592814282485,0.00011065733327323867,-0.10253846039114249,-0.8599960860208935,-0.522355104714352,236.24783160554554
0.053231207924250366,1.0243472928985136,71.70431050289595,0.33405558848285627,0.7151210396047749,0.00011074838088195677,-0.10256800819347243,-0.859981589819992,-0.5222425326670348,237.2499749461845
0.05344862770679458,1.024448324679952,71.71138272759664,0.3342004810300626,0.7151830490526109,0.00011083985688716554,-0.10259768096333384,-0.8599670379230271,-0.5221294981432338,238.256511726337
0.05366693552783504,1.0245497822113045,71.71848475479132,0.33434601367576283,0.715245310789944,0.0001109317635247835,-0.10262747924637479,-0.8599524301308475,-0.5220159992386215,239.267462296084
0.053886135014513614,1.0246516673398984,71.72561671379289,0.3344921894403363,0.7153078258390534,0.00011102410304413567,-0.10265740359076293,-0.8599377662437148,-0.5219020340410461,240.28284710767758
0.0541062298087868,1.0247539819215072,71.7327787345055,0.33463901135995267,0.715370595226324,0.00011111687770804666,-0.10268745454719774,-0.8599230460613029,-0.5217876006305021,241.30268671610403
0.054327223567486656,1.0248567278203935,71.73997094742755,0.3347864824866662,0.7154336199822648,0.00011121008979293524,-0.10271763266892367,-0.8599082693826976,-0.5216726970790982,242.3270017796551
0.054549119962381154,1.02495990690935,71.7471934836545,0.3349346058885112,0.7154969011415234,0.000111303741588909,-0.10274793851174284,-0.8598934360063961,-0.521557321451025,243.35581306049843
0.054771922680235625,1.0250635210697432,71.75444647488203,0.33508338464959736,0.7155604397429027,0.00011139783539986042,-0.10277837263402781,-0.8598785457303061,-0.5214414718025238,244.38914142525533
0.05499563542287358,1.0251675721915547,71.76173005340883,0.3352328218702062,0.7156242368293771,0.00011149237354356274,-0.1028089355967348,-0.8598635983517451,-0.5213251461818551,245.42700784557817
0.05522026190723843,1.0252720621734266,71.76904435213986,0.3353829206668879,0.7156882934481109,0.00011158735835176768,-0.10283962796341677,-0.8598485936674405,-0.5212083426292673,246.46943339873434
0.05544580586545541,1.0253769929227012,71.77638950458909,0.3355336841725597,0.7157526106504711,0.00011168279217030345,-0.10287045030023621,-0.8598335314735284,-0.5210910591769622,247.51643926819327
0.05567227104489315,1.025482366355468,71.78376564488276,0.3356851155366032,0.7158171894920479,0.0001117786773591731,-0.10290140317597879,-0.8598184115655534,-0.5209732938490657,248.56804674421448
0.05589966120822643,1.025588184396605,71.79117290776236,0.33583721792496424,0.7158820310326679,0.00011187501629265477,-0.10293248716206636,-0.859803233738468,-0.520855044661594,249.62427722444366
0.056127980133498234,1.0256944489798223,71.79861142858756,0.3359899945202493,0.7159471363364125,0.00011197181135940138,-0.10296370283256996,-0.8597879977866323,-0.5207363096224245,250.68515221450707
0.05635723161418296,1.0258011620476994,71.80608134333896,0.33614344852181893,0.716012506471629,0.00011206906496254263,-0.10299505076422143,-0.8597727035038144,-0.5206170867312675,251.7506933286152
0.05658741945924902,1.0259083255517458,71.81358278862221,0.3362975831459093,0.7160781425109578,0.00011216677951978625,-0.1030265315364315,-0.8597573506831876,-0.5204973739796194,252.82092229016453
0.05681854749322255,1.026015941452439,71.82111590167074,0.33645240162572526,0.7161440455313459,0.00011226495746352126,-0.1030581457313015,-0.8597419391173311,-0.5203771693507354,253.89586093234814
0.05705061955625058,1.0261240117192674,71.82868082034872,0.33660790721154116,0.7162102166140609,0.00011236360124092161,-0.10308989393363643,-0.8597264685982295,-0.5202564708195989,254.97553119876554
0.05728363950416498,1.0262325383307762,71.83627768315434,0.33676410317080424,0.7162766568447101,0.00011246271331405055,-0.103121776730959,-0.8597109389172725,-0.5201352763528879,256.05995514403895
0.05751761120854674,1.026341523274614,71.84390662922299,0.3369209927882382,0.7163433673132571,0.00011256229615996616,-0.10315379471352344,-0.859695349865254,-0.5200135839089436,257.1491549344339
0.05775253855678985,1.0264509685475762,71.85156779833034,0.3370785793659484,0.7164103491140379,0.00011266235227082734,-0.10318594847432921,-0.8596797012323726,-0.5198913914377347,258.2431528484797
0.05798842545216637,1.0265608761556524,71.85926133089566,0.337236866223527,0.7164776033457795,0.00011276288415400096,-0.10321823860913516,-0.8596639928082301,-0.5197686968808256,259.34197127759927
0.05822527581389082,1.0266712481140725,71.86698736798508,0.33739585669815897,0.7165451311116161,0.00011286389433216993,-0.10325066571647358,-0.8596482243818323,-0.5196454981713439,260.445632726737
0.05846309357718576,1.0267820864473534,71.87474605131473,0.3375555541447294,0.7166129335191074,0.00011296538534344171,-0.10328323039766432,-0.8596323957415875,-0.5195217932339449,261.5541598149961
0.05870188269334669,1.026893393189345,71.88253752325414,0.3377159619359306,0.7166810116802547,0.00011306735974145835,-0.10331593325682896,-0.8596165066753065,-0.5193975799847802,262.66757527627453
0.0589416471298082,1.027005170383278,71.89036192682947,0.33787708346237116,0.7167493667115195,0.00011316982009550653,-0.10334877490090534,-0.8596005569702028,-0.5192728563314624,263.78590195990944
0.05918239087020939,1.027117420081811,71.89821940572676,0.33803892213268455,0.7168179997338402,0.00011327276899062984,-0.10338175593966165,-0.8595845464128914,-0.5191476201730312,264.90916283132157
0.05942411791446054,1.0272301443470775,71.90611010429542,0.3382014813736391,0.7168869118726507,0.00011337620902774031,-0.10341487698571113,-0.8595684747893892,-0.5190218693999211,266.03738097266745
0.059666832278809166,1.0273433452507343,71.9140341675514,0.3383647646302493,0.7169561042578967,0.00011348014282373219,-0.1034481386545266,-0.8595523418851143,-0.5188956018939253,267.17057958349176
0.059910537995906885,1.02745702487401,71.9219917411807,0.33852877536588616,0.7170255780240542,0.00011358457301159603,-0.10348154156445499,-0.8595361474848856,-0.5187688155281636,268.30878198138606
0.06015523911487666,1.0275711853077523,71.92998297154266,0.3386935170623908,0.7170953343101477,0.00011368950224053409,-0.10351508633673225,-0.8595198913729231,-0.5186415081670464,269.4520116026525
0.06040093970137961,1.0276858286524775,71.93800800567342,0.3388589932201865,0.7171653742597667,0.00011379493317607579,-0.10354877359549806,-0.8595035733328468,-0.518513677666241,270.6002920029672
0.06064764383768303,1.027800957018419,71.94606699128933,0.33902520735839264,0.7172356990210851,0.00011390086850019553,-0.10358260396781069,-0.8594871931476771,-0.5183853218726376,271.7536468580537
0.060895355622727784,1.0279165725255768,71.95416007679037,0.33919216301494015,0.7173063097468779,0.00011400731091143007,-0.10361657808366209,-0.8594707505998345,-0.5182564386243136,272.9120999643547
0.061144079172196865,1.0280326773037674,71.96228741126372,0.339359863746686,0.7173772075945406,0.00011411426312499784,-0.10365069657599302,-0.8594542454711391,-0.5181270257505004,274.075675239713
0.06139381861858327,1.0281492734926716,71.970449144487,0.33952831312953,0.7174483937261055,0.00011422172787291869,-0.10368496008070786,-0.8594376775428105,-0.517997081071546,275.2443967240518
0.06164457811125919,1.0282663632418878,71.97864542693215,0.33969751475853177,0.717519869308262,0.00011432970790413507,-0.10371936923669045,-0.8594210465954678,-0.5178666023988838,276.41828858006426
0.06189636181654448,1.0283839487109792,71.98687640976854,0.33986747224802877,0.7175916355123726,0.0001144382059846335,-0.10375392468581876,-0.8594043524091293,-0.5177355875349937,277.5973750939022
0.062149173917776114,1.0285020320695266,71.99514224486687,0.34003818923175483,0.7176636935144933,0.0001145472248975679,-0.10378862707298095,-0.8593875947632121,-0.5176040342733694,278.7816806758728
0.06240301861537783,1.0286206154971784,72.00344308480248,0.34020966936296,0.7177360444953907,0.00011465676744338321,-0.1038234770460904,-0.8593707734365326,-0.5174719403984827,279.97122986113845
0.06265790012692951,1.0287397011837016,72.0117790828591,0.34038191631453096,0.7178086896405609,0.00011476683643994058,-0.10385847525610169,-0.8593538882073056,-0.5173393036857465,281.16604731041934
0.06291382268723775,1.028859291329034,72.02015039303238,0.34055493377911233,0.7178816301402473,0.00011487743472264316,-0.10389362235702596,-0.8593369388531449,-0.5172061219014814,282.3661578107034
0.06317079054840569,1.0289793881433356,72.0285571700335,0.3407287254692284,0.7179548671894604,0.00011498856514456341,-0.10392891900594697,-0.8593199251510628,-0.5170723928028795,283.57158627595715
0.06342880797990424,1.029099993847041,72.03699956929287,0.3409032951174073,0.7180284019879959,0.00011510023057657052,-0.10396436586303692,-0.8593028468774699,-0.5169381141379676,284.78235774784446
0.06368787926864243,1.029221110670911,72.04547774696377,0.3410786464763036,0.7181022357404527,0.0001152124339074602,-0.10399996359157228,-0.8592857038081756,-0.5168032836455718,285.9984973964457
0.06394800871903918,1.0293427408560867,72.05399185992607,0.341254783318824,0.7181763696562529,0.00011532517804408464,-0.10403571285795002,-0.8592684957183878,-0.5166678990552824,287.22003052098637
0.06420920065309431,1.0294648866541414,72.0625420657899,0.34143170943825263,0.7182508049496598,0.00011543846591148359,-0.10407161433170388,-0.8592512223827125,-0.5165319580874173,288.4469825505642
0.06447145941046084,1.0295875503271337,72.07112852289936,0.3416094286483779,0.7183255428397971,0.0001155523004530169,-0.10410766868552018,-0.8592338835751545,-0.5163954584529847,289.67937904488673
0.06473478934851667,1.0297107341476628,72.0797513903364,0.3417879447836198,0.7184005845506682,0.00011566668463049776,-0.10414387659525477,-0.8592164790691168,-0.5162583978536487,290.91724569500826
0.06499919484243719,1.0298344403989204,72.08841082792442,0.3419672616991585,0.7184759313111747,0.00011578162142432764,-0.104180238739949,-0.8591990086374012,-0.5161207739816909,292.1606083240752
0.06526468028526805,1.0299586713747464,72.09710699623224,0.3421473832710633,0.7185515843551361,0.00011589711383363168,-0.10421675580184664,-0.8591814720522077,-0.5159825845199757,293.40949288807434
0.06553125008799787,1.0300834293796828,72.10584005657779,0.34232831339642344,0.7186275449213081,0.00011601316487639524,-0.10425342846641011,-0.8591638690851353,-0.5158438271419123,294.6639254765843
0.0657989086796319,1.0302087167290286,72.114610171032,0.34251005599347895,0.7187038142534034,0.00011612977758960247,-0.10429025742233762,-0.8591461995071817,-0.5157044995114187,295.92393231353554
0.06606766050726516,1.030334535748895,72.12341750242265,0.3426926150017527,0.7187803936001091,0.00011624695502937469,-0.10432724336157972,-0.8591284630887434,-0.5155645992828837,297.1895397579702
0.06633751003615684,1.0304608887762619,72.13226221433833,0.34287599438218397,0.7188572842151084,0.00011636470027111123,-0.10436438697935663,-0.8591106595996156,-0.5154241241011313,298.4607743048112
0.06660846174980398,1.0305877781590316,72.14114447113221,0.34306019811726185,0.7189344873570978,0.00011648301640963053,-0.10440168897417464,-0.8590927888089934,-0.5152830716013825,299.7376625856322
0.0668805201500164,1.0307152062560874,72.15006443792612,0.3432452302111609,0.7190120042898084,0.00011660190655931276,-0.10443915004784397,-0.8590748504854706,-0.5151414394092193,301.0202313694356
0.06715368975699113,1.030843175437348,72.15902228061435,0.3434310946898765,0.7190898362820243,0.00011672137385424344,-0.1044767709054954,-0.8590568443970409,-0.5149992251405451,302.30850756343193
0.06742797510938785,1.030971688083826,72.16801816586782,0.34361779560136235,0.7191679846076029,0.0001168414214483589,-0.10451455225559803,-0.8590387703110975,-0.5148564264015499,303.6025182138282
0.06770338076440402,1.0311007465876842,72.1770522611379,0.34380533701566834,0.7192464505454959,0.00011696205251559206,-0.10455249480997672,-0.859020627994434,-0.5147130407886709,304.9022905066167
0.06797991129785064,1.0312303533522929,72.1861247346605,0.34399372302507897,0.719325235379766,0.00011708327025001982,-0.10459059928382915,-0.8590024172132438,-0.5145690658885552,306.20785176837126
0.06825757130422859,1.0313605107922885,72.1952357554602,0.3441829577442541,0.7194043403996101,0.00011720507786601202,-0.1046288663957442,-0.8589841377331211,-0.5144244992780233,307.51922946704974
0.06853636539680445,1.0314912213336305,72.20438549335414,0.34437304531036944,0.7194837668993771,0.00011732747859838122,-0.10466729686771904,-0.858965789319061,-0.5142793385240281,308.83645121279676
0.06881629820768766,1.031622487413662,72.21357411895633,0.3445639898832587,0.7195635161785897,0.00011745047570253373,-0.10470589142517757,-0.8589473717354597,-0.5141335811836207,310.15954475875674
0.06909737438790699,1.0317543114811651,72.22280180368156,0.34475579564555636,0.7196435895419623,0.00011757407245462225,-0.10474465079698778,-0.8589288847461148,-0.5139872248039089,311.48853800188766
0.06937959860748835,1.0318866959964248,72.23206871974973,0.34494846680284214,0.7197239882994241,0.00011769827215169933,-0.10478357571548051,-0.8589103281142261,-0.5138402669220217,312.82345898378344
0.06966297555553182,1.0320196434312838,72.24137504018987,0.3451420075837859,0.7198047137661364,0.00011782307811187272,-0.10482266691646702,-0.8588917016023955,-0.5136927050650684,314.1643358914977
0.0699475099402901,1.032153156269206,72.25072093884441,0.3453364222402938,0.7198857672625156,0.00011794849367446148,-0.10486192513925778,-0.8588730049726274,-0.5135445367501021,315.5111970583766
0.07023320648924627,1.0322872370053344,72.26010659037341,0.34553171504765556,0.7199671501142518,0.00011807452220015341,-0.10490135112668048,-0.8588542379863299,-0.5133957594840803,316.86407096489296
0.07052006994919256,1.032421888146553,72.26953217025871,0.34572789030469264,0.7200488636523298,0.00011820116707116445,-0.10494094562509866,-0.8588354004043139,-0.5132463707638262,318.222986239488
0.0708081050863094,1.0325571122115471,72.2789978548083,0.34592495233390796,0.7201309092130502,0.00011832843169139889,-0.10498070938443055,-0.8588164919867952,-0.5130963680759891,319.58797165941917
0.07109731668624411,1.0326929117308652,72.28850382116056,0.34612290548163605,0.7202132881380499,0.00011845631948661066,-0.10502064315816757,-0.8587975124933936,-0.512945748897008,320.9590561516085
0.07138770955419099,1.0328292892469797,72.29805024728859,0.34632175411819477,0.720296001774322,0.00011858483390456692,-0.10506074770339317,-0.8587784616831343,-0.5127945106930688,322.33626879350254
0.07167928851497063,1.03296624731435,72.3076373120045,0.34652150263803777,0.7203790514742379,0.00011871397841521191,-0.10510102378080195,-0.858759339314448,-0.512642650920069,323.7196388139319
0.07197205841311058,1.033103788499484,72.31726519496388,0.3467221554599089,0.7204624385955669,0.0001188437565108333,-0.10514147215471853,-0.8587401451451719,-0.5124901670235757,325.1091955939814
0.07226602411292528,1.0332419153810015,72.32693407667011,0.34692371702699615,0.7205461645014984,0.00011897417170622913,-0.10518209359311693,-0.8587208789325498,-0.5123370564387872,326.50496866785954
0.0725611904985975,1.0333806305496973,72.33664413847882,0.3471261918070889,0.7206302305606622,0.00011910522753887623,-0.10522288886763985,-0.858701540433233,-0.5121833165904937,327.9069877237801
0.07285756247425884,1.033519936608604,72.34639556260228,0.3473295842927342,0.7207146381471496,0.00011923692756910094,-0.10526385875361792,-0.858682129403281,-0.5120289448930371,329.31528260484276
0.0731551449640719,1.0336598361730567,72.35618853211396,0.3475338990013953,0.7207993886405347,0.00011936927538024988,-0.1053050040300893,-0.8586626455981623,-0.5118739387502722,330.72988330992496
0.07345394291231144,1.0338003318707565,72.36602323095295,0.3477391404756115,0.7208844834258961,0.00011950227457886356,-0.1053463254798195,-0.8586430887727544,-0.511718295555526,332.1508199945739
0.0737539612834469,1.033941426341836,72.37589984392852,0.34794531328315875,0.7209699238938369,0.00011963592879485022,-0.10538782388932089,-0.8586234586813456,-0.5115620126915581,333.57812297190816
0.07405520506222495,1.034083122238924,72.38581855672467,0.3481524220172114,0.7210557114405085,0.00011977024168166265,-0.10542950004887285,-0.8586037550776349,-0.511405087530521,335.01182271352405
0.07435767925375192,1.0342254222272105,72.39577955590474,0.3483604712965053,0.7211418474676299,0.0001199052169164746,-0.10547135475254166,-0.858583977714733,-0.5112475174339198,336.4519498504047
0.07466138888357751,1.0343683289845123,72.40578302891586,0.34856946576550224,0.7212283333825097,0.00012004085820036054,-0.10551338879820041,-0.8585641263451635,-0.5110892997525709,337.8985351738398
0.07496633899777767,1.0345118452013407,72.41582916409385,0.34877941009455515,0.721315170598069,0.00012017716925847586,-0.10555560298754971,-0.8585442007208631,-0.5109304318265637,339.35160963634553
0.07527253466303904,1.0346559735809662,72.42591815066763,0.3489903089800752,0.7214023605328617,0.00012031415384023873,-0.10559799812613763,-0.858524200593183,-0.5107709109852181,340.81120435259555
0.0755799809667426,1.0348007168394868,72.43605017876408,0.3492021671446994,0.7214899046110965,0.00012045181571951421,-0.10564057502338048,-0.8585041257128894,-0.5106107345470459,342.2773506003524
0.07588868301704867,1.0349460777058943,72.4462254394126,0.34941498933746007,0.7215778042626603,0.00012059015869479893,-0.10568333449258333,-0.8584839758301647,-0.5104498998197078,343.75007982141045
0.0761986459429813,1.0350920589221435,72.45644412455005,0.3496287803339551,0.7216660609231378,0.00012072918658940803,-0.10572627735096074,-0.8584637506946082,-0.5102884040999748,345.22942362253866
0.07650987489451405,1.0352386632432191,72.46670642702534,0.3498435449365198,0.7217546760338356,0.0001208689032516637,-0.10576940441965768,-0.8584434500552374,-0.5101262446736863,346.7154137764349
0.07682237504265502,1.0353858934372042,72.47701254060429,0.3500592879743997,0.7218436510418029,0.00012100931255508489,-0.10581271652377038,-0.8584230736604885,-0.5099634188157087,348.2080822226814
0.07713615157953294,1.035533752285351,72.48736265997456,0.3502760143039251,0.7219329873998547,0.00012115041839857908,-0.10585621449236775,-0.8584026212582182,-0.5097999237898956,349.70746106870877
0.07745120971848378,1.0356822425821477,72.49775698075034,0.35049372880868623,0.7220226865665935,0.00012129222470663573,-0.10589989915851232,-0.8583820925957037,-0.5096357568490453,351.2135825907671
0.07776755469413674,1.0358313671353903,72.50819569947731,0.3507124363997105,0.7221127500064316,0.00012143473542952085,-0.10594377135928174,-0.858361487419645,-0.5094709152348598,352.72647923489814
0.07808519176250188,1.0359811287662526,72.51867901363768,0.35093214201564094,0.7222031791896143,0.00012157795454347404,-0.10598783193579049,-0.8583408054761648,-0.5093053961779044,354.2461836179207
0.07840412620105683,1.0361315303093557,72.52920712165489,0.3511528506229148,0.7222939755922414,0.00012172188605090651,-0.1060320817332112,-0.8583200465108105,-0.5091391968975647,355.77272852841463
0.07872436330883505,1.0362825746128377,72.53978022289864,0.35137456721594135,0.7223851406962893,0.00012186653398060125,-0.10607652160079586,-0.8582992102685556,-0.5089723146020093,357.30614692771763
0.0790459084065133,1.0364342645384177,72.55039851768925,0.3515972968172743,0.7224766759896286,0.00012201190238791482,-0.10612115239189575,-0.8582782964938015,-0.508804746488154,358.8464719509224
0.07936876683650065,1.0365866029614876,72.56106220730413,0.351821044477823,0.7225685829660589,0.00012215799535498077,-0.10616597496398898,-0.8582573049303763,-0.5086364897415998,360.39373690788557
0.0796929439630267,1.036739592771175,72.57177149398224,0.35204581527702433,0.7226608631253263,0.00012230481699091516,-0.10621099017870017,-0.8582362353215376,-0.5084675415366011,361.9479752842378
0.08001844517223093,1.0368932368704147,72.58252658092903,0.35227161432302817,0.7227535179731458,0.00012245237143202335,-0.1062561989018225,-0.858215087409973,-0.5082978990360238,363.5092207424031
0.08034527587225242,1.0370475381760238,72.59332767232166,0.3524984467528849,0.7228465490212246,0.00012260066284200903,-0.10630160200334016,-0.8581938609378027,-0.5081275593913042,365.0775071226252
0.08067344149331919,1.0372024996187728,72.60417497331409,0.35272631773273394,0.7229399577872838,0.0001227496954121849,-0.1063472003574507,-0.85817255564658,-0.5079565197424056,366.65286844399645
0.081002947487839,1.037358124143461,72.61506869004228,0.3529552324579954,0.7230337457950834,0.00012289947336168523,-0.10639299484258809,-0.8581511712772927,-0.5077847772177766,368.2353389054984
0.08133379933048934,1.0375144147089923,72.62600902962946,0.35318519615356087,0.7231279145744445,0.00012305000093767987,-0.1064389863414455,-0.8581297075703649,-0.5076123289343102,369.82495288704285
0.08166600251830905,1.037671374288448,72.63699620019136,0.3534162140739878,0.723222465661273,0.00012320128241559135,-0.1064851757409981,-0.8581081642656585,-0.5074391719972986,371.4217449505263
0.08199956257078896,1.037829005869163,72.64803041084141,0.35364829150369376,0.7233174005975823,0.00012335332209931175,-0.10653156393252639,-0.8580865411024742,-0.507265303500392,373.02574984088324
0.08233448502996425,1.0379873124528027,72.6591118716962,0.3538814337571532,0.7234127209315175,0.0001235061243214239,-0.10657815181163945,-0.8580648378195534,-0.5070907205255561,374.6370024871539
0.08267077546050593,1.038146297055438,72.67024079388067,0.354115646179095,0.7235084282173796,0.00012365969344342253,-0.10662494027829836,-0.8580430541550798,-0.5069154201430293,376.2555380035508
0.08300843944981391,1.0383059627076239,72.68141738953368,0.35435093414470203,0.7236045240156478,0.0001238140338559389,-0.1066719302368399,-0.8580211898466807,-0.5067393994112791,377.8813916905401
0.08334748260810923,1.0384663124544744,72.69264187181321,0.3545873030598119,0.7237010098930032,0.0001239691499789658,-0.10671912259599999,-0.8579992446314291,-0.5065626553769598,379.51459903592126
0.08368791056852759,1.0386273493557425,72.70391445490198,0.35482475836111904,0.7237978874223544,0.00012412504626208582,-0.10676651826893781,-0.8579772182458445,-0.5063851850748688,381.1551957159198
0.08402972898721314,1.0387890764858978,72.71523535401285,0.3550633055163793,0.7238951581828604,0.0001242817271847016,-0.10681411817325989,-0.8579551104258958,-0.5062069855279049,382.8032175962858
0.08437294354341189,1.0389514969342042,72.72660478539429,0.35530295002461454,0.7239928237599529,0.00012443919725626675,-0.10686192323104378,-0.857932920907002,-0.5060280537470231,384.45870073339455
0.08471755993956671,1.0391146138048006,72.73802296633605,0.35554369741632014,0.7240908857453634,0.00012459746101652045,-0.10690993436886298,-0.8579106494240345,-0.5058483867311921,386.1216813753615
0.0850635839014115,1.0392784302167801,72.74949011517461,0.3557855532536733,0.7241893457371459,0.00012475652303572328,-0.10695815251781109,-0.8578882957113187,-0.5056679814673521,387.7921959631569
0.08541102117806686,1.0394429493042698,72.76100645129888,0.35602852313074357,0.7242882053397005,0.00012491638791489485,-0.10700657861352647,-0.8578658595026359,-0.5054868349303692,389.4702811317335
0.085759877542135,1.0396081742165115,72.7725721951558,0.356272612673704,0.7243874661637988,0.00012507706028605452,-0.10705521359621695,-0.8578433405312254,-0.5053049440829924,391.15597371115587
0.0861101587897964,1.039774108117944,72.78418756825607,0.356517827541045,0.7244871298266082,0.00012523854481246292,-0.1071040584106849,-0.8578207385297857,-0.5051223058758123,392.84931072774197
0.08646187074090536,1.0399407541882824,72.79585279317976,0.356764173423789,0.7245871979517154,0.00012540084618886706,-0.10715311400635211,-0.8577980532304774,-0.5049389172472125,394.5503294052068
0.0868150192390871,1.0401081156226029,72.8075680935822,0.3570116560457072,0.7246876721691526,0.0001255639691417463,-0.10720238133728524,-0.8577752843649246,-0.504754775123331,396.25906716581676
0.08716961015183501,1.0402761956314237,72.81933369419966,0.35726028116353786,0.7247885541154208,0.0001257279184295613,-0.10725186136222106,-0.8577524316642169,-0.504569876418012,397.9755616315511
0.0875256493706076,1.0404449974407894,72.83114982085526,0.357510054567206,0.7248898454335151,0.00012589269884300469,-0.10730155504459211,-0.8577294948589118,-0.5043842180327653,399.69985062526655
0.08788314281092702,1.0406145242923532,72.84301670046473,0.3577609820800455,0.7249915477729498,0.00012605831520525477,-0.10735146335255227,-0.8577064736790365,-0.50419779685672,401.43197217187594
0.0882420964124767,1.0407847794434624,72.85493456104237,0.3580130695590217,0.7250936627897827,0.0001262247723722301,-0.10740158725900274,-0.8576833678540903,-0.50401060976658,403.1719644995265
0.08860251613920068,1.0409557661672426,72.86690363170699,0.3582663228949569,0.7251961921466413,0.00012639207523284786,-0.10745192774161809,-0.8576601771130464,-0.5038226536265822,404.9198660407934
0.08896440797940208,1.0411274877526826,72.87892414268778,0.3585207480127572,0.7252991375127456,0.000126560228709283,-0.10750248578287229,-0.8576369011843545,-0.5036339252884501,406.67571543387226
0.08932777794584322,1.0412999475047209,72.89099632533046,0.3587763508716406,0.7254025005639364,0.00012672923775723142,-0.10755326237006534,-0.857613539795943,-0.5034444215913493,408.4395515237885
0.08969263207584485,1.041473148744331,72.90312041210316,0.35903313746536736,0.7255062829826979,0.00012689910736617366,-0.10760425849534944,-0.857590092675221,-0.5032541393618444,410.2114133636044
0.09005897643138716,1.0416470948086096,72.91529663660268,0.359291113822472,0.7256104864581847,0.00012706984255964236,-0.10765547515575605,-0.8575665595490809,-0.5030630754138539,411.9913402156428
0.0904268170992099,1.041821789050862,72.92752523356035,0.3595502860064971,0.7257151126862462,0.00012724144839549125,-0.10770691335322244,-0.857542940143901,-0.5028712265486042,413.77937155271104
0.09079616019091369,1.0419972348406918,72.93980643884844,0.35981066011622875,0.7258201633694531,0.00012741392996616703,-0.10775857409461885,-0.8575192341855471,-0.5026785895545871,415.57554705933654
0.091167011843062,1.0421734355640888,72.95214048948621,0.3600722422859346,0.7259256402171225,0.0001275872923989836,-0.10781045839177589,-0.857495441399376,-0.5024851612075136,417.3799066330112
0.09153937821728228,1.0423503946235169,72.96452762364618,0.36033503868560157,0.7260315449453433,0.0001277615408563981,-0.10786256726151136,-0.8574715615102373,-0.5022909382702695,419.19249038543774
0.09191326550036923,1.042528115438005,72.97696808066036,0.36059905552117894,0.7261378792770031,0.00012793668053629086,-0.1079149017256584,-0.8574475942424763,-0.5020959174928701,421.01333864379194
0.09228867990438672,1.042706601443236,72.98946210102652,0.36086429903481926,0.7262446449418122,0.0001281127166722459,-0.10796746281109265,-0.8574235393199362,-0.5019000956124153,422.842491951984
0.09266562766677186,1.042885856091639,73.00200992641473,0.36113077550512473,0.7263518436763321,0.00012828965453383587,-0.10802025154976072,-0.8573993964659612,-0.501703469353046,424.6799910719365
0.0930441150504378,1.0430658828524781,73.01461179967347,0.3613984912473928,0.7264594772239998,0.00012846749942690793,-0.10807326897870773,-0.8573751654033989,-0.5015060354258963,426.52587698486184
0.0934241483438786,1.0432466852119462,73.02726796483623,0.36166745261386574,0.7265675473351537,0.00012864625669387373,-0.10812651614010577,-0.8573508458546029,-0.5013077905290502,428.3801908925559
0.09380573386127292,1.0434282666732562,73.03997866712793,0.3619376659939801,0.7266760557670616,0.00012882593171400039,-0.10817999408128236,-0.8573264375414361,-0.5011087313474962,430.2429742186916
0.09418887794258968,1.0436106307567345,73.05274415297141,0.36220913781462016,0.7267850042839453,0.00012900652990370537,-0.108233703854749,-0.8573019401852728,-0.5009088545530811,432.11426861012853
0.09457358695369278,1.0437937809999138,73.06556466999396,0.36248187454037156,0.7268943946570076,0.00012918805671685354,-0.1082876465182298,-0.8572773535070021,-0.5007081568044656,433.99411593822356
0.09495986728644708,1.0439777209576282,73.07844046703397,0.3627558826737783,0.72700422866446,0.00012937051764505656,-0.1083418231346908,-0.8572526772270305,-0.500506634747079,435.88255830015396
0.09534772535882496,1.0441624542021064,73.09137179414745,0.36303116875560076,0.7271145080915471,0.00012955391821797558,-0.10839623477236877,-0.857227911065285,-0.5003042850130723,437.77963802024925
0.09573716761501228,1.0443479843230679,73.10435890261475,0.36330773936507627,0.727225234730575,0.00012973826400362653,-0.1084508825048006,-0.8572030547412158,-0.500101104221274,439.6853976513269
0.09612820052551613,1.0445343149278188,73.11740204494731,0.3635856011201818,0.7273364103809373,0.00012992356060868753,-0.10850576741085301,-0.8571781079737999,-0.499897088977144,441.599879976042
0.09652083058727164,1.0447214496413477,73.13050147489434,0.3638647606778976,0.7274480368491427,0.00013010981367880985,-0.10856089057475206,-0.8571530704815438,-0.4996922358727284,443.52312800823944
0.09691506432375072,1.044909392106423,73.14365744744961,0.3641452247344747,0.7275601159488407,0.00013029702889893175,-0.10861625308611303,-0.8571279419824862,-0.499486541486613,445.45518499432154
0.09731090828506957,1.04509814598369,73.1568702188583,0.364427000025703,0.72767264950085,0.00013048521199359416,-0.10867185603997064,-0.8571027221942022,-0.49928000238387804,447.3960944146159
0.09770836904809842,1.0452877149517708,73.17014004662396,0.364710093327182,0.7277856393331852,0.00013067436872726032,-0.10872770053680932,-0.857077410833806,-0.4990726151160527,449.3458999847604
0.09810745321657,1.0454781027073605,73.18346718951524,0.364994511454594,0.7278990872810837,0.0001308645049046377,-0.10878378768259347,-0.8570520076179535,-0.49886437622106916,451.3046456570892
0.09850816742118962,1.0456693129653287,73.196851907573,0.3652802612639784,0.7280129951870331,0.00013105562637100304,-0.10884011858879836,-0.8570265122628469,-0.498655282223216,453.2723756220321
0.09891051831974564,1.045861349458819,73.21029446211732,0.3655673496520096,0.7281273649007994,0.00013124773901253056,-0.10889669437244083,-0.8570009244842371,-0.49844532963309307,455.24913430952273
0.09931451259721932,1.0460542159393484,73.22379511575438,0.36585578355627557,0.728242198279453,0.0001314408487566223,-0.10895351615611036,-0.8569752439974277,-0.498234514947565,457.2349663904106
0.0997201569658968,1.046247916176912,73.23735413238384,0.36614556995556,0.7283574971873984,0.0001316349615722429,-0.10901058506800056,-0.856949470517278,-0.4980228346497163,459.22991677788946
0.10012745816547972,1.0464424539600807,73.25097177720565,0.36643671587012544,0.7284732634963998,0.00013183008347025576,-0.10906790224194023,-0.8569236037582069,-0.49781028520880377,461.2340306289265
0.10053642296319804,1.0466378330961066,73.26464831672746,0.36672922836199967,0.7285894990856101,0.00013202622050376383,-0.10912546881742524,-0.8568976434341959,-0.4975968630802112,463.2473533457086
0.10094705815392171,1.0468340574110258,73.2783840187718,0.3670231145352634,0.728706205841599,0.00013222337876845226,-0.1091832859396505,-0.8568715892587939,-0.4973825647054039,465.2699305770889
0.10135937056027433,1.0470311307497784,73.2921791524845,0.3673183815363668,0.7288233856583897,0.00013242156440293495,-0.10924135475954667,-0.8568454409451173,-0.4971673865118623,467.30180822005156
0.10177336703274566,1.0472290569763352,73.30603398834346,0.36761503655445366,0.7289410404375015,0.00013262078358910383,-0.10929967643381917,-0.8568191982058513,-0.49695132491301486,469.3430324211765
0.10218905444980635,1.0474278399737182,73.31994879816028,0.36791308682153046,0.7290591720879261,0.00013282104255248205,-0.1093582521249554,-0.8567928607532656,-0.49673437630828154,471.3936495781222
0.10260643971802141,1.0476274836441495,73.33392385509046,0.3682125396128275,0.7291777825261827,0.00013302234756257917,-0.10941708300127027,-0.8567664282992115,-0.4965165370829824,473.45370634110947
0.10302552977216538,1.047827991909161,73.34795943364128,0.36851340224710405,0.7292968736763475,0.00013322470493325075,-0.1094761702369401,-0.8567399005551258,-0.496297803608288,475.5232496144201
0.10344633157533772,1.0480293687097018,73.36205580967912,0.36881568208695065,0.7294164474700824,0.00013342812102306063,-0.10953551501203561,-0.856713277232035,-0.49607817224117046,477.60232655790384
0.10386885211907791,1.048231618006246,73.37621326043723,0.36911938653909293,0.7295365058466642,0.00013363260223564656,-0.10959511851255543,-0.8566865580405589,-0.495857639324361,479.69098458849146
0.10429309842348233,1.0484347437789012,73.39043206452308,0.36942452305469897,0.7296570507530112,0.00013383815502009008,-0.10965498193045932,-0.8566597426909146,-0.49563620118630025,481.78927138172327
0.10471907753732018,1.0486387500275178,73.40471250192624,0.36973109912968877,0.7297780841437151,0.0001340447858712877,-0.10971510646370233,-0.8566328308929209,-0.49541385414109373,483.8972348732791
0.10514679653815132,1.0488436407717994,73.41905485402596,0.3700391223050458,0.7298996079810671,0.00013425250133032837,-0.10977549331626855,-0.856605822356002,-0.4951905944884659,486.0149232605273
0.10557626253244308,1.0490494200514122,73.43345940359886,0.37034860016713106,0.7300216242350882,0.0001344613079848715,-0.10983614369820525,-0.8565787167891926,-0.4949664185137119,488.14238500407333
0.10600748265568918,1.0492560919260974,73.44792643482681,0.37065954034800025,0.7301441348835572,0.00013467121246953112,-0.10989705882565738,-0.8565515139011409,-0.4947413224876528,490.2796688293283
0.10644046407252744,1.0494636604757834,73.46245623330483,0.3709719505257227,0.7302671419120416,0.00013488222146626125,-0.1099582399209023,-0.8565242134001141,-0.4945153026665895,492.4268237280765
0.10687521397685962,1.049672129800698,73.47704908604885,0.37128583842470364,0.7303906473139247,0.0001350943417047467,-0.11001968821238452,-0.856496814994002,-0.4942883552922547,494.58389896006366
0.10731173959197025,1.0498815040214808,73.49170528150366,0.37160121181600786,0.730514653090436,0.0001353075799627962,-0.11008140493475073,-0.8564693183903218,-0.4940604765917681,496.75094405458503
0.10775004817064694,1.0500917872793,73.506425109551,0.37191807851768727,0.7306391612506808,0.00013552194306673974,-0.11014339132888527,-0.8564417232962225,-0.49383166277758983,498.92800881208984
0.10819014699530123,1.0503029837359652,73.52120886151756,0.3722364463951104,0.7307641738116692,0.0001357374378918298,-0.11020564864194572,-0.8564140294184892,-0.493601910047473,501.1151433057958
0.1086320433780888,1.0505150975740436,73.53605683018306,0.37255632336129435,0.7308896927983456,0.0001359540713626455,-0.11026817812739838,-0.8563862364635485,-0.4933712145844187,503.3123978833072
0.10907574466103183,1.0507281329969766,73.55096930978837,0.37287771737723996,0.7310157202436189,0.0001361718504535017,-0.11033098104505465,-0.8563583441374721,-0.4931395725566293,505.5198231682526
0.10952125821614017,1.0509420942291965,73.56594659604376,0.3732006364522688,0.7311422581883917,0.00013639078218886035,-0.11039405866110694,-0.8563303521459824,-0.49290698011746137,507.737470061923
0.10996859144553461,1.0511569855162448,73.58098898613714,0.37352508864436423,0.7312693086815908,0.00013661087364374706,-0.1104574122481655,-0.8563022601944565,-0.4926734334053805,509.9653897449284
0.11041775178156905,1.0513728111248903,73.59609677874232,0.37385108206051354,0.7313968737801964,0.00013683213194417082,-0.1105210430852948,-0.8562740679879323,-0.49243892854391424,512.2036336788583
0.11086874668695486,1.0515895753432491,73.61127027402745,0.3741786248570544,0.7315249555492731,0.00013705456426754795,-0.11058495245805088,-0.8562457752311116,-0.4922034616416059,514.4522536079589
0.11132158365488408,1.0518072824809044,73.6265097736633,0.37450772524002285,0.731653556061999,0.00013727817784312937,-0.11064914165851802,-0.8562173816283667,-0.49196702879196885,516.7113015608127
0.11177627020915425,1.052025936869027,73.64181558083189,0.3748383914655044,0.7317826773996973,0.000137502979952433,-0.11071361198534684,-0.8561888868837447,-0.4917296260734405,518.9808298520356
0.11223281390429377,1.0522455428604978,73.65718800023484,0.37517063183998917,0.7319123216518647,0.00013772897792967902,-0.11077836474379146,-0.8561602907009727,-0.4914912495493343,521.260891083983
0.11269122232568662,1.0524661048300292,73.67262733810205,0.3755044547207274,0.7320424909162042,0.00013795617916222957,-0.11084340124574764,-0.8561315927834627,-0.49125189526779567,523.5515381484616
0.11315150308969932,1.0526876271742893,73.68813390220025,0.3758398685160907,0.7321731872986538,0.00013818459109103348,-0.11090872280979111,-0.8561027928343174,-0.4910115592617552,525.8528242284608
0.11361366384380649,1.0529101143120254,73.70370800184178,0.3761768816859335,0.7323044129134179,0.0001384142212110734,-0.11097433076121567,-0.856073890556335,-0.49077023754888227,528.1648027998839
0.11407771226671892,1.0531335706841891,73.71934994789324,0.37651550274195994,0.7324361698829983,0.00013864507707181853,-0.11104022643207236,-0.8560448856520148,-0.49052792613153895,530.4875276333015
0.11454365606851016,1.0533580007540613,73.73506005278429,0.3768557402480914,0.732568460338224,0.00013887716627768125,-0.11110641116120792,-0.8560157778235621,-0.49028462099673475,532.8210527957048
0.11501150299074558,1.0535834090073795,73.75083863051657,0.37719760282083875,0.7327012864182838,0.00013911049648847746,-0.11117288629430434,-0.8559865667728949,-0.49004031811607995,535.1654326522802
0.11548126080661009,1.053809799952464,73.76668599667248,0.3775410991296768,0.7328346502707556,0.00013934507541989242,-0.11123965318391821,-0.8559572522016478,-0.48979501344573995,537.5207218681852
0.11595293732103812,1.0540371781203473,73.7826024684243,0.37788623789742204,0.7329685540516385,0.00013958091084394954,-0.11130671318952035,-0.8559278338111789,-0.4895487029263893,539.886975410344
0.11642654037084263,1.054265548064901,73.79858836454306,0.3782330279006127,0.7331029999253842,0.00013981801058948442,-0.11137406767753602,-0.8558983113025749,-0.48930138248316624,542.2642485492468
0.11690207782484555,1.0544949143629678,73.81464400540774,0.37858147796989317,0.7332379900649271,0.0001400563825426235,-0.1114417180213849,-0.8558686843766569,-0.489053048025627,544.6525968607647
0.11737955758400888,1.0547252816144903,73.83076971301432,0.3789315969904011,0.7333735266517176,0.0001402960346472669,-0.11150966560152197,-0.8558389527339865,-0.4888036954476992,547.0520762279771
0.11785898758156522,1.054956654442643,73.84696581098501,0.3792833939021564,0.7335096118757521,0.0001405369749055754,-0.11157791180547791,-0.8558091160748711,-0.4885533206276377,549.4627428430038
0.11834037578315047,1.0551890374939643,73.8632326245775,0.3796368777004555,0.7336462479356051,0.00014077921137846302,-0.11164645802790038,-0.8557791740993703,-0.48830191942797796,551.8846532088572
0.11882373018693519,1.0554224354384902,73.87957048069431,0.379992057436267,0.7337834370384609,0.00014102275218609323,-0.1117153056705954,-0.8557491265073021,-0.4880494876954913,554.3178641412972
0.11930905882375853,1.0556568529698873,73.89597970789211,0.38034894221663185,0.7339211814001462,0.00014126760550838065,-0.11178445614256874,-0.8557189729982482,-0.4877960212611391,556.7624327707063
0.1197963697572606,1.0558922948055884,73.91246063639119,0.3807075412050657,0.7340594832451605,0.00014151377958549665,-0.11185391086006814,-0.8556887132715609,-0.48754151594002715,559.2184165439672
0.12028567108401754,1.0561287656869274,73.92901359808492,0.3810678636219655,0.7341983448067088,0.00014176128271838105,-0.11192367124662496,-0.855658347026369,-0.48728596753136166,561.6858732263623
0.12077697093367505,1.0563662703792762,73.94563892654934,0.3814299187450185,0.7343377683267345,0.0001420101232692571,-0.11199373873309715,-0.8556278739615841,-0.4870293718184029,564.164860903474
0.12127027746908393,1.0566048136721828,73.9623369570528,0.38179371590961564,0.7344777560559503,0.00014226030966215232,-0.1120641147577117,-0.8555972937759071,-0.4867717245684211,566.6554379831049
0.12176559888643604,1.0568444003795086,73.9791080265656,0.3821592645092673,0.7346183102538721,0.00014251185038342422,-0.11213480076610775,-0.8555666061678345,-0.48651302153265097,569.1576631972081
0.12226294341539962,1.0570850353395673,73.99595247376972,0.38252657399602275,0.7347594331888493,0.00014276475398229053,-0.11220579821137967,-0.855535810835665,-0.48625325844624645,571.6715956038255
0.12276231931925698,1.057326723415267,74.0128706390687,0.3828956538808939,0.7349011271380992,0.00014301902907136536,-0.11227710855412108,-0.8555049074775058,-0.48599243102823775,574.1972945890446
0.12326373489504086,1.057569469494249,74.02986286459743,0.383266513734281,0.7350433943877388,0.00014327468432719909,-0.1123487332624683,-0.8554738957912799,-0.48573053498148466,576.73481986896
0.12376719847367323,1.0578132784890317,74.04692949423222,0.38363916318640495,0.735186237232818,0.000143531728490825,-0.11242067381214503,-0.8554427754747317,-0.48546756599263163,579.2842314916552
0.12427271842010276,1.0580581553371722,74.06407087360205,0.38401361192776784,0.7353296579773633,0.00014379017036830971,-0.1124929316865122,-0.8554115462254325,-0.48520351973204456,581.8455898391877
0.12478030313344472,1.0583041050013784,74.08128735009649,0.3843898697095441,0.7354736589343932,0.00014405001883131005,-0.11256550837660366,-0.8553802077407907,-0.4849383918537985,584.4189556295961
0.12528996104711962,1.0585511324696597,74.09857927287618,0.3847679463440283,0.7356182424259533,0.00014431128281763394,-0.11263840538117281,-0.8553487597180582,-0.484672177995629,587.0043899189087
0.12580170062899426,1.0587992427554789,74.11594699288352,0.38514785170508964,0.735763410783154,0.00014457397133180798,-0.11271162420673979,-0.8553172018543369,-0.4844048737788801,589.6019541031766
0.12631553038152157,1.0590484408978977,74.13339086285283,0.3855295957286194,0.7359091663462028,0.00014483809344564968,-0.1127851663676371,-0.8552855338465849,-0.484136474808461,592.2117099205075
0.12683145884188232,1.0592987319617257,74.1509112373208,0.385913188412983,0.7360555114644384,0.0001451036582988452,-0.11285903338605564,-0.855253755391625,-0.48386697667280243,594.8337194531201
0.1273494945821272,1.0595501210376688,74.16850847263682,0.3862986398194754,0.7362024484963637,0.00014537067509953286,-0.11293322679209122,-0.8552218661861508,-0.48359637494381347,597.4680451294106
0.12786964620931843,1.0598026132424776,74.18618292697343,0.3866859600727799,0.7363499798096798,0.00014563915312489228,-0.11300774812379073,-0.8551898659267348,-0.4833246651768369,600.1147497260254
0.12839192236567387,1.060056213719099,74.20393496033692,0.38707515936143133,0.7364981077813187,0.0001459091017217387,-0.1130825989271995,-0.8551577543098354,-0.4830518429106072,602.773896369956
0.12891633172870948,1.0603109276368268,74.22176493457788,0.38746624793828266,0.7366468347974782,0.0001461805303071239,-0.1131577807564082,-0.8551255310318044,-0.48277790366720597,605.445548540638
0.12944288301138449,1.0605667601914552,74.23967321340187,0.38785923612097595,0.7367961632536546,0.00014645344836894188,-0.11323329517360066,-0.855093195788895,-0.4825028429520207,608.1297700720705
0.1299715849622452,1.0608237166054308,74.25766016238016,0.3882541342924162,0.7369460955546769,0.0001467278654665406,-0.11330914374910138,-0.8550607482772684,-0.48222665625370054,610.8266251549412
0.13050244636557143,1.061081802128009,74.27572614896063,0.3886509529012504,0.7370966341147418,0.0001470037912313409,-0.11338532806142437,-0.8550281881930029,-0.4819493390441145,613.5361783387735
0.1310354760415213,1.0613410220354074,74.29387154247851,0.3890497024623495,0.737247781357446,0.00014728123536745903,-0.11346184969732094,-0.8549955152321009,-0.4816708867783087,616.2584945340762
0.1315706828462789,1.061601381630963,74.31209671416741,0.3894503935572955,0.7373995397158218,0.00014756020765233758,-0.11353871025182899,-0.8549627290904966,-0.48139129489446286,618.993639014518
0.13210807567220048,1.061862886245291,74.33040203717037,0.3898530368348708,0.7375519116323715,0.00014784071793738074,-0.11361591132832226,-0.8549298294640648,-0.48111055881385156,621.7416774191033
0.13264766344796258,1.062125541236441,74.34878788655087,0.3902576430115537,0.7377048995591005,0.00014812277614859647,-0.11369345453855945,-0.854896816048628,-0.4808286739407984,624.5026757543709
0.1331894551387109,1.0623893519900587,74.36725463930411,0.3906642228720168,0.7378585059575531,0.00014840639228724524,-0.1137713415027346,-0.8548636885399652,-0.48054563566263686,627.276700396605
0.1337334597462081,1.0626543239195454,74.38580267436818,0.39107278726962924,0.7380127332988463,0.00014869157643049365,-0.11384957384952686,-0.8548304466338197,-0.48026143934966836,630.0638180940508
0.13427968630898462,1.0629204624662194,74.40443237263536,0.39148334712696475,0.738167584063705,0.0001489783387320765,-0.11392815321615121,-0.8547970900259079,-0.4799760803551191,632.8640959691589
0.1348281439024877,1.0631877730994799,74.42314411696358,0.39189591343631164,0.7383230607424964,0.0001492666894229631,-0.11400708124840939,-0.8547636184119269,-0.4796895540151025,635.677601520827
0.1353788416392333,1.06345626131697,74.4419382921879,0.3923104972601894,0.7384791658352664,0.00014955663881203174,-0.11408635960074118,-0.8547300314875641,-0.47940185564857507,638.5044026266705
0.13593178866895633,1.0637259326447417,74.46081528513191,0.3927271097318675,0.7386359018517713,0.00014984819728674952,-0.11416598993627561,-0.8546963289485043,-0.47911298055729756,641.3445675452939
0.13648699417876378,1.0639967926374216,74.47977548461951,0.39314576205589025,0.7387932713115162,0.00015014137531385948,-0.11424597392688336,-0.8546625104904397,-0.47882292402579385,644.1981649185873
0.13704446739328652,1.0642688468783787,74.49881928148652,0.393566465508605,0.738951276743789,0.00015043618344007421,-0.11432631325322887,-0.854628575809078,-0.47853168132131085,647.0652637740279
0.13760421757483282,1.0645421009798923,74.51794706859246,0.393989231438695,0.7391099206876957,0.00015073263229277642,-0.11440700960482292,-0.854594524600151,-0.47823924769377957,649.9459335270017
0.1381662540235428,1.0648165605833209,74.53715924083247,0.3944140712677174,0.739269205692195,0.00015103073258072584,-0.11448806468007572,-0.8545603565594239,-0.47794561837577343,652.8402439831384
0.13873058607754177,1.0650922313592723,74.55645619514907,0.39484099649064375,0.7394291343161352,0.00015133049509477331,-0.11456948018635023,-0.8545260713827041,-0.47765078858247056,655.748265340655
0.1392972231130968,1.0653691190077768,74.57583833054437,0.39527001867640843,0.7395897091282893,0.0001516319307085823,-0.11465125784001594,-0.8544916687658503,-0.4773547535116138,658.6700681927254
0.1398661745447711,1.0656472292584576,74.59530604809203,0.395701149468458,0.7397509327073905,0.0001519350503793563,-0.11473339936650301,-0.8544571484047818,-0.4770575083434724,661.6057235298487
0.14043744982558173,1.0659265678707066,74.61485975094946,0.3961344005853079,0.7399128076421678,0.00015223986514857488,-0.11481590650035682,-0.8544225099954874,-0.47675904824080295,664.5553027422492
0.14101105844715547,1.0662071406338582,74.63449984437008,0.3965697838211022,0.740075336531383,0.00015254638614273529,-0.11489878098529246,-0.8543877532340352,-0.4764593683488113,667.5188776222753
0.14158700993988768,1.0664889533673654,74.65422673571558,0.3970073110461792,0.7402385219838649,0.00015285462457410287,-0.11498202457425039,-0.8543528778165816,-0.4761584637951136,670.4965203668266
0.14216531387309944,1.066772011920977,74.67404083446839,0.3974469942076406,0.740402366618547,0.00015316459174146753,-0.11506563902945183,-0.8543178834393811,-0.47585632968969993,673.4883035797832
0.14274597985519785,1.0670563221749176,74.69394255224424,0.39788884532992724,0.7405668730645035,0.00015347629903090889,-0.11514962612245497,-0.8542827697987957,-0.4755529611248961,676.4943002744627
0.14332901753383448,1.067341890040065,74.71393230280455,0.39833287651539717,0.7407320439609849,0.00015378975791656757,-0.115233987634211,-0.8542475365913049,-0.4752483531753262,679.5145838760797
0.14391443659606615,1.0676287214581324,74.73401050206927,0.39877909994491095,0.7408978819574541,0.00015410497996142496,-0.11531872535512107,-0.8542121835135152,-0.4749425008978767,682.5492282242286
0.14450224676851642,1.0679168224018498,74.75417756812949,0.3992275278784211,0.7410643897136251,0.00015442197681809106,-0.11540384108509373,-0.8541767102621703,-0.47463539933165877,685.5983075753827
0.14509245781753602,1.068206198875148,74.77443392126035,0.39967817265556577,0.7412315698994967,0.00015474076022959848,-0.11548933663360197,-0.8541411165341605,-0.4743270434979726,688.6618966053976
0.14568507954936644,1.0684968569133417,74.79477998393392,0.40013104669626887,0.741399425195391,0.00015506134203020614,-0.11557521381974165,-0.8541054020265332,-0.4740174284002715,691.7400704120455
0.14628012181030153,1.0687888025833172,74.81521618083221,0.4005861625013439,0.741567958291991,0.00015538373414620944,-0.11566147447228965,-0.8540695664365034,-0.47370654902412646,694.8329045175487
0.1468775944868524,1.0690820419837304,74.83574293886113,0.4010435326531242,0.7417371718903817,0.00015570794859675943,-0.11574812042976643,-0.8540336094614617,-0.4733944003371766,697.9404748711443
0.14747750750591038,1.0693765812451772,74.85636068716241,0.40150316981604817,0.7419070687020801,0.00015603399749468944,-0.11583515354048982,-0.8539975307989871,-0.47308097728911513,701.0628578516494
0.14807987083491328,1.0696724265303832,74.87706985712683,0.4019650867372801,0.7420776514490705,0.0001563618930473499,-0.11592257566263466,-0.8539613301468578,-0.47276627481165345,704.2001302700555
0.14868469448200988,1.0699695840343992,74.89787088240794,0.40242929624734325,0.7422489228638446,0.00015669164755745209,-0.1160103886642943,-0.8539250072030609,-0.4724502878184821,707.3523693721281
0.1492919884962266,1.0702680599847942,74.91876419893559,0.402895811260751,0.74242088568944,0.00015702327342391914,-0.11609859442354135,-0.8538885616658025,-0.4721330112052371,710.5196528410272
0.14990176296763505,1.0705678606418474,74.93975024492931,0.40336464477664274,0.7425935426794765,0.00015735678314274723,-0.11618719482848804,-0.8538519932335193,-0.47181443984946525,713.7020587999468
0.1505140280275185,1.0708689922987438,74.96082946091207,0.4038358098794243,0.7427668965981946,0.00015769218930787243,-0.1162761917773478,-0.853815301604889,-0.47149456861059336,716.8996658147594
0.15112879384854147,1.071171461281769,74.98200228972384,0.4043093197394163,0.7429409502204921,0.0001580295046120497,-0.11636558717849707,-0.8537784864788412,-0.4711733923298931,720.1125528966908
0.15174607064491757,1.0714752739505076,75.00326917653553,0.404785187613505,0.7431157063319627,0.0001583687418477377,-0.11645538295053706,-0.8537415475545687,-0.4708509058304513,723.3407995049986
0.15236586867258034,1.0717804366980404,75.02463056886282,0.40526342684580113,0.7432911677289331,0.0001587099139079942,-0.11654558102235668,-0.8537044845315379,-0.47052710391713637,726.5844855496767
0.15298819822935247,1.0720869559511446,75.04608691658012,0.40574405086830273,0.7434673372185013,0.000159053033787379,-0.11663618333319524,-0.8536672971095013,-0.47020198137656843,729.8436913941667
0.15361306965511817,1.072394838170495,75.06763867193466,0.4062270732015651,0.7436442176185744,0.00015939811458286774,-0.11672719183270613,-0.8536299849885076,-0.46987553297708684,733.1184978580973
0.15424049333199366,1.0727040898508666,75.08928628956066,0.40671250745537463,0.7438218117579067,0.00015974516949477234,-0.11681860848102048,-0.8535925478689139,-0.46954775346872124,736.4089862200267
0.15487047968450093,1.073014717521338,75.11103022649367,0.4072003673294308,0.7440001224761386,0.0001600942118276731,-0.11691043524881178,-0.853554985451397,-0.46921863758316085,739.715238220215
0.15550303917973984,1.0733267277454968,75.13287094218477,0.4076906666140316,0.744179152623833,0.00016044525499135832,-0.11700267411736032,-0.8535172974369648,-0.4688881800337247,743.0373360634027
0.1561381823275626,1.073640127121646,75.15480889851523,0.40818341919076645,0.7443589050625161,0.00016079831250177402,-0.11709532707861887,-0.8534794835269685,-0.46855637551533336,746.3753624216107
0.15677591968074864,1.0739549222830123,75.17684455981086,0.4086786390332146,0.7445393826647141,0.0001611533979819833,-0.1171883961352779,-0.853441543423114,-0.4682232187044796,749.729400436961
0.15741626183517907,1.0742711198979542,75.19897839285679,0.4091763402076492,0.7447205883139925,0.0001615105251631353,-0.117281883300832,-0.8534034768274741,-0.46788870425920026,753.0995337245037
0.1580592194300139,1.0745887266701755,75.22121086691229,0.40967653687374833,0.7449025249049952,0.00016186970788544314,-0.11737579059964678,-0.8533652834425005,-0.4675528268190494,756.485846375074
0.15870480314786745,1.0749077493389332,75.24354245372533,0.41017924328531036,0.7450851953434813,0.00016223096009917255,-0.11747012006702512,-0.853326962971036,-0.4672155810050703,759.8884229581537
0.15935302371498727,1.0752281946792555,75.26597362754788,0.41068447379097844,0.745268602546367,0.0001625942958656401,-0.1175648737492759,-0.8532885151163268,-0.466876961419769,763.3073485247629
0.16000389190143102,1.0755500695021536,75.28850486515076,0.4111922428349673,0.7454527494417619,0.00016295972935822153,-0.11766005370378109,-0.8532499395820343,-0.4665369626470893,766.7427086103555
0.16065741852124663,1.0758733806548397,75.31113664583879,0.41170256495780055,0.7456376389690096,0.0001633272748633698,-0.11775566199906472,-0.8532112360722485,-0.46619557925238575,770.1945892377456
0.16131361443265074,1.0761981350209444,75.33386945146611,0.4122154547970505,0.7458232740787267,0.000163696946781644,-0.11785170071486192,-0.8531724042914998,-0.46585280578239885,773.663076920039
0.16197249053821042,1.0765243395207362,75.35670376645153,0.4127309270880876,0.7460096577328411,0.00016406875962874843,-0.11794817194218836,-0.853133443944772,-0.4655086367652318,777.1482586635934
0.16263405778502316,1.0768520011113423,75.37964007779397,0.41324899666483383,0.746196792904632,0.00016444272803658162,-0.11804507778341004,-0.853094354737515,-0.4651630667103248,780.6502219709872
0.1632983271648992,1.0771811267869706,75.40267887508794,0.4137696784605239,0.7463846825787696,0.0001648188667542969,-0.1181424203523141,-0.8530551363756581,-0.4648160901084335,784.1690548440114
0.16396530971454468,1.0775117235791347,75.42582065053944,0.4142929875084735,0.7465733297513548,0.00016519719064937317,-0.11824020177417982,-0.8530157885656222,-0.4644677014316051,787.7048457866807
0.16463501651574394,1.0778437985568774,75.44906589898142,0.41481893894285243,0.7467627374299574,0.00016557771470869598,-0.11833842418584978,-0.8529763110143334,-0.4641178951331556,791.2576838082553
0.1653074586955448,1.0781773588269992,75.47241511788994,0.41534754799946677,0.7469529086336575,0.00016596045403965043,-0.11843708973580225,-0.8529367034292361,-0.4637666656476499,794.8276584262906
0.16598264742644225,1.0785124115342857,75.4958688074,0.4158788300165451,0.7471438463930843,0.00016634542387122483,-0.11853620058422344,-0.8528969655183067,-0.46341400739088,798.4148596696951
0.16666059392656535,1.0788489638617385,75.51942747032169,0.4164128004355345,0.7473355537504569,0.0001667326395551252,-0.11863575890308085,-0.8528570969900665,-0.46305991475984454,802.0193780818175
0.16734130945986225,1.079187023030805,75.54309161215635,0.41694947480190114,0.7475280337596232,0.00016712211656690157,-0.11873576687619644,-0.8528170975535954,-0.46270438213272813,805.6413047235393
0.16802480533628875,1.0795265963016134,75.56686174111294,0.41748886876593894,0.747721289486101,0.00016751387050708565,-0.11883622669932113,-0.8527769669185453,-0.46234740386888484,809.2807311764009
0.16871109291199501,1.0798676909732068,75.59073836812448,0.41803099808358524,0.7479153240071176,0.00016790791710233926,-0.11893714058020918,-0.852736704795155,-0.4619889743088178,812.9377495457315
0.1694001835895147,1.0802103143837913,75.61472200686539,0.418575878617265,0.7481101404116578,0.00016830427220661552,-0.11903851073869727,-0.8526963108942607,-0.4616290877741458,816.6124524638071
0.170092088817955,1.0805544739109645,75.63881317376752,0.41912352633670114,0.748305741800498,0.0001687029518023318,-0.11914033940677693,-0.8526557849273128,-0.46126773856760284,820.3049330930285
0.17078682009318566,1.0809001769719397,75.66301238803578,0.4196739573197303,0.7485021312862387,0.0001691039720015531,-0.11924262882866665,-0.8526151266063909,-0.4609049209730326,824.0152851291067
0.17148438895803123,1.0812474310237992,75.68732017166595,0.42022718775316636,0.7486993119933515,0.00016950734904718997,-0.11934538126089218,-0.8525743356442171,-0.4605406292553609,827.7436028042836
0.17218480700246167,1.081596243563737,75.71173704946159,0.4207832339336521,0.7488972870582206,0.00016991309931420597,-0.11944859897236378,-0.8525334117541699,-0.4601748576605805,831.4899808905558
0.17288808586378612,1.0819466221293046,75.73626354905132,0.4213421122685186,0.7490960596291827,0.00017032123931084019,-0.11955228424445452,-0.8524923546502985,-0.4598076004157382,835.2545147029322
0.173594237226845,1.0822985742986542,75.7609002009058,0.421903839276651,0.7492956328665686,0.00017073178567983914,-0.11965643937107819,-0.8524511640473377,-0.4594388517289191,839.0373001026966
0.17430327282420546,1.0826521076907891,75.78564753835524,0.4224684315893643,0.7494960099427439,0.00017114475519970472,-0.1197610666587688,-0.8524098396607225,-0.4590686057892349,842.838433500704
0.1750152044363549,1.083007229965811,75.81050609760676,0.4230359059512835,0.7496971940421494,0.0001715601647859517,-0.11986616842675964,-0.852368381206603,-0.4586968567668127,846.6580118606828
0.1757300438918982,1.083363948825172,75.83547641776204,0.4236062792212347,0.7498991883613432,0.00017197803149238093,-0.11997174700706399,-0.8523267884018588,-0.4583235988127814,850.4961327025699
0.17644780306775293,1.083722272011928,75.86055904083496,0.4241795683731418,0.750101996109041,0.0001723983725123628,-0.12007780474455554,-0.8522850609641144,-0.4579488260592637,854.3528941058523
0.17716849388934724,1.084082207310991,75.88575451176938,0.4247557904969318,0.7503056205061586,0.0001728212051801363,-0.12018434399704965,-0.8522431986117545,-0.45757253261936426,858.2283947129376
0.17789212833081855,1.0844437625493877,75.91106337845714,0.4253349627994488,0.7505100647858518,0.0001732465469721207,-0.12029136713538557,-0.8522012010639386,-0.4571947125871626,862.122733732546
0.1786187184152112,1.0848069455965155,75.93648619175609,0.42591710260537446,0.7507153321935583,0.00017367441550823905,-0.12039887654350852,-0.8521590680406169,-0.45681536003770284,866.0360109431085
0.17934827621467772,1.0851717643644034,75.96202350550824,0.4265022273581581,0.7509214259870409,0.00017410482855325816,-0.12050687461855315,-0.8521167992625457,-0.4564344690269887,869.9683266962057
0.18008081385067792,1.0855382268079732,75.98767587655813,0.42709035462095407,0.7511283494364263,0.00017453780401814018,-0.12061536377092709,-0.8520743944513026,-0.4560520335919753,873.9197819200072
0.1808163434941817,1.085906340925302,76.01344386477115,0.4276815020775678,0.7513361058242491,0.0001749733599614088,-0.12072434642439525,-0.8520318533293028,-0.4556680477505648,877.890478122746
0.18155487736586987,1.0862761147578883,76.03932803305219,0.4282756875334096,0.7515446984454929,0.00017541151459052996,-0.12083382501616466,-0.8519891756198141,-0.4552825055016012,881.8805173962021
0.18229642773633867,1.086647556390918,76.06532894736425,0.42887292891645845,0.7517541306076315,0.00017585228626330583,-0.12094380199697027,-0.8519463610469741,-0.45489540082486546,885.8900024192184
0.18304100692630207,1.087020673953533,76.09144717674731,0.4294732442782317,0.7519644056306725,0.00017629569348928445,-0.1210542798311608,-0.8519034093358048,-0.4545067276810747,889.9190364612231
0.18378862730679807,1.0873954756191027,76.11768329333718,0.4300766517947661,0.7521755268471972,0.00017674175493118295,-0.1211652609967856,-0.8518603202122297,-0.4541164800118781,893.9677233857888
0.18453930129939292,1.0877719696054948,76.14403787238464,0.4306831697676058,0.7523874976024053,0.0001771904894063254,-0.12127674798568237,-0.8518170934030899,-0.4537246517398572,898.0361676541963
0.185293041376388,1.0881501641753504,76.17051149227453,0.4312928166247991,0.7526003212541547,0.00017764191588809649,-0.12138874330356464,-0.8517737286361604,-0.4533312367685247,902.1244743290312
0.18604986006102764,1.08853006763636,76.1971047345452,0.43190561092190577,0.7528140011730055,0.00017809605350741002,-0.12150124947011098,-0.8517302256401669,-0.4529362289823258,906.2327490777992
0.1868097699277059,1.0889116883415413,76.2238181839079,0.43252157134301045,0.7530285407422617,0.00017855292155419128,-0.12161426901905416,-0.8516865841448018,-0.45253962224664,910.3610981765553
0.18757278360217697,1.0892950346895194,76.25065242826636,0.43314071670174803,0.7532439433580144,0.00017901253947887738,-0.12172780449827111,-0.851642803880742,-0.45214141040778444,914.5096285135671
0.18833891376176348,1.0896801151248068,76.27760805873648,0.4337630659423356,0.7534602124291825,0.00017947492689392982,-0.12184185846987351,-0.8515988845796647,-0.45174158729301483,918.6784475929842
0.18910817313556855,1.0900669381380894,76.30468566966626,0.43438863814061585,0.7536773513775581,0.00017994010357536661,-0.12195643351029925,-0.8515548259742652,-0.4513401467105337,922.8676635385449
0.18988057450468585,1.090455512266511,76.33188585865577,0.43501745250510737,0.7538953636378473,0.00018040808946430658,-0.12207153221040443,-0.8515106277982738,-0.45093708244949426,927.0773850972888
0.19065613070241344,1.0908458460939605,76.35920922657724,0.435649528378067,0.7541142526577129,0.0001808789046685331,-0.12218715717555588,-0.8514662897864727,-0.4505323882800071,931.3077216433077
0.19143485461446572,1.0912379482513634,76.38665637759544,0.4362848852365612,0.7543340218978201,0.0001813525694640714,-0.12230331102572504,-0.8514218116747138,-0.45012605795314675,935.558783181501
0.19221675917918793,1.0916318274170052,76.41422791919037,0.4369235426935984,0.7545546748318949,0.00018182910429678396,-0.1224199963955914,-0.8513771931999321,-0.44971808520092904,939.8306803513652
0.19300185738777195,1.0920274923167739,76.44192446217417,0.4375655204991372,0.7547762149467404,0.00018230852978398256,-0.12253721593462226,-0.8513324341001697,-0.44930846373637,944.1235244308061
0.19379016228447057,1.0924249517244609,76.46974662071226,0.43821083854119214,0.7549986457422825,0.00018279086671605567,-0.12265497230716964,-0.8512875341145919,-0.4488971872534957,948.4374273399588
0.19458168696681585,1.0928242144620706,76.49769501234493,0.43885951684696445,0.7552219707316191,0.0001832761360581148,-0.12277326819256996,-0.8512424929835047,-0.44848424942733833,952.7725016450502
0.19537644458583517,1.0932252894001202,76.52577025800841,0.4395115755839598,0.755446193441065,0.0001837643589516569,-0.12289210628524105,-0.8511973104483723,-0.44806964391395254,957.1288605622645
0.1961744483462714,1.0936281854579415,76.55397298205591,0.4401670350611192,0.7556713174101941,0.0001842555567162443,-0.12301148929477969,-0.8511519862518352,-0.447653364350426,961.5066179616488
0.1969757115068005,1.094032911603984,76.58230381227888,0.44082591572995605,0.7558973461918831,0.00018474975085120272,-0.12313141994605953,-0.8511065201377286,-0.44723540435489917,965.9058883710236
0.1977802473802536,1.0944394768561214,76.6107633799285,0.4414882381857077,0.7561242833523557,0.0001852469630373368,-0.1232519009793308,-0.8510609118511003,-0.4468157575265783,970.3267869799338
0.1985880693338365,1.0948478902819592,76.63935231973714,0.442154023168493,0.7563521324712252,0.0001857472151386629,-0.12337293515031927,-0.8510151611382302,-0.44639441744575725,974.7694296436046
0.19939919078935334,1.0952581609991443,76.6680712699401,0.4428232915644844,0.7565808971415389,0.0001862505292041624,-0.12349452523032722,-0.8509692677466474,-0.44597137767383277,979.2339328869385
0.20021362522342828,1.0956702981756776,76.69692087229744,0.4434960644070871,0.7568105809698218,0.00018675692746955043,-0.12361667400633441,-0.8509232314251504,-0.44554663175332776,983.720413908518
0.20103138616773,1.0960843110302279,76.72590177211595,0.4441723628781309,0.7570411875761195,0.00018726643235906503,-0.12373938428110012,-0.8508770519238249,-0.4451201732079123,988.2289905846422
0.20185248720919702,1.0965002088324485,76.75501461827139,0.44485220830907224,0.7572727205940436,0.00018777906648727598,-0.12386265887326582,-0.8508307289940634,-0.44469199554242556,992.7597814733881
0.20267694199026218,1.0969180009032955,76.78426006323069,0.4455356221822064,0.7575051836708149,0.00018829485266090947,-0.12398650061745875,-0.850784262388584,-0.44426209224290125,997.3129058186818
0.2035047642090808,1.0973376966153492,76.81363876307444,0.446222626131892,0.7577385804673072,0.00018881381388069648,-0.12411091236439609,-0.8507376518614496,-0.4438304567765927,1001.8884835544129
0.20433596761975678,1.0977593053931356,76.84315137751949,0.446913241945785,0.7579729146580914,0.00018933597334323612,-0.12423589698098976,-0.8506908971680872,-0.44339708259199917,1006.4866353085508
0.2051705660325726,1.0981828367134536,76.87279856994175,0.44760749156608515,0.75820818993148,0.00018986135444288272,-0.12436145735045273,-0.8506439980653079,-0.44296196311889535,1011.1074824073063
0.2060085733142173,1.098608300105701,76.90258100739906,0.44830539709079226,0.7584444099895723,0.00019038998077364926,-0.1244875963724052,-0.8505969543113258,-0.4425250917683595,1015.7511468792956
0.20685000338801834,1.0990357051522046,76.93249936065432,0.4490069807749761,0.7586815785482963,0.0001909218761311347,-0.12461431696298218,-0.8505497656657778,-0.44208646193280565,1020.4177514597491
0.20769487023417166,1.0994650614885517,76.96255430419862,0.4497122650320546,0.7589196993374557,0.00019145706451446798,-0.12474162205494155,-0.8505024318897441,-0.44164606698601405,1025.1074195947251
0.20854318788997445,1.0998963788039249,76.99274651627474,0.4504212724350863,0.7591587761007723,0.00019199557012827506,-0.12486951459777311,-0.8504549527457672,-0.4412039002831669,1029.8202754453596
0.2093949704500591,1.1003296668414382,77.02307667890068,0.45113402571807437,0.7593988125959316,0.00019253741738466695,-0.12499799755780845,-0.850407327997873,-0.44075995516088196,1034.5564438921415
0.21025023206662577,1.1007649353984765,77.05354547789335,0.45185054777727973,0.7596398125946272,0.00019308263090524682,-0.1251270739183316,-0.8503595574115903,-0.44031422493725025,1039.3160505391977
0.21110898694967947,1.1012021943270358,77.08415360289251,0.4525708616725498,0.7598817798826057,0.00019363123552314077,-0.12525674667969044,-0.850311640753971,-0.439866702911873,1044.0992217186238
0.21197124936726414,1.101641453534067,77.11490174738469,0.45329499062865597,0.760124718259711,0.00019418325628504848,-0.12538701885940892,-0.8502635777936114,-0.4394173823659028,1048.906084494817
0.2128370336457017,1.1020827229818224,77.14579060872757,0.4540229580366463,0.7603686315399285,0.00019473871845331704,-0.12551789349230025,-0.8502153683006721,-0.43896625656208177,1053.736766668855
0.2137063541698281,1.1025260126882028,77.17682088817419,0.45475478745520737,0.7606135235514315,0.0001952976475080352,-0.12564937363058104,-0.8501670120468988,-0.4385133187447874,1058.5913967828785
0.21457922538323437,1.1029713327271093,77.20799329089765,0.45549050261204166,0.7608593981366248,0.00019586006914915267,-0.12578146234398602,-0.8501185088056435,-0.4380585621400741,1063.470104124521
0.2154556617885045,1.1034186932287957,77.2393085260157,0.45623012740525437,0.7611062591521903,0.00019642600929861833,-0.12591416271988376,-0.850069858351885,-0.4376019799557208,1068.37301873134
0.21633567794745842,1.1038681043802245,77.27076730661572,0.4569736859047558,0.7613541104691318,0.00019699549410254544,-0.1260474778633933,-0.8500210604622502,-0.43714356538127674,1073.3002713952967
0.21721928848139227,1.1043195764254237,77.30237034977965,0.4577212023536739,0.7616029559728195,0.000197568549933396,-0.12618141089750146,-0.8499721149150355,-0.43668331158811047,1078.2519936672388
0.2181065080713221,1.104773119665848,77.33411837660935,0.4584727011697816,0.7618527995630361,0.00019814520339219154,-0.12631596496318134,-0.8499230214902278,-0.43622121172946104,1083.228317861426
0.21899735145822824,1.1052287444607425,77.36601211225198,0.45922820694693683,0.7621036451540218,0.00019872548131074624,-0.12645114321951167,-0.8498737799695261,-0.43575725894048944,1088.2293770600725
0.21989183344329893,1.1056864612275072,77.3980522859255,0.45998774445653423,0.7623554966745195,0.00019930941075392366,-0.12658694884379681,-0.8498243901363629,-0.4352914463383334,1093.255305117914
0.2207899688881779,1.1061462804420639,77.43023963094447,0.46075133864897244,0.762608358067819,0.00019989701902191915,-0.12672338503168762,-0.8497748517759266,-0.4348237670221605,1098.3062366668082
0.2216917727152094,1.1066082126392287,77.462574884746,0.46151901465513223,0.7628622332918039,0.00020048833365256475,-0.1268604549973037,-0.8497251646751824,-0.43435421407322883,1103.3823071203483
0.22259725990768814,1.107072268413084,77.49505878891588,0.46229079778787135,0.7631171263189966,0.00020108338242366073,-0.12699816197335634,-0.8496753286228947,-0.43388278055494256,1108.483652678518
0.2235064455101063,1.1075384584173535,77.52769208921475,0.4630667135435293,0.7633730411366032,0.0002016821933553308,-0.12713650921127206,-0.8496253434096495,-0.43340945951291465,1113.6104103323557
0.22441934462840527,1.1080067933657813,77.5604755356047,0.46384678760344955,0.7636299817465593,0.00020228479471240393,-0.1272754999813175,-0.8495752088278757,-0.4329342439750278,1118.7627178686632
0.22533597243022493,1.1084772840325123,77.59340988227586,0.46463104583551257,0.7638879521655757,0.00020289121500682034,-0.12741513757272527,-0.8495249246718686,-0.4324571269515005,1123.9407138747192
0.22625634414515738,1.108949941252476,77.62649588767331,0.46541951429568573,0.7641469564251843,0.00020350148300006543,-0.1275554252938204,-0.8494744907378113,-0.43197810143495186,1129.144537743043
0.22718047506499844,1.1094247759217712,77.65973431452399,0.46621221922958483,0.7644069985717822,0.00020411562770562708,-0.12769636647214802,-0.8494239068237979,-0.4314971604004686,1134.3743296761609
0.2281083805440024,1.1099017989980755,77.69312592986529,0.46700918707408273,0.7646680826666903,0.0002047336783914828,-0.12783796445460768,-0.8493731727298539,-0.4310142968056587,1139.6302306914167
0.22904007599913778,1.1103810215010663,77.72667150507465,0.4678104444589552,0.7649302127862139,0.00020535566458261187,-0.12798022260759204,-0.8493222882579559,-0.4305295035906882,1144.9123826258049
0.22997557691034184,1.110862454512713,77.76037181588991,0.4686160182083131,0.7651933930216326,0.0002059816160635335,-0.12812314431708693,-0.8492712532120654,-0.4300427736784602,1150.2209281408182
0.2309148988207798,1.1113461091777217,77.79422764244052,0.46942593534230564,0.765457627479274,0.0002066115628808764,-0.12826673298881752,-0.8492200673981465,-0.4295540999746418,1155.5560107273466
0.231858057337101,1.1118319967039403,77.82823976927583,0.4702402230787637,0.765722920280561,0.00020724553534597087,-0.12841099204838208,-0.849168730624189,-0.42906347536773604,1160.917774710573
0.23280506812970017,1.1123201283627606,77.86240898539324,0.4710589088348531,0.7659892755620575,0.0002078835640374746,-0.12855592494138568,-0.8491172427002311,-0.42857089272915994,1166.306365254927
0.233755946932976,1.1128105154895234,77.89673608426664,0.4718820202287386,0.7662566974755161,0.0002085256798040216,-0.12870153513357496,-0.8490656034383837,-0.4280763449133277,1171.7219283690374
0.23471070954559428,1.113303169483927,77.9312218638749,0.47270958508126804,0.7665251901879224,0.0002091719137669047,-0.12884782611097373,-0.8490138126528524,-0.42757982475773293,1177.164610910737
0.23566937183074887,1.113798101810437,77.96586712673059,0.4735416314176676,0.766794757881542,0.0002098222973227835,-0.12899480138001942,-0.848961870159963,-0.42708132508303454,1182.634560592074
0.2366319497164259,1.1142953239987006,78.00067267990904,0.4743781874692562,0.7670654047539665,0.00021047686214642329,-0.1291424644677011,-0.848909775778184,-0.4265808386931442,1188.1319259843622
0.2375984591956692,1.114794847643963,78.03563933507742,0.47521928167517424,0.767337135018159,0.0002111356401934651,-0.12929081892169825,-0.8488575293281511,-0.42607835837531594,1193.6568565232637
0.23856891632684424,1.1152966844074865,78.07076790852406,0.4760649426841281,0.7676099529025013,0.0002117986637032229,-0.12943986831052035,-0.8488051306326906,-0.4255738769002372,1199.2095025138813
0.23954333723390694,1.1158008460169728,78.1060592211881,0.47691519935615184,0.7678838626508391,0.00021246596520151418,-0.1295896162236481,-0.8487525795168445,-0.42506738702212354,1204.7900151359
0.2405217381066696,1.116307344266988,78.14151409868916,0.4777700807643833,0.7681588685225288,0.0002131375775035194,-0.1297400662716753,-0.8486998758078936,-0.4245588814788157,1210.3985464487366
0.24150413520107192,1.1168161910193912,78.17713337135739,0.4786296161968607,0.7684349747924839,0.00021381353371667435,-0.12989122208645218,-0.8486470193353831,-0.4240483529918744,1216.0352493967387
0.24249054483944893,1.1173273982037644,78.21291787426351,0.47949383515832944,0.7687121857512205,0.00021449386724359213,-0.13004308732122905,-0.848594009931146,-0.4235357942666843,1221.700277814387
0.24348098341080443,1.1178409778178486,78.24886844724941,0.4803627673720738,0.7689905057049051,0.00021517861178501938,-0.1301956656508025,-0.848540847429328,-0.4230211979925552,1227.3937864315528
0.244475467371081,1.1183569419279782,78.28498593495847,0.48123644278175726,0.7692699389753991,0.00021586780134282254,-0.13034896077166097,-0.8484875316664128,-0.4225045568428272,1233.115930878757
0.2454740132434357,1.1188753026695233,78.32127118686662,0.4821148915532876,0.7695504899003069,0.0002165614702230096,-0.13050297640213301,-0.8484340624812461,-0.4219858634749778,1238.8668676924851
0.24647663761851268,1.1193960722473313,78.35772505731319,0.48299814407669306,0.7698321628330209,0.00021725965303878163,-0.13065771628253547,-0.8483804397150612,-0.4214651105307322,1244.6467543205038
0.24748335715471953,1.1199192629361738,78.39434840553217,0.48388623096802036,0.770114962142769,0.00021796238471362043,-0.13081318417532384,-0.8483266632115034,-0.4209422906361743,1250.4557491272253
0.24849418857850503,1.120444887081196,78.43114209568373,0.48477918307124895,0.7703988922146607,0.00021866970048440974,-0.130969383865243,-0.848272732816656,-0.4204173964018618,1256.2940113990994
0.24950914868463503,1.120972957098368,78.46810699688575,0.4856770314602216,0.7706839574497332,0.0002193816359045887,-0.13112631915947953,-0.8482186483790647,-0.41989042042294256,1262.1617013500172
0.25052825433647374,1.1215034854749413,78.50524398324589,0.48657980744059615,0.7709701622649984,0.00022009822684734335,-0.131283993887815,-0.8481644097497637,-0.41936135527927365,1268.0589801267708
0.2515515224662617,1.1220364847699071,78.5425539338935,0.48748754255181204,0.7712575110934894,0.00022081950950882985,-0.13144241190278066,-0.8481100167823008,-0.4188301935355442,1273.986009814514
0.2525789700753994,1.1225719676144585,78.58003773301209,0.4884002685690788,0.7715460083843066,0.0002215455204114363,-0.13160157707981326,-0.8480554693327631,-0.4182969277413974,1279.9429534422798
0.2536106142347273,1.1231099467124543,78.6176962698718,0.4893180175053796,0.7718356586026651,0.00022227629640707744,-0.13176149331741188,-0.8480007672598027,-0.41776155043155927,1285.929974988499
0.25464647208481184,1.1236504348408882,78.65553043886217,0.4902408216134966,0.7721264662299402,0.0002230118746805289,-0.13192216453729624,-0.8479459104246627,-0.41722405412596597,1291.947239386578
0.2556865608362282,1.12419344485036,78.69354113952521,0.49116871338805274,0.7724184357637144,0.0002237522927527951,-0.13208359468456615,-0.8478908986912029,-0.4166844313298975,1297.9949125304772
0.25673089776984803,1.1247389896655513,78.7317292765886,0.49210172556757564,0.7727115717178248,0.00022449758848451756,-0.13224578772786233,-0.8478357319259262,-0.41614267453411113,1304.0731612803447
0.257779500237125,1.1252870822857006,78.77009575999904,0.49303989113657704,0.7730058786224085,0.0002252478000794183,-0.13240874765952793,-0.847780409998004,-0.41559877621497676,1310.1821534681612
0.2588323856603837,1.1258377357850875,78.80864150495613,0.4939832433276547,0.7733013610239501,0.00022600296608778193,-0.13257247849577222,-0.8477249327793035,-0.4150527288346202,1316.3220579034212
0.2598895715331101,1.1263909633135167,78.84736743194617,0.4949318156236147,0.7735980234853275,0.0002267631254099787,-0.13273698427683486,-0.8476693001444133,-0.4145045248410617,1322.4930443788546
0.26095107542024026,1.1269467780968048,78.88627446677633,0.49588564175960936,0.7738958705858598,0.00022752831730002245,-0.13290226906715172,-0.8476135119706699,-0.4139541566683641,1328.695283676155
0.2620169149584541,1.127505193437273,78.92536354060911,0.4968447557253006,0.7741949069213525,0.00022829858136917192,-0.1330683369555219,-0.8475575681381847,-0.4134016167367788,1334.9289475717662
0.26308710785646655,1.1280662227142404,78.96463558999683,0.49780919176703936,0.7744951371041453,0.0002290739575895688,-0.13323519205527604,-0.8475014685298704,-0.41284689745289627,1341.1942088426708
0.2641616718953239,1.1286298793845129,79.0040915569159,0.49877898439005003,0.7747965657631519,0.00022985448629792018,-0.13340283850444296,-0.8474452130314688,-0.412289991209811,1347.4912412722397
0.265240624928697,1.1291961769827712,79.04373238879398,0.49975416836045855,0.7750991975438478,0.00023064020819921685,-0.1335712804658872,-0.8473888015315887,-0.41173089038738797,1353.8202196560794
0.26632398488317993,1.1297651291222752,79.08355903855927,0.5007347787078785,0.7754030371084223,0.00023143116437049843,-0.13374052212754056,-0.8473322339217135,-0.41116958735222475,1360.1813198079428
0.26741176975858627,1.1303367494953298,79.12357246467309,0.5017208507276004,0.7757080891358028,0.00023222739626465536,-0.1339105677025628,-0.8472755100962324,-0.4106060744578588,1366.574718565642
0.26850399762824867,1.1309110518737613,79.1637736311633,0.5027124199828203,0.7760143583216828,0.0002330289457142772,-0.13408142142950674,-0.8472186299524703,-0.4100403440449625,1373.00059379701
0.2696006866393202,1.1314880501094342,79.2041635076604,0.5037095223069465,0.7763218493785672,0.00023383585493554274,-0.13425308757249457,-0.8471615933907164,-0.40947238844151423,1379.4591244058927
0.2707018550130736,1.1320677581347685,79.2447430694338,0.5047121938059276,0.776630567035821,0.00023464816653215125,-0.1344255704213955,-0.8471044003142504,-0.40890219996296695,1385.9504903381558
0.27180752104520667,1.1326501899632657,79.2855132974286,0.5057204708606073,0.7769405160397153,0.00023546592349930198,-0.13459887429200568,-0.8470470506293704,-0.40832977091242384,1392.4748725877496
0.27291770310614377,1.133235359690031,79.32647517830218,0.5067343901290944,0.7772517011534723,0.00023628916922771372,-0.13477300352622792,-0.8469895442454205,-0.4077550935808141,1399.0324532027755
0.2740324196413433,1.1338232814923062,79.36762970446144,0.5077539885491603,0.7775641271573136,0.00023711794750769311,-0.1349479624922544,-0.8469318810748183,-0.4071781602470741,1405.623415291612
0.2751516891716018,1.1344139696300017,79.40897787410012,0.5087793033406587,0.7778777988485066,0.0002379523025332456,-0.13512375558475004,-0.8468740610330826,-0.4065989631783292,1412.2479430290452
0.2762755302933643,1.135007438446234,79.45052069123639,0.5098103720079663,0.7781927210414095,0.00023879227890623512,-0.13530038722503718,-0.8468160840388613,-0.4060174946300801,1418.9062216624611
0.27740396167903064,1.1356037023678673,79.49225916575071,0.5108472323424474,0.7785088985675197,0.00023963792164058707,-0.13547786186128244,-0.8467579500139595,-0.40543374684639455,1425.5984375180353
0.2785370020772682,1.1362027759060573,79.53419431342401,0.5118899224249445,0.7788263362755193,0.00024048927616654288,-0.13565618396868437,-0.8466996588833666,-0.40484771206009573,1432.3247780069908
0.2796746703133213,1.1368046736567998,79.57632715597599,0.5129384806282866,0.7791450390313213,0.00024134638833495835,-0.13583535804966265,-0.8466412105752856,-0.40425938249296356,1439.0854316318532
0.28081698528932486,1.1374094103014827,79.61865872110378,0.5139929456198283,0.7794650117181166,0.00024220930442165226,-0.13601538863404933,-0.8465826050211607,-0.40366875035592864,1445.8805879927625
0.2819639659846194,1.1380170006074435,79.66119004252104,0.5150533563640098,0.7797862592364203,0.00024307807113180442,-0.1361962802792812,-0.8465238421557046,-0.40307580784927777,1452.7104377938128
0.2831156314560644,1.1386274594285264,79.70392215999685,0.5161197521249387,0.7801087865041176,0.00024395273560440183,-0.1363780375705933,-0.8464649219169288,-0.4024805471628591,1459.5751728494095
0.2842720008383568,1.139240801705649,79.74685611939543,0.5171921724690021,0.7804325984565115,0.0002448333454167362,-0.13656066512121498,-0.84640584424617,-0.4018829604762908,1466.47498609068
0.2854330933443473,1.1398570424673673,79.78999297271571,0.5182706572674981,0.7807577000463669,0.0002457199485889505,-0.13674416757256636,-0.8463466090881201,-0.40128303995917436,1473.410071571898
0.2865989282653613,1.1404761968304489,79.83333377813142,0.5193552466992973,0.781084096243959,0.0002466125935886402,-0.13692854959445735,-0.8462872163908535,-0.40068077777130917,1480.380624476958
0.28776952497151753,1.141098280000447,79.87687960003129,0.5204459812535248,0.7814117920371184,0.0002475113293355017,-0.13711381588528754,-0.8462276661058564,-0.40007616606291385,1487.3868411258622
0.2889449029120518,1.1417233072722814,79.9206315090597,0.5215429017322727,0.7817407924312777,0.0002484162052060383,-0.13729997117224813,-0.8461679581880556,-0.3994691969748474,1494.4289189812646
0.29012508161563855,1.1423512940308205,79.96459058215743,0.5226460492533345,0.7820711024495175,0.00024932727103831536,-0.13748702021152523,-0.8461080925958467,-0.3988598626388363,1501.5070566550223
0.2913100806907158,1.1429822557514693,80.00875790260285,0.5237554652529677,0.7824027271326124,0.0002502445771367724,-0.13767496778850477,-0.8460480692911235,-0.39824815517770573,1508.6214539147977
0.2924999198258119,1.1436162080007601,80.05313456005321,0.5248711914886832,0.7827356715390777,0.0002511681742770874,-0.1378638187179793,-0.8459878882393064,-0.39763406670560997,1515.7723116906916
0.2936946187898709,1.14425316643695,80.0977216505865,0.5259932700420601,0.783069940745215,0.0002520981137110978,-0.13805357784435618,-0.8459275494093715,-0.3970175893282739,1522.9598320818984
0.29489419743258305,1.1448931468106174,80.14252027674321,0.5271217433215883,0.783405539845158,0.0002530344471717772,-0.13824425004186758,-0.8458670527738799,-0.39639871514323,1530.184218363411
0.29609867568471226,1.1455361649652687,80.18753154756881,0.5282566540655379,0.7837424739509191,0.00025397722687826743,-0.13843584021478203,-0.8458063983090065,-0.39577743624006545,1537.445674992739
0.2973080735584297,1.146182236837944,80.23275657865608,0.5293980453448568,0.7840807481924347,0.00025492650554096905,-0.13862835329761775,-0.845745585994569,-0.395153744700669,1544.7444076166842
0.29852241114764394,1.1468313784598296,80.27819649218807,0.5305459605660952,0.7844203677176109,0.0002558823363666899,-0.13882179425535765,-0.8456846158140575,-0.39452763259948376,1552.0806230781252
0.29974170862833716,1.1474836059568758,80.32385241698131,0.53170044347436,0.7847613376923708,0.00025684477306385164,-0.13901616808366643,-0.8456234877546636,-0.3938990920037627,1559.4545294228599
0.3009659862588979,1.1481389355503817,80.36972548852673,0.5328615381562354,0.7851036633006806,0.0002578138698477547,-0.13921147980909854,-0.8455622018073123,-0.3932681149738608,1566.8663359064528
0.3021952643804602,1.1487973835575978,80.41581684903184,0.534029289042752,0.7854473497445845,0.0002587896814459067,-0.1394077344893118,-0.8455007579666948,-0.3926346935635211,1574.3162530011518
0.3034295634172393,1.149458966392479,80.46212764747354,0.5352037409126474,0.7857924022443153,0.00025977226310340676,-0.13960493721332645,-0.8454391562312846,-0.3919988198200216,1581.8044924028034
0.304668903876872,1.1501237005662528,80.50865903963769,0.5363849388953175,0.7861388260383054,0.00026076167058839566,-0.13980309310172953,-0.8453773966033745,-0.3913604857845109,1589.3312670378236
0.3059133063507583,1.1507916026880527,80.55541218816369,0.5375729284739088,0.7864866263832303,0.00026175796019756685,-0.1400022073068992,-0.8453154790891056,-0.3907196834922859,1596.8967910702056
0.30716279151440135,1.1514626894655604,80.60238826258923,0.5387677554884458,0.7868358085540538,0.0002627611887617382,-0.140202285013232,-0.8452534036984976,-0.3900764049730727,1604.5012799085355
0.30841738012775327,1.1521369777056525,80.64958843939567,0.5399694661389896,0.787186377844074,0.0002637714136514927,-0.14040333143737257,-0.8451911704454774,-0.38943064225130863,1612.1449502130795
0.309677093035558,1.1528144843150503,80.69701390205353,0.5411781069888244,0.7875383395649682,0.00026478869278287806,-0.14060535182844427,-0.8451287793479098,-0.38878238734643134,1619.8280199028693
0.31094195116769974,1.1534952263009761,80.74466584106833,0.5423937249676799,0.7878916990468373,0.00026581308462317587,-0.1408083514682821,-0.8450662304276263,-0.3881316322731694,1627.5507081628518
0.3122119755395483,1.1541792207718125,80.79254545402688,0.543616367374979,0.7882464616382524,0.00026684464819673427,-0.14101233567166802,-0.8450035237104554,-0.3874783690418382,1635.3132354510485
0.31348718725231095,1.1548664849377661,80.84065394564362,0.5448460818831217,0.7886026327062987,0.0002678834430908711,-0.14121730978656705,-0.8449406592262523,-0.3868225896586398,1643.1158235057735
0.31476760749338023,1.1555570361115366,80.88899252780756,0.5460829165407964,0.7889602176366208,0.00026892952946183966,-0.1414232791943662,-0.8448776370089279,-0.3861642861259683,1650.9586953528606
0.31605325753668867,1.156250891708991,80.93756241962937,0.5473269197763289,0.7893192218334671,0.0002699829680408681,-0.14163024931011506,-0.84481445709648,-0.3855034504427175,1658.8420753129496
0.31734415874306,1.1569480692498406,80.98636484748884,0.5485781404010575,0.7896796507197361,0.000271043820140266,-0.1418382255827683,-0.8447511195310218,-0.38484007460459246,1666.7661890087893
0.31864033256056495,1.157648586358323,81.03540104508261,0.5498366276127453,0.7900415097370188,0.00027211214765960056,-0.14204721349542987,-0.8446876243588124,-0.38417415060442905,1674.731263372581
0.31994180052487864,1.158352460763891,81.08467225347238,0.5511024309990249,0.7904048043456449,0.0002731880130919469,-0.14225721856559978,-0.8446239716302866,-0.3835056704325137,1682.737526653368
0.32124858425963615,1.1590597103019031,81.13417972113322,0.5523756005408742,0.7907695400247271,0.0002742714795302066,-0.14246824634542238,-0.844560161400085,-0.38283462607690977,1690.7852084244362
0.32256070547679433,1.1597703529143208,81.18392470400246,0.5536561866161297,0.7911357222722053,0.00027536261067350327,-0.14268030242193694,-0.8444961937270833,-0.38216100952378707,1698.8745395907779
0.3238781859769899,1.1604844066504099,81.23390846552869,0.5549442400030302,0.7915033566048901,0.0002764614708336484,-0.1428933924173298,-0.8444320686744229,-0.3814848127577579,1707.0057523965638
0.3252010476499044,1.1612018896674468,81.28413227672127,0.556239811883798,0.7918724485585092,0.00027756812494168483,-0.14310752198918963,-0.8443677863095402,-0.3808060277622154,1715.1790804326763
0.3265293124746251,1.1619228202314282,81.33459741619998,0.5575429538482525,0.792243003687749,0.00027868263855450364,-0.14332269683076304,-0.8443033467041975,-0.38012464651967726,1723.3947586442523
0.32786300252001294,1.16264721671779,81.38530517024529,0.558853717897462,0.7926150275663001,0.00027980507786154013,-0.14353892267121435,-0.8442387499345115,-0.3794406610121339,1731.6530233382866
0.3292021399450669,1.163375097612124,81.43625683284868,0.5601721564474267,0.7929885257869007,0.00028093550969154494,-0.1437562052758854,-0.844173996080985,-0.3787540632214028,1739.9541121912491
0.3305467469992931,1.1641064815109066,81.48745370576346,0.5614983223328023,0.7933635039613807,0.00028207400151943524,-0.14397455044655932,-0.8441090852285352,-0.3780648451294846,1748.2982642567495
0.3318968460230754,1.164841387122228,81.53889709855596,0.562832268810658,0.7937399677207053,0.00028322062147322595,-0.1441939640217251,-0.8440440174665249,-0.3773729987189244,1756.6857199732422
0.3332524594480444,1.1655798332665284,81.59058832865699,0.5641740495642686,0.794117922715018,0.0002843754383410392,-0.14441445187684498,-0.8439787928887917,-0.3766785159731829,1765.1167211717466
0.3346136097974527,1.1663218388773373,81.64252872141361,0.56552371870695,0.7944973746136856,0.00028553852157819833,-0.14463601992462402,-0.8439134115936784,-0.37598138887700217,1773.591511083632
0.3359803196865464,1.1670674230020202,81.6947196101414,0.5668813307859231,0.7948783291053388,0.0002867099413144011,-0.14485867411528114,-0.8438478736840624,-0.3752816094167879,1782.1103343484062
0.33735261182294385,1.1678166048025203,81.74716233617642,0.5682469407862102,0.7952607918979143,0.00028788976836098085,-0.14508242043682135,-0.8437821792673873,-0.37457916958099513,1790.673437021576
0.3387305090070097,1.1685694035561058,81.7998582489274,0.5696206041345631,0.7956447687186915,0.0002890780742182456,-0.14530726491530846,-0.8437163284556924,-0.3738740613605219,1799.2810665825016
0.3401140341322369,1.1693258386561673,81.85280870593172,0.5710023767035118,0.7960302653143544,0.000290274931082912,-0.14553321361515487,-0.8436503213656401,-0.37316627674906877,1807.9334719423346
0.3415032101856242,1.1700859296129633,81.90601507290744,0.5723923148153519,0.7964172874510249,0.00029148041185561585,-0.14576027263939578,-0.8435841581185475,-0.3724558077435526,1816.630903451944
0.34289806024806063,1.170849696054392,81.95947872380744,0.5737904752462083,0.7968058409143048,0.0002926945901485194,-0.14598844812997244,-0.8435178388404156,-0.3717426463445057,1825.373612909923
0.344298607494707,1.1716171577267662,82.01320104087364,0.5751969152301348,0.7971959315093188,0.00029391754029300043,-0.14621774626801712,-0.8434513636619603,-0.37102678455648364,1834.1618535705932
0.34570487519538134,1.1723883344955979,82.06718341469185,0.5766116924632578,0.7975875650607565,0.000295149337347436,-0.14644817327414084,-0.843384732718641,-0.3703082143884774,1842.995880152069
0.34711688671494734,1.1731632463463812,82.12142724424669,0.5780348651079601,0.7979807474129151,0.0002963900571050767,-0.14667973540872306,-0.8433179461506909,-0.3695869278543251,1851.8759488443625
0.3485346655136995,1.173941913385388,82.17593393697715,0.5794664917971023,0.7983754844297414,0.00029763977610200904,-0.14691243897220424,-0.8432510041031467,-0.368862916973139,1860.802317317494
0.349958235147756,1.1747243558404632,82.23070490883242,0.5809066316382925,0.7987717819948736,0.0002988985716252179,-0.14714629030538048,-0.8431839067258782,-0.36813617376972574,1869.7752447296807
0.3513876192694471,1.1755105940618287,82.28574158432801,0.5823553442181894,0.7991696460116834,0.0003001665217207375,-0.1473812957897002,-0.8431166541736179,-0.36740669027502304,1878.7949917355206
0.35282284162771127,1.176300648522892,82.34104539660244,0.5838126896068568,0.7995690824033175,0.00030144370520190217,-0.1476174618475645,-0.8430492466059908,-0.3666744585265328,1887.8618204942522
0.3542639260684865,1.1770945398210588,82.39661778747411,0.585278728362153,0.7999700971127395,0.00030273020165769117,-0.14785479494262846,-0.8429816841875433,-0.36593947056876486,1896.975994678014
0.3557108965351097,1.1778922886785541,82.45246020749879,0.5867535215341699,0.800372696102771,0.0003040260914611746,-0.14809330158010606,-0.8429139670877734,-0.3652017184536832,1906.1377794801745
0.3571637770687115,1.1786939159432448,82.50857411602713,0.5882371306697106,0.8007768853561327,0.00030533145577805564,-0.14833298830707695,-0.8428460954811599,-0.36446119424115864,1915.3474416236681
0.35862259180861844,1.1794994425894725,82.56496098126307,0.5897296178168154,0.8011826708754858,0.0003066463765753163,-0.14857386171279632,-0.8427780695471913,-0.3637178899994278,1924.6052493693958
0.36008736499275185,1.1803088897188876,82.62162228032213,0.5912310455293301,0.8015900586834734,0.00030797093662996187,-0.1488159284290068,-0.8427098894703957,-0.36297179780555366,1933.9114725246375
0.3615581209580313,1.1811222785612916,82.67855949929042,0.5927414768715193,0.8019990548227598,0.00030930521953787205,-0.14905919513025281,-0.8426415554403698,-0.36222290974589744,1943.26638245152
0.36303488414078033,1.181939630475484,82.73577413328387,0.5942609754227282,0.8024096653560727,0.0003106493097227551,-0.1493036685341986,-0.8425730676518078,-0.36147121791658865,1952.6702520755189
0.36451767907712956,1.1827609669501158,82.7932676865081,0.5957896052820851,0.8028218963662426,0.00031200329244520443,-0.1495493554019475,-0.8425044263045309,-0.3607167144240093,1962.1233558939791
0.3660065304034277,1.183586309604548,82.85104167231836,0.597327431073258,0.8032357539562432,0.0003133672538118697,-0.14979626253836464,-0.8424356316035159,-0.3599593913852739,1971.6259699847074
0.36750146285664753,1.1844156801897157,82.9090976132801,0.5988745179492493,0.8036512442492325,0.0003147412807847284,-0.15004439679240236,-0.8423666837589242,-0.35919924092872524,1981.1783720145597
0.3690025012748002,1.1852491005889978,82.96743704122984,0.6004309315972473,0.8040683733885906,0.0003161254611904737,-0.1502937650574277,-0.8422975829861311,-0.35843625519442446,1990.7808412481077
0.3705096705973447,1.1860865928190947,83.02606149733663,0.6019967382435171,0.8044871475379617,0.000317519883730008,-0.1505443742715534,-0.8422283295057537,-0.3576704263346593,2000.433658556303
0.37202299586560533,1.1869281790309085,83.08497253216359,0.6035720046583485,0.804907572881292,0.0003189246379880546,-0.15079623141797105,-0.84215892354368,-0.35690174651444484,2010.137106425218
0.3735425022231851,1.1877738815104233,83.14417170572963,0.6051567981610282,0.8053296556228658,0.00032033981444287783,-0.1510493435252847,-0.8420893653310985,-0.3561302079120505,2019.8914689647845
0.3750682149163845,1.188623722679579,83.20366058757054,0.6067511866248504,0.8057534019873345,0.0003217655044761231,-0.15130371766784398,-0.8420196551045273,-0.35535580271952993,2029.6970319175975
0.3766001592946223,1.189477725097225,83.26344075680575,0.6083552384823046,0.8061788182197823,0.0003232018003827727,-0.15155936096610167,-0.8419497931058388,-0.3545785231432035,2039.554082667755
0.37813836081085417,1.1903359114600003,83.32351380220003,0.6099690227301756,0.8066059105857528,0.00032464879538121735,-0.15181628058695087,-0.8418797795822901,-0.35379836140420473,2049.46291024971
0.379682845021998,1.191198304603245,83.38388132222715,0.6115926089347349,0.8070346853712871,0.0003261065836234517,-0.15207448374407237,-0.8418096147865499,-0.3530153097390215,2059.423805357196
0.3812336375893563,1.1920649275019166,83.44454492513417,0.6132260672369835,0.8074651488829606,0.0003275752602053877,-0.15233397769828408,-0.8417392989767283,-0.35222936040003705,2069.4370603521556
0.38279076427904496,1.1929358032715145,83.50550622900602,0.6148694683579525,0.8078973074479235,0.00032905492117729423,-0.15259476975789482,-0.8416688324164034,-0.35144050565607665,2079.502969273735
0.38435425096241865,1.1938109551690097,83.56676686183067,0.6165228836040519,0.8083311674139366,0.0003305456635543579,-0.15285686727906003,-0.8415982153746498,-0.35064873779296324,2089.6218278472907
0.3859241236165037,1.1946904065937813,83.62832846156469,0.6181863848724771,0.8087667351494101,0.00033204758532737286,-0.1531202776661412,-0.8415274481260658,-0.34985404911407436,2099.7939334934617
0.3875004083244263,1.1955741810885587,83.69019267619912,0.6198600446566638,0.8092040170434408,0.0003335607854735554,-0.15338500837206764,-0.8414565309508006,-0.3490564319409095,2110.0195853372443
0.3890831312758495,1.196462302340371,83.75236116382598,0.6215439360518042,0.8096430195058495,0.0003350853639674919,-0.1536510668987018,-0.8413854641345826,-0.3482558786136608,2120.2990842171457
0.3906723187674051,1.1973547941815001,83.81483559270501,0.623238132760412,0.8100837489672184,0.00033662142179221184,-0.153918460797207,-0.8413142479687458,-0.3474523814917888,2130.6327326943306
0.3922679972031322,1.1982516805904437,83.87761764133106,0.624942709097946,0.8105262118789266,0.0003381690609503998,-0.1541871976684189,-0.8412428827502568,-0.34664593295460877,2141.020835061843
0.3938701930949167,1.1991529856928838,83.94070899850186,0.6266577399984923,0.8109704147131893,0.000339728384475738,-0.15445728516322008,-0.8411713687817424,-0.34583652540187704,2151.4636973538504
0.39547893306292914,1.2000587337626571,84.004111363386,0.6283833010204962,0.8114163639630917,0.00034129949644438407,-0.15472873098291653,-0.8410997063715158,-0.345024151254388,2161.9616273549113
0.39709424383607034,1.2009689492227404,84.06782644559183,0.6301194683525603,0.8118640661426263,0.00034288250198659067,-0.15500154287961926,-0.8410278958336032,-0.3442088029545761,2172.514934609316
0.398716152252412,1.2018836566462332,84.13185596523633,0.631866318819293,0.8123135277867288,0.00034447750729845936,-0.15527572865662703,-0.8409559374877704,-0.3433904729671211,2183.1239304304204
0.40034468525964617,1.202802880757354,84.19620165301478,0.6336239298872218,0.8127647554513142,0.00034608461965384085,-0.15555129616881413,-0.8408838316595493,-0.3425691537795641,2193.7889279100627
0.40197986991552936,1.2037266464324397,84.26086525027077,0.6353923796707601,0.8132177557133112,0.00034770394741637337,-0.15582825332301997,-0.840811578680263,-0.3417448379029271,2204.5102419279738
0.4036217333883357,1.2046549787009515,84.3258485090666,0.63717174693824,0.8136725351706985,0.0003493356000516716,-0.15610660807844273,-0.840739178887053,-0.3409175178723376,2215.288189161269
0.40527030295730526,1.205587902746489,84.39115319225424,0.6389621111179993,0.8141291004425393,0.0003509796881396557,-0.15638636844703588,-0.8406666326229041,-0.3400871862476623,2226.1230880939374
0.4069256060130986,1.20652544390781,84.4567810735467,0.6407635523045346,0.8145874581690159,0.00035263632338703387,-0.15666754249390838,-0.8405939402366702,-0.33925383561414646,2237.015259026391
0.4085876700582531,1.2074676276798568,84.52273393758998,0.6425761512647161,0.8150476150114654,0.0003543056186399359,-0.15695013833772822,-0.8405211020830993,-0.3384174585830544,2247.96502408506
0.41025652270763696,1.2084144797147744,84.5890135800342,0.6443999894440282,0.8155095776524041,0.0003559876878966933,-0.15723416415112385,-0.8404481185228604,-0.3375780477923408,2258.9727072319924
0.4119321916889115,1.2093660258229486,84.65562180760641,0.6462351489729092,0.8159733527955629,0.0003576826463207822,-0.15751962816109438,-0.8403749899225684,-0.3367355959073042,2270.038634274533
0.4136147048429882,1.210322291974093,84.7225604381865,0.6480817126732289,0.8164389471659392,0.00035939061025391333,-0.15780653864943492,-0.8403017166548054,-0.33589009562121774,2281.1631328749963
0.4153040901244949,1.2112833042982811,84.78983130087968,0.6499397640647131,0.8169063675098198,0.0003611116972292905,-0.15809490395314701,-0.8402282990981471,-0.3350415396560187,2292.3465325604247
0.4170003756022368,1.212249089087004,84.85743623609028,0.6518093873714719,0.8173756205948138,0.0003628460259850188,-0.15838473246485843,-0.8401547376371878,-0.3341899207629859,2303.5891647323338
0.4187035894596663,1.2132196727942404,84.92537709559683,0.653690667528601,0.817846713209885,0.0003645937164776861,-0.15867603263324784,-0.8400810326625638,-0.3333352317234214,2314.8913626765457
0.42041375999534764,1.2141950820375296,84.99365574262707,0.6555836901888421,0.8183196521653847,0.00036635488989609865,-0.15896881296347193,-0.8400071845709773,-0.33247746534934197,2326.253461573009
0.42213091562343064,1.2151753435990538,85.06227405193377,0.6574885417293186,0.8187944442930848,0.00036812966867519207,-0.1592630820175968,-0.8399331937652206,-0.3316166144841717,2337.675798505707
0.4238550848741198,1.2161604844267269,85.13123390987089,0.6594053092583322,0.8192710964462087,0.0003699181765101058,-0.15955884841503284,-0.8398590606541988,-0.3307526720034464,2349.1587124725606
0.4255862963941497,1.2171505316352893,85.20053721447024,0.6613340806222329,0.8197496154994641,0.0003717205383704296,-0.15985612083297296,-0.8397847856529536,-0.32988563081552136,2360.702544395392
0.4273245789472619,1.2181455125074125,85.27018587551888,0.6632749444123575,0.8202300083490747,0.0003735368805146262,-0.16015490800683513,-0.8397103691826857,-0.32901548386228463,2372.307637129931
0.4290699614146803,1.219145454494807,85.3401818146365,0.6652279899720354,0.82071228191281,0.0003753673305046238,-0.16045521873070767,-0.839635811670778,-0.32814222411988103,2383.9743354758293
0.430822472795594,1.220150385219342,85.41052696535394,0.6671933074036706,0.8211964431300177,0.0003772120172205929,-0.16075706185779953,-0.8395611135508175,-0.3272658445994372,2395.7029861867527
0.4325821422076361,1.2211603324741673,85.48122327319172,0.669170987575889,0.8216824989616541,0.0003790710708758957,-0.16106044630089306,-0.8394862752626179,-0.32638633834779796,2407.49393798047
0.4343489988873705,1.2221753242248479,85.55227269573935,0.6711611221307655,0.8221704563903143,0.00038094462303222556,-0.16136538103280176,-0.8394112972522412,-0.32550369844826577,2419.347541549017
0.4361230721907746,1.2231953886104998,85.62367720273498,0.673163803491115,0.8226603224202617,0.00038283280661492383,-0.16167187508683067,-0.8393361799720193,-0.3246179180213492,2431.2641495688626
0.43790439159373024,1.224220553944941,85.69543877614586,0.6751791248678695,0.8231521040774599,0.0003847357559284909,-0.16197993755724233,-0.8392609238805757,-0.3237289902255148,2443.244116711149
0.43969298669251,1.2252508487178397,85.76755941024878,0.6772071802675158,0.8236458084095988,0.000386653606672278,-0.16228957759972415,-0.8391855294428465,-0.32283690825795,2455.287799651929
0.4414888872042726,1.2262863015958823,85.84004111171176,0.6792480644996233,0.8241414424861273,0.0003885864959563812,-0.1626008044318628,-0.8391099971301006,-0.3219416653553271,2467.395557082483
0.4432921229675533,1.2273269414239358,85.9128858996755,0.6813018731844354,0.8246390133982803,0.00039053456231771973,-0.16291362733361991,-0.8390343274199611,-0.32104325479457874,2479.567749719632
0.44510272394276124,1.2283727972262286,85.986095805836,0.6833687027605463,0.8251385282591069,0.0003924979457363181,-0.16322805564781298,-0.8389585207964247,-0.32014166989367776,2491.8047403161186
0.4469207202126784,1.2294238982074996,86.05967287452498,0.6854486504925884,0.8256399942034841,0.0003944767876517867,-0.16354409878059065,-0.8388825777498846,-0.3192369040124501,2504.106893671021
0.44874614198295637,1.2304802737542118,86.13361916279483,0.6875418144791053,0.8261434183881549,0.0003964712309799996,-0.163861766201928,-0.8388064987771483,-0.318328950553351,2516.4745766401784
0.45057901958262175,1.2315419534357952,86.20793674050566,0.6896482936605484,0.8266488079917761,0.0003984814201299841,-0.16418106744613264,-0.8387302843814534,-0.31741780296222666,2528.908158146696
0.4524193834645765,1.2326089670058185,86.2826276904073,0.6917681878272003,0.8271561702149292,0.0004005075010210109,-0.16450201211233126,-0.8386539350724895,-0.31650345472915,2541.4080091914398
0.4542672642061075,1.2336813444032062,86.35769410822444,0.6939015976272532,0.8276655122801491,0.0004025496210999013,-0.16482460986497222,-0.838577451366417,-0.3155858993892302,2553.9745028636185
0.45612269250939097,1.2347591157534596,86.43313810274218,0.6960486245749583,0.8281768414319486,0.00040460792935853856,-0.1651488704343299,-0.8385008337858846,-0.31466513052343603,2566.608014351348
0.45798569920200627,1.2358423113698882,86.50896179589218,0.6982093710588688,0.8286901649368472,0.0004066825763516042,-0.16547480361701597,-0.8384240828600479,-0.3137411417594189,2579.3089209523137
0.4598563152374447,1.236930961754846,86.58516732283923,0.700383940350159,0.8292054900833948,0.00040877371421452316,-0.16580241927649228,-0.8383471991245871,-0.312813926772346,2592.077602084405
0.4617345716956254,1.2380250976009788,86.66175683206852,0.7025724366110326,0.8297228241821986,0.00041088149668163846,-0.1661317273435902,-0.8382701831217241,-0.3118834792857389,2604.91443929644
0.4636204997834131,1.2391247497924773,86.7387324854734,0.7047749649032171,0.8302421745659481,0.0004130060791046058,-0.16646273781703308,-0.8381930354002394,-0.31094979307231885,2617.819816278907
0.46551413083513304,1.2402299494063398,86.81609645844378,0.7069916311965412,0.8307635485894398,0.0004151476184710127,-0.16679546076396398,-0.8381157565154891,-0.31001286195486,2630.7941188747245
0.4674154963130959,1.2413407277136406,86.89385093995485,0.7092225423776057,0.8312869536296018,0.0004173062734232343,-0.16712990632047695,-0.8380383470294206,-0.3090726798070452,2643.8377350900796
0.4693246278081163,1.2424571161808091,86.97199813265664,0.7114678062585363,0.8318123970855188,0.0004194822042775148,-0.1674660846921535,-0.8379608075105892,-0.30812924055433477,2656.951055105253
0.4712415570400415,1.243579146470916,87.05054025296413,0.7137275315858337,0.8323398863784552,0.00042167557304329163,-0.16780400615460384,-0.8378831385341727,-0.3071825381748332,2670.1344712855334
0.4731663158582749,1.2447068504449663,87.12947953114764,0.7160018280493059,0.8328694289518789,0.0004238865434427508,-0.16814368105401137,-0.8378053406819875,-0.3062325667001724,2683.388378192114
0.47509893624230876,1.2458402601632026,87.20881821142419,0.7182908062911008,0.8334010322714848,0.0004261152809306341,-0.16848511980768346,-0.8377274145425029,-0.3052793202163907,2696.7131725930803
0.4770394503022519,1.246979407886415,87.28855855204904,0.7205945779148226,0.8339347038252171,0.0004283619527142812,-0.16882833290460553,-0.837649360710855,-0.30432279286482844,2710.109253474382
0.47898789027936683,1.2481243260772608,87.36870282540825,0.7229132554947507,0.8344704511232915,0.00043062672777393046,-0.16917333090600065,-0.8375711797888622,-0.30336297884302144,2723.5770220508894
0.48094428854660226,1.2492750474015908,87.44925331811136,0.7252469525851445,0.8350082816982194,0.0004329097768832625,-0.16952012444589354,-0.8374928723850369,-0.30239987240560784,2737.1168817774446
0.48290867760913225,1.2504316047297854,87.53021233108498,0.7275957837296496,0.8355482031048268,0.0004352112726302045,-0.16986872423167937,-0.8374144391145999,-0.30143346786523706,2750.729238359973
0.48488109010489794,1.2515940311380989,87.61158217966693,0.7299598644708012,0.8360902229202775,0.00043753138943799315,-0.17021914104469746,-0.8373358805994932,-0.30046375959348426,2764.4144997666376
0.4868615588051461,1.25276235991001,87.6933651937007,0.7323393113596173,0.8366343487440935,0.00043987030358649386,-0.17057138574080952,-0.8372571974683917,-0.29949074202177717,2778.173076238993
0.48885011661497796,1.2539366245375854,87.77556371763097,0.7347342419653031,0.8371805881981765,0.0004422281932337933,-0.1709254692509836,-0.8371783903567155,-0.29851440964232134,2792.0053803032274
0.49084679657389163,1.2551168587228465,87.85818011059925,0.7371447748850417,0.8377289489268263,0.00044460523843805266,-0.17128140258188151,-0.8370994599066417,-0.29753475700903853,2805.9118267813847
0.492851631856335,1.25630309637915,87.94121674654049,0.7395710297538972,0.8382794385967629,0.0004470016211796403,-0.1716391968164533,-0.8370204067671152,-0.296551778738507,2819.892832802677
0.49486465577225336,1.2574953716325712,88.02467601427999,0.7420131272548106,0.8388320648971442,0.00044941752538353385,-0.1719988631145341,-0.8369412315938592,-0.2955654695109111,2833.9488178147813
0.49688590176764635,1.2586937188232301,88.10856031762611,0.7444711891285575,0.8393868355395534,0.0004518531369420084,-0.17236041271342722,-0.836861935049391,-0.294575824071053,2848.0802035952224
0.4989154034251203,1.2598981725067617,88.19287207547332,0.7469453381840934,0.8399437582580469,0.00045430864373760077,-0.17272385692853215,-0.8367825178030259,-0.2935828372292575,2862.2874142627415
0.5009531944644479,1.261108767455781,88.27761372190467,0.7494356983089732,0.8405028408091999,0.0004567842356663669,-0.17308920715397447,-0.8367029805308843,-0.2925865038622969,2876.5708762887384
0.5029993087431297,1.2623255386612557,88.3627877062879,0.751942394479669,0.841064090972099,0.0004592801046614277,-0.17345647486320953,-0.8366233239159033,-0.2915868189144031,2890.9310185087434
0.5050537802569534,1.2635485213339317,88.44839649337521,0.754465552772089,0.8416275165483594,0.000461796444716806,-0.17382567160964557,-0.8365435486478457,-0.29058377739825036,2905.36827213389
0.5071166431405622,1.2647777509057758,88.53444256340431,0.7570053003722187,0.8421931253621425,0.0004643334519115692,-0.17419680902727386,-0.8364636554233074,-0.2895773743959372,2919.8830707624816
0.5091879316680185,1.2660132630314211,88.62092841219948,0.75956176558686,0.842760925260172,0.0004668913244342669,-0.17456989883130278,-0.8363836449457246,-0.28856760505998114,2934.475850391532
0.5112676802533773,1.2672550935896258,88.7078565512738,0.7621350778544923,0.8433309241117514,0.0004694702626076805,-0.17494495281879824,-0.8363035179253822,-0.2875544646143108,2949.1470494283953
0.5133559234512534,1.2685032786847363,88.79522950793154,0.7647253677562339,0.843903129808778,0.0004720704689138777,-0.17532198286932868,-0.836223275079419,-0.286537948355274,2963.8971087023824
0.5154526959574003,1.2697578546481647,88.88304982537153,0.7673327670269301,0.8444775502657602,0.0004746921480195897,-0.17570100094561644,-0.8361429171318339,-0.28551805165264355,2978.7264714764606
0.5175580326092819,1.27101885803987,88.97132006279091,0.7699574085663424,0.8450541934198309,0.00047733550680189544,-0.17608201909419352,-0.8360624448134923,-0.28449476995063383,2993.635583458933
0.5196719683866562,1.2722863256498538,89.06004279548976,0.7725994264504675,0.845633067230764,0.00048000075437424294,-0.1764650494460644,-0.8359818588621304,-0.2834680987689193,3008.624892815219
0.5217945384121521,1.2735602944996591,89.14922061497614,0.7752589559429598,0.8462141796809858,0.0004826881021127831,-0.17685010421737254,-0.8359011600223596,-0.28243803370366327,3023.694850179599
0.5239257779518548,1.2748408018438842,89.23885612907189,0.7779361335066823,0.8467975387755918,0.00048539776368304593,-0.1772371957100744,-0.8358203490456714,-0.2814045704285486,3038.845908667042
0.5260657224158937,1.2761278851717022,89.32895196201915,0.780631096815376,0.8473831525423584,0.00048812995506695067,-0.1776263363126182,-0.8357394266904399,-0.28036770469581473,3054.0785238850663
0.5282144073590263,1.2774215822083907,89.41951075458735,0.7833439847654429,0.8479710290317554,0.0004908848945901481,-0.1780175385006283,-0.8356583937219255,-0.27932743233730384,3069.3931539455907
0.5303718684812339,1.2787219309168716,89.51053516418101,0.7860749374878627,0.8485611763169599,0.0004936628029497226,-0.1784108148375959,-0.8355772509122773,-0.27828374926550514,3084.7902594768866
0.53253814162831,1.2800289694992575,89.60202786494803,0.788824096360222,0.849153602493867,0.000496463903242228,-0.17880617797557488,-0.8354959990405348,-0.27723665147461374,3100.270303635494
0.5347132627924603,1.281342736398413,89.6939915478889,0.7915916040188781,0.8497483156811024,0.0004992884209920895,-0.17920364065588495,-0.8354146388926295,-0.27618613504158707,3115.833752118234
0.5368972681128967,1.2826632702995184,89.78642892096629,0.7943776043712419,0.8503453240200334,0.0005021365841803571,-0.17960321570981871,-0.8353331712613855,-0.27513219612721185,3131.481073174203
0.5390901938764413,1.2839906101316498,89.87934270921549,0.7971822426081936,0.8509446356747792,0.0005050086232738277,-0.1800049160593565,-0.8352515969465204,-0.27407483097717356,3147.212737616847
0.5412920765181258,1.2853247950693625,89.97273565485537,0.8000056652166236,0.8515462588322206,0.00050790477125453,-0.18040875471788584,-0.8351699167546445,-0.2730140359231322,3163.0292188360236
0.5435029526218007,1.2866658645342892,90.06661051740025,0.8028480199921082,0.8521502017020123,0.0005108252636495902,-0.18081474479092874,-0.8350881314992602,-0.2719498073838029,3178.9309928101434
0.5457228589207396,1.288013858196772,90.16097007377404,0.8057094560517702,0.8527564725166021,0.0005137703385614691,-0.1812228994768814,-0.8350062420007593,-0.27088214186602044,3194.918538118305
0.547951832298251,1.2893688159775398,90.25581711842779,0.808590123847356,0.8533650795312686,0.0005167402366985856,-0.18163323206777227,-0.834924249086417,-0.2698110359657787,3210.992335952485
0.5501899097882925,1.2907307780491717,90.35115446344201,0.8114901751779569,0.8539760310240571,0.0005197352014063298,-0.1820457559499574,-0.8348421535903995,-0.26873648636946,3227.1528701297666
0.5524371285760831,1.2920997848377949,90.44698493864564,0.8144097632033614,0.8545893352958158,0.0005227554786984673,-0.1824604846048913,-0.8347599563537568,-0.2676584898548794,3243.4006271045696
0.5546935259987245,1.2934758770247443,90.5433113917321,0.817349042457432,0.8552050006702108,0.0005258013172889466,-0.18287743160988865,-0.8346776582244185,-0.2665770432923803,3259.736095980965
0.5569591395458172,1.294859095548215,90.64013668837505,0.8203081688615853,0.8558230354937322,0.0005288729686241017,-0.18329661063888758,-0.8345952600571898,-0.26549214364594864,3276.1597685249553
0.5592340068600886,1.2962494816049273,90.7374637123449,0.823287299738428,0.8564434481356996,0.0005319706869152795,-0.18371803546322055,-0.8345127627137459,-0.26440378797432107,3292.672139176867
0.5615181657380132,1.2976470766518011,90.83529536562608,0.8262865938255222,0.8570662469882713,0.0005350947291718647,-0.18414171995239118,-0.8344301670626275,-0.2633119734321091,3309.2737050636915
0.5638116541304448,1.2990519224076413,90.9336345685349,0.8293062112893054,0.8576914404664483,0.0005382453552347419,-0.18456767807485805,-0.8343474739792345,-0.26221669727091934,3325.9649660115356
0.5661145101432442,1.3004640608548312,91.03248425983818,0.8323463137391478,0.8583190370080803,0.0005414228278101712,-0.18499592389882444,-0.8342646843458192,-0.2611179568404812,3342.7464245580422
0.568426772037913,1.3018835342410375,91.13184739687263,0.8354070642415609,0.8589490450738698,0.0005446274125041023,-0.1854264715930354,-0.8341817990514792,-0.26001574958978046,3359.6185859648776
0.5707484782322315,1.3033103850809264,91.23172695566485,0.8384886273345565,0.8595814731473791,0.0005478593778569301,-0.185859335427582,-0.8340988189921493,-0.25891007306819314,3376.5819582302615
0.5730796673008931,1.304744656157886,91.33212593105202,0.8415911690421501,0.8602163297350314,0.0005511189953786824,-0.1862945297747106,-0.8340157450705941,-0.2578009249266252,3393.637052101476
0.5754203779761492,1.3061863905257645,91.43304733680351,0.8447148568890234,0.8608536233661167,0.0005544065395846712,-0.18673206910964116,-0.8339325781963972,-0.2566883029186585,3410.7843810874792
0.5777706491484488,1.3076356315106121,91.53449420574285,0.8478598599153322,0.8614933625927934,0.0005577222880315863,-0.18717196801139055,-0.8338493192859533,-0.25557220490169585,3428.0244614714707
0.580130519867089,1.3090924227124408,91.63646958987086,0.8510263486916813,0.8621355559900924,0.0005610665213540651,-0.1876142411636046,-0.8337659692624564,-0.25445262883811304,3445.357812323573
0.582500029340859,1.3105568080069863,91.73897656048904,0.8542144953342409,0.8627802121559178,0.0005644395233017164,-0.18805890335539507,-0.8336825290558901,-0.25332957279641566,3462.7849555134626
0.5848792169386965,1.312028831547488,91.84201820832416,0.8574244735200391,0.8634273397110507,0.0005678415807766305,-0.1885059694821864,-0.8335989996030151,-0.2522030349523937,3480.306415723103
0.5872681221903371,1.3135085377664728,91.9455976436531,0.8606564585023988,0.8640769472991474,0.0005712729838713604,-0.18895545454656643,-0.8335153818473571,-0.2510730135902868,3497.922720459451
0.5896667847869752,1.3149959713775554,92.04971799642888,0.8639106271265496,0.8647290435867436,0.0005747340259074001,-0.18940737365914737,-0.8334316767391944,-0.24993950710394708,3515.63440006724
0.5920752445819205,1.3164911773772436,92.15438241640706,0.867187157845395,0.8653836372632523,0.0005782250034741466,-0.1898617420394317,-0.833347885235544,-0.24880251399800823,3533.4419877417627
0.5944935415912608,1.317994201046762,92.25959407327335,0.8704862307354575,0.8660407370409667,0.00058174621646837,-0.19031857501668803,-0.8332640083001472,-0.24766203288905375,3551.346019541693
0.5969217159945289,1.3195050879539905,92.36535615677933,0.8738080275132275,0.8667003516551065,0.0005852979681341904,-0.19077788803086576,-0.8331800469034487,-0.24651806250670605,3569.3470344019584
0.5993598081353667,1.3210238839551582,92.47167187686108,0.8771527315511136,0.867362489863754,0.0005888805651035609,-0.19123969663343984,-0.8330960020225894,-0.2453706016949171,3587.4455741466004
0.6018078585221994,1.3225506351966865,92.57854446376805,0.8805205278938734,0.868027160447848,0.0005924943174372859,-0.19170401648830476,-0.8330118746413904,-0.24421964941315066,3605.642183501721
0.6042659078289042,1.3240853881170938,92.68597716819656,0.8839116032753258,0.8686943722112022,0.0005961395386665517,-0.19217086337269215,-0.8329276657503338,-0.24306520473753201,3623.937410108394
0.6067339968954908,1.325628189448871,92.79397326142097,0.8873261461351531,0.869364133980504,0.0005998165458350066,-0.19264025317808361,-0.8328433763465453,-0.241907266862029,3642.331804535679
0.6092121667287752,1.327179086220363,92.90253603542541,0.8907643466358662,0.8700364546053097,0.0006035256595413721,-0.1931122019111288,-0.8327590074337755,-0.24074583509964154,3660.8259202935924
0.6117004585030658,1.3287381257576623,93.01166880303636,0.8942263966799601,0.8707113429580424,0.0006072672039826138,-0.19358672569457372,-0.8326745600223815,-0.23958090888358607,3679.4203138461785
0.6141989135608423,1.3303053556865152,93.12137489805606,0.8977124899272403,0.8713888079339878,0.0006110415069976592,-0.19406384076819522,-0.8325900351293068,-0.23841248776848833,3698.115544624535
0.6167075734134483,1.3318808239342386,93.2316576753967,0.9012228218123436,0.8720688584512909,0.0006148489001116925,-0.1945435634897443,-0.8325054337780621,-0.23724057143157418,3716.912175039951
0.619226479741776,1.333464578731645,93.34252051121516,0.9047575895624329,0.8727515034509495,0.0006186897185810108,-0.19502591033589683,-0.8324207569987028,-0.23606515967386243,3735.8107704970007
0.6217556743969608,1.3350566686149818,93.45396680304873,0.9083169922150839,0.8734367518968108,0.0006225643014384663,-0.19551089790321205,-0.8323360058278085,-0.23488625242136274,3754.811899406704
0.6242951994010784,1.336657142427882,93.56599996995173,0.9119012306363666,0.8741246127755647,0.0006264729915394995,-0.19599854290910054,-0.8322511813084605,-0.23370384972626623,3773.916133199727
0.6268450969478389,1.3382660493233214,93.6786234526325,0.9155105075391039,0.8748150950967377,0.0006304161356087588,-0.19648886219279807,-0.8321662844902185,-0.2325179517681495,3793.1240463395634
0.6294054094032926,1.3398834387655947,93.79184071359163,0.9191450275013408,0.8755082078926868,0.0006343940842873377,-0.19698187271635006,-0.8320813164290968,-0.2313285588551679,3812.4362163358132
0.631976179306529,1.3415093605322939,93.90565523726058,0.9228049969849919,0.8762039602185917,0.0006384071921806103,-0.1974775915656024,-0.8319962781875401,-0.23013567142525793,3831.8532237574095
0.6345574493703885,1.3431438647163065,94.02007053014145,0.9264906243547016,0.8769023611524477,0.0006424558179067018,-0.19797603595120172,-0.8319111708343985,-0.2289392900473356,3851.375652245958
0.6371492624821672,1.3447870017278185,94.1350901209473,0.9302021198968926,0.8776034197950576,0.0006465403241455747,-0.19847722320960362,-0.831825995444901,-0.22773941542249776,3871.004088529026
0.6397516617043342,1.3464388222963333,94.25071756074333,0.9339396958390254,0.878307145270023,0.0006506610776887666,-0.19898117080408984,-0.8317407531006297,-0.22653604838522123,3890.7391224335356
0.642364690275243,1.3480993774726984,94.36695642308888,0.9377035663690525,0.8790135467237349,0.0006548184494897606,-0.1994878963257929,-0.8316554448894918,-0.22532918990456652,3910.581346899109
0.6449883916098517,1.3497687186311549,94.48381030418084,0.9414939476551064,0.8797226333253686,0.0006590128147150223,-0.19999741749473315,-0.831570071905692,-0.22411884108537095,3930.5313579915023
0.6476228093004461,1.3514468974714222,94.60128282299955,0.9453110578654506,0.8804344142668866,0.0006632445527956978,-0.2005097521608716,-0.8314846352497013,-0.2229050031694254,3950.5897549160504
0.6502679871173597,1.3531339660206902,94.71937762144832,0.9491551171884032,0.8811488987629995,0.0006675140474799801,-0.20102491830513966,-0.8313991360282315,-0.2216876775367258,3970.757140031103
0.6529239690097058,1.3548299766357224,94.83809836450057,0.9530263478526994,0.8818660960511662,0.0006718216868861677,-0.20154293404050802,-0.8313135753542037,-0.22046686570665486,3991.03411886156
0.6555907991061029,1.3565349820049422,94.95744874034595,0.9569249741480103,0.882586015391582,0.0006761678635564039,-0.20206381761305559,-0.8312279543467174,-0.21924256933917574,4011.421300112351
0.6582685217154126,1.3582490351505383,95.07743246053768,0.9608512224456858,0.8833086660671712,0.0006805529745111306,-0.20258758740305036,-0.8311422741310183,-0.21801479023603199,4031.919295682027
0.6609571813274713,1.3599721894305685,95.1980532601398,0.9648053212196995,0.8840340573835704,0.000684977421304236,-0.20311426192603385,-0.8310565358384665,-0.2167835303419433,4052.5287206762923
0.6636568226138339,1.3617044985410869,95.31931489787608,0.9687875010678347,0.8847621986691192,0.0006894416100789455,-0.20364385983391986,-0.8309707406065031,-0.2155487917458001,4073.250193421659
0.666367490428511,1.3634460165182731,95.44122115627911,0.9727979947330778,0.8854930992748452,0.0006939459516244175,-0.20417639991609823,-0.8308848895786166,-0.21431057668186027,4094.0843354790204
0.6690892298087194,1.3651967977405826,95.56377584184078,0.9768370371252582,0.88622676857445,0.0006984908614331056,-0.2047119011005508,-0.8307989839043082,-0.21306888753093756,4115.031771657365
0.6718220859756262,1.3669568969309,95.68698278516301,0.9809048653429004,0.8869632159642961,0.0007030767597588487,-0.2052503824549746,-0.8307130247390567,-0.21182372682159534,4136.09313002742
0.6745661043351014,1.368726369158712,95.81084584110984,0.9850017186953235,0.8877024508633915,0.0007077040716757362,-0.20579186318791617,-0.8306270132442822,-0.21057509723133316,4157.269041935369
0.6773213304784748,1.3705052698422888,95.93536888896021,0.9891278387249712,0.888444482713376,0.0007123732271377462,-0.20633636264991442,-0.8305409505873098,-0.20932300158777273,4178.560142016622
0.6800878101832883,1.372293654750876,96.06055583256132,0.9932834692299747,0.8891893209785025,0.0007170846610391494,-0.20688390033465265,-0.8304548379413319,-0.2080674428698409,4199.967068209527
0.6828655894140628,1.3740915800069036,96.18641060048326,0.9974688562869689,0.8899369751456244,0.0007218388132757299,-0.20743449588012164,-0.8303686764853699,-0.20680842420894985,4221.490461769209
0.6856547143230555,1.3758991020882019,96.31293714617414,1.0016842482741364,0.8906874547241771,0.000726636128806784,-0.207988169069791,-0.8302824674042355,-0.20554594889017708,4243.130967281345
0.6884552312510326,1.3777162778302334,96.44013944811634,1.0059298958945138,0.8914407692461614,0.0007314770577179599,-0.20854493983379105,-0.8301962118884907,-0.20428002035343507,4264.889232676048
0.6912671867280339,1.3795431644283351,96.56802150998345,1.0102060521995335,0.8921969282661261,0.0007363620552848965,-0.20910482825010446,-0.8301099111344077,-0.20301064219464648,4286.765909241691
0.694090627474151,1.3813798194399762,96.69658736079833,1.0145129726128328,0.8929559413611511,0.0007412915820377262,-0.2096678545457686,-0.8300235663439275,-0.20173781816690695,4308.761651638846
0.696925600400299,1.3832263007870564,96.82584105509395,1.0188509149543763,0.8937178181308414,0.0007462661038264036,-0.21023403909809632,-0.8299371787246168,-0.20046155218162853,4330.877117914163
0.6997721526089979,1.3850826667581386,96.95578667306971,1.023220139464661,0.8944825681972891,0.0007512860918869087,-0.21080340243588336,-0.8298507494896274,-0.19918184830972963,4353.112969514335
0.7026303313951576,1.3869489760107507,97.08642832075255,1.0276209088293042,0.8952502012050576,0.0007563520229083235,-0.211375965240643,-0.8297642798576522,-0.19789871078278642,4375.469871300087
0.705500184246858,1.3888252875736953,97.21777013015867,1.0320534882038932,0.8960207268211635,0.0007614643791007779,-0.2119517483478494,-0.8296777710528813,-0.19661214399417692,4397.948491560125
0.7083817588461444,1.3907116608493724,97.34981625945606,1.036518145239096,0.8967941547350594,0.0007666236482643138,-0.2125307727481921,-0.8295912243049568,-0.19532215250022378,4420.549502025215
0.7112751030698139,1.3926081556161052,97.48257089312736,1.0410151501060212,0.8975704946586105,0.000771830323858638,-0.2131130595888371,-0.8295046408489275,-0.19402874102133827,4443.273577882174
0.7141802649902163,1.3945148320304876,97.61603824213414,1.04554477552187,0.8983497563260749,0.0007770849050738142,-0.21369863017470184,-0.8294180219252022,-0.19273191444315085,4466.121397787996
0.7170972928760472,1.3964317506297363,97.75022254408154,1.0501072967758458,0.8991319494940824,0.0007823878969018724,-0.21428750596973828,-0.8293313687795032,-0.1914316778176427,4489.093643883895
0.720026235193156,1.3983589723340635,97.88512806338444,1.0547029917553568,0.8999170839416116,0.0007877398102093837,-0.21487970859822855,-0.8292446826628178,-0.19012803636426867,4512.191001809483
0.722967140605345,1.4002965584490534,98.02075909143375,1.0593321409724845,0.9007051694699678,0.0007931411618109773,-0.21547525984608934,-0.829157964831351,-0.18882099547107511,4535.4141607168585
0.7259200579751839,1.402244570668063,98.15711994676441,1.0639950275907555,0.9014962159027609,0.0007985924745438495,-0.21607418166218975,-0.8290712165464746,-0.1875105606958083,4558.763813284838
0.7288850363648166,1.4042030710746234,98.29421497522364,1.0686919374521795,0.9022902330858807,0.0008040942773432399,-0.21667649615967716,-0.8289844390746791,-0.18619673776702128,4582.240655733102
0.7318621250367784,1.406172122144863,98.43204855014042,1.073423159104594,0.9030872308874747,0.0008096471053189263,-0.21728222561731625,-0.8288976336875219,-0.18487953258517142,4605.845387836438
0.7348513734548169,1.408151786749943,98.570625072496,1.0781889838293008,0.9038872191979227,0.0008152514998327283,-0.2178913924808389,-0.8288108016615758,-0.18355895122370824,4629.578712939004
0.7378528312847084,1.4101421281584983,98.70994897109487,1.0829897056689886,0.9046902079298133,0.00082090800857703,-0.21850401936430375,-0.8287239442783778,-0.1822349999301589,4653.441337968552
0.7408665483950891,1.4121432100391036,98.85002470273726,1.0878256214559723,0.9054962070179172,0.0008266171856543648,-0.21912012905146888,-0.8286370628243754,-0.18090768512720234,4677.433973450778
0.7438925748582783,1.414155096462743,98.990856752392,1.0926970308407271,0.9063052264191648,0.000832379591658037,-0.2197397444971755,-0.8285501585908734,-0.17957701341373522,4701.557333523589
0.746930960951115,1.4161778519053254,99.13244963337277,1.0976042363207992,0.9071172761126288,0.0008381957937538357,-0.22036288882875055,-0.8284632328739787,-0.17824299156591428,4725.812135951492
0.7499817571557885,1.4182115412501413,99.2748078875099,1.1025475432698562,0.9079323660994822,0.000844066365762816,-0.22098958534740054,-0.8283762869745463,-0.17690562653823472,4750.199102139916
0.7530450141606827,1.4202562297903856,99.41793608532699,1.1075272599671795,0.9087505064029758,0.0008499918882452029,-0.22161985752963229,-0.8282893221981245,-0.1755649254645648,4774.7189571496565
0.7561207828612121,1.4223119832316868,99.56183882621808,1.1125436976274576,0.9095717070684113,0.0008559729485853919,-0.22225372902868354,-0.8282023398548971,-0.17422089565917753,4799.372429711233
0.7592091143606735,1.4243788676946512,99.70652073862558,1.117597170430902,0.9103959781631165,0.0008620101410781032,-0.222891223675966,-0.8281153412596269,-0.1728735446177715,4824.160252239384
0.7623100599710902,1.4264569497174122,99.85198648021886,1.1226879955536728,0.9112233297764153,0.0008681040670156651,-0.22353236548251704,-0.828028327731598,-0.17152288001848603,4849.0831608474855
0.7654236712140662,1.4285462962581978,99.99824073807385,1.1278164931986387,0.9120537720196,0.0008742553347764783,-0.22417717864046594,-0.8279413005945571,-0.17016890972290732,4874.141895362063
0.768549999821645,1.430646974697915,100.14528822885404,1.1329829866264782,0.9128873150259035,0.000880464559914656,-0.2248256875245121,-0.8278542611766543,-0.16881164177705843,4899.337199337312
0.7716890977371633,1.4327590528427363,100.29313369899154,1.1381878021870957,0.9137239689504685,0.0008867323652508539,-0.22547791669341308,-0.8277672108103832,-0.167451084412386,4924.669820069602
0.7748410171161206,1.4348825989267158,100.4417819248701,1.1434312693514024,0.9145637439703194,0.00089305938096433,-0.22613389089148786,-0.8276801508325209,-0.16608724604673253,4950.140508612073
0.7780058103270396,1.4370176816144036,100.59123771300825,1.1487137207434182,0.9154066502843311,0.0008994462446862182,-0.2267936350501305,-0.8275930825840662,-0.1647201352852974,4975.750019789185
0.781183529952342,1.4391643700034866,100.74150590024406,1.1540354921727392,0.9162526981131998,0.0009058936015940684,-0.22745717428933743,-0.8275060074101778,-0.16334976092158793,5001.4991122113615
0.7843742287892161,1.4413227336274335,100.89259135392034,1.1593969226673384,0.9171018976994113,0.0009124021045076326,-0.22812453391924611,-0.827418926660112,-0.16197613193836014,5027.388548289578
0.787577959850501,1.4434928424581615,101.0444989720713,1.1647983545067453,0.9179542593072113,0.0009189724139859573,-0.22879573944168807,-0.8273318416871592,-0.16059925750854165,5053.419094250068
0.790794776365561,1.44567476690871,101.1972336836097,1.1702401332555556,0.9188097932225717,0.0009256051984257552,-0.2294708165517525,-0.8272447538485803,-0.15921914699615092,5079.591520148957
0.794024731781172,1.447868577835939,101.35080044851573,1.1757226077973406,0.9196685097531627,0.0009323011341611094,-0.23014979113936615,-0.8271576645055421,-0.15783580995719582,5105.906599886979
0.7972678797624138,1.4500743465432582,101.50520425802807,1.1812461303689639,0.9205304192283287,0.0009390609055645213,-0.23083268929089124,-0.82707057502305,-0.15644925614054428,5132.365111224235
0.8005242741935538,1.4522921447832993,101.66045013483095,1.1868110565950878,0.921395531999038,0.0009458852051492935,-0.23151953729071492,-0.826983486769886,-0.15505949548883557,5158.967835794886
0.8037939691789504,1.4545220447606664,101.81654313324664,1.19241774552322,0.9222638584378565,0.0009527747336733166,-0.2322103616228709,-0.8268964011185396,-0.1536665381393294,5185.71555912199
0.8070770190439448,1.4567641191346865,101.97348833942806,1.1980665596590998,0.9231354089389149,0.0009597302002442254,-0.23290518897267015,-0.826809319445142,-0.15227039442475587,5212.609070632241
0.8103734783357698,1.459018441022173,102.13129087155211,1.2037578650024705,0.9240101939178752,0.0009667523224259932,-0.23360404622834519,-0.8267222431293977,-0.1508710748741483,5239.649163670851
0.8136834018244504,1.4612850840001996,102.28995588001398,1.2094920310832271,0.9248882238118968,0.0009738418263469362,-0.234306960482706,-0.826635173554516,-0.14946859021366665,5266.836635516337
0.8170068445037196,1.4635641221088975,102.44948854762282,1.2152694309979757,0.9257695090796029,0.0009809994468092025,-0.23501395903481198,-0.8265481121071425,-0.14806295136740266,5294.172287395454
0.820343861591926,1.4658556298542536,102.60989408979775,1.221090441446966,0.9266540602010445,0.000988225927399702,-0.23572506939165427,-0.8264610601772894,-0.1466541694581709,5321.656924498027
0.8236945085329573,1.468159682210937,102.77117775476559,1.2269554427714502,0.9275418876776664,0.000995522020602565,-0.2364403192698556,-0.8263740191582647,-0.14524225580828598,5349.291355991928
0.8270588409971567,1.4704763546251296,102.93334482375907,1.2328648189914255,0.9284330020322714,0.0010028884879130949,-0.23715973659738046,-0.8262869904466025,-0.1438272219403235,5377.076395037979
0.8304369148822489,1.4728057230173774,103.09640061121642,1.2388189578438027,0.9293274138089839,0.0010103260999532648,-0.23788334951526147,-0.8261999754419906,-0.1424090795778652,5405.012858804926
0.8338287863142728,1.475147863785456,103.26035046498193,1.2448182508209895,0.9302251335732157,0.0010178356365887898,-0.23861118637933992,-0.8261129755471992,-0.14098784064622527,5433.101568484467
0.837234511648507,1.4775028538072452,103.42519976650716,1.250863093209879,0.9311261719116272,0.001025417887047749,-0.23934327576201822,-0.826025992168008,-0.1395635172731663,5461.343349306204
0.8406541474704137,1.4798707704436287,103.590953931054,1.2569538841312855,0.9320305394320929,0.0010330736500408486,-0.24007964645403013,-0.8259390267131332,-0.13813612178959156,5489.739030552755
0.8440877505965715,1.4822516915414123,103.75761840789886,1.263091026579826,0.9329382467636687,0.0010408037338832798,-0.24082032746622645,-0.8258520805941536,-0.136705666730217,5518.289445574757
0.8475353780756266,1.484645695436291,103.92519868054038,1.26927492746432,0.9338493045565697,0.0010486089566182518,-0.24156534803138568,-0.8257651552254341,-0.1352721648342068,5546.995431806008
0.8509970871892336,1.4870528609556868,104.09370026689807,1.2755059976482548,0.9347637234820958,0.0010564901461421754,-0.24231473760599476,-0.825678252024056,-0.13383562904587742,5575.857830778535
0.8544729354530141,1.489473267421745,104.26312871952216,1.2817846519910692,0.9356815142326085,0.001064448140331567,-0.2430685258720886,-0.8255913724097385,-0.13239607251529628,5604.8774881377785
0.8579629806175054,1.4919069946543069,104.43348962580149,1.2881113093897798,0.9366026875214949,0.0010724837871716462,-0.24382674273909297,-0.8255045178047639,-0.13095350859888844,5634.055253657718
0.8614672806691273,1.494354122973897,104.6047886081728,1.2944863928210686,0.9375272540831296,0.0010805979448867066,-0.2445894183456815,-0.8254176896339006,-0.12950795086001998,5663.391981256101
0.8649858938311387,1.4968147332047197,104.77703132433038,1.3009103293838074,0.9384552246728369,0.0010887914820722317,-0.24535658306164682,-0.8253308893243269,-0.12805941306957236,5692.888529009622
0.8685188785646084,1.499288906677675,104.95022346743724,1.3073835503420608,0.9393866100668481,0.0010970652778288172,-0.24612826748978683,-0.8252441183055526,-0.126607909206489,5722.545759169179
0.8720662935693887,1.501776725233391,105.12437076633736,1.313906491168562,0.9403214210622677,0.0011054202218979204,-0.24690450246780823,-0.8251573780093422,-0.12515345345830586,5752.364538175164
0.875628197785084,1.504278271225266,105.29947898576862,1.3204795915886465,0.9412596684770289,0.0011138572147994328,-0.24768531907024208,-0.8250706698696358,-0.12369606022166435,5782.3457366727
0.8792046503920384,1.5067936275225338,105.47555392657736,1.327103295624689,0.9422013631498561,0.0011223771679711512,-0.24847074861037807,-0.8249839953224708,-0.12223574410279647,5812.490229527025
0.8827957108123106,1.5093228775133365,105.65260142593355,1.3337780516410034,0.9431465159402247,0.0011309810039101208,-0.24926082264221228,-0.8248973558059021,-0.12077251991800153,5842.798895838771
0.8864014387106688,1.5118661051078208,105.83062735754746,1.3405043123892568,0.94409513772832,0.001139669656315932,-0.2500555729624121,-0.8248107527599227,-0.11930640269408854,5873.272618959401
0.8900218939955752,1.5144233947412429,106.009637631887,1.3472825350543585,0.9450472394149958,0.0011484440702359368,-0.25085503161229544,-0.8247241876263834,-0.11783740766880779,5903.912286506535
0.893657136820188,1.5169948313770958,106.1896381963967,1.3541131813008742,0.9460028319217368,0.0011573052022124807,-0.2516592308798289,-0.8246376618489124,-0.11636555029125495,5934.718790379442
0.897307227583355,1.5195805005102463,106.37063503571724,1.3609967173199253,0.9469619261906131,0.0011662540204321094,-0.25246820330163733,-0.8245511768728336,-0.11489084622225798,5965.69302677444
0.9009722269306195,1.5221804881700913,106.55263417190639,1.3679336138766198,0.9479245331842413,0.001175291504876835,-0.2532819816650344,-0.8244647341450859,-0.11341331133473775,5996.8358962003895
0.9046521957552306,1.5247948809237328,106.7356416646613,1.3749243463580003,0.948890663885743,0.0011844186474774647,-0.2541005990100672,-0.8243783351141407,-0.1119329617140482,6028.148303494221
0.9083471951991487,1.5274237658791603,106.91966361154122,1.3819693948215055,0.949860329298701,0.0011936364522690062,-0.25492408863157623,-0.8242919812299201,-0.11044981365829509,6059.631157836418
0.912057286654069,1.5300672306884597,107.10470614819218,1.3890692440439838,0.9508335404471201,0.0012029459355482309,-0.25575248408127543,-0.8242056739437135,-0.10896388367862841,6091.285372766638
0.9157825317624335,1.5327253635510296,107.29077544857208,1.3962243835712211,0.9518103083753813,0.0012123481260333533,-0.25658581916984435,-0.8241194147080955,-0.10747518849951643,6123.111866199231
0.9195229924184628,1.5353982532168213,107.47787772517749,1.4034353077680373,0.9527906441482026,0.0012218440650259336,-0.2574241279690421,-0.8240332049768417,-0.10598374505899066,6155.111560438926
0.9232787307691775,1.5380859889896108,107.66601922927276,1.410702515868972,0.9537745588506021,0.0012314348065749624,-0.25826744481384106,-0.8239470462048448,-0.10448957050885932,6187.285382196411
0.9270498092154377,1.5407886607305006,107.85520625113504,1.4180265120301063,0.9547620635879404,0.0012411214176432268,-0.2591158043046457,-0.8238609398480228,-0.10299268221477864,6219.634262604062
0.9308362904129722,1.5435063588608227,108.04544512025758,1.4254078053797827,0.9557531694857362,0.0012509049782759227,-0.25996924130933496,-0.8237748873632466,-0.10149309775664084,6252.159137231586
0.9346382372734275,1.5462391743655233,108.23674220558662,1.4328469100711483,0.9567478876896554,0.001260786581771616,-0.2608277909654689,-0.8236888902082533,-0.09999083492867933,6284.860946101815
0.9384557129654064,1.54898719879654,108.4291039157578,1.4403443453352092,0.9577462293654869,0.001270767334855513,-0.2616914886825039,-0.8236029498415587,-0.09848591173956045,6317.740633706409
0.9422887809155197,1.5517505242761394,108.62253669932976,1.4479006355343176,0.9587482056991002,0.001280848357855137,-0.2625603701440087,-0.823517067722372,-0.0969783464124837,6350.799149021673
0.9461375048094438,1.554529243500273,108.81704704501912,1.45551631021625,0.9597538278964032,0.0012910307848784147,-0.2634344713098984,-0.8234312453105099,-0.0954681573852526,6384.037445524401
0.9500019485929716,1.5573234497419453,109.01264148193617,1.4631919041688621,0.9607631071832968,0.0013013157639941884,-0.2643138284186848,-0.8233454840663113,-0.09395536331032861,6417.456481207672
0.9538821764730826,1.560133236854603,109.20932657982222,1.4709279574753724,0.9617760548056331,0.0013117044574152436,-0.26519847798974644,-0.8232597854505499,-0.09243998305484735,6451.057218596789
0.9577782529190023,1.5629586992755375,109.40710894928763,1.4787250155702274,0.962792682029169,0.001322198041683822,-0.26608845682561477,-0.8231741509243493,-0.09092203570061763,6484.840624765139
0.9616902426632808,1.5657999320293112,109.60599524205179,1.4865836292956112,0.9638130001395253,0.0013327977078597178,-0.26698380201428173,-0.8230885819490946,-0.08940154054408844,6518.807671350187
0.9656182107028608,1.5686570307311913,109.80599215118339,1.4945043549585475,0.964837020442139,0.001343504661710936,-0.2678845509315213,-0.8230030799863469,-0.08787851709629357,6552.959334569401
0.9695622223001649,1.5715300915906112,110.00710641134279,1.5024877543886646,0.965864754262223,0.0013543201239070107,-0.26879074124323477,-0.8229176464977552,-0.08635298508276157,6587.296595236317
0.9735223429841735,1.5744192114146405,110.20934479902483,1.5105343949965662,0.9668962129447177,0.0013652453302149539,-0.2697024109078098,-0.8228322829449696,-0.08482496444340692,6621.820438776527
0.9774986385515163,1.5773244876114798,110.41271413280359,1.5186448498328693,0.9679314078542499,0.0013762815316979283,-0.2706195981785023,-0.8227469907895532,-0.08329447533238943,6656.531855243769
0.9814911750675684,1.5802460181939693,110.61722127357785,1.5268196976478914,0.9689703503750867,0.0013874299949166702,-0.27154234160583485,-0.8226617714928951,-0.08176153811794118,6691.431839336068
0.9855000188675413,1.5831839017831133,110.82287312481793,1.5350595229519783,0.9700130519110908,0.0013986920021336606,-0.2724706800400148,-0.8225766265161221,-0.08022617338217497,6726.521390411812
0.9895252365575928,1.5861382376116298,111.02967663281409,1.5433649160765304,0.9710595238856767,0.0014100688515201612,-0.2734046526333728,-0.8224915573200102,-0.07868840192085491,6761.801512505997
0.9935668950159254,1.5891091255275074,111.23763878692552,1.5517364732356682,0.9721097777417649,0.0014215618573660649,-0.27434429884281814,-0.822406565364898,-0.07714824474314474,6797.273214346367
0.9976250613939062,1.5920966659975915,111.44676661983141,1.5601747965886152,0.9731638249417383,0.001433172350292699,-0.27528965843231695,-0.8223216521105965,-0.07560572307132196,6832.937509369726
1.0016998031171735,1.5951009601111785,111.65706720778249,1.568680494302739,0.9742216769673963,0.0014449016774685185,-0.27624077147538717,-0.8222368190163019,-0.0740608583404685,6868.7954157381455
1.0057911878867656,1.5981221095835803,111.86854767085062,1.5772541806171552,0.9752833453198901,0.001456751202827841,-0.2771976783575972,-0.8221520675405082,-0.07251367219815508,6904.847956355349
1.009899283680242,1.601160216759794,112.08121517318558,1.585896475907285,0.9763488415196927,0.0014687223072925727,-0.2781604197791137,-0.8220673991409182,-0.07096418650405123,6941.096158883037
1.014024158752807,1.6042153846182157,112.29507692327509,1.5946080067502004,0.977418177106572,0.0014808163889970037,-0.2791290367572762,-0.8219828152743525,-0.06941242332949371,6977.541055757219
1.018165881638455,1.607287716774273,112.51014017419911,1.6033894059904064,0.9784913636395338,0.0014930348635157653,-0.280103570629161,-0.8218983173966621,-0.06785840495707429,7014.183684204741
1.022324521151104,1.6103773174841118,112.72641222388783,1.6122413128064543,0.9795684126967751,0.0015053791640949078,-0.28108406305417694,-0.8218139069626401,-0.06630215388018179,7051.025086259704
1.0265001463857322,1.6134842916482983,112.94390041538088,1.6211643727782894,0.9806493358756354,0.0015178507418861786,-0.2820705560166803,-0.8217295854259328,-0.06474369280251124,7088.0663087798985
1.0306928267195379,1.6166087448155577,113.16261213708904,1.6301592379553915,0.9817341447925569,0.0015304510661846007,-0.28306309182861605,-0.821645354238951,-0.0631830446375351,7125.308403463455
1.0349026318130854,1.619750783186516,113.38255482305613,1.6392265669256256,0.9828228510830372,0.001543181624669317,-0.28406171313217604,-0.8215612148527808,-0.061620232507954675,7162.75242686537
1.0391296316114647,1.6229105136174662,113.60373595322264,1.648367024884877,0.9839154664015834,0.0015560439236477867,-0.28506646290247767,-0.8214771687170958,-0.060055279745111045,7200.399440414129
1.0433738963454466,1.6260880436241496,113.82616305369048,1.6575812837074435,0.9850120024216675,0.0015690394883033643,-0.28607738445026526,-0.8213932172800674,-0.058488209888374,7238.25051042832
1.0476354965326617,1.6292834813855672,114.04984369698971,1.6668700220172465,0.9861124708356815,0.0015821698629463739,-0.28709452142463393,-0.821309361988277,-0.056919046684485775,7276.3067081334275
1.051914502978764,1.6324969357477999,114.27478550234599,1.6762339252597929,0.9872168833548945,0.0015954366112686258,-0.28811791781577306,-0.8212256042866267,-0.0553478140868896,7314.569109678511
1.0562109867786105,1.6357285162278512,114.50099613594958,1.6856736857749612,0.9883252517094048,0.0016088413166015067,-0.2891476179577316,-0.8211419456182513,-0.053774536255011274,7353.038796153017
1.0605250193174351,1.6389783330175063,114.72848331122545,1.6951900028705709,0.9894375876480949,0.0016223855821776328,-0.29018366653120464,-0.8210583874244293,-0.052199237553522404,7391.716853603533
1.064856672272047,1.6422464969872228,114.95725478910559,1.7047835828968176,0.9905539029385904,0.0016360710313962174,-0.2912261085663454,-0.8209749311444955,-0.050621942551559274,7430.604373050772
1.0692060176120148,1.6455331196900287,115.18731837830201,1.7144551393214937,0.9916742093672131,0.0016498993080920792,-0.2922749894455961,-0.8208915782157518,-0.04904267602191581,7469.7024505064255
1.0735731276008569,1.6488383133654398,115.41868193558079,1.724205392806046,0.9927985187389344,0.001663872076808401,-0.2933303549065397,-0.8208083300733799,-0.04746146294020803,7509.01218699006
1.077958074797253,1.652162190943411,115.65135336603876,1.7340350712825234,0.9939268428773349,0.0016779910230733685,-0.2943922510447797,-0.8207251881503528,-0.04587832848399365,7548.53468854624
1.082360932056244,1.6555048660482838,115.88534062337988,1.7439449100313105,0.9950591936245551,0.0016922578536805956,-0.29546072431683507,-0.8206421538773477,-0.04429329803187565,7588.2710662615
1.0867817725304438,1.6588664530023833,116.12065171016684,1.7539356517586158,0.9961955828411194,0.0017066742969735129,-0.2965358215429377,-0.8205592286826677,-0.042706397162743825,7628.222436281465
1.0912206696712485,1.6622470668304739,116.35729467813317,1.7640080466773325,0.9973360224060478,0.0017212421031337,-0.29761758991012294,-0.8204764139921433,-0.04111765165458969,7668.38991982794
1.0956776972300675,1.665646823263878,116.59527762847145,1.7741628525877324,0.9984805242168424,0.001735963044473305,-0.29870607697522744,-0.8203937112290425,-0.039527087483454904,7708.774643216185
1.1001529292595424,1.6690658387443378,116.83460871210364,1.7844008349582259,0.9996291001893822,0.0017508389157315043,-0.2998013306678227,-0.820311121813989,-0.03793473082248189,7749.377737872097
1.1046464401147804,1.67250423042808,117.0752961299656,1.7947227670075685,1.0007817622578803,0.0017658715343751466,-0.3009033992932299,-0.8202286471648751,-0.03634060804084405,7790.200340349518
1.109158304454581,1.6759621161898912,117.31734813329238,1.80512942978796,1.0019385223748343,0.0017810627409035698,-0.30201233153555446,-0.8201462886967754,-0.034744745702644075,7831.2435923475
1.11368859724269,1.6794396146272335,117.56077302390634,1.815621612269123,1.0030993925109892,0.0017964143991577616,-0.3031281764607518,-0.820064047821861,-0.03314717056577332,7872.508640727802
1.1182373937490386,1.682936845064363,117.80557915450541,1.8262001114232689,1.0042643846552883,0.0018119283966337965,-0.30425098351971014,-0.819981925949313,-0.0315479095807456,7913.996637532274
1.1228047695509862,1.6864539275564707,118.05177492895295,1.8368657323110158,1.0054335108148293,0.0018276066448006552,-0.30538080255135885,-0.8198999244852376,-0.029946989889494402,7955.708740000272
1.127390800534591,1.6899909828938622,118.29936880257036,1.847619288168317,1.0066067830148233,0.0018434510794225977,-0.3065176837858055,-0.8198180448325809,-0.028344438824132956,7997.646110586336
1.1319955628958607,1.6935481326061366,118.54836928242956,1.8584616004942998,1.0077842132985466,0.0018594636608859655,-0.30766167784749104,-0.8197362883910435,-0.02674028390568639,8039.809916977686
1.1366191331420241,1.6971254989664029,118.7987849276482,1.869393499140128,1.0089658137273032,0.0018756463745306395,-0.30881283575837554,-0.8196546565569965,-0.02513455284278676,8082.201332111927
1.1412615880927914,1.7007232049955032,119.05062434968522,1.8804158223988168,1.0101515963803738,0.0018920012309860922,-0.3099712089411421,-0.819573150723397,-0.023527273530337012,8124.821534194639
1.1459230048816467,1.7043413744662796,119.30389621263957,1.8915294170961165,1.0113415733549782,0.0019085302665122722,-0.31113684922243384,-0.8194917722797046,-0.021918474048136627,8167.671706717299
1.1506034609571199,1.7079801319078423,119.55860923354896,1.9027351386823526,1.0125357567662319,0.0019252355433451848,-0.3123098088361103,-0.819410522611798,-0.020308182659479312,8210.75303847499
1.155303034084069,1.7116396026098644,119.8147721826905,1.9140338513253081,1.0137341587470985,0.0019421191500473651,-0.3134901404265289,-0.8193294031018918,-0.01869642780971459,8254.066723584245
1.1600218023449849,1.7153199126269125,120.07239388388388,1.9254264280041828,1.0149367914483522,0.00195918320186334,-0.3146778970518576,-0.8192484151284541,-0.017083238124772415,8297.61396150107
1.1647598441412792,1.7190211887826947,120.33148321478863,1.936913750604284,1.016143667038505,0.0019764298410800307,-0.315873132187379,-0.8191675600661266,-0.015468642409698252,8341.395957038874
1.1695172381945922,1.7227435586743036,120.59204910720125,1.948496710012689,1.0173547977037223,0.001993861237392277,-0.31707589972881123,-0.8190868392856451,-0.013852669647164917,8385.413920386534
1.1742940635480907,1.7264871506769803,120.85410054738863,1.9601762062165382,1.0185701956479063,0.0020114795882734808,-0.3182862539958167,-0.8190062541537504,-0.01223534899573575,8429.669067126437
1.1790903995677964,1.7302520939483614,121.1176465763853,1.971953148400739,1.019789873092599,0.002029287119351545,-0.31950424973536196,-0.818925806033111,-0.010616709788329404,8474.162618252753
1.183906325943894,1.7340385184328904,121.38269629030232,1.9838284550472105,1.0210138422769328,0.002047286084790064,-0.32072994212514994,-0.8188454962822445,-0.008996781530590137,8518.895800189606
1.188741922692061,1.7378465548662752,121.64925884063926,1.995803054035316,1.0222421154575907,0.002065478767674916,-0.32196338677708725,-0.8187653262554357,-0.007375593899212718,8563.869844809382
1.1935972701547868,1.7416763347799593,121.91734343459716,2.007877882743387,1.0234747049087598,0.002083867480406299,-0.3232046397407733,-0.8186852973026604,-0.0057531767402382306,8609.085989451016
1.198472449002722,1.7455279905056353,122.18695933539448,2.020053888151449,1.0247116229220963,0.0021024545650963665,-0.3244537575070252,-0.8186054107695043,-0.0041295600673125765,8654.545476938525
1.2033675402360127,1.7494016551797649,122.45811586258354,2.0323320269450487,1.0259528818066797,0.002121242393972448,-0.32571079701142186,-0.8185256679970867,-0.002504774059911563,8700.249555599456
1.2082826251856371,1.7532974627481204,122.73082239236842,2.04471326562024,1.0271984938889709,0.002140233369785935,-0.32697581563787625,-0.8184460703219825,-0.0008788490615394551,8746.19947928334
1.2132177855147732,1.7572155479703702,123.00508835792591,2.0571985805898074,1.0284484715127744,0.002159429926227062,-0.328248871222242,-0.8183666190761453,0.0007481844221144396,8792.396507380461
1.2181731032201442,1.7611560464246685,123.2809232497268,2.0697889582906273,1.0297028270391961,0.002178834528345464,-0.3295300220559406,-0.8182873155868318,0.002376295725043942,8838.841904840448
1.2231486606333877,1.7651190945122788,123.55833661585952,2.0824853952922684,1.0309615728466017,0.002198449672976764,-0.33081932688962,-0.8182081611765255,0.0040054540228373625,8885.536942191093
1.2281445404224114,1.7691048294622125,123.83733806235487,2.095288898406771,1.0322247213305777,0.0022182778891751214,-0.3321168449368394,-0.8181291571628628,0.0056356283346052916,8932.482895557048
1.233160825592784,1.7731133893359101,124.1179372535137,2.108200484799736,1.0334922849038908,0.00223832173865205,-0.33342263587778675,-0.8180503048585577,0.007266787524960572,8979.681046678907
1.2381975994891024,1.7771449130319295,124.40014391223507,2.1212211821025937,1.0347642759964486,0.0022585838162213294,-0.3347367598630202,-0.8179716055713289,0.008898900306014701,9027.132682932035
1.2432549457963822,1.7811995402906542,124.6839678203458,2.13435202852613,1.0360407070552573,0.002279066750250328,-0.3360592775172375,-0.8178930606038268,0.01053193523940954,9074.839097345694
1.2483329485414385,1.78527741169892,124.96941881892441,2.147594072974935,1.0373215905443427,0.0022997732031176553,-0.3373902499430376,-0.8178146712535641,0.012165860738337031,9122.80158862205
1.253431692094296,1.7893786686949742,125.2565068086482,2.1609483751641476,1.0386069389447732,0.00232070587167741,-0.3387297387248136,-0.8177364388128402,0.013800645069713013,9171.021461155486
1.2585512611695844,1.7935034535732275,125.54524175012592,2.1744160057367576,1.039896764754607,0.0023418674877299737,-0.34007780593259906,-0.8176583645686715,0.015436256356292422,9219.500025051837
1.2636917408279373,1.7976519094890415,125.8356336642329,2.1879980463822557,1.0411910804888418,0.002363260818499464,-0.3414345141259465,-0.8175804498027217,0.017072662578814013,9268.238596147623
1.2688532164774218,1.8018241804635857,126.127692632451,2.201695589956771,1.0424898986793834,0.0023848886671180925,-0.3427999263578508,-0.8175026957912331,0.018709831578201053,9317.238496029631
1.274035773874946,1.8060204113887015,126.4214287972091,2.215509740604497,1.0437932318750005,0.002406753873117315,-0.3441741061786961,-0.8174251038049577,0.020347731057778873,9366.501052054311
1.2792394991276903,1.8102407480318023,126.71685236222616,2.229441613880522,1.0451010926412916,0.0024288593129260373,-0.34555711764023656,-0.8173476751090899,0.021986328585534398,9416.02759736741
1.284464478694527,1.8144853370407898,127.0139735928553,2.24349233687501,1.0464134935606426,0.0024512079003758533,-0.3469490252996046,-0.8172704109631994,0.023625591596393436,9465.819470923521
1.2897107993874721,1.8187543259490158,127.3128028164311,2.25766304833885,1.0477304472321949,0.0024738025872136013,-0.3483498942233555,-0.8171933126211653,0.02526548739454415,9515.878017505984
1.2949785483731182,1.823047863180251,127.61335042261756,2.271954898810653,1.0490519662718045,0.0024966463636211154,-0.3497597899915373,-0.817116381331111,0.026905983155779634,9566.204587746593
1.3002678131740866,1.8273660980536925,127.91562686375848,2.2863690507452277,1.0503780633120077,0.0025197422587424673,-0.35117877870179526,-0.8170396183353396,0.028547045929871118,9616.800538145573
1.3055786816704729,1.8317091807889874,128.2196426552291,2.3009066786434644,1.0517087510019807,0.0025430933412186555,-0.352606926973504,-0.8169630248702707,0.030188642642973162,9667.667231091462
1.3109112421013205,1.8360772625113,128.525408375791,2.3155689691837513,1.0530440420075076,0.0025667027197300565,-0.3540443019519376,-0.8168866021663779,0.031830740100060595,9718.806034881334
1.3162655830660812,1.8404704952563937,128.83293466794757,2.3303571213548246,1.054383949010944,0.002590573543546521,-0.35549097131246676,-0.8168103514481262,0.03347330498739032,9770.218323740899
1.3216417935260774,1.8448890319757365,129.14223223830155,2.3452723465901077,1.0557284847111772,0.0026147090030853187,-0.35694700326478596,-0.8167342739339127,0.03511630387498865,9821.905477844672
1.3270399628059972,1.8493330265415873,129.4533118579111,2.3603158689034127,1.057077661823577,0.0026391123304771967,-0.35841246655715947,-0.8166583708360063,0.03675970321915245,9873.868883336469
1.3324601805953673,1.8538026337522147,129.76618436265503,2.3754889250265347,1.0584314930799725,0.0026637868001403906,-0.3598874304807318,-0.8165826433604888,0.038403469365017484,9926.109932349738
1.3379025369500495,1.8582980093371395,130.08086065359976,2.390792764548377,1.0597899912286357,0.0026887357293629414,-0.3613719648738726,-0.8165070927071953,0.040047568549146595,9978.630023028149
1.343367122293724,1.862819309962309,130.39735169736161,2.406228650055332,1.0611531690342277,0.0027139624788932635,-0.36286614012651863,-0.8164317200696588,0.04169196690211807,10031.430559546066
1.348854027419411,1.867366693235366,130.71566852647564,2.421797857273476,1.0625210392777706,0.002739470453539311,-0.364370027184575,-0.8163565266350529,0.04333663045115843,10084.512952129458
1.3543633434909657,1.8719403177109226,131.03582223976457,2.4375016752122813,1.0638936147566125,0.0027652631027762016,-0.36588369755433947,-0.8162815135841375,0.04498152512279607,10137.87861707657
1.3598951620445998,1.8765403428958733,131.35782400271114,2.4533414063100087,1.0652709082843907,0.0027913439213626207,-0.3674072233069634,-0.8162066820912045,0.04662661674554536,10191.528976778878
1.3654495749903917,1.8811669292547295,131.68168504783105,2.4693183665807017,1.0666529326910013,0.0028177164499660046,-0.3689406770829468,-0.8161320333240245,0.04827187105261199,10245.465459742
1.3710266746138287,1.8858202382150009,132.00741667505005,2.485433885762921,1.0680397008225648,0.002844384275796813,-0.37048413209666975,-0.816057568443795,0.04991725368463018,10299.689500606912
1.3766265535773328,1.8905004321725896,132.33503025208128,2.5016893074701,1.069431225541396,0.0028713510332517987,-0.3720376621409563,-0.8159832886050882,0.05156273019242197,10354.202540171098
1.3822493049217925,1.8952076744972122,132.66453721480485,2.518085989342599,1.0708275197259656,0.0028986204045665133,-0.3736013415916687,-0.8159091949558028,0.05320826603977613,10409.006025409744
1.3878950220681248,1.899942129537875,132.99594906765125,2.5346253032015635,1.0722285962708744,0.002926196120477308,-0.3751752454123471,-0.8158352886371135,0.054853826606260814,10464.1014094973
1.3935637988188154,1.9047039626283533,133.32927738398473,2.55130863520444,1.073634468086819,0.002954081960892724,-0.3767594491588747,-0.8157615707834233,0.05649937719005327,10519.49015182886
1.3992557293594845,1.909493340092719,133.66453380649034,2.568137386002313,1.0750451481005605,0.0029822817555746036,-0.3783540289841834,-0.815688042522317,0.05814488301079601,10575.173718041835
1.4049709082604394,1.9143104292508637,134.00173004756047,2.5851129708989107,1.0764606492548867,0.0030107993848289432,-0.37995906164298454,-0.8156147049745155,0.05979030921246564,10631.153580037533
1.4107094304782621,1.919155398424071,134.34087788968498,2.6022368200114725,1.0778809845085757,0.003039638780206805,-0.3815746244965405,-0.8155415592538314,0.06143562086626808,10687.431216003137
1.41647139135738,1.924028416940697,134.68198918584878,2.6195103784337217,1.079306166836387,0.003068803925215212,-0.3832007955174988,-0.8154686064671246,0.06308078297358621,10744.008110433555
1.422256886631641,1.9289296551417767,135.02507585992436,2.636935106400316,1.0807362092290198,0.0030982988560382865,-0.384837653294728,-0.8153958477142598,0.06472576046890954,10800.885754153354
1.42806601242592,1.9338592843867137,135.37014990706996,2.6545124794533397,1.0821711246930839,0.003128127662268885,-0.38648527703820496,-0.8153232840880654,0.06637051822280116,10858.065644339054
1.4338988652577056,1.938817477058978,135.71722339412844,2.6722439886106195,1.0836109262510703,0.0031582944876506736,-0.3881437465839339,-0.815250916674294,0.06801502104488355,10915.54928454127
1.4397555420387107,1.9438044065718545,136.0663084600298,2.6901311405360073,1.0850556269413212,0.0031888035308309777,-0.3898131423989081,-0.8151787465515817,0.06965923368684224,10973.338184707156
1.4456361400764681,1.9488202473742062,136.41741731619445,2.7081754577115404,1.0865052398179973,0.0032196590461243953,-0.39149354558609994,-0.8151067747914125,0.07130312084545132,11031.433861202702
1.4515407570759673,1.9538651749562967,136.77056224694078,2.726378478611656,1.087959777951056,0.003250865344287607,-0.3931850378895034,-0.8150350024580792,0.07294664716562016,11089.837836835552
1.457469491141265,1.95893936585562,137.1257556098934,2.744741757879297,1.0894192544262171,0.003282426793305215,-0.39488770169919973,-0.81496343060865,0.07458977724345495,11148.55164087755
1.4634224407771208,1.9640429976627807,137.48300983639464,2.7632668665040754,1.090883682344939,0.00331434781918702,-0.39660162005647176,-0.8148920602929322,0.07623247562933799,11207.576809087635
1.469399704890623,1.969176249027388,137.84233743191717,2.7819553920024123,1.0923530748243853,0.003346632906776746,-0.398326876658947,-0.8148208925534407,0.07787470683102926,11266.914883734658
1.4754013827928492,1.9743392996640161,138.20375097648113,2.800808938599822,1.093827444997403,0.0033792866005726064,-0.40006355586579206,-0.8147499284253652,0.07951643531678076,11326.567413620602
1.4814275742005063,1.9795323303581667,138.56726312507166,2.8198291274151828,1.0953068060124918,0.003412313505559599,-0.40181174270293457,-0.8146791689365394,0.0811576255184685,11386.535954103678
1.4874783792375805,1.984755522972223,138.9328866080556,2.8390175966469253,1.0967911710337621,0.0034457182880538494,-0.40357152286831044,-0.8146086151074126,0.08279824183472195,11446.822067121531
1.493553898437017,1.9900090604515486,139.3006342316084,2.858376001761773,1.0982805532409228,0.0034795056765593245,-0.4053429827371873,-0.8145382679510207,0.08443824863410598,11507.427321214831
1.4996542327423787,1.9952931268305936,139.67051887814154,2.877906015685507,1.0997749658292633,0.0035136804626367904,-0.4071262093675183,-0.8144681284729588,0.08607761025830274,11568.353291550697
1.5057794835095306,2.0006079072389786,140.0425535067285,2.8976093289957214,1.101274422009618,0.0035482475017854617,-0.4089212905053178,-0.8143981976713557,0.08771629102530087,11629.601559946437
1.5119297525083102,2.005953587907636,140.4167511535345,2.9174876501168403,1.1027789350083386,0.003583211714337335,-0.41072831459008297,-0.8143284765368495,0.08935425523259366,11691.173714893197
1.5181051419242366,2.0113303561750095,140.79312493225066,2.937542705517453,1.104288518067273,0.0036185780863646527,-0.41254737076026615,-0.8142589660525641,0.09099146716040396,11753.071351580082
1.5243057543601977,2.016738400493267,141.1716880345287,2.9577762399098053,1.1058031844437362,0.003654351670600374,-0.4143785488587769,-0.8141896671940878,0.0926278910749121,11815.296071918072
1.5305316928381594,2.02217791043456,141.5524537304192,2.9781900164516233,1.1073229474104866,0.0036905375873721017,-0.416221939438532,-0.8141205809294524,0.09426349123149858,11877.849484564273
1.5367830608008657,2.0276490766973057,141.9354353688114,2.9987858169501895,1.108847820255698,0.0037271410255494608,-0.41807763376804125,-0.8140517082191134,0.09589823187799862,11940.733204946086
1.5430599621135759,2.033152091112539,142.32064637787775,3.019565442068845,1.1103778162829403,0.003764167243505427,-0.41994572383704465,-0.8139830500159327,0.09753207725796598,12003.948855285853
1.5493625010657808,2.0386871466502674,142.7081002655187,3.040530711535766,1.111912948811151,0.0038016215700914517,-0.4218263023621817,-0.813914607265161,0.09916499161395076,12067.498064625319
1.555690782372926,2.0442544374258684,143.0978106198108,3.0616834643551174,1.1134532311746108,0.0038395094056267744,-0.4237194627927047,-0.8138463809044229,0.10079693919077792,12131.382468850268
1.5620449111781711,2.0498541587065517,143.48979110945862,3.0830255590207196,1.114998676722923,0.003877836222902288,-0.42562529931624254,-0.8137783718637026,0.10242788423884197,12195.603710715546
1.5684249930541236,2.0554865069177706,143.88405548424393,3.1045588737318486,1.1165492988209704,0.003916607568198802,-0.4275439068645781,-0.8137105810653319,0.10405779101739587,12260.163439869908
1.5748311340045993,2.0611516796498153,144.28061757548707,3.1262853066120213,1.118105110848914,0.003955829062320277,-0.4294753811195174,-0.8136430094239775,0.10568662379787508,12325.063312881228
1.5812634404663706,2.0668498756643654,144.67949129650557,3.1482067759299923,1.119666126202167,0.003995506401641959,-0.4314198185187752,-0.8135756578466312,0.10731434686720931,12390.304993261603
1.587722019310955,2.0725812949010805,145.08069064307563,3.1703252203232934,1.121232358291371,0.004035645359173975,-0.43337731626190457,-0.8135085272326013,0.10894092453114901,12455.890151492955
1.5942069778463763,2.0783461384842274,145.4842296938959,3.1926425990242904,1.122803820542368,0.004076251785640263,-0.4353479723162675,-0.8134416184735047,0.11056632111758247,12521.820465052455
1.600718423818956,2.084144608729361,145.89012261105526,3.215160892088905,1.1243805263961826,0.004117331610573319,-0.43733188542305723,-0.8133749324532616,0.11219050097987338,12588.097618438265
1.607256465415089,2.0899769091500278,146.29838364050195,3.237882100627883,1.1259624893089948,0.0041588908434247885,-0.43932915510335874,-0.8133084700480903,0.11381342850019016,12654.72330319523
1.6138212112630606,2.0958432444645374,146.70902711251762,3.2608082470408255,1.1275497227521207,0.0042009355746924874,-0.44133988166426136,-0.8132422321265035,0.11543506809285398,12721.69921794105
1.6204127704348428,2.101743820602754,147.1220674421928,3.2839413752528066,1.1291422402119913,0.004243471977063679,-0.44336416620501207,-0.813176219549307,0.1170553842076747,12789.02706839232
1.6270312524478956,2.1076788447129213,147.5375191299045,3.307283550953694,1.1307400551901257,0.004286506306575018,-0.445402110623211,-0.8131104331695987,0.11867434133329713,12856.708567390679
1.6336767672670063,2.1136485251685593,147.95539676179914,3.330836861840321,1.1323431812031144,0.004330044903789672,-0.4474538176210627,-0.8130448738327696,0.12029190400054968,12924.745434929437
1.6403494253061042,2.1196530715753736,148.37571501027617,3.3546034178613264,1.1339516317825973,0.004374094194991395,-0.4495193907116649,-0.8129795423765053,0.12190803678578854,12993.139398180007
1.6470493374301007,2.125692694778222,148.79848863447555,3.378585351464864,1.1355654204752395,0.00441866069339619,-0.4515989342253456,-0.8129144396307906,0.12352270431424861,13061.892191518693
1.653776614956719,2.1317676068681086,149.2237324807676,3.40278481784909,1.1371845608427105,0.0044637510003815856,-0.4536925533160471,-0.8128495664179134,0.1251358712633832,13131.005556553424
1.6605313696583628,2.137878021189245,149.65146148324718,3.4272039952156415,1.1388090664616668,0.004509371806734079,-0.4558003539677603,-0.8127849235524717,0.12674750236622145,13200.481242150985
1.6673137137639602,2.1440241523460015,150.0816906642201,3.4518450850253832,1.140438950923692,0.004555529893914639,-0.4579224430009562,-0.8127205118413825,0.12835756241466978,13270.321004464065
1.6741237599608358,2.1502062162101363,150.51443513470954,3.4767103122580636,1.1420742278353058,0.004602232135342876,-0.4600589280791466,-0.8126563320838895,0.12996601626288173,13340.52660695866
1.6809616213965686,2.156424429928071,150.94971009496496,3.501801925674941,1.1437149108179645,0.004649485497699843,-0.46220991771549014,-0.8125923850715734,0.1315728288306246,13411.099820441425
1.687827411680892,2.1626790119280375,151.38753083496263,3.527122198083756,1.1453610135080265,0.004697297042250203,-0.4643755212793922,-0.8125286715883637,0.1331779651065934,13482.042423087532
1.6947212448875726,2.168970181927333,151.82791273491333,3.5526734266069795,1.1470125495567258,0.004745673926183552,-0.4665558490031704,-0.8124651924105531,0.13478139015173785,13553.356200468397
1.7016432355562938,2.175298160939618,152.27087126577325,3.5784579329531594,1.1486695326301495,0.004794623403975381,-0.46875101198877117,-0.8124019483068116,0.13638306910258602,13625.042945579517
1.7085934986945803,2.1816631712822843,152.7164219897599,3.6044780636914853,1.1503319764092215,0.004844152828768264,-0.47096112221454345,-0.8123389400382027,0.13798296717456981,13697.104458868844
1.7155721497796952,2.188065436583844,153.1645805608691,3.6307361905293942,1.1519998945896803,0.004894269653773034,-0.4731862925420534,-0.8122761683582017,0.13958104966533003,13769.54254826492
1.7225793047605644,2.1945051817913734,153.61536272539615,3.6572347105934404,1.153673300882058,0.004944981433690681,-0.47542663672295143,-0.812213634012714,0.14117728195802792,13842.359029205423
1.729615080059691,2.200982633177994,154.06878432245958,3.683976046713324,1.1553522090116575,0.004996295826155006,-0.47768226940588643,-0.8121513377400957,0.14277162952463662,13915.555724665648
1.7366795925751088,2.207498018350423,154.5248612845296,3.7109626477093127,1.1570366327185362,0.005048220593196676,-0.47995330614347953,-0.8120892802711763,0.14436405792923535,13989.134465187502
1.743772959682312,2.214051566256545,154.98360963795815,3.7381969886828497,1.1587265857574829,0.005100763602728602,-0.4822398633993374,-0.812027462329281,0.14595453283128657,14063.097088908356
1.7508952992362108,2.220643507193045,155.44504550351314,3.765681571310575,1.1604220818979984,0.005153932830053224,-0.4845420585551233,-0.8119658846302558,0.1475430199889063,14137.445441590193
1.758046729573077,2.227274072813073,155.9091850969151,3.793418924141668,1.1621231349242727,0.005207736359391898,-0.48686000991767364,-0.8119045478824938,0.14912948526212078,14212.181376648818
1.7652273695125311,2.233943496133939,156.3760447293757,3.821411602898533,1.1638297586351547,0.00526218238543699,-0.48919383672615774,-0.8118434527869635,0.15071389461610973,14287.306755183516
1.7724373383595045,2.240652011544822,156.84564080813752,3.8496621907808115,1.1655419668441183,0.005317279214926572,-0.4915436591592813,-0.8117826000372377,0.15229621412442218,14362.823446006594
1.7796767559062123,2.2473998548147573,157.31798983703302,3.8781732987738664,1.1672597733792829,0.00537303526824234,-0.49390959834261866,-0.8117219903195232,0.15387640997224494,14438.733325673078
1.7869457424341648,2.254187263100441,157.79310841703085,3.90694756595985,1.1689831920833762,0.005429459081031276,-0.49629177635591887,-0.8116616243126924,0.15545444845959522,14515.038278510936
1.794244418716152,2.2610144749541314,158.2710132467892,3.9359876598325454,1.17071223681371,0.005486559305850956,-0.49869031624048066,-0.811601502688318,0.15703029600451157,14591.740196651097
1.8015729060182561,2.26788173033162,158.7517211232134,3.965296276615946,1.172446921442158,0.005544344713839256,-0.5011053420065867,-0.8115416261107067,0.15860391914623784,14668.840980057861
1.8089313261018531,2.2747892706002366,159.23524894201657,3.9948761415864156,1.1741872598551337,0.005602824196408504,-0.5035369786409866,-0.8114819952369361,0.16017528454838637,14746.342536559267
1.8163198012256576,2.2817373385469373,159.7216136982856,4.024730009398724,1.1759332659535722,0.0056620067669649315,-0.5059853521144437,-0.8114226107168923,0.16174435900209017,14824.246781878013
1.8237384541477422,2.2887261783864097,160.2108324870487,4.0548606644157,1.1776849536529062,0.005721901562653224,-0.5084505893893265,-0.8113634731933085,0.1633111094291375,14902.555639662241
1.8311874081275668,2.295756035769233,160.7029225038463,4.085270921041694,1.1794423368830431,0.005782517846126796,-0.510932818427253,-0.8113045833018064,0.1648755028850839,14981.271041516462
1.838666786928049,2.302827157790122,161.19790104530856,4.115963624060041,1.181205429588346,0.005843865007344526,-0.5134321681968022,-0.8112459416709378,0.16643750656235534,15060.39492703303
1.8461767148176047,2.309939792996181,161.69578550973267,4.146941648974237,1.1829742457276091,0.005905952565393685,-0.5159487686812653,-0.8111875489222277,0.16799708779332612,15139.929243823424
1.8537173165722207,2.3170941913952396,162.1965933976668,4.178207902353183,1.1847487992740375,0.0059687901703399954,-0.5184827508864642,-0.8111294056702194,0.16955421405338034,15219.875947549906
1.861288717477513,2.3242906044642124,162.70034231249488,4.209765322180289,1.1865291042152197,0.006032387605104886,-0.5210342468486128,-0.8110715125225212,0.17110885296394862,15300.237001957199
1.8688910433308308,2.3315292851574587,163.2070499610221,4.2416168782063925,1.1883151745530875,0.0060967547873707565,-0.5236033896422169,-0.8110138700798544,0.17266097229551702,15381.014378904658
1.8765244204433311,2.338810487915366,163.71673415407562,4.27376557230748,1.1901070243039178,0.006161901771514162,-0.5261903133880896,-0.8109564789361015,0.17421053997064373,15462.210058398305
1.8841889756420855,2.346134468672892,164.22941280710245,4.306214438846158,1.1919046674983085,0.006227838750567778,-0.5287951532613911,-0.810899339678357,0.175757524066942,15543.826028623256
1.8918848362721725,2.3535014848681204,164.74510394076842,4.3389665450370885,1.1937081181811475,0.006294576058211224,-0.5314180454997076,-0.8108424528869799,0.17730189282002473,15625.864285976108
1.8996121301988147,2.360911795450921,165.26382568156447,4.372024991316906,1.1955173904115923,0.006362124170791646,-0.5340591274112092,-0.8107858191356465,0.1788436146264436,15708.326835097889
1.9073709858094934,2.368365660891643,165.785596262415,4.405392911718295,1.1973324982630398,0.006430493709374016,-0.5367185373828527,-0.8107294389914058,0.18038265804659503,15791.215688906896
1.9151615320160695,2.375863343189864,166.31043402329047,4.439073474248392,1.1991534558231034,0.006499695441821752,-0.5393964148886462,-0.8106733130147358,0.18191899180760274,15874.532868631662
1.9229838982569487,2.383405105883218,166.83835741182526,4.473069881271696,1.200980277193589,0.00656974028490849,-0.5420929004979768,-0.8106174417596008,0.18345258480618432,15958.28040384453
1.930838214499216,2.3909912140562555,167.3693849839379,4.507385369897279,1.202812976490467,0.006640639306460871,-0.5448081358839892,-0.8105618257735111,0.18498340611148367,16042.460332494977
1.9387246112408036,2.398621934349374,167.9035354044562,4.542023212370552,1.204651567843848,0.0067124037275332555,-0.547542263832028,-0.8105064655975831,0.1865114249678823,16127.07470094339
1.9466432195126433,2.406297534967787,168.44082744774508,4.576986716469479,1.206496065397953,0.0067850449246145824,-0.5502954282481312,-0.8104513617666015,0.18803661079777956,16212.12556399482
1.9545941708808665,2.4140182856905863,168.98127999834105,4.612279225905561,1.2083464833110888,0.00685857443186824,-0.5530677741675963,-0.8103965148090828,0.18955893320435568,16297.614984933287
1.9625775974489756,2.42178445787982,169.5249120515874,4.6479041207292315,1.2102028357556185,0.00693300394340495,-0.5558594477635903,-0.8103419252473401,0.1910783619742933,16383.545035555939
1.9705936318600457,2.4295963244895913,170.07174271427138,4.683864817739824,1.2120651369179174,0.00700834531558954,-0.5586705963558057,-0.8102875935975493,0.1925948670804707,16469.917796207592
1.9786424072989124,2.4374541600753594,170.62179120527517,4.720164770900929,1.2139334009983642,0.007084610569381823,-0.5615013684192279,-0.810233520369817,0.19410841868465312,16556.73535581526
1.9867240574944098,2.445358240803217,171.1750768562252,4.756807471760176,1.2158076422113149,0.007161811892712623,-0.5643519135929342,-0.8101797060682486,0.19561898714013148,16643.999811923302
1.9948387167215793,2.4533088444591953,171.73161911214368,4.793796449873756,1.217687874785061,0.007239961642894833,-0.5672223826889398,-0.8101261511910198,0.19712654299433652,16731.713270728378
2.002986519803889,2.4613062504586543,172.2914375321058,4.831135273235967,1.2195741129618018,0.007319072349070264,-0.5701129277011155,-0.8100728562304478,0.19863105699141848,16819.877847114614
2.011167602115498,2.469350739855754,172.85455178990279,4.868827548713851,1.2214663709976152,0.007399156714693322,-0.5730237018141733,-0.8100198216730645,0.2001325000748062,16908.495664689344
2.019382099583488,2.477442595352961,173.42098167470726,4.906876922486741,1.2233646631624226,0.007480227620051229,-0.575954859412703,-0.8099670479996919,0.20163084338972714,16997.568855818656
2.0276301486901325,2.485582101310631,173.99074709174417,4.94528708049099,1.2252690037399587,0.00756229812482201,-0.5789065560902772,-0.8099145356855171,0.20312605828570085,17087.099561663363
2.035911886475146,2.4937695437566343,174.5638680629644,4.9840617488697685,1.2271794070277333,0.007645381470670346,-0.5818789486586106,-0.8098622852001706,0.2046181163189933,17177.089932214953
2.0442274505379867,2.502005210396082,175.14036472772574,5.023204694428257,1.2290958873370028,0.007729491083882507,-0.5848721951567953,-0.8098102970078043,0.20610698925505,17267.54212633216
2.052576979040125,2.5102893906210753,175.72025734347528,5.062719725093957,1.2310184589927333,0.00781464057804016,-0.5878864548605857,-0.8097585715671722,0.2075926490708877,17358.45831177731
2.060960610707348,2.5186223755205392,176.30356628643776,5.102610690382426,1.2329471363335636,0.007900843756734263,-0.5909218882917501,-0.8097071093317121,0.20907506795745356,17449.840665253152
2.069378484832048,2.5270044578900666,176.89031205230467,5.142881481868192,1.234881933711758,0.007988114616319228,-0.5939786572274702,-0.809655910749628,0.21055421832194776,17541.691372439607
2.077830741275561,2.5354359322419397,177.48051525693577,5.183536033661659,1.2368228654931859,0.008076467348708559,-0.597056924709843,-0.809604976263975,0.21203007279012343,17634.012628031203
2.0863175204704802,2.543917094815141,178.07419663705988,5.224578322891218,1.2387699460572783,0.008165916344211863,-0.6001568550554174,-0.8095543063127444,0.2135026042085464,17726.80663577431
2.0948389634229723,2.552448243585412,178.67137705097883,5.2660123701908566,1.2407231897969824,0.008256476194414167,-0.6032786138647913,-0.8095039013289511,0.21497178564681185,17820.075608504536
2.1033952117151506,2.561029678275435,179.27207747928045,5.3078422401937475,1.242682611118732,0.008348161695098711,-0.6064223680322929,-0.8094537617407218,0.21643759039973975,17913.821768184844
2.111986407507407,2.569661700365032,179.87631902555225,5.350072042031298,1.2446482244423964,0.00844098784921288,-0.6095882857557053,-0.8094038879713847,0.21789999198951882,18008.047345943334
2.1206126935407834,2.5783446131014576,180.48412291710204,5.392705929838183,1.2466200442012443,0.008534969869878777,-0.6127765365460701,-0.8093542804395611,0.21935896416783107,18102.754582111553
2.1292742131393263,2.5870787215097315,181.0955105056812,5.435748103263085,1.2485980848418943,0.00863012318344851,-0.6159872912375431,-0.8093049395592573,0.22081448091792155,18197.945726262737
2.137971110212495,2.595864332403089,181.7105032682162,5.479202807985649,1.2505823608242783,0.008726463432605662,-0.6192207219973336,-0.8092558657399587,0.2222665164566482,18293.623037250767
2.146703529257533,2.6047017543934414,182.3291228075409,5.523074336239168,1.2525728866215908,0.008824006479512625,-0.6224770023356891,-0.8092070593867247,0.22371504523648733,18389.78878324879
2.155471615361879,2.6135912979019507,182.95139085313656,5.567367027339555,1.2545696767202446,0.008922768409005381,-0.62575630711596,-0.8091585209002858,0.22516004194749795,18486.44524178845
2.1642755142055607,2.6225332751696198,183.5773292618734,5.612085268220238,1.2565727456198184,0.009022765531835782,-0.6290588125647127,-0.8091102506771409,0.22660148151924941,18583.594699798934
2.1731153720636396,2.631528000267993,184.2069600187595,5.657233493973493,1.2585821078330068,0.009124014387962863,-0.632384696281922,-0.8090622491096569,0.22803933912271668,18681.23945364682
2.18199133580863,2.640575789109957,184.84030523769698,5.702816188398199,1.260597777885581,0.009226531749893033,-0.6357341372512415,-0.8090145165861683,0.2294735901721352,18779.381809175662
2.1909035529129244,2.649676959460539,185.47738716223773,5.748837884553648,1.262619770316328,0.009330334626070282,-0.6391073158503127,-0.8089670534910804,0.23090421032681419,18878.024081745778
2.1998521714512713,2.658831830947835,186.11822816634847,5.795303165320097,1.2646480996770033,0.009435440264317668,-0.6425044138611641,-0.8089198602049714,0.23233117549291427,18977.168596274714
2.208837340103218,2.6680407250739737,186.76285075517816,5.842216663965649,1.2666827805322751,0.009541866155329913,-0.6459256144806615,-0.8088729371046972,0.23375446182517967,19076.81768727749
2.2178592081555886,2.6773039652261654,187.41127756583157,5.8895830647198615,1.2687238274596684,0.00964963003621865,-0.6493711023310318,-0.8088262845634973,0.23517404572864176,19176.973698907266
2.226917925504948,2.6866218766878127,188.0635313681469,5.937407103353927,1.2707712550495067,0.009758749894110571,-0.6528410634704493,-0.8087799029511016,0.23658990386026657,19277.638984996018
2.236013642660117,2.6959947866497216,188.7196350654805,5.98569356776782,1.272825077904858,0.009869243969800063,-0.6563356854036986,-0.8087337926338395,0.23800201313058222,19378.815909095876
2.245146510744662,2.705423024221363,189.37961169549538,6.034447298584134,1.274885310641474,0.009981130761456266,-0.6598551570928989,-0.8086879539747487,0.23941035070524874,19480.506844520292
2.254316681499392,2.7149069204421927,190.0434844309535,6.083673189748801,1.276951967887724,0.01009442902838572,-0.663399668968287,-0.8086423873336872,0.24081489400659728,19582.71417438539
2.2635243072849036,2.724446808293094,190.7112765805166,6.133376189139037,1.279025064284539,0.010209157794852052,-0.6669694129390881,-0.8085970930674448,0.2422156207151267,19685.44029165199
2.272769541084099,2.7340430227078327,191.3830115895483,6.18356129917809,1.2811046144853409,0.010325336353952535,-0.6705645824044305,-0.8085520715298572,0.24361250877095308,19788.68759916741
2.2820525365047355,2.743695900584661,192.05871304092625,6.234233577457534,1.2831906331559844,0.010442984271553208,-0.6741853722643567,-0.808507323071921,0.2450055363752326,19892.458509707743
2.2913734477819556,2.7534057807979218,192.7384046558545,6.2853981373664505,1.2852831349746814,0.010562121390282802,-0.6778319789308721,-0.8084628480419095,0.24639468199152859,19996.755446020044
2.300732429780883,2.763173004209804,193.4221102946863,6.337060148728306,1.2873821346319407,0.01068276783358739,-0.681504600339092,-0.8084186467854907,0.24777992434714502,20101.580840865343
2.3101296379991725,2.7729979136821075,194.10985395774753,6.389224838444983,1.2894876468304912,0.010804944009845363,-0.6852034359584314,-0.8083747196458455,0.2491612424344185,20206.93713706127
2.3195652285696062,2.7828808540881296,194.80165978616907,6.441897491148521,1.2915996862852113,0.010928670616544749,-0.6889286868038796,-0.8083310669637885,0.2505386155119653,20312.826787525282
2.3290393582626665,2.792822172324593,195.4975520627215,6.495083449860283,1.2937182677230523,0.01105396864452301,-0.6926805554473298,-0.8082876890778887,0.2519120231058867,20419.252255317795
2.3385521844891697,2.802822217323704,196.19755521265927,6.548788116658125,1.2958434058829669,0.011180859382271322,-0.6964592460289956,-0.8082445863245927,0.25328144501093774,20526.21601368605
2.348103865302868,2.8128813400652435,196.90169380456703,6.603016953351108,1.2979751155158281,0.01130936442030313,-0.7002649642688823,-0.808201759038348,0.2546468612916508,20633.720546107772
2.357694559403061,2.82299989358874,197.6099925512118,6.657775482162104,1.3001134113843462,0.011439505655588513,-0.7040979174783233,-0.8081592075517288,0.2560082522834146,20741.768346335026
2.3673244261372597,2.8331782330057576,198.32247631040303,6.713069286418579,1.3022583082629928,0.01157130529605594,-0.7079583145716031,-0.8081169321955617,0.2573655985935128,20850.361918438797
2.3769936255038173,2.8434167155122285,199.039170085856,6.768904011251276,1.304409820937912,0.011704785865161325,-0.7118463660776321,-0.8080749332990547,0.25871888110212704,20959.503776853297
2.3867023181545943,2.8537157004008944,199.7600990280626,6.825285364301205,1.3065679642068377,0.011839970206526253,-0.7157622841517032,-0.8080332111899245,0.26006808096328893,21069.196446420752
2.396450665397611,2.8640755490737964,200.48528843516576,6.88221911643472,1.3087327528790025,0.011976881488645908,-0.7197062825873041,-0.8079917661945282,0.2614131796057908,21179.4424624362
2.4062388291997547,2.8744966250548925,201.21476375384248,6.939711102467245,1.3109042017750514,0.01211554320966863,-0.7236785768280152,-0.8079505986379938,0.2627541587340634,21290.24437069297
2.4160669721894537,2.884979294002715,201.94855058019004,6.99776722189521,1.3130823257269466,0.012255979202246976,-0.7276793839794623,-0.8079097088443538,0.26409100032900246,21401.60472752793
2.425935257659386,2.895523923723139,202.68667466061973,7.0563934396367065,1.3152671395778746,0.012398213638462418,-0.7317089228213464,-0.8078690971366782,0.26542368664875204,21513.52609986724
2.4358438495691748,2.9061308841822022,203.42916189275417,7.11559578678066,1.3174586581821444,0.01254227103482402,-0.7357674138195317,-0.807828763837211,0.2667522002294531,21626.01106527204
2.445792912548142,2.916800547519062,204.17603832633432,7.175380361345059,1.3196568964050956,0.012688176257343309,-0.7398550791382233,-0.8077887092675058,0.2680765238859455,21739.062211984918
2.4557826118980275,2.9275332880589926,204.92733016412947,7.235753329043817,1.3218618691229926,0.01283595452668525,-0.7439721426521952,-0.8077489337485636,0.26939664071242975,21852.682138976135
2.4658131135957237,2.938329482326454,205.68306376285176,7.296720924062532,1.3240735912229178,0.012985631423397048,-0.7481188299590842,-0.8077094376009728,0.2707125340830807,21966.873455990073
2.4758845842960584,2.9491895090583045,206.4432656340813,7.358289449843681,1.3262920776026665,0.013137232893216643,-0.7522953683917711,-0.8076702211450484,0.2720241876526279,22081.63878359238
2.485997191334548,2.9601137492170793,207.20796244519556,7.420465279880888,1.328517343170644,0.01329078525246086,-0.7565019870308278,-0.8076312847009737,0.27333158535689117,22196.980753216907
2.496151102730186,2.9711025860043394,207.97718102030376,7.483254858522429,1.3307494028457505,0.013446315193495423,-0.7607389167170223,-0.8075926285889437,0.2746347114132748,22312.90200721309
2.506346487188214,2.982156404874096,208.7509483411867,7.546664701784042,1.332988271557263,0.013603849790287342,-0.7650063900638896,-0.8075542531293085,0.27593355032121214,22429.40519889332
2.516583514102956,2.9932755935463735,209.52929154824614,7.610701398171628,1.3352339642447253,0.013763416504042156,-0.7693046414703916,-0.8075161586427189,0.2772280868625838,22546.492992581105
2.5268623535606123,3.004460542020812,210.31223794145686,7.675371609513244,1.3374864958578239,0.01392504318892571,-0.7736339071336236,-0.8074783454502726,0.2785183061020793,22664.168063658864
2.537183176342095,3.015711642590389,211.09981498132723,7.7406820718010785,1.339745881356269,0.014088758097873091,-0.7779944250616022,-0.8074408138736625,0.27980419338752593,22782.433098616348
2.547546153925846,3.0270292898551956,211.8920502898637,7.806639596043102,1.3420121357096628,0.014254589888485148,-0.7823864350861084,-0.8074035642353249,0.28108573435017314,22901.29079509896
2.557951458490716,3.038413880736366,212.68897165154561,7.873251069125028,1.3442852738973798,0.014422567629015096,-0.7868101788756202,-0.8073665968585906,0.2823629149049378,23020.743861956846
2.5683992629188115,3.0498658144900417,213.49060701430292,7.940523454682128,1.346565310908433,0.014592720804445243,-0.7912658999482938,-0.8073299120678357,0.28363572125060843,23140.795019293764
2.5788897407983487,3.0613854927214295,214.29698449050005,8.008463793981239,1.3488522617413359,0.014765079322655795,-0.7957538436850117,-0.8072935101886348,0.28490413987000274,23261.446998516152
2.589423066426571,3.0729733193990034,215.10813235793023,8.077079206813469,1.3511461414039716,0.014939673520688018,-0.8002742573425177,-0.8072573915479149,0.28616815753009606,23382.702542383005
2.5999994148126238,3.0846297008687418,215.92407906081192,8.146376892397031,1.3534469649134502,0.015116534171101597,-0.804827390066597,-0.8072215564741102,0.28742776128209857,23504.56440505536
2.6106189616804727,3.0963550458684943,216.7448532107946,8.216364130290888,1.3557547472959675,0.015295692488428995,-0.8094134929053388,-0.8071860052973192,0.28868293846149706,23627.03535214644
2.6212818834718012,3.108149765542404,217.57048358796828,8.287048281318922,1.358069503586653,0.015477180135727244,-0.8140328188224467,-0.8071507383494624,0.2899336766880549,23750.118160771628
2.631988357348975,3.1200142734554905,218.40099914188434,8.358436788505333,1.3603912488294276,0.01566102923123016,-0.818685622710643,-0.8071157559644402,0.2911799638657748,23873.815619599318
2.6427385611979632,3.1319489856082243,219.2364289925757,8.43053717802044,1.3627199980768423,0.015847272355100694,-0.8233721614051007,-0.8070810584782949,0.2924217881828175,23998.1305289014
2.653532673631306,3.1439543204511273,220.07680243157893,8.503357060137134,1.365055766389891,0.01603594255628644,-0.8280926936969072,-0.8070466462293712,0.2936591381113667,24123.065700604377
2.66437087399106,3.1560306988998823,220.92214892299177,8.576904130201095,1.367398568837907,0.016227073359478754,-0.8328474803467597,-0.8070125195584787,0.29489200240750124,24248.62395834031
2.6752533423518092,3.168178544350189,221.77249810451323,8.651186169610318,1.3697484204983883,0.01642069877217863,-0.8376367840985897,-0.8069786788090564,0.296120370110994,24374.808137498687
2.6861802595236433,3.1803982826927526,222.6278797884927,8.72621104680632,1.3721053364568199,0.0166168532918692,-0.8424608696932584,-0.8069451243273371,0.2973442305450704,24501.621085277922
2.6971518070551426,3.1926903423283823,223.48832396298675,8.801986718277126,1.3744693318065004,0.01681557191329727,-0.8473200038823264,-0.8069118564625152,0.29856357331613537,24629.065660737164
2.7081681672364297,3.2050551541832593,224.35386079282816,8.87852122957243,1.3768404216483774,0.017016890135866606,-0.8522144554419135,-0.8068788755669132,0.2997783883134628,24757.144734848862
2.719229523102174,3.217493151724223,225.2245206206956,8.955822716330273,1.3792186210908608,0.017220843971142676,-0.8571444951865884,-0.8068461819961515,0.30098866570884697,24885.86119055098
2.7303360584346454,3.2300047709742197,226.10033396819537,9.0338994053161,1.381603945249647,0.017427469950472334,-0.862110395983343,-0.8068137761093188,0.30219439595621456,25015.21792279984
2.7414879577667457,3.2425904505277896,226.98133153694528,9.112759615473767,1.3839964092475265,0.017636805132718845,-0.8671124327656103,-0.8067816582691432,0.30339556979120075,25145.217838622826
2.7526854063851065,3.2552506315667364,227.86754420967156,9.192411758989318,1.3863960282142032,0.01784888711211579,-0.8721508825473692,-0.8067498288421651,0.3045921782306893,25275.86385717197
2.7639285903331525,3.2679857578758362,228.75900305130853,9.272864342366967,1.388802817286097,0.01806375402623973,-0.8772260244372896,-0.8067182881989118,0.30578421257231425,25407.15890977724
2.775217696414175,3.280796275858646,229.65573931010525,9.354125967517714,1.3912167916061418,0.01828144456410432,-0.8823381396529336,-0.8066870367140726,0.306971664393924,25539.105940000027
2.7865529121944688,3.293682634553476,230.55778441874332,9.436205332861157,1.393637966323592,0.0185019979743788,-0.8874875115350416,-0.8066560747666753,0.30815452555301603,25671.707903687522
2.7979344260064276,3.3066452856494077,231.46516999545855,9.51911123443991,1.396066356593812,0.018725454073730757,-0.892674425561854,-0.8066254027402651,0.30933278818612675,25804.96776902665
2.8093624269516835,3.3196846835024436,232.37792784517106,9.602852567047355,1.3985019775780678,0.018951853255296743,-0.8978991693635019,-0.8065950210230823,0.3105064447081938,25938.888516598705
2.8208371049042253,3.3328012851517044,233.2960899606193,9.687438325368266,1.4009448444433035,0.019181236497281463,-0.9031620327364316,-0.8065649300082448,0.3116754878118728,26073.473139433754
2.832358650513589,3.3459955503353913,234.2196885234774,9.7728776051307,1.4033949723618482,0.019413645371689357,-0.9084633076577477,-0.8065351300939297,0.31283991046679605,26208.724643066053
2.8439272552080017,3.3592679415078477,235.14875590554934,9.859179604277879,1.4058523765113073,0.019649122053188306,-0.9138032883000143,-0.8065056216835557,0.31399970591887794,26344.646045588983
2.8555431111975733,3.372618923856075,236.08332466992525,9.946353624149676,1.408317072074321,0.019887709328109345,-0.9191822710458427,-0.8064764051859673,0.3151548676895315,26481.240377710677
2.867206411477468,3.3860489653162458,237.0234275721372,10.03440907067733,1.410789074238306,0.020129450603583173,-0.9246005545024988,-0.8064474810156218,0.31630538957484644,26618.510682809476
2.878917349831145,3.3995585365905363,237.96909756133755,10.123355455593549,1.4132683981952212,0.02037438991681738,-0.930058439516637,-0.8064188495927757,0.31745126564473947,26756.460016990328
2.89067612083356,3.4131481111639905,238.92036778147934,10.213202397656476,1.4157550591413255,0.020622571944514376,-0.9355562291890652,-0.8063905113436735,0.3185924902420809,26895.09144914083
2.9024829198543824,3.426818165321508,239.87727157250555,10.303959623888108,1.418249072276924,0.02087404201243328,-0.9410942288895602,-0.8063624667007379,0.3197290579817784,27034.408060987505
2.914337943061274,3.440569178164995,240.83984247154967,10.395636970827725,1.4207504528061248,0.021128846105099068,-0.946672746271759,-0.8063347161027608,0.32086096374983897,27174.412947152992
2.926241387423128,3.4544016316305655,241.80811421413958,10.488244385799678,1.4232592159365756,0.021387030875659033,-0.9522920912880708,-0.8063072599950958,0.3219882027023919,27315.109215212775
2.9381934507133494,3.4683160105058883,242.78212073541218,10.581791928196386,1.4257753768792043,0.02164864365589066,-0.9579525762046558,-0.8062800988298525,0.32311077026468626,27456.499985752587
2.9501943315131207,3.4823128024476127,243.7618961713329,10.676289770776236,1.4282989508479464,0.02191373246636195,-0.963654515616433,-0.8062532330660916,0.32422866213004875,27598.58839242566
2.9622442292147353,3.496392497998972,244.74747485992805,10.771748200977264,1.4308299530594817,0.022182346026748498,-0.9693982264621657,-0.8062266631700219,0.3253418742588243,27741.37758201092
2.974343344024887,3.5105555906074377,245.73889134252065,10.868177622245883,1.4333683987329466,0.02245453376630721,-0.9751840280395585,-0.8062003896151979,0.32645040287727434,27884.870714470755
2.986491876968008,3.52480257664252,246.7361803649764,10.965588555381581,1.4359143030896564,0.022730345834511192,-0.9810122420204195,-0.80617441288272,0.3275542444764541,28029.07096300947
2.998690029889585,3.53913395541365,247.7393768789555,11.06399163989721,1.4384676813528119,0.023009833111846675,-0.9868831924658458,-0.8061487334614352,0.32865339581105424,28173.981514131538
3.0109380054595496,3.553550229187653,248.7485160431357,11.16339763539174,1.4410285487471017,0.023293047220776828,-0.9927972058412348,-0.8061233518481403,0.32974785389817485,28319.605567700863
3.023236007175627,3.568051903207437,249.7636332245206,11.263817422946834,1.4435969204985064,0.02358004053687218,-0.9987546110317895,-0.8060982685477849,0.3308376160161586,28465.946336999656
3.0355842393666976,3.582639485710533,250.78476399973732,11.365262006538085,1.4461728118340371,0.02387086620011174,-1.0047557393579478,-0.8060734840736762,0.3319226797033701,28613.007048787527
3.0479829071962303,3.5973134879471873,251.8119441563031,11.467742514459026,1.4487562379813745,0.024165578126358687,-1.0108009245906224,-0.8060489989476859,0.3330030427569066,28760.790943361557
3.060432216665667,3.612074424198824,252.84520969391767,11.571270200763712,1.4513472141685444,0.024464231019010508,-1.0168905029665767,-0.8060248137004586,0.3340787032313022,28909.301274615846
3.0729323746178556,3.6269228117966756,253.8845968257673,11.67585644672668,1.4539457556235957,0.024766880380828794,-1.0230248132038533,-0.8060009288716219,0.3351496594372094,29058.54131010177
3.0854835887404635,3.64185917114048,254.93014197983362,11.78151276231981,1.456551877574265,0.025073582525949625,-1.0292041965172158,-0.8059773450099963,0.3362159099400488,29208.514331088103
3.0980860675694646,3.6568840257173867,255.98188180021708,11.888250787707277,1.459165595247643,0.025384394592079782,-1.0354289966336525,-0.8059540626738093,0.3372774535586416,29359.223632622077
3.11074002049258,3.6719979021208977,257.03985314846284,11.996082294757562,1.4617869238698324,0.025699374552878587,-1.0416995598078824,-0.8059310824309083,0.33833428936380905,29510.672523590023
3.1234456577527694,3.687201330069987,258.1040931048991,12.105019188573753,1.4644158786655959,0.026018581230531027,-1.048016234837901,-0.805908404858977,0.3393864166769538,29662.86432677868
3.1362031904516985,3.702494842428289,259.1746389699802,12.215073509041575,1.467052474857994,0.026342074308512632,-1.054379373080535,-0.8058860305457521,0.34043383506860936,29815.80237893633
3.149012830553284,3.7178789752234946,260.25152826564465,12.326257432396318,1.4696967276680328,0.02666991434455241,-1.0607893284670566,-0.8058639600892425,0.3414765443569747,29969.49003083496
3.161874790887197,3.7333542676667975,261.3347987366758,12.438583272807811,1.472348652314286,0.02700216278379336,-1.0672464575187839,-0.8058421940979493,0.34251454460642217,30123.930647332003
3.1747892851523813,3.748921262172476,262.4244883520733,12.552063483984194,1.475008264012519,0.027338881972155255,-1.0737511193627107,-0.8058207331910874,0.34354783612597695,30279.127607432347
3.187756527920639,3.7645805043773315,263.5206353064132,12.666710660792726,1.4776755779752544,0.02768013516990426,-1.0803036757470375,-0.8057995779988099,0.3445764194677641,30435.08430435126
3.2007767346401725,3.780332543160296,264.6232780212207,12.782537540900021,1.480350609411339,0.028025986565429737,-1.0869044910567327,-0.8057787291624329,0.3456002954254316,30591.804145576913
3.2138501216391777,3.7961779306634336,265.7324551464404,12.899557006441153,1.4830333735257233,0.028376501289233896,-1.093553932329647,-0.8057581873346613,0.3466194650326404,30749.29055293354
3.2269769061294085,3.812117222311507,266.8482055618055,13.017782085696904,1.4857238855189605,0.02873174542813534,-1.1002523692719748,-0.8057379531798174,0.34763392956141925,30907.546962644392
3.2401573062098294,3.828150976832242,267.9705683782569,13.137225954795156,1.4884221605868002,0.029091786039693437,-1.1070001742739706,-0.8057180273740713,0.34864369052055455,31066.576825395823
3.253391540870209,3.8442797562766526,269.0995829393657,13.257901939431868,1.4911282139197601,0.02945669116685252,-1.1137977224256375,-0.8056984106056716,0.3496487496539358,31226.383606400792
3.266679829994776,3.8605041260395567,270.23528882276895,13.379823516612928,1.4938420607027008,0.02982652985281274,-1.1206453915324484,-0.8056791035751796,0.35064910893890233,31386.970785463112
3.2800223943658406,3.8768246548801635,271.37772584161144,13.50300431641619,1.496563716114383,0.030201372156128923,-1.1275435621310417,-0.8056601069957041,0.3516447705845567,31548.341857041538
3.2934194556675083,3.8932419149428874,272.5269340460021,13.627458123775083,1.499293195327033,0.030581289166043715,-1.134492617504958,-0.8056414215931378,0.3526357370300697,31710.500330314877
3.306871236489339,3.909756481778208,273.68295372447454,13.753198880282769,1.502030513505885,0.030966353018055243,-1.141492943700337,-0.8056230481063955,0.3536220109429631,31873.449729246648
3.320377960330026,3.9263689343636754,274.8458254054573,13.880240686017702,1.5047756858087171,0.031356636909724726,-1.14854492954161,-0.8056049872876552,0.35460359521737006,32037.193592650037
3.3339398516011514,3.9430798551251227,276.0155898587586,14.008597801391439,1.5075287273853903,0.03175221511672958,-1.155648966647217,-0.805587239902599,0.3555804929722899,32201.735474253866
3.347557135630887,3.9598898299579286,277.192288097055,14.138284649017704,1.5102896533773673,0.032153163009161836,-1.1628054494452764,-0.8055698067306573,0.3565527075498163,32367.078942767956
3.3612300386677503,3.976799448248438,278.3759613773907,14.269315815603777,1.5130584789172246,0.032559557068079226,-1.1700147751892493,-0.8055526885652541,0.3575202425133517,32533.227581949337
3.3749587878843377,3.993809302894901,279.5666512026431,14.401706053859488,1.5158352191280555,0.03297147490231022,-1.1772773439733195,-0.8055358862140555,0.35848310164577346,32700.184990668142
3.3887436113811384,4.010919990329999,280.7643993230999,14.535470284440176,1.5186198891231009,0.033388995265520596,-1.1845935587483727,-0.8055194004992172,0.35944128894766303,32867.954782974724
3.4025847381903,4.028132110542664,281.9692477379865,14.670623597906124,1.5214125040052344,0.03381219807354106,-1.1919638253375946,-0.8055032322576359,0.3603948086354791,33036.54058816612
3.4164823982794443,4.045446267099878,283.1812386969915,14.807181256703963,1.524213078866409,0.03424116442196368,-1.1993885524519676,-0.8054873823412025,0.36134366513969485,33205.946050853294
3.430436822555461,4.062863067168756,284.4004147018129,14.945158697172783,1.5270216287871232,0.034675976604008625,-1.2068681517058064,-0.8054718516170571,0.36228786310294625,33376.1748310282
3.444448242868388,4.080383121538874,285.6268185077212,15.08457153157477,1.5298381688358873,0.035116718128669205,-1.2144030376322965,-0.8054566409678452,0.36322740737815673,33547.23060413195
3.4585168920152407,4.098007044644639,286.8604931251247,15.22543555014928,1.5326627140686726,0.035563473739134766,-1.2219936276989567,-0.8054417512919763,0.364162303026657,33719.11706112247
3.4726430037438587,4.115735454587818,288.1014818211473,15.36776672319135,1.535495279528346,0.03601632943149855,-1.2296403423230682,-0.8054271835038851,0.3650925553162834,33891.83790854245
3.4868268127568327,4.133568973160287,289.34982812122007,15.511581203155517,1.5383358802441147,0.036475372473756644,-1.2373436048870887,-0.8054129385342939,0.36601816971947376,34065.396868588374
3.501068554715376,4.151508225866831,290.60557581067815,15.656895326783927,1.541184531230937,0.03694069142509795,-1.2451038417539817,-0.8053990173304768,0.3669391519113463,34239.79767917889
3.5153684662432525,4.169553841948151,291.86876893637054,15.803725617260152,1.5440412474889411,0.03741237615549424,-1.2529214822825172,-0.8053854208565266,0.36785550776776876,34415.044094024066
3.529726784930682,4.187706454403958,293.1394518082771,15.952088786388158,1.546906044002822,0.03789051786559136,-1.2607969588424925,-0.805372150093624,0.36876724336341526,34591.13988269437
3.544143749338328,4.20596670001624,294.4176690011368,16.102001736797362,1.549778935741228,0.03837520910691049,-1.2687307068299007,-0.8053592060403072,0.36967436496981687,34768.08883069075
3.558619599001242,4.224335219372187,295.7034653560531,16.25348156416984,1.5526599376560661,0.03886654380235989,-1.276723164681828,-0.8053465897127461,0.3705768790533708,34945.89473951431
3.5731545744328206,4.242812656888514,296.996885982196,16.406545559504316,1.5555490646819905,0.03936461726706404,-1.2847747738918143,-0.8053343021450166,0.37147479227341473,35124.5614267362
3.5877489171288452,4.261399660835055,298.29797625845384,16.56121121139987,1.5584463317357413,0.03986952622951706,-1.2928859790247724,-0.8053223443893772,0.3723681114802362,35304.09272606861
3.6024028695714656,4.280096883358501,299.6067818350951,16.717496208366622,1.5613517537154717,0.04038136885306136,-1.3010572277318149,-0.8053107175165491,0.3732568437130779,35484.49248743507
3.617116675233243,4.298904980506445,300.9233486354512,16.875418441165326,1.564265345500089,0.04090024475770042,-1.3092889707650714,-0.8052994226159975,0.3741409961981501,35665.76457704177
3.6318905785811655,4.3178246122515205,302.24772285760645,17.034996005174172,1.5671871219485765,0.04142625504224746,-1.3175816619923948,-0.805288460796215,0.37502057634661967,35847.91287744841
3.6467248250807565,4.336856442515793,303.5799509761055,17.196247202784605,1.5701170978993149,0.04195950230682031,-1.3259357584120117,-0.8052778331850078,0.375895591752605,36030.94128764038
3.6616196612001195,4.356001139195201,304.9200797436641,17.35919054582483,1.5730552881693833,0.04250009067568164,-1.3343517201670396,-0.8052675409297844,0.3767660501911618,36214.85372310021
3.6765753344140513,4.375259374184226,306.2681561928958,17.523844758012658,1.576001707553853,0.04304812582043519,-1.3428300105599256,-0.805257585197845,0.37763195961625806,36399.654115880025
3.6915920932081225,4.39463182340064,307.6242276380448,17.690228777436992,1.5789563708250614,0.043603714983579525,-1.3513710960667487,-0.8052479671766758,0.3784933281587468,36585.34641467347
3.7066701870828513,4.4141191668105275,308.9883416767369,17.858361759069748,1.58191929273189,0.04416696700243014,-1.359975446351458,-0.8052386880742431,0.3793501641243362,36771.93458488917
3.721809866557826,4.433722088453353,310.36054619173467,18.028263077306732,1.5848904879990136,0.044737992333409436,-1.3686435342799437,-0.8052297491192917,0.3802024759915481,36959.42260872336
3.7370113831758447,4.453441276466797,311.74088935267577,18.199952328535414,1.5878699713260807,0.04531690307671402,-1.3773758359338135,-0.8052211515616444,0.3810502724096614,37147.814485232964
3.752274989507141,4.473277423112743,313.129419617892,18.37344933374179,1.5908577573870255,0.045903813001366846,-1.3861728306244723,-0.805212896672505,0.3818935621966857,37337.11423040977
3.7676009391535485,4.493231224802843,314.526185736199,18.548774141143316,1.5938538608292845,0.04649883757065535,-1.3950350009068115,-0.8052049857447627,0.3827323543373129,37527.32587725393
3.782989486752732,4.513303382124156,315.93123674869094,18.725947028852392,1.5968582962729865,0.04710209396796613,-1.4039628325927238,-0.8051974200933003,0.38356665798086076,37718.4534758484
3.798440887982384,4.533494599865021,317.34462199055145,18.904988507572156,1.5998710783101346,0.04771370112301879,-1.4129568147644882,-0.8051902010553033,0.38439648243921276,37910.501093432955
3.813955399564522,4.553805587041199,318.76639109288396,19.08591932332533,1.6028922215037988,0.048333779738510205,-1.4220174397880603,-0.805183329990573,0.38522183718476355,38103.4728144796
3.829533279269721,4.57423705692207,320.1965939845449,19.268760460214637,1.6059217403872725,0.04896245231716948,-1.4311452033261423,-0.805176808281842,0.38604273184836013,38297.37274076726
3.845174785921415,4.594789727057068,321.6352808939948,19.453533143216706,1.6089596494632294,0.04959984318923499,-1.4403406043511273,-0.8051706373350915,0.386859176217238,38492.20499145731
3.8608801794001617,4.615464319302213,323.0825023511549,19.640258841008635,1.6120059632028558,0.050246078540356516,-1.4496041451578323,-0.8051648185798717,0.3876711802329571,38687.97370316888
3.8766497206480097,4.636261559846914,324.53830918928395,19.828959268829227,1.615060696044982,0.050901286439933774,-1.4589363313760937,-0.8051593534696254,0.38847875398934306,38884.68303005536
3.8924836716728106,4.657182179240855,326.0027525468598,20.019656391373513,1.6181238623951915,0.05156559686989319,-1.4683376719831451,-0.8051542434820137,0.3892819077304197,39082.33714388045
3.9083822955525487,4.6782269124208895,327.4758838694623,20.21237242572029,1.6211954766248868,0.05223914175391135,-1.4778086793157164,-0.8051494901192445,0.3900806518483402,39280.94023409435
3.9243458564397584,4.69939649873804,328.95775491166285,20.407129844293923,1.6242755530703359,0.052922054987096026,-1.487349869081906,-0.8051450949084044,0.390874996881313,39480.496507911215
3.940374619565881,4.720691681985698,330.44841773899884,20.60395137787098,1.6273641060318498,0.05361447246612567,-1.4969617603733003,-0.8051410594017921,0.3916649535115666,39681.010190385954
3.95646885124569,4.742113210426894,331.94792472988263,20.80286001861262,1.6304611497727888,0.05431653211985961,-1.5066448756763866,-0.8051373851772567,0.3924505325632799,39882.4855244919
3.972628818881681,4.763661836821997,333.4563285775398,21.003879023135312,1.6335666985185875,0.05502837394042238,-1.5163997408838439,-0.8051340738385369,0.39323174500051294,40084.92677119813
3.988854790968563,4.78533831845671,334.97368229196974,21.207031915619538,1.6366807664557812,0.05575014001477522,-1.5262268853056584,-0.8051311270156037,0.3940086019251541,40288.33820954816
4.00514703709769,4.8071434171701615,336.5000392019113,21.412342490954636,1.6398033677310087,0.056481974556775644,-1.5361268416799616,-0.8051285463650077,0.3947811145748603,40492.72413673789
4.021505827961552,4.829077899383213,338.03545295682494,21.61983481792165,1.6429345164500009,0.05722402393973808,-1.546100146183627,-0.8051263335702266,0.39554929432100394,40698.08886819451
4.037931435358246,4.851142536126905,339.5799775288833,21.82953324241372,1.6460742266765522,0.05797643672949953,-1.5561473384425948,-0.805124490342018,0.39631315266661726,40904.436737655094
4.054424132196031,4.873338103071162,341.1336672149813,22.041462390695745,1.6492225124314823,0.05873936371800333,-1.5662689615419572,-0.8051230184187745,0.397072701244352,41111.77209724642
4.070984192497852,4.895665380553621,342.69657663875347,22.25564717270225,1.6523793876915764,0.05951295795740372,-1.5764655620357444,-0.8051219195668813,0.39782795181442476,41320.0993175644
4.087611891405851,4.9181251536085915,344.2687607526014,22.47211278537433,1.6555448663885013,0.06029737479470042,-1.586737689956393,-0.8051211955810782,0.3985789162625819,41529.42278775348
4.104307505186006,4.940718211996344,345.8502748397441,22.690884716037715,1.6587189624077225,0.06109277190691781,-1.5970858988239869,-0.805120848284824,0.3993256065980597,41739.746915587704
4.121071311232672,4.963445350232442,347.44117451627096,22.911988745819837,1.66190168958739,0.06189930933682721,-1.607510745655127,-0.8051208795306641,0.40006803495155263,41951.07612755063
4.137903588073218,4.986307367617336,349.0415157332135,23.13545095310848,1.6650930617172106,0.06271714952922959,-1.6180127909715136,-0.8051212912006018,0.4008062135731827,42163.414868916494
4.154804615372614,5.009305068264791,350.65135477853534,23.361297717038397,1.6682930925371198,0.06354645736780055,-1.6285925988075827,-0.8051220852064722,0.40154015483043914,42376.76760383094
4.171774673938131,5.032439261133014,352.27074827931096,23.589555721044196,1.671501795736283,0.06438740021251492,-1.6392507367189486,-0.8051232634903208,0.4022698712061936,42591.13881539305
4.1888140457239755,5.055710760055549,353.8997532038884,23.820251956451777,1.674719184952025,0.06524014793765037,-1.649987775790323,-0.8051248280247838,0.4029953752967159,42806.53300573685
4.205923013835983,5.079120383770846,355.5384268639592,24.053413726097595,1.6779452737685205,0.06610487297038656,-1.660804290642357,-0.8051267808134729,0.40371667980963855,43022.954696113426
4.223101862536298,5.102668955952726,357.18682691669085,24.289068647998104,1.6811800757155722,0.06698175033000449,-1.671700859438446,-0.8051291238913639,0.40443379756195985,43240.40842697307
4.240350877248139,5.1263573052411315,358.8450113668792,24.52724465906403,1.6844236042673788,0.0678709576677013,-1.6826780638911916,-0.8051318593251878,0.4051467414780472,43458.89875804858
4.257670344560522,5.150186265272985,360.5130385691089,24.767970018858193,1.6876758728412748,0.06877267530702329,-1.6937364892684317,-0.8051349892138255,0.40585552458765073,43678.43026843802
4.275060552232991,5.174156674713221,362.1909672299255,25.011273313398004,1.6909368947964463,0.0696870862849297,-1.7048767243988439,-0.8051385156887081,0.4065601600239199,43899.007556687764
4.292521789200453,5.198269377286147,363.87885641003027,25.257183459004757,1.6942066834326464,0.0706143763935023,-1.7160993616772058,-0.8051424409142172,0.4072606610214333,44120.63524087681
4.310054345577948,5.222525221806851,365.57676552647956,25.50572970619753,1.6974852519888708,0.07155473422230167,-1.7274049970691407,-0.8051467670880929,0.407957040914231,44343.31795870042
4.327658512665477,5.246925062212901,367.28475435490304,25.756941643634438,1.7007726136420225,0.07250835120138781,-1.7387942301154684,-0.8051514964418428,0.4086493131338542,44567.06036755465
4.345334582952818,5.27146975759616,369.0028830317312,26.01084920210035,1.7040687815055504,0.07347542164501056,-1.7502676639360588,-0.8051566312411556,0.4093374912073988,44791.86714462057
4.36308285012443,5.296160172234925,370.7312120564448,26.267482658543404,1.707373768628081,0.07445614279598713,-1.7618259052332697,-0.8051621737863189,0.4100215887555687,45017.74298694993
4.380903609064309,5.320997175626081,372.4698022938257,26.52687264015797,1.7106875879919998,0.07545071487076933,-1.7734695642948097,-0.8051681264126406,0.4107016194907438,45244.69261155015
4.398797155860864,5.345981642516427,374.2187149761499,26.789050128505536,1.7140102525118834,0.07645934110521531,-1.785199254995624,-0.8051744914908733,0.41137759721502043,45472.72075546964
4.416763787811882,5.371114452936976,375.97801170558836,27.05404646371412,1.7173417750332722,0.07748222780108116,-1.7970155948005586,-0.8051812714276447,0.41204953581834536,45701.83217588444
4.43480380342944,5.396396492235623,377.7477544564936,27.321893348708517,1.72068216833118,0.07851958437323527,-1.8089192047656406,-0.8051884686658906,0.4127174492765957,45932.03165018411
4.452917502444879,5.421828651109926,379.5280055776948,27.592622853490294,1.7240314451085659,0.07957162339761377,-1.820910709538771,-0.8051960856852918,0.4133813516496776,46163.32397605856
4.471105185813747,5.447411825640337,381.3188277948236,27.86626741947145,1.7273896179948174,0.08063856065992334,-1.8329907373599674,-0.8052041250027162,0.41404125707963435,46395.71397158458
4.489367155720855,5.4731469173237635,383.1202842126634,28.14285986386128,1.7307566995442265,0.08172061520511135,-1.8451599200610918,-0.8052125891726643,0.4146971797887704,46629.206475313826
4.507703715585262,5.499034833107218,384.9324383175053,28.42243338410449,1.7341327022344295,0.08281800938760525,-1.857418893064938,-0.8052214807877187,0.4153491340777804,46863.80634636004
4.526115170065334,5.5250764854217485,386.7553539795224,28.705021562373172,1.7375176384648279,0.08393096892234132,-1.8697682953837342,-0.8052308024789987,0.4159971343238926,47099.51846448721
4.544601825063766,5.551272792216507,388.5890954551555,28.99065837011168,1.7409115205549766,0.0850597229365891,-1.8822087696169878,-0.8052405569166183,0.4166411949790181,47336.34773019744
4.563163987732725,5.57762467699316,390.4337273895212,29.279378172637497,1.7443143607429703,0.08620450402259336,-1.8947409619487643,-0.8052507468101499,0.41728133056791483,47574.299064820356
4.581801966478925,5.604133068840406,392.2893148188284,29.571215733795768,1.7477261711837837,0.08736554829103514,-1.9073655221442385,-0.8052613749090901,0.41791755568635947,47813.37741060168
4.600516070968717,5.630798902468684,394.1559231728079,29.866206220669618,1.7511469639475883,0.08854309542533026,-1.920083103545571,-0.8052724440033331,0.4185498849993319,48053.58773079225
4.619306612133296,5.657623118245195,396.03361827716367,30.164385208347642,1.754576751018057,0.08973738873678407,-1.9328943630671342,-0.8052839569236457,0.41917833323920917,48294.9350097384
4.638173902173831,5.684606662228234,397.9224663559763,30.4657886847385,1.7580155442905219,0.09094867522060489,-1.9457999611895842,-0.8052959165421483,0.4198029152039513,48537.42425297158
4.6571182545666625,5.711750486203718,399.82253403426023,30.77045305546524,1.7614633555703694,0.0921772056127981,-1.9588005619541569,-0.8053083257728009,0.4204236457553465,48781.06048729883
4.6761399840684845,5.739055547720714,401.73388834044994,31.07841514880471,1.76492019657124,0.09342323444794974,-1.9718968329556212,-0.8053211875718925,0.42104053981723677,49025.8487608932
4.695239406721621,5.766522810127121,403.65659670889846,31.389712220685265,1.768386078913202,0.09468702011792109,-1.9850894453344363,-0.8053345049385372,0.42165361237375354,49271.79414338538
4.7144168398592425,5.794153242605702,405.59072698239913,31.704381959745806,1.7718610141209121,0.09596882493145831,-1.9983790737681721,-0.8053482809151729,0.4222628784675704,49518.90172595471
4.733672602110662,5.821947820210413,407.53634741472894,32.02246249245629,1.7753450136217557,0.09726891517474087,-2.0117663964621606,-0.8053625185880655,0.4228683531981656,49767.1766214212
4.753007013406583,5.849907523902871,409.493526673201,32.343992388298595,1.7788380887439514,0.09858756117287523,-2.0252520951392654,-0.8053772210878196,0.4234700517200991,50016.62396433711
4.7724203949844775,5.878033340589198,411.4623338412439,32.6690106650112,1.782340250714645,0.0999250373523609,-2.0388368550288734,-0.8053923915898922,0.42406798924130484,50267.248911080234
4.791913069393894,5.906326263156967,413.4428384209877,32.99755679389525,1.78585151065796,0.10128162230453014,-2.0525213648549507,-0.8054080333151117,0.4246621810213862,50519.05663994628
4.811485360501786,5.934787290512368,415.4351103358658,33.329670705184135,1.7893718795930158,0.10265759884998377,-2.0663063168231925,-0.805424149530203,0.42525264236993454,50772.05235124174
4.831137593497951,5.963417427617756,417.43921993324295,33.6653927934792,1.7929013684319377,0.10405325410404455,-2.0801924066073267,-0.8054407435483173,0.4258393886448517,51026.241267378144
4.850870094900398,5.992217685529263,419.4552379870484,34.00476392324863,1.7964399879778163,0.1054688795432316,-2.094180333334391,-0.8054578187295665,0.4264224352506911,51281.62863296553
4.870683192560789,6.021189081434333,421.48323570040327,34.347825434388646,1.7999877489225984,0.10690477107278262,-2.108270799568894,-0.8054753784815627,0.42700179763700286,51538.21971490686
4.890577215669846,6.050332638689877,423.5232847082914,34.69461914785578,1.803544661844994,0.10836122909523252,-2.1224645112961635,-0.8054934262599647,0.4275774912966974,51796.01980249219
4.910552494762883,6.079649386861457,425.57545708030204,35.045187371376365,1.8071107372084523,0.10983855858007682,-2.136762177905071,-0.8055119655690283,0.42814953176443793,52055.03420749451
4.930609361725255,6.109140361761426,427.6398253232998,35.39957290520906,1.810685985358945,0.11133706913452199,-2.1511645121690868,-0.8055309999621624,0.4287179346150243,52315.26826426441
4.950748149797893,6.138806605487821,429.7164623841475,35.75781904798277,1.8142704165227848,0.11285707507535246,-2.1656722302265163,-0.8055505330424908,0.4292827154617973,52576.72732982618
4.970969193582803,6.168649166463406,431.80544165243845,36.11996960260335,1.8178640408043985,0.11439889550192224,-2.1802860515596,-0.8055705684634195,0.4298438899550534,52839.416783973385
4.991272829048684,6.1986690994751115,433.9068369632578,36.4860688822332,1.821466868184087,0.11596285437030215,-2.195006698972565,-0.8055911099292095,0.43040147378048044,53103.342029366046
5.011659393536478,6.228867465713573,436.0207225999501,36.85616171634071,1.8250789085157355,0.11754928056858532,-2.209834898568458,-0.8056121611955549,0.43095548265759875,53368.50849162709
5.032129225764946,6.259245332812935,438.14717329690546,37.23029345682264,1.8287001715244924,0.11915850799337735,-2.2247713797248134,-0.8056337260701679,0.4315059323382191,53634.92161943922
5.0526826658363575,6.289803774891023,440.28626424237166,37.60850998420144,1.8323306668044266,0.12079087562749648,-2.2398168750681697,-0.8056558084133684,0.4320528386049185,53902.58688464318
5.0733200552421,6.320543872589612,442.4380710812728,37.99085771389507,1.8359704038161366,0.12244672761888804,-2.2549721204472815,-0.8056784121386797,0.4325962172695226,54171.50978233521
5.0940417368683715,6.351466713115052,444.6026699180536,38.3773836025634,1.8396193918843369,0.12412641336078546,-2.270237854905123,-0.805701541213431,0.4331360841716043,54441.695830965735
5.114848055001841,6.382573390278641,446.7801373195049,38.768135154524515,1.8432776401953466,0.12583028757312756,-2.2856148206493447,-0.8057251996593643,0.4336724551769944,54713.1505724374
5.135739355335423,6.413865004538199,448.9705503176739,39.163160428259864,1.8469451577946545,0.12755871038526562,-2.301103763021863,-0.8057493915532489,0.4342053461763118,54985.879572205034
5.15671598497399,6.445342663039487,451.1739864127641,39.562508042992576,1.8506219535844084,0.1293120474199642,-2.3167054304669157,-0.8057741210275015,0.4347347730835087,55259.888419374605
5.1777782924401485,6.47700747965767,453.3905235760369,39.96622718534184,1.8543080363208297,0.13109066987872897,-2.3324205744975983,-0.8057993922708119,0.4352607518344245,55535.182726803265
5.198926627679999,6.5088605750391055,455.6202402527374,40.374367616058315,1.858003414611608,0.13289495462847367,-2.3482499496610254,-0.8058252095287762,0.43578329838535024,55811.7681311991
5.220161342069004,6.540903076643558,457.8632153650491,40.78697967684233,1.861708096913276,0.13472528428956002,-2.364194313502121,-0.8058515771045348,0.43630242871161773,56089.65029322254
5.241482788417803,6.573136118786535,460.11952831505744,41.20411429724236,1.8654220915285273,0.136582047325217,-2.3802544265258367,-0.8058784993594179,0.4368181588061939,56368.83489758699
5.262891320978034,6.605560842681874,462.3892589877312,41.6258230016362,1.8691454066034998,0.1384656381323685,-2.396431052157859,-0.8059059807135971,0.43733050467829426,56649.32765315981
5.28438729544829,6.638178396484753,464.6724877539327,42.052157916297965,1.872878050125032,0.14037645713389998,-2.412724956703818,-0.8059340256467432,0.4378394823520071,56931.134293064875
5.305971068979983,6.6709899353348066,466.96929547343643,42.48317177654805,1.8766200299178675,0.14231491087237108,-2.4291369093068336,-0.8059626386986916,0.43834510786493563,57214.26057478433
5.3276430001833,6.703996621399584,469.2797634979709,42.91891793399001,1.880371353641824,0.14428141210520917,-2.4456676819034584,-0.8059918244701126,0.43884739726685273,57498.7122802613
5.349403449133117,6.737199623917996,471.6039736742597,43.3594503638305,1.8841320287888925,0.1462763799013993,-2.462318049177813,-0.8060215876231906,0.4393463666183657,57784.49521600243
5.37125277737505,6.770600119244397,473.94200834710784,43.804823672292216,1.8879020626803353,0.14830023973970755,-2.4790887885141926,-0.8060519328823077,0.43984203198960037,58071.61521318201
5.393191347931423,6.804199290893183,476.2939503625228,44.25509310411908,1.8916814624637712,0.15035342360844442,-2.495980679948046,-0.8060828650347365,0.44033440945890456,58360.07812774541
5.415219525307276,6.837998329583042,478.65988307081295,44.710314550163524,1.8954702351101484,0.15243637010680222,-2.5129945061148637,-0.8061143889313386,0.4408235151115576,58649.889840512726
5.437337675496478,6.871998433281858,481.03989032973004,45.1705445550698,1.8992683874107161,0.15454952454779877,-2.5301310521974125,-0.8061465094872698,0.4413093650384947,58941.05625728433
5.459546165987768,6.906200807251727,483.4340565076209,45.63584032504764,1.903075925973935,0.15669333906283658,-2.547391105871031,-0.8061792316826933,0.44179197533504944,59233.58330894517
5.4818453657708845,6.940606664094352,485.8424664866046,46.10625973574066,1.9068928572223558,0.1588682727079168,-2.564775457247047,-0.8062125605634994,0.4422713620997094,59527.47695157052
5.504235645342647,6.975217223796612,488.26520566576283,46.581861340187956,1.9107191873894418,0.1610747915715232,-2.5822848988142018,-0.8062465012420326,0.4427475414328823,59822.74316653114
5.526717376713185,7.0100337137766,490.70235996436196,47.062704376883964,1.914554922516366,0.16331336888422043,-2.599920225378153,-0.8062810588978256,0.4432205294356857,60119.3879606004
5.549290933412066,7.045057368929757,493.154015825083,47.54884877793275,1.9184000684487452,0.1655844851299706,-2.6176822339988504,-0.806316238778342,0.4436903422087384,60417.4173660603
5.571956690494533,7.080289431675402,495.62026021727814,48.04035517730184,1.9222546308333337,0.16788862815921454,-2.63557172392586,-0.8063520461997247,0.444156995850981,60716.83744080879
5.594715024547683,7.1157311520032085,498.1011806402246,48.53728491917054,1.9261186151146417,0.1702262933037317,-2.653589496531398,-0.8063884865475524,0.4446205064584914,61017.65426846658
5.6175663136967975,7.151383787520621,500.5968651264435,49.03970006638789,1.9299920265315709,0.1725979834933257,-2.671736355241492,-0.8064255652776041,0.44508089012333674,61319.873958485994
5.640510937611588,7.187248603500246,503.10740224501717,49.54766340902791,1.9338748701139719,0.1750042093743424,-2.690013105464758,-0.8064632879166317,0.44553816293242576,61623.50264625872
5.663549277512471,7.223326872927352,505.63288110491465,50.06123847304524,1.9377671506791305,0.17744548943006044,-2.708420554518796,-0.8065016600631385,0.4459923409663784,61928.5464932241
5.68668171617697,7.259619876547937,508.1733913583556,50.58048952903865,1.9416688728282367,0.17992235010299437,-2.726959511554395,-0.8065406873881675,0.4464434402984103,62235.01168697913
5.709908637946029,7.2961289029169025,510.7290232041832,51.10548160111751,1.945580040942782,0.18243532591911907,-2.745630787477253,-0.8065803756360963,0.44689147699323306,62542.904441387436
5.733230428730421,7.332855248446648,513.2998673912654,51.63628047587656,1.949500659180919,0.18498495961406422,-2.7644351948673207,-0.8066207306254402,0.4473364671059621,62852.23099668951
5.756647476017117,7.369800217455839,515.8860152219087,52.17295271147708,1.9534307314737622,0.18757180226129705,-2.783373547895598,-0.8066617582496638,0.4477784266810507,63162.997619612535
5.780160168875789,7.4069651222186845,518.4875585553079,52.71556564684006,1.95737026152165,0.1901964134023425,-2.802446662238484,-0.8067034644780002,0.44821737175122434,63475.21060348215
5.803768897965232,7.444351283014314,521.104589811002,53.26418741094748,1.961319252790341,0.19285936117905203,-2.8216553549894217,-0.8067458553562785,0.4486533183364412,63788.87626833302
5.827474055539872,7.481960028176392,523.7372019723474,53.81888693225416,1.965277708507148,0.19556122246796984,-2.841000444567861,-0.8067889370077596,0.4490862824428574,64104.000961020916
5.851276035456243,7.519792694143114,526.385488590018,54.37973394821431,1.9692456316570237,0.1983025830168176,-2.8604827506255326,-0.8068327156339796,0.44951628006180844,64420.59105533421
5.8751752331796,7.557850625508121,529.0495437855685,54.94679901493169,1.973223024978661,0.20108403758315171,-2.8801030939502734,-0.8068771975156037,0.4499433271688167,64738.65295210737
5.899172045790449,7.596135175070896,531.7294622549628,55.5201535169137,1.9772098909604463,0.2039061900752009,-2.8998622963665843,-0.8069223890132863,0.4503674397225941,65058.19307933349
5.923266871991115,7.634647703887717,534.4253392721401,56.09986967694667,1.981206231836388,0.20676965369493377,-2.9197611806334303,-0.8069682965685404,0.4507886336640716,65379.21789227725
5.947460112112435,7.673389581323106,537.1372706926174,56.686020566092594,1.9852120495820043,0.20967505108340256,-2.939800570339169,-0.8070149267046163,0.4512069249154378,65701.73387358984
5.971752168120363,7.7123621851013935,539.8653529570976,57.278680113803446,1.9892273459101326,0.212623014468373,-2.9599812897933644,-0.8070622860273879,0.4516223293791908,66025.74753342253
5.99614344362267,7.751566901358726,542.6096830951108,57.87792311815912,1.9932521222666977,0.21561418581430025,-2.9803041639155756,-0.8071103812262489,0.4520348629372051,66351.26540954184
6.020634343875605,7.791005124695277,545.3703587286694,58.483825256227,1.9972863798264076,0.21864921697467046,-3.00077001812095,-0.8071592190750161,0.45244454144981616,66678.29406744419
6.045225275790696,7.8306782582279855,548.1474780759589,59.09646309454929,2.0013301194884088,0.2217287698467694,-3.0213796782026856,-0.8072088064328443,0.4528513807549077,67006.84010047243
6.0699166479414695,7.870587713643411,550.9411399550387,59.715914099753846,2.0053833418718683,0.22485351652888724,-3.042133970211134,-0.8072591502451478,0.45325539666702763,67336.91012993138
6.094708870570257,7.910734911251049,553.7514437875734,60.34225664929463,2.009446047311498,0.22802413948002295,-3.063033720329588,-0.8073102575445321,0.45365660497650406,67668.51080520474
6.119602355594963,7.951121280036858,556.57848960258,60.97557004231985,2.0135182358530153,0.23124133168210853,-3.0840797547466154,-0.8073621354517344,0.45405502144858056,68001.64880387152
6.144597516615986,7.991748257717304,559.4223780402112,61.61593451067419,2.0175999072485555,0.23450579680481987,-3.1052728995249765,-0.8074147911765738,0.45445066182256855,68336.33083182444
6.1696947689230495,8.032617290793006,562.2832103555104,62.263431230021844,2.0216910609519507,0.2378182493729849,-3.126613980466604,-0.8074682320189095,0.4548435418110013,68672.56362338745
6.1948945295020685,8.073729834602892,565.1610884222024,62.918142331106225,2.025791696113962,0.24117941493664471,-3.1481038229740275,-0.8075224653696091,0.4552336770988048,69010.35394143373
6.2201972170421485,8.115087353381035,568.0561147366725,63.58015091118331,2.029901811577683,0.24459003024382478,-3.16974325190931,-0.8075774987115285,0.4556210833425063,69349.70857750544
6.245603251942494,8.156691320310976,570.9683924217684,64.2495410455468,2.034021405873593,0.24805084341602912,-3.1915330914476985,-0.807633339620499,0.45600577616942384,69690.6343519325
6.271113056319421,8.19854321758134,573.8980252306939,64.92639779920785,2.0381504772146335,0.2515626141265267,-3.2134741649279,-0.8076899957663238,0.45638777117688223,70033.13811395275
6.296727054013313,8.240644536441714,576.84511755092,65.610807238714,2.042289023491222,0.25512611378145406,-3.2355672946983662,-0.8077474749137854,0.4567670839314406,70377.22674183155
6.322445670595744,8.282996777259095,579.8097744081366,66.30285644411455,2.0464370422662093,0.2587421257038086,-3.2578133019596565,-0.8078057849236623,0.457143729968134,70722.90714298349
6.348269333376501,8.325601449574464,582.7921014702124,67.00263352106633,2.0505945307697524,0.262411445320342,-3.280213006602576,-0.8078649337537548,0.4575177247897242,71070.18625409312
6.374198471410702,8.368460072159838,585.7922050511886,67.71022761308788,2.054761485894133,0.2661348803514296,-3.302767227042178,-0.8079249294599222,0.4578890838659715,71419.07104123686
6.40023351550588,8.411574173075559,588.8101921152892,68.42572891395935,2.058937904188487,0.2699132510039405,-3.3254767800474117,-0.8079857801971293,0.4582578226329064,71769.56850000464
6.426374898229213,8.454945289728148,591.8461702809703,69.1492286802755,2.0631237818534944,0.27374739016718747,-3.3483424805665214,-0.8080474942205019,0.4586239564921286,72121.68565562344
6.452623053914675,8.498574968928315,594.9002478249821,69.88081924414698,2.0673191147359726,0.2776381436119694,-3.371365141547876,-0.8081100798863949,0.458987500810107,72475.42956308015
6.478978418670214,8.542464766949351,597.9725336864545,70.62059402605486,2.0715238983233952,0.2815863701927729,-3.394545573756243,-0.808173545653468,0.45934847091749753,72830.8073072445
6.505441430385074,8.586616249585896,601.0631374710127,71.36864754786102,2.0757381277383504,0.2855929420532015,-3.4178845855844466,-0.8082379000837732,0.45970688210847177,73187.82600299435
6.5320125287370185,8.63103099221204,604.1721694548428,72.1250754459573,2.0799617977328193,0.2896587448346462,-3.441382982859729,-0.8083031518438507,0.46006274964005267,73546.49279533964
6.558692155199664,8.675710579842582,607.2997405889807,72.88997448462158,2.084194902682648,0.2937846778882816,-3.4650415686467615,-0.8083693097058395,0.46041608873147744,73906.81485954778
6.585480753049761,8.72065660719241,610.4459625034688,73.6634425694965,2.0884374365817298,0.29797165449041685,-3.488861143044533,-0.8084363825485952,0.4607669145635638,74268.79940126861
6.612378767374635,8.765870678736714,613.61094751157,74.44557876123862,2.092689393036156,0.30222060206128687,-3.5128425029784607,-0.8085043793588189,0.46111524227808576,74632.45365666153
6.639386645079547,8.811354408771555,616.7948086140088,75.23648328933233,2.0969507652582835,0.3065324623873012,-3.5369864419873602,-0.8085733092321965,0.46146108697716315,74997.78489252162
6.666504834895077,8.857109421474828,619.997659503238,76.0362575660706,2.101221546060733,0.3109081918468225,-3.5612937500051953,-0.8086431813745497,0.46180446372266304,75364.80040640615
6.69373378738466,8.903137350967802,623.2196145677461,76.84500420070808,2.105501727850319,0.3153487616395531,-3.5857652131375906,-0.8087140051029971,0.46214538753561474,75733.50752676337
6.721073954952013,8.94943984137679,626.4607888963753,77.6628270137808,2.1097913026218844,0.3198551580195436,-3.610401613432788,-0.8087857898471263,0.46248387339563624,76103.9136130597
6.7485257918486905,8.996018546895394,629.7212982826776,78.48983105160194,2.1140902619520645,0.32442838253191997,-3.635203728647146,-0.8088585451501769,0.46281993624036977,76476.026055909
6.776089754181564,9.042875131846934,633.0012592292853,79.3261226009294,2.118398596992956,0.32906945225335693,-3.6601723320048727,-0.8089322806702348,0.46315359096493025,76849.85227720068
6.803766299920491,9.090011270747544,636.300788952328,80.17180920381523,2.1227162984657277,0.3337794000364001,-3.685308191952157,-0.8090070061814374,0.4634848524213666,77225.39973023064
6.831555888905867,9.13742864836941,639.6200053858587,81.02699967263024,2.127043356654124,0.33855927475764847,-3.710612071905266,-0.8090827315751895,0.46381373541813664,77602.67589983062
6.859458982856291,9.185128959804192,642.9590271862935,81.89180410526588,2.131379761397863,0.34341014156989585,-3.7360847299925495,-0.8091594668613912,0.4641402547195801,77981.68830249917
6.887476045376185,9.233113910526871,646.317973736881,82.76633390052058,2.135725502085958,0.34833308215827097,-3.7617269187903424,-0.8092372221696752,0.4644644250454193,78362.44448653226
6.915607541963577,9.281385216461363,649.6969651522954,83.65070177369701,2.1400805676500725,0.3533291950004723,-3.7875393850533756,-0.8093160077506595,0.464786261070266,78744.95203215595
6.943853940017795,9.329944604044876,653.0961222831413,84.54502177235733,2.1444449465576327,0.35839959563112367,-3.8135228694379313,-0.8093958339772076,0.46510577742313597,79129.2185516582
6.97221570884719,9.378793810293134,656.5155667205194,85.44940929227755,2.1488186268049088,0.3635454169103332,-3.8396781062188063,-0.8094767113457016,0.46542298868697674,79515.25168952088
7.000693319677019,9.42793458286625,659.9554208006375,86.36398109359887,2.153201595910009,0.36876780929654956,-3.8660058229997647,-0.8095586504773273,0.4657379093982055,79903.0591225544
7.029287245657217,9.477368680134763,663.4158076094334,87.28885531716982,2.1575938409057778,0.3740679411237341,-3.89250674041717,-0.8096416621193696,0.46605055404625406,80292.64856003062
7.057997961870285,9.527097871246204,666.8968509872343,88.22415150108839,2.161995348332605,0.3794469988829594,-3.9191815718368077,-0.8097257571465204,0.4663609370731343,80684.02774381758
7.086825945339131,9.577123936191981,670.3986755334387,89.16999059744178,2.166406104231137,0.3849061875084759,-3.9460310230436777,-0.8098109465621985,0.46666907287300385,81077.20444851373
7.115771675035075,9.627448665874875,673.9214066112412,90.12649498925262,2.1708260941349087,0.3904467306683564,-3.9730557919247675,-0.8098972414998806,0.4669749757917463,81472.18648158433
7.144835631885755,9.678073862176735,677.4651703523714,91.09378850762589,2.1752553030628707,0.39606987105974517,-4.000256568144468,-0.8099846532244446,0.4672786601265648,81868.98168349681
7.174018298783146,9.72900133802675,681.0300936618725,92.07199644910565,2.1796937155118226,0.40177687070881957,-4.027634032812663,-0.8100731931335241,0.46758014012558013,82267.59792785754
7.20332016059152,9.780232917469714,684.61630422288,93.06124559323392,2.1841413154487235,0.40756901127551626,-4.055188858145074,-0.8101628727588752,0.46787942998744003,82668.04312154808
7.232741704155598,9.831770435735061,688.2239305014542,94.06166422032796,2.188598086302924,0.4134475943631373,-4.082921707116098,-0.8102537037677553,0.46817654386094354,83070.32520486404
7.262283418308583,9.883615739307036,691.8531017514925,95.07338212948653,2.193064010958378,0.41941394183286246,-4.110833233104235,-0.8103456979643148,0.4684714958446696,83474.4521516526
7.291945793880252,9.935770685994159,695.5039480195911,96.09653065679194,2.197539071745637,0.42546939612327006,-4.138924079528919,-0.8104388672909992,0.46876429998662195,83880.43196945047
7.3217293237051875,9.988237144999715,699.17660014998,97.13124269374327,2.202023250433807,0.43161532057498,-4.167194879479554,-0.8105332238299652,0.4690549702838771,84288.27269962453
7.351634502630912,10.041016996992438,702.8711897894707,98.17765270590823,2.206516528222384,0.43785309976043385,-4.195646255336183,-0.810628779804507,0.46934352068224294,84697.98241751066
7.381661827526141,10.094112134177793,706.5878493924455,99.23589675180341,2.211018885732993,0.4441841398189556,-4.22427881838179,-0.8107255475804961,0.46962996507593147,85109.56923255463
7.4118117972889745,10.147524460369526,710.3267122258668,100.30611250199969,2.2155303030010103,0.45060986879712644,-4.253093168405964,-0.8108235396678326,0.4699143173072362,85523.04128845206
7.442084912855279,10.201255891061948,714.0879123743364,101.38843925846436,2.220050759467115,0.45713173699462367,-4.282089893299976,-0.81092276872191,0.4701965911662225,85938.40676329123
7.4724816772069484,10.25530835350239,717.8715847451673,102.48301797413167,2.2245802339687004,0.4637512173155375,-4.311269568642822,-0.8110232475450911,0.47047680039042206,86355.67386969429
7.503002595380294,10.309683786764264,721.6778650734985,103.58999127271345,2.2291187047311953,0.4704698056253098,-4.340632757278294,-0.811124989088196,0.4707549586645443,86774.85085496023
7.53364817447437,10.364384141820405,725.5068899274283,104.7095034687457,2.2336661493592658,0.4772890211133433,-4.370180008882729,-0.8112280064520043,0.47103107962018975,87195.94600120725
7.564418923659496,10.41941138161681,729.3587967131766,105.84170058787657,2.238222544827898,0.4842104066614306,-4.399911859523363,-0.8113323128887667,0.4713051768355747,87618.96762551779
7.595315354185668,10.4747674811474,733.2337236803179,106.98673038741157,2.2427878674734285,0.49123552921802677,-4.429828831207415,-0.8114379218037332,0.47157726383526755,88043.92408008232
7.626337979391004,10.53045442752874,737.1318099270118,108.14474237709675,2.247362092984406,0.4983659801784888,-4.459931431421163,-0.81154484675669,0.4718473540899286,88470.8237523433
7.657487314710372,10.58647422007542,741.0531954052794,109.31588784015766,2.2519451963923673,0.5056033757714221,-4.490220152659235,-0.8116531014635111,0.4721154610160654,88899.67506514244
7.688763877683885,10.642828870375709,744.9980209262997,110.50031985458907,2.2565371520624904,0.5129493574511438,-4.520695471943718,-0.8117626997977214,0.4723815979757904,89330.48647686538
7.720168187965537,10.699520402367881,748.9664281657517,111.69819331470596,2.261137933684128,0.5204055922964409,-4.551357850333072,-0.8118736557920727,0.47264577827658805,89763.26648158919
7.751700767331768,10.756550852416792,752.9585596691754,112.90966495295152,2.265747514261235,0.527973773415664,-4.582207732420538,-0.8119859836401319,0.47290801517109515,90198.02360922856
7.783362139690235,10.813922269391274,756.9745588573892,114.13489336197551,2.2703658661026846,0.5356556203583249,-4.613245545822027,-0.8120996976978825,0.4731683218568836,90634.76642568492
7.815152831088446,10.871636714741687,761.0145700319181,115.37403901697373,2.2749929608124533,0.54345287953323,-4.644471700653076,-0.8122148124853379,0.4734267114762538,91073.50353299416
7.84707336972254,10.929696262578135,765.0787383804694,116.62726429830147,2.2796287692797,0.5513673246333055,-4.675886588994853,-0.8123313426881679,0.473683197116038,91514.24356947588
7.879124285945989,10.988102999748985,769.167209982429,117.89473351435674,2.2842732616687034,0.5594007570671884,-4.70749058434885,-0.8124493031593364,0.4739377918074079,91956.99520988221
7.911306112278514,11.046859025919897,773.2801318143928,119.17661292474146,2.288926407408693,0.5675550063977466,-4.739284041080228,-0.8125687089207536,0.4741905085256921,92401.76716554954
7.943619383414883,11.105966453653755,777.4176517557629,120.47307076371142,2.293588175183581,0.5758319307875643,-4.771267293849725,-0.8126895751649398,0.47444136019020133,92848.56818454844
7.976064636233743,11.16542740849063,781.5799185943441,121.78427726390072,2.298258532921538,0.5842334174515431,-4.803440657033555,-0.8128119172567014,0.4746903596640628,93297.40705183445
8.008642409806642,11.225244029028524,785.7670820319967,123.11040468033929,2.3029374477844655,0.5927613831167727,-4.835804424131422,-0.8129357507348209,0.4749375197540602,93748.29258940165
8.041353245406915,11.285418467004362,789.9792926903053,124.45162731475604,2.3076248861573267,0.6014177744897032,-4.868358867162201,-0.8130610913137573,0.47518285321048026,94201.23365643423
8.074197686518714,11.345952887375681,794.2167021162977,125.80812154018038,2.3123208136373616,0.610204568730807,-4.9011042360472725,-0.8131879548853607,0.47542637272697075,94656.23914946023
8.107176278845975,11.406849468402664,798.4794627881864,127.18006582583813,2.317025195023165,0.6191237739368021,-4.934040757981153,-0.8133163575205985,0.4756680909404003,95113.31800250476
8.140289570321572,11.468110401730918,802.7677281211643,128.5676407623546,2.3217379943036534,0.6281774296306194,-4.967168636789383,-0.8134463154712946,0.475908020430732,95572.4791872454
8.17353811111637,11.529737892474573,807.0816524732202,129.97102908725796,2.3264591746468892,0.6373676072591647,-5.000488052273241,-0.813577845171881,0.47614617372089607,96033.73171316688
8.206922453648387,11.591734159299964,811.4213911509975,131.3904157107938,2.331188698388773,0.646696410699057,-5.033999159541187,-0.8137109632411612,0.4763825632766794,96497.08462771708
8.240443152591913,11.654101434509629,815.787100415674,132.82598774204737,2.3359265270216003,0.6561659767704271,-5.067702088326701,-0.8138456864840861,0.476617201506613,96962.54701646247
8.27410076488682,11.716841964127179,820.1789374889025,134.27793451539017,2.340672621182499,0.665778475758974,-5.101596942292532,-0.8139820318935427,0.47685010076186884,97430.12800324649
8.307895849747773,11.7799580079827,824.5970605587889,135.74644761724764,2.345426940641741,0.6755361119463329,-5.135683798320997,-0.8141200166521552,0.47708127333616934,97899.8367503467
8.341828968673463,11.843451839798288,829.0416287858801,137.23172091318165,2.350189444290891,0.6854411241489149,-5.169962705789844,-0.8142596581340977,0.4773107314656977,98371.68245863207
8.37590068545604,11.90732574727457,833.5128023092199,138.7339505753116,2.3549600901308465,0.695495786265414,-5.204433685833924,-0.8144009739069193,0.47753848732901183,98845.67436772348
8.410111566190416,11.97158203217741,838.0107422524187,140.25333511006028,2.3597388352597153,0.705702407833022,-5.239096730591978,-0.8145439817333808,0.4777645530469743,99321.82175615235
8.444462179283702,12.036223010425381,842.5356107297766,141.79007538624026,2.3645256358605784,0.7160633345925671,-5.273951802438629,-0.8146886995733047,0.47798894068268094,99800.13394152121
8.47895309546458,12.101251012177547,847.0875708524284,143.34437466347637,2.3693204471890907,0.7265809490626641,-5.308998833201092,-0.814835145585435,0.4782116622413979,100280.62028066369
8.513584887792895,12.166668381922152,851.6667867345507,144.91643862098013,2.3741232235609697,0.7372576711231036,-5.344237723360645,-0.8149833381293115,0.47843272967050576,100763.29016980733
8.548358131669122,12.232477478565562,856.2734234995893,146.50647538666684,2.378933918339319,0.7480959586075295,-5.379668341238278,-0.815133295767154,0.47865215485945045,101248.15304473524
8.583273404843872,12.29868067552158,860.9076472865105,148.11469556662055,2.383752483921802,0.7590983079055956,-5.41529052216435,-0.8152850372657576,0.47886994963969687,101735.21838094789
8.618331287427598,12.365280360801776,865.5696252561244,149.7413122749276,2.3885788717277,0.7702672545748146,-5.451104067632298,-0.8154385815984015,0.47908612578469123,102224.49569382827
8.65353236190016,12.432278937106435,870.2595255974504,151.38654116387332,2.393413032184832,0.7816053739621406,-5.48710874443595,-0.8155939479467693,0.47930069500982997,102715.99453880485
8.688877213120547,12.4996788219157,874.977517534099,153.050600454496,2.398254914716305,0.7931152818355399,-5.523304283789978,-0.8157511557028785,0.4795136689724333,103209.72451151704
8.724366428336515,12.567482447581256,879.7237713306879,154.73371096751023,2.4031044677271125,0.8047996350256332,-5.559690380433344,-0.8159102244710228,0.47972505927172415,103705.69524797956
8.760000597194447,12.635692261418955,884.4984582993268,156.43609615461455,2.4079616385906153,0.8166611320776698,-5.596266691715761,-0.8160711740697255,0.4799348774488086,104203.91642474997
8.795780311749093,12.704310725801664,889.3017508061165,158.15798213017044,2.4128263736348456,0.82870251391389,-5.633032836666456,-0.8162340245337035,0.48014313498667605,104704.39775909467
8.831706166473431,12.773340318252917,894.1338222777042,159.89959770327027,2.417698618128682,0.8409265645065206,-5.669988395045306,-0.8163987961158422,0.48034984331018515,105207.14900915671
8.867778758268475,12.84278353154091,898.9948472078637,161.66117441018903,2.422578316267857,0.8533361115615179,-5.707132906375816,-0.8165655092891806,0.48055501378607013,105712.17997412296
8.9039986864733,12.912642873773462,903.8850011641424,163.44294654723845,2.427465411160834,0.8659340272133225,-5.744465868959988,-0.8167341847489082,0.48075865772294546,106219.50049439451
8.940366552874947,12.982920868493247,908.8044607945272,165.24515120401225,2.432359844814524,0.87872322873069,-5.781986738874437,-0.8169048434143715,0.480960786371319,106729.12045175537
8.976882961718369,13.053620054773598,913.7534038341519,167.0680282970338,2.437261558119832,0.891706679233825,-5.81969492894762,-0.8170775064310901,0.4811614109236071,107241.04976954196
9.013548519716576,13.124742987315253,918.7320091120677,168.91182060382073,2.4421704908370865,0.9048873884230665,-5.85758980771811,-0.8172521951727839,0.4813605425141583,107755.29841281542
9.05036383606064,13.196292236543329,923.740456558033,170.7767737973533,2.447086581581279,0.9182684133191813,-5.895670698373209,-0.81742893124341,0.4815581922192791,108271.87638853231
9.087329522429865,13.268270388704607,928.7789272093225,172.6631364809528,2.452009767807139,0.9318528590155668,-5.933936877667711,-0.817607736479207,0.4817543710572625,108790.79374571732
9.12444619300186,13.340680045965472,933.847603217583,174.5711602235848,2.456939985794048,0.9456438794424596,-5.972387574822644,-0.8177886329507508,0.4819490899884282,109312.06057563525
9.16171446446287,13.413523826512629,938.946667855884,176.5010995956476,2.4618771706309475,0.9596446781434708,-6.011021970404862,-0.8179716429650226,0.48214235991516396,109835.68701196616
9.199134956017932,13.48680436465169,944.0763055256183,178.45321220512247,2.4668212562009035,0.9738585090644918,-6.0498391951845765,-0.8181567890674812,0.48233419168197145,110361.68323097884
9.236708289401216,13.560524310907443,949.236701763521,180.4277587341909,2.4717721751655835,0.9882886773552984,-6.088838328972531,-0.8183440940441467,0.48252459607551423,110890.05945170634
9.274435088886271,13.6346863321245,954.4280432487151,182.42500297628916,2.476729858949553,1.002938540183957,-6.128018399435838,-0.8185335809236893,0.48271358382467633,111420.82593612075
9.31231598129651,13.709293111568963,959.6505178098274,184.44521187362338,2.4816942377244517,1.0178115075643652,-6.167378380892556,-0.8187252729795315,0.482901165600617,111953.99298931123
9.350351596015571,13.784347349030371,964.904314432126,186.48865555513066,2.4866652403929765,1.0329110431969963,-6.206917193084223,-0.8189191937319542,0.48308735201683994,112489.57095966053
9.388542564997715,13.85985176092433,970.1896232647032,188.55560737490146,2.4916427945727033,1.0482406653231302,-6.24663369992631,-0.8191153669502124,0.48327215362925435,113027.57023902211
9.426889522778444,13.935809080396057,975.506635627724,190.64634395107657,2.496626826579776,1.063803947592849,-6.2865267082364165,-0.8193138166546581,0.48345558093625307,113568.00126290043
9.465393106484958,14.01222205742423,980.8555440196961,192.76114520520684,2.501617261412408,1.0796045199468824,-6.326594966439537,-0.8195145671188706,0.48363764437878576,114110.87451062919
9.504053955846794,14.089093458925726,986.2365421248008,194.90029440209682,2.50661402273423,1.0956460695126502,-6.366837163250406,-0.8197176428717932,0.48381835434043996,114656.20050555216
9.542872713206362,14.166426068860735,991.6498248202515,197.06407819012495,2.5116170328574636,1.1119323415146223,-6.407251926332363,-0.8199230686998757,0.4839977211475244,115203.98981520276
9.581850023529743,14.244222688338922,997.0955881837245,199.252786642064,2.51662621272596,1.1284671401993795,-6.447837820932727,-0.8201308696492264,0.4841757550691588,115754.25305148744
9.620986534417325,14.32248613572571,1002.5740295007996,201.46671329638167,2.521641481898029,1.1452543297754298,-6.488593348493919,-0.820341071027765,0.4843524663173622,116307.00087086686
9.660282896114603,14.401219246749971,1008.085347272498,203.70615519906448,2.526662758529164,1.1622978353681588,-6.52951694524068,-0.820553698407386,0.48452786504715495,116862.2439745395
9.6997397615229,14.480424874611714,1013.62974122282,205.9714129459291,2.5316899593545514,1.179601643990053,-6.5706069807423,-0.8207687776261241,0.4847019613566508,117419.99310862439
9.739357786210341,14.56010589009091,1019.2074123063637,208.262790725462,2.5367229996714458,1.197169805526592,-6.611861756450167,-0.820986334790326,0.48487476528716544,117980.25906434734
9.779137628422678,14.640265181656666,1024.8185627159667,210.58059636216925,2.541761793321362,1.215006433737878,-6.653279504209869,-0.8212063962768259,0.48504628682331874,118543.05267822549
9.819079949094165,14.720905655577079,1030.4633958903955,212.9251413604528,2.5468062526721007,1.2331157072763497,-6.694858384747757,-0.8214289887351248,0.4852165358931493,119108.38483225227
9.859185411858672,14.802030236030172,1036.142116522112,215.2967409490309,2.551856288599631,1.2515018707209227,-6.736596486131794,-0.8216541390895744,0.48538552236822397,119676.2664540863
9.899454683060618,14.883641865215061,1041.8549305650542,217.69571412588505,2.556911810469784,1.2701692356276373,-6.77849182220593,-0.8218818745415637,0.4855532560637552,120246.70851723755
9.939888431766091,14.9657435034641,1047.602045242487,220.1223837037609,2.5619727261197918,1.289122181597238,-6.820542330998131,-0.8221122225717076,0.4857197467387231,120819.7220412565
9.980487329773876,15.048338129355468,1053.3836690548828,222.57707635621412,2.5670389418396513,1.308365157359839,-6.862745873101391,-0.822345210942039,0.48588500409599655,121395.31809192181
10.021252051626742,15.131428739826863,1059.2000117878804,225.06012266422792,2.5721103623533415,1.3279026818771102,-6.905100230027762,-0.822580867698203,0.4860490377824602,121973.5077814322
10.062183274622571,15.215018350289512,1065.0512845202659,227.5718571633847,2.5771868907998563,1.3477393454620716,-6.94760310253472,-0.8228192211716501,0.4862118573891445,122554.30226859581
10.10328167882565,15.29910999474396,1070.9376996320773,230.11261839164345,2.5822684287141335,1.3678798109169343,-6.990252108924216,-0.8230602999818356,0.48637347245135687,123137.71275902228
10.144547947077887,15.383706725895129,1076.859470812659,232.68274893765417,2.587354876007731,1.3883288146891595,-7.033044783312869,-0.8233041330384139,0.48653389244882006,123723.75050531386
10.185982765010277,15.468811615267786,1082.816813068745,235.28259548964803,2.592446130949319,1.4090911680461966,-7.075978573873546,-0.8235507495434311,0.48669312680580745,124312.4268072599
10.227586821054237,15.554427753324193,1088.8099427326936,237.9125088849678,2.597542090145097,1.4301717582690112,-7.119050841048892,-0.8238001789935232,0.48685118489128265,124903.75301203008
10.26936080645298,15.640558249581762,1094.8390774707234,240.57284416017634,2.602642648519005,1.4515755498647824,-7.162258855735431,-0.8240524511821082,0.48700807601904805,125497.74051436795
10.311305415273125,15.727206232731833,1100.9044362912282,243.26396060178703,2.607747699292786,1.4733075857991949,-7.205599797438416,-0.8243075962015795,0.4871638094478863,126094.40075678799
10.353421344416146,15.814374850758757,1107.006239553113,245.98622179759676,2.6128571339658726,1.4953729887484266,-7.2490707523967775,-0.8245656444454943,0.487318394381715,126693.74522977085
10.395709293629988,15.902067271059979,1113.1447089741985,248.7399956886505,2.6179708422951076,1.5177769623713273,-7.292668711678138,-0.8248266266107608,0.4874718399697331,127295.78547196054
10.438169965520615,15.990286680566623,1119.3200676396636,251.52565462183006,2.6230887122743094,1.540524792601985,-7.336390569243401,-0.8250905736998194,0.48762415530657965,127900.53307036137
10.480804065563806,16.079036285865257,1125.532540010568,254.3435754030947,2.6282106301136827,1.56362184896318,-7.380233119980873,-0.8253575170228227,0.487775349432487,128507.99966053801
10.52361230211682,16.16831931332003,1131.782351932402,257.19413935135765,2.6333364802190573,1.587073585900867,-7.424193057709255,-0.8256274881998071,0.48792543133344446,129118.19692681431
10.566595386430091,16.258139009195578,1138.0697306436905,260.07773235301585,2.6384661451709626,1.6108855441400989,-7.468266973149413,-0.8259005191628612,0.48807440994135254,129731.1366024722
10.609754032659177,16.34849863978189,1144.3949047847323,262.9947449171839,2.6435995057036132,1.635063352062877,-7.512451351865148,-0.8261766421582886,0.4882222941341978,130346.83046995477
10.65308895787655,16.43940149151836,1150.7581044062852,265.9455722315444,2.648736440683646,1.6596127271080376,-7.556742572171371,-0.8264558897487608,0.48836909273620965,130965.29036106699
10.696600882083535,16.530850871118137,1157.1595609782696,268.9306142188649,2.6538768270886717,1.684539477193722,-7.601136903009906,-0.8267382948154608,0.48851481451803114,131586.52815717857
10.740290528222202,16.62285010569484,1163.599507398639,271.95027559425057,2.6590205399857645,1.709849502162663,-7.645630501793677,-0.8270238905602203,0.48865946819689143,132210.55578942667
10.784158622187496,16.71540254288973,1170.0781780022812,275.00496592308383,2.664167452509778,1.7355487952508362,-7.690219412218002,-0.8273127105076498,0.4888030624367763,132837.3852389217
10.828205892839222,16.80851155099926,1176.595808569948,278.0950996796544,2.6693174358414833,1.7616434445796283,-7.7348995620387555,-0.8276047885072542,0.4889456058486037,133467.02853695146
10.872433072014188,16.90218051910371,1183.1526363372595,281.22109630651124,2.6744703591855727,1.7881396346720757,-7.779666760817397,-0.8279001587355407,0.48908710699039837,134099.49776518773
10.916840894538282,16.996412857196304,1189.7489000037413,284.38338027452585,2.6796260897485005,1.8150436479934322,-7.824516697632374,-0.8281988556981115,0.48922757436747455,134734.80505589172
10.961430098238813,17.09121199631364,1196.3848397419547,287.58238114370243,2.6847844927161946,1.8423618665166552,-7.8694449387569625,-0.8285009142317468,0.4893670164326134,135372.96259212366
11.0062014239567,17.186581388666518,1203.0606972066562,290.8185336247137,2.68994543123161,1.8701007733129744,-7.91444692530296,-0.8288063695064721,0.4895054415862421,136013.9826079505
11.051155615558724,17.282524507771555,1209.7767155440088,294.0922776411843,2.695108766372129,1.8982669541680532,-7.959517970830038,-0.829115257027611,0.4896428581766272,136657.8773886542
11.096293419950005,17.379044848584268,1216.5331394008988,297.40405839275223,2.700274357126855,1.9268670992242878,-8.004653258920941,-0.8294276126378239,0.48977927450005043,137304.65927094384
11.141615587086337,17.47614592763304,1223.3302149343128,300.75432641890177,2.705442060373777,1.9559080046494113,-8.049847840722,-0.829743472519131,0.4899146988010026,137954.34064316557
11.187122869986686,17.573831283152042,1230.168189820643,304.1435376635047,2.7106117308566806,1.9853965743320439,-8.095096632447751,-0.8300628731949122,0.4900491392723698,138606.93394551508
11.232816024745611,17.672104475216635,1237.0473132651643,307.57215354020525,2.7157832211620283,2.0153398216044494,-8.14039441285127,-0.8303858515318914,0.4901826040556241,139262.4516702491
11.278695810545965,17.770969085879706,1243.9678360115795,311.0406409986033,2.7209563816957,2.045744870993185,-8.185735820659085,-0.8307124447421044,0.49031510124101807,139920.9063619011
11.324762989671417,17.870428719308325,1250.9300103515827,314.5494725912224,2.7261310606595797,2.0766189599977927,-8.231115351970356,-0.8310426903848426,0.4904466388677735,140582.31061749457
11.371018327519161,17.97048700192147,1257.9340901345029,318.0991265413022,2.7313071040280263,2.1079694408982244,-8.276527357620378,-0.831376626368576,0.49057722492428235,141246.67708675898
11.417462592612544,18.071147582528347,1264.9803307769844,321.6900868114046,2.7364843555242047,2.1398037825912795,-8.32196604050807,-0.8317142909528531,0.49070686734830016,141914.01847234488
11.46409655661397,18.17241413246811,1272.0689892727676,325.3228431728736,2.7416626565963242,2.1721295724567895,-8.367425452887625,-0.8320557227501771,0.49083557402714395,142584.347530043
11.510920994337653,18.27429034574996,1279.2003242024973,328.99789127612274,2.746841846393732,2.2049545182537105,-8.412899493623717,-0.8324009607278575,0.4909633527978918,143257.6770690014
11.557936683762422,18.376779939194144,1286.3745957435901,332.71573272177864,2.7520217617428915,2.238286450046772,-8.458381905410347,-0.8327500442098329,0.49109021144758636,143934.01995194342
11.605144406044786,18.479886652574514,1293.592065680216,336.4768751327141,2.7572022371232845,2.272133322164296,-8.503866271953527,-0.8331030128784704,0.4912161577134295,144613.38909538958
11.652544945531819,18.583614248761737,1300.8529974133216,340.2818322269496,2.762383104643196,2.3065032151874147,-8.549346015117251,-0.833459906776335,0.4913411992829948,145295.79746987697
11.700139089774234,18.687966513866026,1308.1576559706218,344.1311238913912,2.7675641940153195,2.3414043379714258,-8.594814392032143,-0.833820766307923,0.49146534379442386,145981.2581001815
11.747927629539387,18.792947257382174,1315.5063080167522,348.0252762565163,2.772745332532337,2.3768450296996315,-8.640264492168019,-0.8341856322413702,0.4915885988366342,146669.78406553934
11.795911358824542,18.89856031233549,1322.8992218634844,351.96482177196935,2.777926345042394,2.4128337619704388,-8.685689234369503,-0.8345545457101271,0.49171097194952607,147361.38849987235
11.844091074869974,19.00480953542816,1330.336667479971,355.9502992830587,2.783107053924479,2.4493791409179275,-8.73108136385467,-0.834927548214597,0.4918324706241901,148056.08459201088
11.89246757817227,19.111698807186812,1337.818916503077,359.9822541081954,2.788287279063697,2.486489909366716,-8.776433449176768,-0.8353046816237419,0.49195310230311406,148753.88558592022
11.941041672497525,19.21923203211068,1345.3462422477476,364.0612381172613,2.793466837826473,2.52417494902143,-8.821737879148936,-0.8356859881766479,0.49207287438039504,149454.80478092516
11.989814164894835,19.327413138821246,1352.9189197174871,368.1878098109528,2.798645545035689,2.5624432826916697,-8.866986859732215,-0.8360715104840554,0.4921917942019447,150158.85553193922
12.03878586570965,19.436246080212328,1360.537225614863,372.36253440107066,2.80382321294572,2.6013040765526827,-8.912172410886383,-0.8364612915298482,0.49230986906570684,150866.05124969187
12.087957588597153,19.54573483360115,1368.2014383520805,376.5859838917894,2.808999651217417,2.640766642442469,-8.95728636338401,-0.8368553746724998,0.4924271062218639,151576.40540095625
12.137330150535927,19.655883400882058,1375.911838061744,380.8587371619816,2.8141746668930945,2.680840440196117,-9.002320355588354,-0.8372538036464846,0.4925435128730544,152289.93150878165
12.186904371841432,19.76669580867773,1383.6687066074412,385.18138004840887,2.8193480643712983,2.7215350800175737,-9.047265830193101,-0.8376566225636308,0.4926590961745816,153006.6431527225
12.236681076179687,19.8781761084933,1391.472327594531,389.55450543000245,2.8245196453816166,2.762860324889797,-9.092114030926302,-0.8380638759144348,0.492773863234633,153726.55396907136
12.286661090580848,19.99032837687161,1399.3229863810127,393.97871331317526,2.8296892089594508,2.8048260930236437,-9.136855999217918,-0.838475608569328,0.4928878211144896,154449.67765108997
12.336845245453105,20.103156715549577,1407.2209700884705,398.4546109181789,2.8348565514207515,2.847442460346472,-9.181482570831026,-0.8388918657798958,0.4930009768287482,155176.02794924536
12.387234374596375,20.216665251614934,1415.1665676130453,402.9828127664873,2.8400214663366925,2.890719663030674,-9.225984372456647,-0.8393126931800418,0.4931133373455312,155905.618671443
12.437829315216213,20.330858137664297,1423.1600696365008,407.5639407692591,2.845183744508332,2.934668100063136,-9.270351818272765,-0.8397381367871006,0.49322490958670984,156638.46368326337
12.488630907937607,20.44573955196188,1431.2017686373315,412.1986243168611,2.8503431739412317,2.9792983358559915,-9.314575106467412,-0.8401682430028963,0.4933357004281165,157374.57690819673
12.539639996819114,20.561313698599808,1439.2919589019866,416.8875003695083,2.8554995398200993,3.0246211028997636,-9.358644215726626,-0.8406030586147444,0.49344571669976567,158113.97232788347
12.590857429366794,20.677584807658878,1447.4309365361214,421.6312135489827,2.8606526244833903,3.0706473044590723,-9.402548901686897,-0.8410426307963951,0.4935549651860722,158856.66398235108
12.64228405654822,20.794557135370326,1455.618999475923,426.4304162314712,2.865802207397908,3.1173880173118635,-9.446278693352813,-0.841487007108915,0.4936634526260717,159602.66597025283
12.693920732806774,20.912234964279204,1463.8564474995442,431.28576864155514,2.870948065133442,3.164854494533053,-9.489822889480362,-0.8419362355015104,0.4937711857136353,160351.99244911066
12.74576831607573,21.030622603408073,1472.1435822385652,436.1979389473184,2.8760899713373895,3.213058168322841,-9.533170554925835,-0.8423903643122828,0.4938781710976967,161104.65763555482
12.79782766779257,21.149724388422218,1480.4807071895552,441.1676033566313,2.881227696709418,3.2620106528808503,-9.576310516961184,-0.8428494422689201,0.4939844153824666,161860.6758055674
12.850099652913189,21.26954468179541,1488.8681277256787,446.19544621458874,2.8863610089761407,3.311723747326476,-9.619231361555876,-0.8433135184893191,0.49408992512765826,162620.0612947244
12.902585139926426,21.39008787297741,1497.3061511084188,451.2821601021628,2.891489672865859,3.362209438666653,-9.661921429626195,-0.8437826424821391,0.49419470684870426,163382.8284984421
12.955285000868408,21.511358378565692,1505.7950864995985,456.4284459361936,2.8966134500834917,3.4134799048112847,-9.704368813253343,-0.8442568641472966,0.4942987670169827,164148.9918722218
13.008200111336965,21.633360642472184,1514.3352449730528,461.6350130703418,2.901732099285297,3.46554751763738,-9.746561351867602,-0.8447362337763623,0.4944021120600368,164918.56593189505
13.061331350506334,21.756099136089396,1522.9269395262577,466.90257939719334,2.906845376053591,3.518424846102865,-9.788486628400793,-0.8452208020528745,0.4945047483617946,165691.56525387318
13.114679601141665,21.879578358464837,1531.5704850925385,472.23187145192054,2.911953032871862,3.5721246594104445,-9.830131965410791,-0.8457106200526021,0.4946066822627946,166468.00447539476
13.168245749613734,22.003802836473547,1540.2661985531483,477.6236245170788,2.9170548190998273,3.626659930222688,-9.871484421175023,-0.846205739243715,0.49470792006040587,167247.89829477548
13.222030685913568,22.128777124991394,1549.0143987493975,483.0785827286649,2.922150480948588,3.682043837928887,-9.912530785754763,-0.8467062114868709,0.4948084680090523,168031.26147165755
13.276035303667394,22.25450580707004,1557.8154064949028,488.5974991834932,2.9272397614558967,3.738289771964945,-9.953257577031192,-0.8472120890352166,0.49490833232043463,168818.1088272632
13.330260500151372,22.380993494112385,1566.669544587867,494.1811360478528,2.932322400461531,3.7954113351866074,-9.993651036713564,-0.8477234245343034,0.49500751916375574,169608.45524464615
13.384707176306563,22.50824482604952,1575.5771378234663,499.8302646675048,2.9373981345828057,3.8534223472973546,-10.033697126320854,-0.8482402710219084,0.49510603466593883,170402.31566894558
13.439376236753791,22.636264471518388,1584.538513006287,505.5456656790039,2.9424666971902016,3.912336848331495,-10.073381523137266,-0.8487626819277663,0.4952038849118563,171199.70510763975
13.494268589808831,22.76505712804117,1593.553998962882,511.3281291224012,2.947527818383177,3.9721691021938037,-10.112689616143054,-0.8492907110732055,0.49530107594455086,172000.63863080373
13.54938514749742,22.8946275222053,1602.623926554371,517.1784545552982,2.9525812249661136,4.032933600256105,-10.15160650192117,-0.8498244126706864,0.49539761376545544,172805.1313713651
13.604726825570328,23.024980409844517,1611.7486286891162,523.0974511682874,2.9576266404244405,4.094645065011945,-10.190116980540987,-0.8503638413232378,0.495493504334624,173613.19852536064
13.660294543518743,23.156120576221717,1620.9284403355202,529.0859379018273,2.962663784900962,4.157318453790606,-10.22820555142034,-0.8509090520237952,0.49558875357094867,174424.8553521975
13.71608922458943,23.28805283621224,1630.1636985348568,535.1447435645099,2.9676923751723585,4.220968962530816,-10.265856409166636,-0.8514601001544284,0.49568336735238505,175240.1171749117
13.772111795800132,23.420782034491037,1639.4547424143725,541.2747069528965,2.972712124626004,4.285612029615641,-10.303053439399234,-0.8520170414854756,0.49577735151617763,176058.99938042974
13.828363187954858,23.554313045720235,1648.8019132004165,547.4766769727803,2.9777227432369777,4.351263339769153,-10.339780214553272,-0.8525799321745615,0.49587071185908105,176881.51741982924
13.884844335659514,23.68865077472845,1658.2055542309915,553.7515127614815,2.982723937544951,4.417938828016406,-10.376019989663922,-0.8531488287654632,0.49596345413758436,177707.68680860437
13.941556177337322,23.82380015670284,1667.6660109691989,560.1000838121755,2.987715410631774,4.485654683707099,-10.4117556981383,-0.8537237881869097,0.49605558406813244,178537.5231269285
13.998499655244471,23.959766157378837,1677.1836310165186,566.5232700995724,2.9926968620991947,4.554427354604473,-10.446969947512287,-0.8543048677512463,0.49614710732734935,179371.04201992048
14.05567571548565,24.096553773230482,1686.7587641261339,573.0219622071013,2.997667988046831,4.624273551040095,-10.481645015194356,-0.8548921251529753,0.4962380295522659,180208.25919790906
14.11308530802995,24.23416803166276,1696.3917622163933,579.5970614556787,3.002628481050473,4.695210250136178,-10.515762844198587,-0.8554856184671771,0.4963283563405343,181049.19043670324
14.170729386726551,24.372613991204354,1706.0829793843047,586.2494800340138,3.007578030140665,4.767254700095833,-10.54930503886786,-0.8560854061477987,0.496418093250659,181893.85157785946
14.228608909320487,24.511896741701705,1715.8327719191193,592.9801411305023,3.0125163207816157,4.840424424562699,-10.582252860589257,-0.8566915470258136,0.4965072458022133,182742.2585289498
14.286724837468737,24.652021404514926,1725.6414983160448,599.7899790667602,3.0174430348504764,4.9147372270513925,-10.614587223503504,-0.8573041003072513,0.49659581947606535,183594.4272638357
14.345078136756083,24.792993132714244,1735.5095192899971,606.6799394327495,3.0223578506169493,4.990211195449234,-10.64628869020995,-0.8579231255710866,0.49668381971459974,184450.3738229379
14.403669776711208,24.934817111278022,1745.4371977894616,613.6509792235689,3.027260442723287,5.066864706590998,-10.677337467469199,-0.8585486827669925,0.49677125192193605,185310.11431351036
14.462500730822692,25.077498557291715,1755.4248990104202,620.7040669778959,3.0321504821646665,5.144716430907425,-10.707713401905227,-0.8591808322129487,0.4968581214641561,186173.66490991268
14.52157197655536,25.221042720148716,1765.4729904104101,627.8401829181473,3.0370276362699995,5.223785337149312,-10.7373959757092,-0.8598196345927083,0.496944433669521,187041.04185388793
14.580884495366412,25.365454881752346,1775.5818417226642,635.0603190923432,3.0418915686831665,5.304090697187612,-10.766364302346945,-0.860465150953115,0.49703019382869407,187912.2614548374
14.640439272721773,25.51074035672303,1785.751824970612,642.3654795179008,3.0467419393448205,5.385652090891425,-10.794597122272997,-0.861117442701287,0.49711540719496106,188787.34009009876
14.700237298112363,25.65690449259537,1795.983314481676,649.7566803266014,3.0515784044742675,5.468489411084669,-10.822072798650424,-0.861776571601595,0.49720007898445306,189666.29420522312
14.76027956507071,25.80395267002574,1806.276686901802,657.234949911793,3.0564006165521533,5.552622868583332,-10.848769313083109,-0.8624425997725241,0.49728421437636294,190549.1403142576
14.820567071187368,25.95189030299985,1816.6323212099894,664.8013290773201,3.0612082243035954,5.638072997313863,-10.8746642613605,-0.8631155896833678,0.49736781851316847,191435.89500002447
14.881100818127397,26.100722839040696,1827.0505987328488,672.4568711882245,3.066000872681809,5.724860659514378,-10.899734849217554,-0.8637956041507544,0.4974508965008504,192326.57491440236
14.941881811647196,26.250455759418447,1837.5319031592912,680.2026423233124,3.070778202852295,5.813007051020412,-10.923957888112719,-0.8644827063350088,0.49753345340911137,193221.19677861215
15.002911061611085,26.401094579360958,1848.076620555267,688.0397214295492,3.075539852177555,5.902533706635772,-10.947309791026317,-0.8651769597363397,0.4976154942715971,194119.77738349925
15.064189582008149,26.55264484826602,1858.6851393786214,695.9692004783551,3.0802854542024134,5.993462505590565,-10.9697665682824,-0.8658784281908554,0.49769702408611427,195022.33358982037
15.125718390968956,26.705112149914513,1869.3578504940158,703.9921846237844,3.0850146386399144,6.0858156770873295,-10.991303823396647,-0.866587175866399,0.49777804781484525,195928.88232852842
15.187498510782666,26.858502102685637,1880.0951471879946,712.1097923626737,3.089727031357878,6.179615805937316,-11.01189674895349,-0.8673032672582077,0.49785857038457326,196839.44060106305
15.249530967913886,27.012820359772793,1890.8974251840955,720.323155696702,3.094422254366061,6.274885838287598,-11.031520122515186,-0.8680267671843829,0.49793859668689233,197754.02547963787
15.31181679301979,27.168072609401204,1901.7650826580843,728.6334202964508,3.0990999258040133,6.371649087441183,-11.05014830256621,-0.8687577407811763,0.4980181315784282,198672.6541075319
15.374357020967121,27.324264575046513,1912.698520253256,737.0417456674412,3.103759659929595,6.469929239770965,-11.067755224495901,-0.8694962534980819,0.4980971798810554,199595.3436993789
15.437152690849564,27.481402015657732,1923.6981410960414,745.5493053183585,3.108401067108308,6.56975036073001,-11.084314396623203,-0.8702423710927479,0.49817574638211215,200522.11154146303
15.500204846004927,27.63949072587889,1934.7643508115223,754.1572869311831,3.113023753803261,6.6711369009586345,-11.099798896266028,-0.8709961596256793,0.49825383583461647,201452.97499201112
15.56351453403237,27.79853653626676,1945.8975575386733,762.8668925331016,3.117627322565751,6.774113702490412,-11.114181365858697,-0.8717576854547124,0.4983314529574818,202387.95148148647
15.627082806810014,27.95854531351869,1957.0981719463084,771.679338670992,3.122211372026881,6.878706005059078,-11.127434009122457,-0.8725270152293267,0.4984086024357328,203327.05851288795
15.690910720512274,28.119522960698195,1968.3666072488736,780.595856587836,3.126775496889868,6.984939452507083,-11.139528587291359,-0.8733042158847308,0.49848528892071564,204270.3136620454
15.754999335627492,28.281475417462442,1979.7032792223708,789.6176924013108,3.1313192879232017,7.092840099298263,-11.150436415397731,-0.87408935463574,0.49856151703031926,205217.73457791962
15.819349716975402,28.44440866029065,1991.1086062203456,798.7461072845275,3.1358423319546382,7.2024344171355725,-11.160128358621039,-0.8748824989704349,0.4986372913491819,206169.33898289996
15.883962933725044,28.60832870271482,2002.5830091900375,807.9823776490239,3.140344211866104,7.313749301686653,-11.168574828704225,-0.8756837166436067,0.49871261642890974,207125.14467310888
15.948840059412406,28.77324159555108,2014.1269116885758,817.3277953299437,3.144824506589467,7.426812079417751,-11.175745780441439,-0.8764930756699766,0.49878749678828416,208085.16951870237
16.01398217195818,28.93915342713258,2025.7407398992807,826.7836677734778,3.1492827911032633,7.541650514538404,-11.181610708241447,-0.8773106443171892,0.4988619369134808,209049.43146417258
16.07939035368586,29.106070323544564,2037.4249226481195,836.351318226632,3.1537186364303778,7.658292816059054,-11.186138642770983,-0.8781364910985813,0.49893594125827234,210017.9485286552
16.14506569133959,29.273998448860045,2049.179891420203,846.0320859292611,3.158131609636702,7.776767644962487,-11.189298147682354,-0.8789706847657139,0.4990095142442488,210990.73880623395
16.211009276102292,29.442944005377594,2061.006080376432,855.8273263084778,3.162521273830807,7.897104121491781,-11.191057316429895,-0.8798132943006712,0.49908266026102077,211967.82046624873
16.277222203613672,29.612913233862805,2072.903926370396,865.7384111755662,3.166887188164716,8.019331832555968,-11.19138376917976,-0.880664388908131,0.4991553836664353,212949.21175360252
16.343705573988597,29.78391241378739,2084.8738689651173,875.7667289250667,3.1712289078356393,8.143480839256275,-11.190244649817705,-0.8815240380071742,0.49922768878678037,213934.93098907397
16.410460491835266,29.95594786356841,2096.9163504497888,885.9136847362063,3.175545984088764,8.269581684533764,-11.187606623059848,-0.88239231122284,0.49929957991699925,214924.99656962667
16.477488066273622,30.129025940814053,2109.0318158569835,896.1807007770836,3.179837964221298,8.397665400941206,-11.183435871671184,-0.8832692783774581,0.4993710613208935,215919.42696872278
16.54478941095363,30.303153042568383,2121.2207129797866,906.5692164111933,3.184104391587596,8.527763518540535,-11.177698093796936,-0.8841550094817133,0.49944213723133624,216918.24073663438
16.612365644074007,30.478335605558666,2133.4834923891067,917.0806884065306,3.1883448056054937,8.659908072928985,-11.170358500411723,-0.8850495747254619,0.49951281185047613,217921.4565007619
16.680217888400684,30.654580106443326,2145.8206074510326,927.7165911471925,3.192558741763813,8.79413161339465,-11.161381812891877,-0.8859530444682812,0.4995830893499469,218929.09296594863
16.748347271285365,30.83189306206154,2158.2325143443077,938.478416847563,3.1967457316311143,8.930467211204284,-11.150732260716252,-0.8868654892297585,0.4996529738710709,219941.168914797
16.816754924684453,31.010281029685153,2170.7196720779607,949.3676757691591,3.2009053028657357,9.068948468025992,-11.138373579300849,-0.8877869796795181,0.49972246952506816,220957.70320799024
16.88544198517773,31.18975060727139,2183.2825425089973,960.3858964400711,3.2050369792270934,9.209609524487828,-11.12426900797287,-0.8887175866269739,0.49979158039325977,221978.71478461084
16.954409593987315,31.370308433717597,2195.9215903602317,971.5346258771093,3.2091402805883322,9.352485068875527,-11.108381288089866,-0.8896573810108126,0.49986031052727453,223004.22266246294
17.023658896996462,31.551961189117083,2208.637283238196,982.8154298106296,3.21321472295031,9.497610345970783,-11.090672661309647,-0.8906064338881999,0.49992866394925084,224034.24593839305
17.093191044768833,31.734715595019154,2221.4300916513407,994.2298929122613,3.2172598184570256,9.645021166033583,-11.07110486801661,-0.8915648164237203,0.49999664465204274,225068.80378861743
17.16300719256747,31.91857841468883,2234.300489028218,1005.7796190252978,3.2212750754124233,9.794753913929457,-11.049639145910776,-0.8925325998780265,0.5000642565994207,226107.91546904552
17.233108500374048,32.10355645336387,2247.248951735471,1017.4662313976173,3.225259998298536,9.946845558405107,-11.02623622876593,-0.893509855596181,0.5001315037262783,227151.60031560756
17.303496132908013,32.28965655851943,2260.27595909636,1029.2913729178279,3.229214087795255,10.101333661514033,-11.00085634536199,-0.8944966549957428,0.5001983899388303,228199.87774458088
17.37417125964615,32.476885620133125,2273.3819934093185,1041.2567063542124,3.2331368408015613,10.258256388195768,-10.973459218598455,-0.8954930695545565,0.5002649191148161,229252.76725292244
17.445135054841906,32.66525057095083,2286.5675399665583,1053.3639145965356,3.2370277504582967,10.417652516009758,-10.94400406479529,-0.8964991707982446,0.5003310951037017,230310.2884185982
17.516388697544784,32.85475838675423,2299.833087072796,1065.6147009007975,3.2408863061724857,10.579561445027096,-10.912449593187619,-0.8975150302874043,0.5003969217268769,231372.46090091352
17.587933371620164,33.04541608663086,2313.1791260641603,1078.010789137035,3.244711993643287,10.744023207883426,-10.878754005620541,-0.8985407196045111,0.500462402777861,232439.30444085013
17.659770265768806,33.237230733244964,2326.6061513271475,1090.5539240400801,3.2485042948895586,10.911078479994051,-10.842874996451044,-0.8995763103405161,0.500527542022495,233510.8388613989
17.7319005735467,33.43020943311054,2340.114660317738,1103.2458714634186,3.252262688279095,11.080768589935305,-10.8047697526634,-0.9006218740811449,0.5005923431991466,234587.08406789706
17.804325493384724,33.624359336865666,2353.7051535805967,1116.0884186361118,3.2559866485595492,11.253135529993719,-10.764394954205036,-0.9016774823928868,0.5006568100189057,235668.06004836375
17.8770462286088,33.819687639549564,2367.3781347684694,1129.083374422923,3.2596756468911074,11.42822196688728,-10.721706774549467,-0.9027432068086833,0.5007209461657824,236753.78687384265
17.950063987459718,34.016201580884776,2381.1341106619343,1142.2325695878474,3.263329150880979,11.606071252659639,-10.676660881492593,-0.903819118813325,0.5007847552969038,237844.2846987397
18.0233799831133,34.2139084455516,2394.9735911886123,1155.537857060216,3.2669466246194956,11.786727435751734,-10.629212438192242,-0.9049052898284857,0.5008482410427113,238939.57376116654
18.0969954337004,34.41281556346885,2408.8970894428194,1169.0011122043536,3.270527528718127,11.970235272252348,-10.579316104455161,-0.906001791197467,0.5009114070071579,240039.67438328112
18.170911562327365,34.61293031007975,2422.905121705582,1182.6242330927557,3.2740713203494036,12.156640237332258,-10.526926038278726,-0.9071086941696461,0.5009742567679005,241144.60697163592
18.245129597096263,34.81426010663693,2436.998207464585,1196.4091407824199,3.277577453288682,12.34598853686306,-10.471995897655791,-0.9082260698845925,0.5010367938764992,242254.39201752254
18.319650771125144,35.016812420489146,2451.17686943424,1210.3577795945407,3.2810453779578173,12.53832711922444,-10.414478842649672,-0.9093539893558651,0.5010990218586091,243369.0500973169
18.39447632256878,35.2205947653708,2465.441633575956,1224.47211739769,3.2844745414707996,12.733703687304056,-10.354327537746046,-0.9104925234544954,0.5011609442141733,244488.60187283217
18.469607494639078,35.42561470169225,2479.793029118457,1238.7541458943813,3.287864387681355,12.932166710691083,-10.291494154489879,-0.9116417428921432,0.5012225644176198,245613.06809166633
18.545045535625803,35.631879836832546,2494.231588578278,1253.205880911173,3.291214357232553,13.133765438068325,-10.22593037441427,-0.9128017182039341,0.501283885918052,246742.4695875554
18.620791698917177,35.83939782543349,2508.757847780344,1267.8293626922732,3.294523887608455,13.3385499098048,-10.157587392269132,-0.9139725197309698,0.5013449121394398,247876.82728072416
18.696847243020926,36.04817636969646,2523.3723458787526,1282.626656196801,3.2977924131878398,13.546570970753763,-10.086415919556632,-0.9151542176025202,0.5014056464808154,249016.16217824435
18.77321343158504,36.25822321968023,2538.0756253776162,1297.5998513996012,3.3010193653000077,13.757880283257448,-10.012366188381625,-0.916346881717885,0.5014660923164604,250160.4953743885
18.849891533418848,36.46954617360115,2552.8682321520805,1312.7510635957801,3.304204172282731,13.972530340363525,-9.93538795562413,-0.9175505817279334,0.5015262529960987,251309.8480509884
18.926882822513942,36.682153078134746,2567.750715469432,1328.0824337089125,3.307346259542343,14.190574479255508,-9.855430507441847,-0.9187653870163148,0.5015861318450878,252464.2414777922
19.004188578065566,36.89605182872013,2582.7236280104094,1343.596128603084,3.310445049616028,14.412066894902175,-9.772442664109715,-0.9199913666803503,0.5016457321646062,253623.69701282805
19.08181008449377,37.1112503698727,2597.787525891089,1359.2943413992125,3.313499962236419,14.637062653927774,-9.686372785201993,-0.9212285895116319,0.5017050572318422,254788.23610276438
19.159748631464627,37.32775669549172,2612.9429686844205,1375.1792917947212,3.316510414398326,14.865617708707294,-9.597168775129322,-0.9224771239762601,0.5017641103001838,255957.88028327175
19.238005513911887,37.54557884915465,2628.1905194408255,1391.25322638597,3.3194758204275105,15.097788911691657,-9.504778089042475,-0.9237370381946662,0.5018228945994083,257132.6511793911
19.31658203205835,37.76472492443771,2643.5307447106397,1407.5184189964302,3.322395592052122,15.333634029964422,-9.40914773909447,-0.9250083999212496,0.5018814133358676,258312.5705058979
19.395479491437538,37.985203065229854,2658.9642145660896,1423.9771710082355,3.3252691384763264,15.573211760035488,-9.310224301081242,-0.926291276523643,0.5019396696926757,259497.66006767133
19.47469920291523,38.20702146604801,2674.4915026233607,1440.631811697723,3.3280958664562634,15.816581742874389,-9.207953921465444,-0.92758573496165,0.5019976668298975,260687.9417600613
19.554242482711473,38.43018837235547,2690.1131860648825,1457.4846985751578,3.3308751803784045,16.06380457918888,-9.102282324790194,-0.9288918417658691,0.5020554078847315,261883.43756926293
19.63411065242231,38.65471208088109,2705.8298456616762,1474.538217728524,3.333606482340273,16.314941844950543,-8.993154821491043,-0.93020966301599,0.502112895971699,263084.1695726868
19.7143050390418,38.88060093994131,2721.6420657958915,1491.7947841715586,3.336289172233608,16.570056107173162,-8.88051631611285,-0.9315392643187759,0.5021701341828251,264290.15993933374
19.794826974983913,39.10786334976344,2737.5504344834408,1509.2568421959938,3.3389226478299587,16.829210939946744,-8.76431131593941,-0.9328807107857262,0.5022271255878261,265501.43093016854
19.875677798104903,39.33650776281215,2753.55554339685,1526.9268657281784,3.341506304868751,17.09247094073318,-8.644483940042244,-0.9342340670104314,0.5022838732342947,266718.00489850005
19.95685885172543,39.5665426841171,2769.657987888197,1544.807358689987,3.344039537147837,17.359901746925527,-8.520977928756697,-0.9355993970456105,0.5023403801478799,267939.9042903585
20.038371484652735,39.79797667160255,2785.8583670121784,1562.9008553641281,3.346521736616538,17.631570052676196,-8.393736653591894,-0.936976764379839,0.5023966493324734,269167.15164487326
20.12021705120332,40.030818336420126,2802.157283549409,1581.2099207639988,3.348952293471236,17.90754362599981,-8.262703127581009,-0.9383662319139777,0.5024526837703891,270399.7695946587
20.202396911225264,40.26507634328387,2818.5553440298713,1599.7371510080727,3.3513305962535034,18.187891326152556,-8.127820016078942,-0.9397678619372996,0.5025084864225493,271637.7808661948
20.28491243012091,40.50075941081566,2835.0531587570963,1618.485173699528,3.353656031950876,18.472683121294647,-7.989029648009373,-0.9411817161033658,0.5025640602286616,272881.2082802132
20.36776497886939,40.737876311867886,2851.6513418307522,1637.4566483085077,3.355927986099942,18.76199010643905,-7.846274027586897,-0.9426078554054601,0.5026194081074025,274130.074752081
20.450955934049627,40.97643587386864,2868.3505111708046,1656.6542665606835,3.3581458428922413,19.055884521693148,-7.699494846495064,-0.9440463401518505,0.5026745329566,275384.40329219296
20.53448667786312,41.216446979166186,2885.151288541633,1676.0807528303394,3.360308985282745,19.35443977079565,-7.548633496539323,-0.9454972299407485,0.5027294376534104,276644.21700635855
20.618358598156764,41.45791856537362,2902.0542995761534,1695.7388645380947,3.3624167951009247,19.65773043995463,-7.393631082780593,-0.946960583634972,0.5027841250545004,277909.53909619193
20.702573088446144,41.700859625716745,2919.0601738001724,1715.6313925535756,3.364468653164461,19.965832316993033,-7.234428437153395,-0.9484364593363401,0.5028385979962255,279180.3928595078
20.787131547938547,41.94527920938315,2936.1695446568206,1735.7611616029108,3.366463939395586,20.278822410803915,-7.070966132575708,-0.9499249143597858,0.5028928592948092,280456.80169071397
20.872035381556287,42.19118642187403,2953.383049531182,1756.1310306812647,3.36840203294008,20.596778971122752,-6.90318449755476,-0.9514260052072079,0.50294691174652,281738.7890812081
20.95728599995987,42.43859042535764,2970.7013297750345,1776.7438934703478,3.370282312288912,20.919781508620087,-6.731023631294894,-0.9529397875410572,0.5030007581278502,283026.37861977296
21.042884819571686,42.687500439026195,2988.1250307318337,1797.6026787611363,3.3721041554025617,21.24791081532247,-6.554423419311034,-0.9544663161576764,0.5030544011956952,284319.5939929795
21.128833262599386,42.93792573945381,3005.6548017617665,1818.7103508816485,3.373866939837988,21.58124898536367,-6.373323549554389,-0.9560056449603823,0.5031078436875256,285618.4589855852
21.215132757059585,43.189875660957505,3023.2912962670252,1840.069910130017,3.3755700428782833,21.919879436074183,-6.187663529053135,-0.957557826932314,0.5031610883215691,286922.9974809379
21.301784736801416,43.44335959595968,3041.0351717171775,1861.684393212784,3.377212841664976,22.263886929412564,-5.997382701073568,-0.9591229141090402,0.503214137796983,288233.23346137715
21.38879064153062,43.698386995356685,3058.887089674968,1883.5568736888783,3.378794713333053,22.61335759374689,-5.802420262802036,-0.9607009575509646,0.5032669947940303,289549.19100864424
21.476151916833334,43.95496736888759,3076.8477158221312,1905.6904624188353,3.3803150351486058,22.968378945988782,-5.602715283555472,-0.9622920073154986,0.5033196619742546,290870.8943042875
21.563870014199974,44.21311028549635,3094.9177199847445,1928.088308018727,3.381773184649099,23.32903991408721,-5.398206723529261,-0.9638961124289688,0.5033721419806563,292198.3676300695
21.651946391049616,44.47282537370882,3113.0977761596178,1950.7535973207232,3.383168539786382,23.695430859889747,-5.188833453068948,-0.9655133208583999,0.5034244374378658,293531.6353683819
21.740382510754035,44.734122322007174,3131.3885625405023,1973.6895558388542,3.38450047907231,24.067643602373614,-4.974534272481396,-0.9671436794830734,0.503476550952316,294870.7220026552
21.829179842662107,44.99701087920733,3149.7907615445133,1996.8994482405199,3.3857683817270163,24.44577144125569,-4.755247932383267,-0.9687872340659072,0.5035284851124198,296215.6521177744
21.91833986212405,45.26150085483811,3168.3050598386676,2020.386578823696,3.3869716278298068,24.829909180985215,-4.530913154589755,-0.9704440292246561,0.5035802424887359,297566.4504004922
22.007864050516194,45.527602119524026,3186.9321483666818,2044.1542920000875,3.3881095984726803,25.220153155128592,-4.301468653543183,-0.9721141084029572,0.5036318256341477,298923.14163985034
22.09775389526542,45.79532460536924,3205.6727223758467,2068.205972784072,3.3891816759164395,25.61660125114886,-4.066853158284511,-0.9737975138412124,0.5036832370840305,300285.75072759634
22.188010889873965,46.064678306344796,3224.527481444136,2092.5450472876937,3.3901872437493967,26.019352935589282,-3.827005434966525,-0.9754942865473345,0.5037344793564265,301654.30265860626
22.278636533944052,46.335673278677504,3243.497129507425,2117.1749832216346,3.3911256870486297,26.42850927966533,-3.5818643099100838,-0.9772044662673551,0.5037855549522141,303028.822531304
22.369632333203075,46.60831964124266,3262.582374886986,2142.099290402428,3.3919963925437977,26.84417298527492,-3.3313686932012114,-0.978928091455922,0.503836466355277,304409.3355480901
22.460999799528494,46.88262757595813,3281.7839303170695,2167.3215212657765,3.39279874878346,27.266448411429977,-3.075457602830116,-0.9806651992466798,0.5038872160326766,305795.86701576645
22.552740450972795,47.15860732818146,3301.1025129727022,2192.8452713861884,3.393532146303896,27.695441601117697,-2.81407018936946,-0.9824158254225587,0.5039378064348199,307188.44234596106
22.644855811789014,47.4362692071103,3320.538844497721,2218.6741800030395,3.3941959778003876,28.131260308600933,-2.5471457611895683,-0.984180004385984,0.503988239995629,308587.087055563
22.737347412455847,47.71562358618251,3340.0936510327756,2244.8119305527957,3.394789638300925,28.574014027160256,-2.2746238102117444,-0.9859577691289966,0.5040385191327115,309991.8267671501
22.830216789703204,47.996680903481945,3359.767663243736,2271.2622512080366,3.3953125253423253,29.02381401728895,-1.996444038190851,-0.9877491512033367,0.5040886462475238,311402.6872094244
22.923465486537527,48.27945166214501,3379.5616163501504,2298.0289154229026,3.395764039148704,29.480773335345013,-1.7125463835285684,-0.9895541806904717,0.504138623725545,312819.6942176436
23.017095052267727,48.56394643077156,3399.476250154009,2325.115742485365,3.3961435828122806,29.945006862671857,-1.4228710486095277,-0.9913728861716058,0.5041884539364385,314242.87373406254
23.111107042530726,48.85017584383666,3419.512309068566,2352.5265980760964,3.396450562476462,30.416631335190353,-1.1273585276592644,-0.9932052946976638,0.5042381392342239,315672.2518083685
23.2055030193174,49.13815060210617,3439.670542147432,2380.2653948342722,3.3966843875211734,30.89576537347379,-0.8259496351158002,-0.9950514317592817,0.5042876819574353,317107.85459812335
23.300284550998356,49.42788147305391,3459.9517031137734,2408.336092930205,3.3968444707503775,31.382529513310818,-0.5185855345109961,-0.9969113212568058,0.5043370844292976,318549.7083692025
23.395453212350247,49.71937929128301,3480.3565503898108,2436.742700645112,3.3969302285817506,31.877046236768,-0.20520776785306846,-0.9987849854703316,0.5043863489578824,319997.8394962434
23.49101058458182,50.012654958948744,3500.885847126412,2465.489274957866,3.3969410812384417,32.37944000375577,0.1142417144947624,-1.0006724450297817,0.5044354778362774,321452.2744630887
23.586958255360027,50.307719446184,3521.54036123288,2494.5799221389093,3.396876452942892,32.889837284108,0.4398205234477584,-1.0025737188850452,0.5044844733427494,322913.03986323235
23.683297818836706,50.604583791527816,3542.320865406947,2524.0187983514616,3.396735772112623,33.408366590185864,0.7715858003546706,-1.0044888242761996,0.504533337740908,324380.16240027244
23.780030875674857,50.903259102353466,3563.2281371647427,2553.8101102597634,3.396518471557967,33.935158510009835,1.1095941856790383,-1.0064177767038067,0.5045820732798683,325853.66888836055
23.877159033075355,51.20375655530911,3584.2629588716377,2583.958115645747,3.3962239886816543,34.470345740932494,1.453901787231435,-1.0083605898993862,0.5046306821944144,327333.5862526553
23.97468390480344,51.50608739675185,3605.42611777263,2614.467124032302,3.3958517656802027,35.014063123857646,1.8045641479415904,-1.010317275795959,0.5046791667051607,328819.9415297751
24.072607111215834,51.81026294318803,3626.718406023162,2645.3414973145163,3.395401249747048,35.566447678019216,2.1616362131960227,-1.012287844498763,0.5047275290187134,330312.761868259
24.170930279287454,52.116294581715294,3648.1406207200707,2676.5856503985265,3.3948718932773194,36.12763863632353,2.525172297747669,-1.014272304256127,0.5047757713278302,331812.0745290224
24.269655042638565,52.424193770468456,3669.693563932792,2708.2040518482804,3.394263154074232,36.6977774812686,2.8952260522127697,-1.0162706614305377,0.5048238958115832,333317.9068858192
24.3687830415617,52.733972039067055,3691.3780427346937,2740.2012245401024,3.3935744955569747,37.27700798144617,3.2718504291657626,-1.0182829204699042,0.5048719046355177,334830.2864257011
24.46831592304922,53.04564098906769,3713.1948692347387,2772.5817463254475,3.3928053869700463,37.865476228641135,3.6550976488497273,-1.0203090838790572,0.50491979995181,336349.24074948643
24.568255340820546,53.3592122944177,3735.144860609239,2805.350250701611,3.3919553035939414,38.46333067553225,4.0450191645133655,-1.022349152191481,0.504967583899427,337874.79757222417
24.66860295534945,53.6746977019117,3757.228839133819,2838.5114274906414,3.3910237269571133,39.07072217400643,4.441665627391569,-1.0244031239413092,0.5050152586042855,339406.98472365964
24.769360433891972,53.992109031652674,3779.447632215687,2872.0700235267213,3.390010145049121,39.687804014099775,4.845086851348078,-1.0264709956356117,0.5050628261794063,340945.830148709
24.870529450513917,54.3114581775094,3801.802072425658,2906.0308433512487,3.3889140525348846,40.31473196356953,5.255331777186872,-1.0285527617269423,0.5051102887250762,342491.3619079286
24.972111686118758,54.63275710758351,3824.2929975308457,2940.398749917135,3.3877349509699393,40.95166430811204,5.672448436666595,-1.0306484145862527,0.5051576483290001,344043.6081779898
25.074108828475374,54.95601786468646,3846.921250528052,2975.1786653024865,3.386472349016565,41.598761892233945,6.096483916237695,-1.0327579444761936,0.5052049070664564,345602.5972521521
25.176522572246387,55.281252566807375,3869.6876796765164,3010.375571431695,3.3851257626607634,42.25618816079184,6.527484320496946,-1.0348813395247047,0.5052520670004548,347168.35754074523
25.279354619016175,55.608473407587674,3892.5931385311374,3045.9945108057495,3.3836947154299466,42.92410920120566,6.965494735399279,-1.0370185856990102,0.5052991301818848,348740.91757164686
25.382606677318975,55.93769265679859,3915.6384859759014,3082.040587241488,3.382178738611217,43.60269378635937,7.410559191243386,-1.0391696667800243,0.5053460986496772,350320.3059907614
25.486280462667597,56.26892266082344,3938.824586257641,3118.5189666200563,3.3805773714701632,44.292113418203336,7.862720625454517,-1.0413345643371923,0.5053929744309493,351906.55156250886
25.590377697581708,56.60217584314133,3962.1523090198934,3155.434877644359,3.3788901614700384,44.992542372063475,8.322020845182763,-1.0435132577037718,0.5054397595411626,353499.68317030685
25.694900111616562,56.93746470481492,3985.6225293370444,3192.79361260588,3.377116664491235,45.70415774167406,8.788500489743285,-1.045705723952592,0.5054864559842696,355099.72981706
25.799849441391522,57.274801824980436,4009.2361277486307,3230.600528160789,3.375256445050919,46.42713948494184,9.262198992919707,-1.0479119378722985,0.5055330657528676,356706.7206256464
25.905227430619227,57.61419986134243,4032.99399029397,3268.8610461157277,3.3733090765227227,47.1616704704591,9.74315454515866,-1.0501318719441248,0.5055795908283485,358320.68483941356
26.01103583013436,57.95567155066264,4056.897008546385,3307.5806542221603,3.371274141356414,47.90793652477093,10.231404055665692,-1.0523654963191402,0.505626033181048,359941.65182266914
26.11727639792284,58.299229709254725,4080.9460796478306,3346.7649069807367,3.369151231297382,48.66612648041437,10.726983114444558,-1.054612778796074,0.5056723947703932,361569.6510611783
26.223950899150815,58.64488723351294,4105.142106345906,3386.419426459105,3.3669399476056334,49.43643222473797,11.229925954347747,-1.0568736847999214,0.5057186775450506,363204.71216265747
26.331061106194316,58.99265710040706,4129.485997028494,3426.5499031154122,3.3646399012745536,50.21904874952044,11.740265413068524,-1.0591481773609097,0.505764883443071,364846.8648572796
26.438608798668536,59.342552367991175,4153.978665759382,3467.162096633132,3.3622507132490616,51.01417420139407,12.258032895170288,-1.0614362170941594,0.5058110143920362,366496.1389981727
26.546595763457248,59.69458617591654,4178.621032314158,3508.2618367661935,3.35977201464306,51.8220099330897,12.783258334167776,-1.063737762179997,0.5058570723092046,368152.5645619217
26.655023794742803,60.048771745949225,4203.414022216446,3549.855024194634,3.3572034469560608,52.642760555520084,13.315970154690454,-1.0660527683449461,0.5059030591016553,369816.17164907866
26.76389469403574,60.405122382489495,4228.358566774265,3591.9476313905366,3.354544662288868,53.47663399070786,13.856195234754018,-1.068381188843399,0.5059489766664322,371486.9904846677
26.873210270204808,60.763651473095486,4253.455603116684,3634.545703494683,3.351795323558155,54.32384152557813,14.4039588681736,-1.070722974440006,0.5059948268906844,373165.05141869624
26.982972339506823,61.124372489009446,4278.706074230661,3677.655359203839,3.3489551047098374,55.184597866625445,14.959284727147692,-1.0730780733927952,0.5060406116518092,374850.38492666406
27.093182725617147,61.48729898568892,4304.110928998225,3721.2827916690962,3.3460236909310392,56.05912119547515,15.522194825047901,-1.075446431437058,0.5060863328175944,376543.02161008207
27.203843259659795,61.8524446033399,4329.671122233793,3765.434269405024,3.3430007788605947,56.94763322534637,16.0927094794419,-1.07782799177,0.5061319922463525,378242.99219698523
27.314955780237955,62.219823067454314,4355.387614721802,3810.1161372100846,3.339886076797868,57.8503592584375,16.67084727538637,-1.0802226950361993,0.5061775917870643,379950.32754245255
27.426522133464314,62.58944818935005,4381.261373254503,3855.3348170981803,3.336679304909807,58.76752824424391,17.25662502901985,-1.0826304793138775,0.5062231332795155,381665.0586291243
27.538544172992065,62.9613338667031,4407.293370669217,3901.096809240187,3.33338019543614,59.69937283883098,17.85005775147269,-1.0850512801019356,0.5062686185544358,383387.21656772913
27.651023760045547,63.335494084053856,4433.48458588377,3947.4086929132595,3.3299884928927743,60.646129465068725,18.451158613098507,-1.0874850303076664,0.5063140494336404,385116.832597607
27.763962763450984,63.711942913447885,4459.836003941352,3994.2771274783227,3.326503954271834,61.60803837384804,19.05993890831779,-1.0899316602361875,0.5063594277301504,386853.9380872326
27.87736305966789,64.09069451495857,4486.3486160471,4041.708853354202,3.3229263492403334,62.58534370629916,19.676408020708305,-1.092391097579994,0.5064047552483304,388598.5645347502
27.991226532820004,64.47176313723858,4513.0234196067,4089.7106930068408,3.3192554603361115,63.578293557019165,20.300573388608267,-1.0948632674095928,0.5064500337840232,390350.7435685007
28.105555074726727,64.85516311808222,4539.861418265755,4138.289551951559,3.315491083161046,64.58714003833316,20.93244047124034,-1.0973480921651262,0.5064952651246826,392110.50694755703
28.220350584934305,65.24090888499032,4566.863621949322,4187.452419767438,3.311633026571441,65.61213934559972,21.57201271537831,-1.099845491648945,0.5065404510494995,393877.8865622559
28.33561497074775,65.62901495574076,4594.031046901853,4237.206371124393,3.307681112865425,66.65355182358601,22.21929152259791,-1.1023553830191748,0.5065855933295353,395652.9144347408
28.451350147262282,66.01949593896076,4621.3647157272535,4287.5585668225685,3.30363517796723,67.7116420339198,22.874276217141148,-1.104877680784263,0.5066306937278497,397435.6227194981
28.56755803739529,66.41236653470413,4648.865657429289,4338.516254844636,3.2994950716081926,68.78667882364411,23.536964014435792,-1.1074122967985505,0.5066757539996232,399226.04370390135
28.68424057191802,66.80764153503111,4676.534907452177,4390.086771420824,3.2952606575043344,69.87893539488617,24.20734999030199,-1.1099591402588622,0.5067207758922887,401024.2098087512
28.80139968948803,67.20533582459407,4704.373507721585,4442.277542107268,3.2909318135303307,70.98868937566772,24.885427050888136,-1.1125181177021635,0.5067657611456495,402830.15358882793
28.919037336681196,67.60546438122499,4732.382506685749,4495.096082877327,3.286508431889786,72.11622289186465,25.571185903365606,-1.115089133004263,0.50681071149201,404643.9077334371
29.037155468023904,68.00804227652603,4760.562959356822,4548.550001226129,3.28199041928163,73.26182264033996,26.26461502741981,-1.117672087379591,0.50685562865629,406465.5050669577
29.155756046025868,68.41308467640874,4788.915927348612,4602.646997281136,3.2773776970630935,74.42577996327412,26.96570064748149,-1.120266879381723,0.5069005143561627,408294.9785494011
29.27484104121249,68.8206068417578,4817.442478923045,4657.394864942692,3.272670201407217,75.6083909237016,27.674426706033866,-1.122873404905777,0.5069453703021587,410132.36127696256
29.39441243215774,69.23062412905112,4846.143689033579,4712.801493032216,3.2678678834565016,76.80995638228275,28.390774837747614,-1.1254915571916295,0.5069901981977805,411977.6864825813
29.51447220551677,69.64315199094051,4875.020639365835,4768.874866448446,3.2629707094725893,78.03078207532354,29.114724344482656,-1.1281212268279917,0.5070349997396273,413830.9875364961
29.635022356059302,70.05820597686439,4904.074418380507,4825.623067341701,3.2579786609810015,79.27117869407392,29.84625217131563,-1.1307623017578121,0.5070797766175055,415692.29794681346
29.756064886702504,70.47580173366225,4933.306121356358,4883.054276302247,3.2528917349111635,80.53146196531296,30.585332883576342,-1.1334146672848227,0.5071245305145482,417561.65136006824
29.877601808544412,70.89595500619481,4962.716850433637,4941.176773563416,3.2477099437315045,81.81195273325197,31.331938644934425,-1.1360782060812675,0.5071692631073244,419439.0815617926
29.999635140897094,71.31868163796653,4992.307714657657,4999.998940219276,3.242433315579518,83.1129770427694,32.08603919656496,-1.1387527981968002,0.5072139760659513,421324.6224770812
30.12216691132056,71.74399757175466,5022.079830022826,5059.529259457541,3.2370618943866374,84.43486622400954,32.847601837433814,-1.1414383210685863,0.5072586710542044,423218.30817116826
30.24519915565627,72.17191885024037,5052.034319516826,5119.776317807328,3.231595739997798,85.77795697835533,33.6165914057282,-1.144134649532591,0.5073033497296253,425120.172849999
30.368733918060784,72.6024616166441,5082.172313165088,5180.748806402194,3.226034928285556,87.142591465803,34.39297026146887,-1.1468416558360743,0.5073480137436304,427030.2508608023
30.49277325104008,73.03564211536705,5112.494948075694,5242.455522258952,3.2203795512586026,88.52911739376802,35.17669827033924,-1.1495592096513108,0.5073926647416118,428948.5766926755
30.617319215483416,73.47147669262576,5143.003368483803,5304.9053695705525,3.2146297171647045,89.93788810733264,35.967732788739504,-1.152287178090459,0.5074373043630502,430875.1849771606
30.742373880697695,73.90998179704458,5173.6987257931205,5368.107361007902,3.208785550588415,91.36926268096978,36.76602865003204,-1.1550254257213741,0.5074819342416224,432810.1104888306
30.8679393244416,74.35117398040454,5204.582178628318,5432.070619060086,3.202847192540877,92.82360601175851,37.57153815236612,-1.1577738145855827,0.5075265560052884,434753.3881458705
30.99401763296048,74.79506989827664,5235.6548928793645,5496.804377373416,3.196814800545049,94.30128891412741,38.3842110476222,-1.1605322042167534,0.5075711712763891,436705.05301067105
31.120610901020843,75.2416863106708,5266.918041746956,5562.317982108536,3.1906885487146135,95.802688216137,39.20399453173834,-1.1633004516604681,0.5076157816717537,438665.14029041666
31.247721231944947,75.69104008270065,5298.372805789046,5628.620893315838,3.1844686278264183,97.32818685733282,40.03083323644619,-1.1660784114953024,0.5076603888027906,440633.68533767504
31.37535073764615,76.14314818525465,5330.020372967825,5695.72268632806,3.1781552453864705,98.87817398820091,40.864669222426556,-1.1688659358551552,0.5077049942755869,442610.7236509978
31.503501538663723,76.59802769566934,5361.861938696854,5763.6330531695985,3.171748625689452,100.4530450712394,41.70544197390123,-1.1716628744527977,0.507749599690998,444596.29087551485
31.632175764198234,77.05569579840862,5393.898705888603,5832.3618039833345,3.1652490098715584,102.05320198368271,42.553088394691855,-1.1744690746046695,0.5077942066447427,446590.4228035362
31.76137555214664,77.5161697857458,5426.131885002206,5901.918868474716,3.158656655956666,103.67905312189718,43.407542805763406,-1.1772843812568952,0.5078388167274885,448593.15537515003
31.891103049138213,77.97946705845266,5458.562694091686,5972.3142973739195,3.1519718388956153,105.33101350748831,44.268736944281024,-1.1801086370125446,0.5078834315249456,450604.52467883454
32.02136041056995,78.4456051264908,5491.192358854356,6043.558263915592,3.1451948505986467,107.00950489513083,45.136599964192136,-1.1829416821601053,0.5079280526179504,452624.5669520608
32.1521498006425,78.9146016097038,5524.022112679266,6115.661065336141,3.138325999960872,108.71495588216288,46.011058438349366,-1.1857833547031487,0.5079726815825512,454653.31858190417
32.28347339239587,79.38647423846373,5557.053196692461,6188.633124381421,3.131365612881418,110.44780201996403,46.89203636210742,-1.188633490390913,0.5080173199901066,456690.8161056538
32.415333367745916,79.86124085445839,5590.286859812087,6262.484990854383,3.1243140322734737,112.2084859271585,47.77945515875322,-1.1914919227509029,0.5080619694073463,458737.09621143294
32.54773191752041,80.33891941138877,5623.724358797214,6337.227343166891,3.1171716180684492,113.99745740465869,48.67323368636006,-1.1943584831221177,0.5081066313964571,460792.19573881343
32.680671241495226,80.81952797566946,5657.366958296862,6412.87098991022,3.1099387472128868,115.8151735525851,49.57328824624865,-1.197233000689457,0.5081513075151656,462856.1516794324
32.81415354843131,81.30308472714982,5691.215930900487,6489.426871447342,3.1026158136578044,117.66209888910296,50.47953259310087,-1.2001153025193987,0.508195999316809,464929.0011776209
32.94818105611107,81.78960795983717,5725.272557188602,6566.906061524331,3.0952032283406785,119.53870547118878,51.39187794670226,-1.2030052135968239,0.508240708350419,467010.7815310249
33.082755991375414,82.27911608262653,5759.538125783857,6645.319768901797,3.08770141915996,121.44547301737364,52.31023300532939,-1.205902556863004,0.5082854361607867,469101.5301912346
33.21788059016043,82.77162762003331,5794.0139334023315,6724.679339006036,3.0801108309421252,123.38288903248355,53.23450396078432,-1.2088071532547136,0.5083301842885437,471201.2847644105
33.35355709753498,83.26716121293381,5828.701284905367,6804.996255600882,3.07243192540116,125.35144893442572,54.16459451508896,-1.211718821744483,0.5083749542702243,473310.0830119222
33.48978776773768,83.76573561930756,5863.60149335153,6886.282142479608,3.064665181090532,127.35165618303398,55.10040589883393,-1.2146373793819403,0.5084197476383387,475427.96285097935
33.62657486421456,84.2673697149867,5898.715880049069,6968.548765177888,3.056811093347541,129.38402241102398,56.04183689119269,-1.2175626413362548,0.5084645659214382,477554.9623552721
33.763920659656335,84.7720824943866,5934.0457746070615,7051.808032703778,3.0488701742304403,131.44906755707837,56.98878384155408,-1.2204944209395143,0.5085094106441856,479691.11975560634
33.90182743603659,85.2798930712577,5969.5925149880395,7136.071999291585,3.0408429524476865,133.54732000111554,57.94114069284662,-1.223432529731255,0.5085542833274201,481836.4734405535
34.04029748464953,85.79082067950335,6005.357447565235,7221.3528661876635,3.0327299732786273,135.67931670175733,58.898799006634675,-1.226376777504365,0.5085991854882081,483991.06195709365
34.17933310614779,86.30488467391827,6041.341927174279,7307.662983443804,3.0245317984878506,137.84560333603963,59.86164798971175,-1.2293269723515199,0.5086441186399098,486154.9240112597
34.31893661058109,86.82210453096265,6077.547317167386,7395.014851737759,3.016249006231442,140.04673444141383,60.82957452239806,-1.2322829207127803,0.5086890842922356,488328.09846879455
34.45911031743436,87.34249984953948,6113.974989467763,7483.4211242157935,3.0078821909556677,142.2832735600555,61.802463188474185,-1.235244427424146,0.5087340839513066,490510.6243558012
34.59985655566639,87.86609035177837,6150.626324624486,7572.894608358057,2.9994319632880266,144.55579338553588,62.78019630674727,-1.2382112957670628,0.5087791191197073,492702.5408594005
34.741177663748275,88.39289588382313,6187.502711867619,7663.4482678665945,2.990898949920763,146.86487591188012,63.76265396423209,-1.2411833275188349,0.508824191296539,494903.8873283857
34.88307598970265,88.922936416627,6224.60554916389,7755.095224576929,2.982283793486791,149.2111125850713,64.74971405094166,-1.2441603230039464,0.5088693019774748,497114.70327389066
35.02555389114244,89.45623204675073,6261.936243272551,7847.848760392667,2.9735871524281507,151.59510445701585,65.74125229626222,-1.2471420811462337,0.5089144526548055,499335.02837004967
35.168613735310196,89.9928029971674,6299.496209801719,7941.722319244095,2.964809700856975,154.01746234203054,66.73714230690328,-1.2501283995219035,0.5089596448174929,501564.9024546669
35.31225789911711,90.5326696180567,6337.286873263969,8036.729509067922,2.9559521284092964,156.47880697587607,67.73725560637199,-1.2531190744132739,0.5090048799512146,503804.365529881
35.456488769182926,91.07585238761507,6375.309667133055,8132.8841038131595,2.947015140091323,158.9797691774003,68.74146167599969,-1.2561139008633562,0.5090501595384154,506053.45776284457
35.60130874187543,91.62237191291237,6413.566033903866,8230.200045479105,2.9379994561177454,161.52099001280985,69.74962799755428,-1.2591126727314101,0.5090954850583398,508312.21948639624
35.74672022335,92.17224893069739,6452.057425148818,8328.691446168079,2.928905811743727,164.10312096262356,70.76162009723473,-1.2621151827489077,0.5091408579870833,510580.69119973487
35.89272562959003,92.72550430822989,6490.785301576092,8428.372590167106,2.919734957089391,166.72682409136297,71.77730159116446,-1.2651212225763016,0.509186279797627,512858.9135691064
36.03932738644679,93.28215904411599,6529.751133088119,8529.257936054788,2.910487656957257,169.3927722200026,72.79653423231423,-1.2681305828604403,0.5092317519598804,515146.92742848385
36.186527929679876,93.84223426915044,6568.956398840531,8631.362118834228,2.901164690642672,172.1016491012424,73.81917795883072,-1.2711430532926118,0.5092772759407205,517444.77378025476
36.33432970499737,94.40575124716304,6608.4025873014125,8734.699952091853,2.8917668517373563,174.85414959763554,74.8450909437348,-1.2741584226671687,0.509322853204023,519752.4937959064
36.48273516809695,94.97273137587328,6648.091196311129,8839.286430183221,2.8822949479260997,177.650979862638,75.87412964596562,-1.277176478940727,0.5093684852107019,522070.12881672406
36.63174678470635,95.54319618774781,6688.023733142347,8945.136730445089,2.8727498007768126,180.49285752460142,76.90614886272482,-1.2801970092918666,0.5094141734187387,524397.7203544807
36.78136703062452,96.11716735086428,6728.2017145605,9052.266215434745,2.863132245523967,183.38051187377985,77.94100178309284,-1.2832198001813246,0.509459919283219,526735.3100921375
36.931598391762435,96.69466666976172,6768.6266668833205,9160.690435193103,2.853443130845884,186.31468405238067,78.97854004284393,-1.286244637412539,0.509505724256361,529082.9398845389
37.08244336418485,97.27571608634362,6809.300126044053,9270.425129544561,2.843683318634898,189.2961272477353,80.01861378053998,-1.2892713061928482,0.509551589787542,531440.6517591228
37.23390445415155,97.86033768075653,6850.223637652957,9381.486230419323,2.8338536837617845,192.3256068886114,81.06107169472408,-1.2922995911949149,0.5095975173233276,533808.4879166231
37.385984178158786,98.4485536722709,6891.398757058963,9493.88986420344,2.8239551138341645,195.40390084473106,82.10576110222061,-1.2953292766184639,0.5096435083074964,536186.4907317754
37.53868506298149,99.04038642017588,6932.827049412312,9607.652354119247,2.8139885089488086,198.5317996295615,83.15252799751987,-1.2983601462523717,0.509689564181065,538574.7027540351
37.69200964571502,99.63585842467714,6974.5100897274,9722.790222634463,2.803954781438186,201.71010660640383,84.2012171131838,-1.3013919835370042,0.5097356863823139,540973.1667082879
37.845960473817385,100.23499232780233,7016.449462946163,9839.320193901125,2.7938548556113134,204.93963819785583,85.25167198123452,-1.3044245716267882,0.5097818763468058,543381.9254955692
38.00054010515135,100.8378109143108,7058.646764001755,9957.25919622412,2.783689667489125,208.22122409868854,86.30373499547485,-1.3074576934529663,0.5098281355074095,545801.0221937806
38.15575110802733,101.44433711261217,7101.103597882852,10076.624364560555,2.7734601645344408,211.55570749221454,87.35724747469904,-1.3104911317865129,0.5098744652943168,548230.5000584195
38.31159606124586,102.05459399568842,7143.821579698189,10197.43304304925,2.763167305376774,214.94394527017778,88.41204972673704,-1.3135246693011522,0.5099208671350641,550670.4025233025
38.468077554140194,102.66860478202197,7186.802334741538,10319.702787571257,2.7528120595321384,218.38680825623447,89.46798111328697,-1.3165580886364463,0.5099673424545463,553120.7732012908
38.625198186619826,103.28639283653267,7230.047498557287,10443.451368342328,2.742395407117927,221.88518143310054,90.52488011548839,-1.319591172460932,0.5100138926750364,555581.6558850299
38.78296056921333,103.90798167150405,7273.558717005283,10568.696772533665,2.7319183385634083,225.43996417339224,91.58258440015335,-1.3226237035351713,0.510060519216198,558053.0945476802
38.94136732311192,104.53339494753973,7317.337646327781,10695.457206929761,2.7213818543153216,229.05207047424966,92.64093088667119,-1.3256554647748742,0.5101072234951018,560535.133343657
39.10042108021267,105.1626564745303,7361.385953217121,10823.751100619747,2.7107869645390763,232.72242919578147,93.6997558145,-1.328686239313957,0.510154006926234,563027.8166093676
39.26012448316273,105.79579021260466,7405.705314882326,10953.597107717216,2.70013468881619,236.45198430342458,94.75889481114757,-1.3317158105673754,0.5102008709215098,565531.1888639624
39.4204801854029,106.43282027309509,7450.297419116656,11085.014110114878,2.689426055837654,240.24169511424446,95.81818296063632,-1.3347439622938313,0.5102478168902833,568045.2948100776
39.5814908512119,107.07377091951038,7495.163964365726,11218.021220273422,2.6786621030935183,244.09253654727178,96.87745487238884,-1.337770478658292,0.5102948462393595,570570.1793345879
39.74315915575029,107.71866656851361,7540.306659795953,11352.637784044136,2.6678438765589507,248.0054993779169,97.936544750471,-1.3407951442942603,0.5103419603730008,573105.8875093547
39.905487785105414,108.36753179090958,7585.727225363671,11488.88338352686,2.65697243037689,251.98159049656186,98.99528646314712,-1.3438177443657888,0.5103891606929347,575652.4645919906
40.068479436335785,109.02039131263572,7631.427391884501,11626.77783996232,2.6460488265375846,256.02183317135945,100.05351361267894,-1.3468380646291638,0.510436448598363,578209.9560266145
40.23213681751564,109.67727001575959,7677.408901103171,11766.341216659956,2.6350741345551736,260.1272673153263,101.11105960531852,-1.3498558914942416,0.5104838254859652,580778.4074446108
40.396462647780446,110.33819293948604,7723.673505764023,11907.593821962282,2.624049431141473,264.2989497578202,102.16775772144234,-1.352871012085409,0.5105312927499057,583357.8646654031
40.56145965737174,111.00318528116854,7770.222969681798,12050.556212245125,2.612975799877247,268.53795452043124,103.22344118576245,-1.3558832143021124,0.510578851781837,585948.3736972171
40.72713058768265,111.67227239734567,7817.059067814196,12195.249194958693,2.60185433088086,272.84537309739534,104.27794323758877,-1.3588922868790032,0.5106265039708995,588549.9807378557
40.89347819130311,112.34547980474115,7864.18358633188,12341.693831696448,2.5906861204754783,277.2223147405769,105.33109720099131,-1.3618980194453982,0.5106742507037312,591162.7321754686
41.060505232066106,113.02283318129969,7911.598322690978,12489.911441307913,2.579472270853913,281.6699067491309,106.38273655491943,-1.3649002025843409,0.5107220933644678,593786.6745893391
41.22821448509326,113.7043583672293,7959.305085706052,12639.92360304969,2.5682138897417315,286.1892947638769,107.43269500317305,-1.3678986278910894,0.5107700333347447,596421.8547506594
41.396608736841095,114.39008136604757,8007.3056956233295,12791.752159774427,2.556912090058947,290.78164306649666,108.4808065441695,-1.370893088030996,0.5108180719936954,599068.3196233185
41.565690785147,115.08002834563281,8055.601984194297,12945.419221158461,2.545567989580445,295.44813488360904,109.52690554044841,-1.3738833767967422,0.5108662107179565,601726.1163646842
41.73546343927622,115.77422563928565,8104.195794749995,13100.947166969792,2.5341827105952928,300.1899726958374,110.5708267878704,-1.376869289164922,0.5109144508816625,604395.2923264024
41.90592951996829,116.47269974679438,8153.088982275606,13258.358650375443,2.5227573795652463,305.0083785519079,111.61240558444293,-1.379850621351913,0.5109627938564503,607075.8950551876
42.07709185948363,117.17547733550734,8202.283413485513,13417.676601289331,2.5112931267826046,309.9045943878805,112.65147779872508,-1.3828271708690179,0.5110112410114531,609767.9722936157
42.24895330165113,117.88258524141558,8251.78096689909,13578.924229761964,2.4997910860275976,314.8798823516206,113.68787993776219,-1.3857987365768567,0.5110597937133041,612471.5719809332
42.42151670191503,118.59405047023954,8301.583532916768,13742.125029410947,2.4882523942255927,319.93552513255014,114.72144921448754,-1.3887651187389558,0.5111084533261292,615186.7422538562
42.59478492738257,119.3099001985555,8351.693013898885,13907.302780901366,2.4766781911037756,325.072826296802,115.752023614591,-1.3917261190746497,0.5111572212115443,617913.5314473788
42.768760856871246,120.03016177486651,8402.111324240655,14074.481555453936,2.4650696188490455,330.2931106278399,116.77944196266566,-1.3946815408108737,0.5112060987286535,620651.98809558
42.9434473809572,120.75486272070103,8452.840390449071,14243.685718400913,2.4534278217659797,335.59772447267045,117.80354398770358,-1.3976311887331712,0.5112550872340529,623402.1609324449
43.118847402022865,121.48403073174305,8503.882151222013,14414.939932791465,2.4417539459350266,340.988036093689,118.82417038789454,-1.4005748692358921,0.5113041880818217,626164.0988926761
43.29496383430538,122.21769367895732,8555.238557527013,14588.269163038278,2.4300491388717274,346.4654360262938,119.84116289462816,-1.4035123903714162,0.5113534026235185,628937.8511125173
43.471799603944625,122.9558796097194,8606.911572680357,14763.698678608296,2.418314549186996,352.0313374423286,120.85436433566483,-1.406443561898408,0.5114027322081804,631723.4669305712
43.649357649032446,123.69861674895745,8658.90317242702,14941.254057759712,2.406551326248557,357.6871765194969,121.86361869743955,-1.4093681953291142,0.5114521781823187,634520.9958886362
43.8276409196611,124.44593350029737,8711.215345020815,15120.961191323804,2.3947606198438742,363.4344128167869,122.86877118644176,-1.4122861039756438,0.5115017418899104,637330.4877325305
44.0066523779721,125.19785844721636,8763.850091305145,15302.846286533342,2.382943579844687,369.2745296560383,123.86966828963436,-1.4151971029952288,0.5115514246724016,640151.9924129242
44.186394998205905,125.95442035420677,8816.809424794474,15486.935870898575,2.3711013558733134,375.20903450976914,124.86615783387084,-1.418101009434451,0.5116012278686977,642985.5600861831
44.36687176675099,126.71564816795015,8870.09537175651,15673.25679613144,2.3592350969709277,381.23945939531745,125.8580890442701,-1.4209976422724162,0.5116511528151599,645831.2411152053
44.548085682193665,127.4815710185338,8923.709971297367,15861.836242126767,2.347345951267491,387.3673612754437,126.84531260154789,-1.423886822462969,0.5117012008455961,648689.0860702671
44.73003975536751,128.25221822057193,8977.655275440035,16052.701720966086,2.3354350656556466,393.59432246546396,127.82768069809181,-1.4267683729754304,0.5117513732912635,651559.145729865
44.912737009403955,129.02761927441642,9031.93334920915,16245.88108099122,2.3235035854659114,399.9219510470732,128.80504709298012,-1.4296421188345172,0.5118016714808673,654441.4710815757
45.09618047978214,129.8078038673636,9086.546270715451,16441.40251092489,2.3115526541447795,406.35188128890053,129.77726716578795,-1.4325078871590913,0.5118520967405511,657336.1133229041
45.28037321437956,130.59280187486442,9141.49613124051,16639.294544040687,2.299583412935814,412.88577407396406,130.7441979691545,-1.435365507199733,0.5119026503938935,660243.1238621455
45.46531827352228,131.3826433617398,9196.785035321787,16839.58606238346,2.2875970005638497,419.5253173340918,131.70569828008308,-1.438214810375153,0.51195333376191,663162.5543192397
45.65101873003638,132.17735858340836,9252.415100838585,17042.306301042518,2.275594552922385,426.2722264914816,132.66162864994985,-1.441055630307433,0.5120041481630386,666094.4565266452
45.837477669298714,132.97697798711843,9308.38845909829,17247.484852476366,2.2635772027644276,433.1282449074515,133.61185145318373,-1.4438878028560775,0.512055094913145,669038.8825302039
46.024698189287925,133.78153221318826,9364.707254923178,17455.151670890402,2.2515460793969058,440.0951443385282,134.55623093459207,-1.44671116615086,0.5121061753255178,671995.884590008
46.21268340063641,134.59105209625926,9421.373646738148,17665.337076669573,2.2395023083787287,447.17472540002206,135.49463325531315,-1.4495255606234831,0.5121573907108632,674965.5151812843
46.401436426681705,135.40556866659318,9478.389806661522,17878.071760875104,2.227447011222194,454.36881803715477,136.42692653740343,-1.4523308290381378,0.5122087423772961,677947.8269952683
46.59096040351851,136.225113151294,9535.75792059058,18093.386789773853,2.215381305099626,461.67928200390503,137.35298090690188,-1.4551268165205604,0.5122602316303453,680942.8729400886
46.78125848005045,137.04971697557463,9593.480188290223,18311.313609432887,2.203306302553633,469.10800734967074,138.2726685354892,-1.4579133705859832,0.5123118597729537,683950.706141648
46.97233381804294,137.8794117640574,9651.558823484018,18531.88405037736,2.1912231112112686,476.6569149139213,139.18586368070612,-1.4606903411659353,0.5123636281054724,686971.379944522
47.164189592175354,138.71422934206464,9709.996053944526,18755.1303323005,2.1791328335028886,484.3279568289057,140.0924427246646,-1.4634575806337442,0.5124155379256614,690004.9479128467
47.35682899009395,139.55420173692022,9768.794121584415,18981.085068832035,2.1670365663855016,492.12311703060556,140.99228421125787,-1.4662149438287964,0.512467590528684,693051.4638312187
47.550255212464464,140.39936117925694,9827.955282547986,19209.781272364347,2.154935401070838,500.04441177801965,141.8852688818509,-1.468962288079551,0.5125197872071117,696110.9817055895
47.74447147302585,141.2497401043372,9887.481807303604,19441.252358939062,2.1428304227581068,508.0938901809819,142.7712797094436,-1.4716994732253152,0.5125721292509207,699183.5557641798
47.93948099864338,142.1053711533782,9947.375980736473,19675.532153192424,2.130722710371717,516.2736347365774,143.6502019312887,-1.4744263616367643,0.5126246179474918,702269.2404583826
48.135287029362,142.9662871748899,10007.640102242294,19912.65489336246,2.118613336303924,524.5857618743303,144.5219230799604,-1.4771428182352233,0.5126772545816112,705368.0904636706
48.3318928184607,143.832521226058,10068.276485824059,20152.65523636791,2.1065033661620767,533.0324225103489,145.38633301289923,-1.4798487105108165,0.5127300404354647,708480.1606805202
48.52930163250623,144.70410657404395,10129.287460183077,20395.568262923254,2.094393858522316,541.6158026104908,146.24332394029852,-1.4825439085390917,0.5127829767886483,711605.5062353263
48.72751675140753,145.58107669735696,10190.675368814987,20641.429482734282,2.082285864687679,550.3381237627667,147.09279045148358,-1.4852282849966028,0.5128360649181725,714744.1824813264
48.926541468469814,146.46346528723174,10252.442570106223,20890.27483975661,2.0701804284516014,559.2016437590797,147.93462953971263,-1.4879017151752438,0.512889306098455,717896.2449995222
49.12637909044996,147.35130624901234,10314.591437430863,21142.140717517825,2.0580785858669084,568.2086571865282,148.76874062539906,-1.4905640769953512,0.5129427016013313,721061.7495996202
49.32703293761105,148.2446337035404,10377.124359247828,21397.06394450351,2.0459813650203746,577.3614960283368,149.5950255777521,-1.493215251017562,0.512996252696057,724240.7523209593
49.52850634377732,149.14348198855367,10440.043739198758,21655.0817996096,2.0338897858128613,586.6625302746218,150.4133887348437,-1.4958551204534625,0.5130499606493066,727433.3094334464
49.730802656390125,150.0478856600971,10503.351996206799,21916.232017662645,2.0218048597450453,596.114168543187,151.22373692210837,-1.4984835711750422,0.5131038267251853,730639.4774385061
49.93392523656312,150.9578794939389,10567.051564575722,22180.55279500644,2.009727589708912,605.7188587104292,152.02597946926969,-1.5011004917229305,0.5131578521852296,733859.3130700213
50.13787745913835,151.87349848702337,10631.144894091636,22448.082795165512,1.9976589697846474,615.479088552594,152.82002822573097,-1.5037057733135244,0.5132120382884113,737092.8732952852
50.34266271274191,152.7947778589008,10695.634450123056,22718.86115456831,1.9855999850437638,625.3973863974934,153.60579757438114,-1.506299309844843,0.5132663862911426,740340.2153159487
50.548284399840846,153.72175305313735,10760.522713719614,22992.927488331454,1.9735516113584444,635.4763217869338,154.38320444383407,-1.5088809979011368,0.5133208974472929,743601.3965689878
50.75474593679926,154.65445973879366,10825.812181715557,23270.321896133002,1.961514815216,645.718506149933,155.15216831918204,-1.5114507367565064,0.5133755730081888,746876.4747276572
50.96205075393532,155.59293381189235,10891.505366832465,23551.08496815139,1.9494905535395157,656.1265934869824,155.9126112512085,-1.5140084283773156,0.5134304142226247,750165.5077024602
51.170202295577816,156.53721139689205,10957.604797782444,23835.25779107629,1.9374797735144824,666.7032810654714,156.66445786408778,-1.516553977423472,0.513485422336873,753468.5536421102
51.37920402012401,157.48732884817642,11024.11301937235,24122.881954194698,1.9254834124213238,677.451310126545,157.40763536159125,-1.5190872912485978,0.5135405985946877,756785.6709345143
51.58905940009678,158.44332275154832,11091.032592608382,24413.99955555036,1.9135023974739702,688.3734666034769,158.14207353181098,-1.5216082798990966,0.5135959442373208,760116.9182077446
51.799771922202005,159.40522992573443,11158.36609480141,24708.653208178803,1.9015376456644137,699.4725818517975,158.86770475041547,-1.5241168561121254,0.5136514605035307,763462.3543310144
52.011345087387156,160.3730874239043,11226.116119673301,25006.886046420223,1.889590063613225,710.7515333914197,159.5844639824658,-1.5266129353125164,0.513707148629591,766822.0384156744
52.22378241089897,161.3469325351942,11294.285277463596,25308.741732308234,1.8776605474261254,722.2132456608471,160.29228878279605,-1.5290964356086265,0.5137630098493076,770196.0298161923
52.43708742234216,162.32680278624483,11362.876195037137,25614.264462038103,1.8657499825565298,733.8606907837651,160.99111929498923,-1.5315672777871607,0.513819045394027,773584.3881311527
52.651263665737545,163.31273594276405,11431.891515993484,25923.49897251917,1.853859243673912,745.6968893481329,161.68089824897504,-1.5340253853070107,0.513875256492647,776987.1732042439
52.866314699581636,164.30477001110114,11501.33390077708,26236.490548008212,1.8419891945381497,757.7249111980891,162.3615709572612,-1.5364706842920945,0.5139316443716309,780404.4451252713
53.0822440969053,165.3029432397564,11571.206026782947,26553.285026799487,1.830140687880732,769.9478762387539,163.03308530977054,-1.5389031035230323,0.5139882102550286,783836.2642311553
53.29905544533336,166.30729412098822,11641.510588469175,26873.92880802535,1.8183145652908803,782.3689552542385,163.6953917674189,-1.5413225744280699,0.514044955364489,787282.6911069435
53.516752347143736,167.31786139240145,11712.250297468101,27198.468858530752,1.8065116571079562,794.9913707390014,164.3484433543772,-1.5437290310729876,0.5141018809192732,790743.7865868175
53.735338419328,168.33468403855082,11783.427882698557,27526.952719833535,1.7947327823197168,807.8183977428765,164.99219564906437,-1.5461224101500899,0.5141589881362731,794219.6117551212
53.95481729365109,169.35780129255022,11855.046090478516,27859.42851516859,1.7829787484665087,820.8533647298688,165.62660677389468,-1.5485026509662811,0.5142162782300279,797710.2279473756
54.17519261671137,170.38725263769365,11927.107684638555,28195.944956618685,1.771250351551285,834.0996544510089,166.25163738380624,-1.5508696954302579,0.5142737524127403,801215.6967513023
54.396468050001836,171.42307780909084,11999.615446636359,28536.55135233411,1.7595483759553796,847.5607048315455,166.8672506536024,-1.5532234880388462,0.5143314118942934,804736.0800078606
54.61864726997053,172.46531679530963,12072.572175671674,28881.29761383955,1.7478735943600903,861.2400098725977,167.4734122641274,-1.5555639758624835,0.5143892578822751,808271.4398122765
54.84173396808187,173.51400984003254,12145.980688802278,29230.234263431637,1.736226767673935,875.1411205676015,168.07009038730962,-1.5578911085298892,0.5144472915819909,811821.8385150847
55.065731850877484,174.56919744371805,12219.843821060264,29583.412441665136,1.7246086449656453,889.2676458337116,168.6572556700963,-1.5602048382119154,0.5145055141964869,815387.3387231632
55.290644640038494,175.6309203651886,12294.164425563202,29940.88391490129,1.7130199634036662,903.623253458521,169.23488121726916,-1.5625051196044524,0.5145639269265874,818968.0033007913
55.516476072446906,176.6992196234219,12368.945373639533,30302.70108301588,1.7014614481991288,918.211671062204,169.80294257331792,-1.5647919099109728,0.5146225309708936,822563.8953706931
55.74322990024792,177.7741364992668,12444.189554948676,30668.916987171946,1.6899338125552832,933.0366870754494,170.36141770324784,-1.5670651688241564,0.51468132752581,826175.0783150975
55.97090989091181,178.85571253711828,12519.89987759828,31039.58531766931,1.6784377576229257,948.1021517333575,170.91028697237573,-1.569324858506689,0.5147403177855647,829801.6157767898
56.19951982729721,179.94398954664288,12596.079268265003,31414.760421904193,1.6669739724607686,963.4119780856745,171.44953312519365,-1.5715709435714598,0.5147995029422383,833443.5716601859
56.42906350771361,181.03900960451202,12672.730672315842,31794.497312425094,1.6555431340011577,978.9701430235051,171.97914126330735,-1.5738033910610756,0.514858884185784,837101.0101323966
56.65954474598415,182.14081505614612,12749.857053930229,32178.85167508739,1.6441459070210203,994.7806883228214,172.49909882248295,-1.5760221704267299,0.5149184627040526,840773.9956242938
56.89096737150963,183.24944851747594,12827.461396223316,32567.879877309828,1.6327829441179311,1010.8477217051242,173.0093955488368,-1.5782272535064563,0.5149782396828182,844462.5928315984
57.12333522933172,184.36495287671056,12905.54670136974,32961.63897643062,1.6214548856913087,1027.1754179153934,173.51002347419532,-1.5804186145027739,0.5150382163057996,848166.8667159544
57.35665218019705,185.48737129612053,12984.115990728436,33360.18672816722,1.6101623599285904,1043.7680198177266,174.00097689065868,-1.5825962299597522,0.5150983937546907,851886.8825060192
57.5909221006209,186.61674721382818,13063.172304967973,33763.581595178184,1.5989059827963854,1060.629839508864,174.48225232440006,-1.584760078739519,0.5151587732091831,855622.7056985453
57.826148882952296,187.75312434553493,13142.718704187446,34171.882755701845,1.587686358037206,1077.765259450027,174.9538485087015,-1.586910141998092,0.5152193558470066,859374.4020594863
58.06233643543821,188.89654668641802,13222.758268049261,34585.150112359726,1.57650407716941,1095.1787336171994,175.41576635635545,-1.589046403160989,0.5152801428439417,863142.0376250887
58.29948868228877,190.04705851298914,13303.29409590924,35003.444301049734,1.5653597194923468,1112.874788670293,175.8680089313742,-1.5911688478982509,0.5153411353738495,866925.678703
58.537609563741924,191.2047043848995,13384.329306942964,35426.82669992331,1.5542538520967397,1130.858025141396,176.3105814200356,-1.5932774640988734,0.5154023346086958,870725.3918733672
58.77670303612968,192.36952914679736,13465.867040275816,35855.35943848807,1.5431870298791814,1149.133118642569,176.74349110134162,-1.5953722418448737,0.5154637417185863,874541.2439899632
59.01677307194344,193.5415779301937,13547.91045511356,36289.10540682036,1.532159795561089,1167.7048210933287,177.16674731690017,-1.5974531733849169,0.5155253578717927,878373.3021812959
59.25782365989965,194.7208961553401,13630.462730873807,36728.1282648908,1.521172679711995,1186.5779619682298,177.5803614402658,-1.5995202531075439,0.515587184234783,882221.6338517253
59.49985880500682,195.9075295331248,13713.527067318737,37172.49245200643,1.510226200777017,1205.7574495649549,177.9843468457705,-1.601573477514029,0.5156492219722522,886086.3066826009
59.742882528631526,197.10152406697551,13797.106684688286,37622.263196366344,1.499320865108543,1225.2482722930697,178.3787188768725,-1.6036128451908591,0.5157114722471505,889967.3886333847
59.986898868565554,198.30292605477942,13881.20482383456,38077.50652473636,1.4884571670019129,1245.055499983942,178.76349481405612,-1.6056383567818904,0.5157739362207148,893864.9479427909
60.23191187909242,199.51178209080533,13965.824746356373,38538.28927223821,1.4776355887351647,1265.1842852220398,179.13869384231023,-1.6076500149601658,0.5158366150525013,897779.0531299171
60.47792563105549,200.72813906763105,14050.969734734173,39004.67909225548,1.466856600612702,1285.639864698131,179.5043370182151,-1.609647824399424,0.5158995099004184,901709.7729954013
60.72494421192527,201.95204417813903,14136.643092469732,39476.74446648346,1.4561206610122424,1306.427560584552,179.86044723668476,-1.6116317917454182,0.5159626219207547,905657.1766225655
60.97297172586693,203.18354491747164,14222.848144223015,39954.55471508079,1.4454282164359218,1327.552781932987,180.20704919736454,-1.6136019255868912,0.5160259522682094,909621.3333785634
61.22201229380921,204.42268908501558,14309.58823595109,40438.180006952156,1.4347797015648178,1349.021026095229,180.5441693707308,-1.615558236426347,0.51608950209593,913602.3129155503
61.472070053512454,205.66952478639746,14396.866735047823,40927.691370156135,1.4241755393169835,1370.8378801671065,180.8718359639168,-1.6175007366505882,0.5161532725555393,917600.1851718399
61.723149159637565,206.92410043549557,14484.68703048469,41423.16070244204,1.413616140908826,1393.0090224561077,181.19007888629574,-1.6194294405010747,0.5162172647971734,921615.0203730752
61.97525378381453,208.18646475646204,14573.052532952343,41924.66078191472,1.4031019059198004,1415.540223972976,181.49892971484522,-1.6213443640440888,0.5162814799695135,925646.8890333936
62.22838811471251,209.45666678576512,14661.96667500356,42432.26527783284,1.392633222360232,1438.4373499478397,181.7984216593219,-1.6232455251407525,0.5163459192198148,929695.8619566169
62.48255635810889,210.7347558742389,14751.432911196724,42946.04876153727,1.38221046674228,1461.706361371055,182.08858952727346,-1.6251329434168995,0.5164105836939488,933762.0102374248
62.73776273695947,212.0207816891487,14841.454718240408,43466.08671751414,1.3718340041538748,1485.3533165593544,182.36946968891192,-1.6270066402328185,0.51647547453643,937845.4052625477
62.99401149146805,213.3147942162531,14932.035595137717,43992.45555458651,1.3615041883356833,1509.384372747561,182.64110004187296,-1.6288666386528745,0.516540592890457,941946.1187119485
63.25130687915772,214.61684376192588,15023.179063334812,44525.23261726264,1.3512213617605076,1533.8057877064978,182.90351997589784,-1.630712963415101,0.516605939897941,946064.2225600334
63.50965317494114,215.92698095525705,15114.888666867993,45064.496197208944,1.3409858557156593,1558.6239213872811,183.156770337445,-1.6325456409006742,0.516671516699543,950199.7890768475
63.76905467119124,217.24525675017094,15207.167972511965,45610.32554486477,1.3307979903879235,1583.8452375925287,183.40089339426686,-1.634364699103339,0.5167373244347069,954352.8908292732
64.02951567781328,218.57172242756727,15300.02056992971,46162.80088120348,1.320658074950948,1609.4763056750728,183.63593279997113,-1.6361701675988058,0.5168033642416967,958523.6006822566
64.29104052231592,219.90642959747026,15393.45007182292,46722.003409635145,1.3105664076551093,1635.523802264341,183.86193355859146,-1.6379620775141208,0.5168696372576316,962711.9918000143
64.55363354988347,221.2494302011967,15487.46011408377,47288.01532805718,1.3005232759196506,1661.9945130211067,184.07894198918905,-1.6397404614970346,0.5169361446185183,966918.1376472596
64.81729912344746,222.60077651353393,15582.054355947375,47860.91984105096,1.2905289564270859,1688.8953344208862,184.28700569050525,-1.6415053536853719,0.5170028874592902,971142.1119904204
65.08204162375993,223.96052114494037,15677.236480145826,48440.80117223138,1.2805837152196748,1716.2332755666791,184.48617350569097,-1.643256789676443,0.5170698669138423,975383.9888988821
65.34786544946579,225.32871704375214,15773.01019306265,49027.74457674425,1.2706878077980008,1744.01546003127,184.67649548712723,-1.6449948064964754,0.5171370841150644,979643.8427462174
65.61477501717602,226.70541749840785,15869.37922488855,49621.836353918414,1.2608414792214722,1772.2491277297747,184.8580228613619,-1.6467194425701093,0.5172045401948806,983921.7482114303
65.88277476154062,228.09067613969358,15966.347329778551,50223.16386007559,1.251044964210645,1800.9416368227785,185.0308079941799,-1.6484307376899614,0.5172722362842819,988217.7802801948
66.15186913532308,229.48454694300102,16063.918286010072,50831.815521496406,1.241298487251323,1830.1004656507862,185.19490435582549,-1.6501287329862713,0.5173401735133649,992532.01424612
66.42206260947393,230.88708423059674,16162.095896141773,51447.880847543754,1.231602262700376,1859.7332147002223,185.35036648639544,-1.6518134708966337,0.5174083530113642,996864.5257119982
66.6933596732046,232.29834267390783,16260.883987173547,52071.45044394778,1.221956494893128,1889.8476086016353,185.49724996141933,-1.653484995135841,0.5174767759066925,1001215.3905910616
66.96576483406291,233.7183772958293,16360.286410708051,52702.61602625659,1.212361378252221,1920.4514981607686,185.63561135764604,-1.6551433506658493,0.5175454433269742,1005584.6851082625
67.23928261800732,235.14724347303948,16460.307043112763,53341.470433448776,1.2028170973979393,1951.5528624227377,185.7655082190512,-1.65678858366587,0.5176143563990825,1009972.4858015353
67.51391756948246,236.58499693833693,16560.949785683584,53988.107641715505,1.19332382725984,1983.1598107701204,185.8869990230817,-1.658420741502607,0.5176835162491735,1014378.869523079
67.78967425149406,238.03169378298728,16662.21856480911,54642.62277840933,1.183881733189668,2015.2805850553157,186.0001431471519,-1.660039872700644,0.5177529240027272,1018803.9134406308
68.06655724568562,239.4873904590928,16764.117332136495,55305.112136166914,1.174490971075402,2047.9235617679872,186.10500083540742,-1.6616460269130013,0.5178225807845771,1023247.695038766
68.3445711524139,240.95214378197454,16866.650064738216,55975.67318720403,1.1651516874564116,2081.097254237851,186.20163316576918,-1.6632392548918657,0.5178924877189517,1027710.2921201828
68.62372059082576,242.42601093257298,16969.82076528011,56654.404597786706,1.1558640196396186,2114.810314873647,186.29010201727152,-1.6648196084595062,0.5179626459295072,1032191.7828070042
68.90401019893422,243.90904945986006,17073.633462190202,57341.40624287796,1.146628095816611,2149.071537438686,186.3704700377062,-1.6663871404793813,0.518033056539366,1036692.2455420735
69.18544463369646,245.40131728327592,17178.092209829316,58036.77922096804,1.1374440351815802,2183.8898593638382,186.44280061158716,-1.6679419048274573,0.5181037206711496,1041211.7590902757
69.46802857109071,246.9028726951753,17283.20108866227,58740.62586908363,1.128311948050071,2219.2743640982567,186.50715782844347,-1.6694839563637338,0.5181746394470175,1045750.4025398433
69.75176670619355,248.41377436329083,17388.96420543036,59453.049777981374,1.1192319359784464,2255.2342834986166,186.56360645145512,-1.6710133509039893,0.5182458139887003,1050308.2553036723
70.03666375325872,249.93408133322026,17495.385693325417,60174.15580753123,1.110204091883949,2291.7790002576435,186.61221188644086,-1.6725301451917658,0.5183172454175378,1054885.397120656
70.32272444579498,251.46385303092237,17602.469712164566,60904.050102284906,1.101228500165371,2328.918050372259,186.65304015120617,-1.674034396870584,0.5183889348545136,1059481.9080570105
70.6099535366449,253.0031492652301,17710.220448566106,61642.84010723523,1.0923052368242334,2366.6611256522524,186.68615784526457,-1.6755261644563997,0.51846088342029,1064097.8685076113
70.89835579806335,254.55203023038902,17818.64211612723,62390.63458377334,1.0834343695863373,2405.018076269953,186.71163211993743,-1.6770055073103265,0.5185330922352449,1068733.3591973265
71.1879360217977,256.1105565086126,17927.738955602883,63147.54362584136,1.0746159580236894,2443.998913351862,186.72953064884192,-1.6784724856116124,0.5186055624195054,1073388.461182377
71.47869901916668,257.678789072646,18037.51523508522,63913.67867627896,1.0658500536767817,2483.613811612534,186.73992159877588,-1.6799271603308763,0.5186782950929822,1078063.2558516788
71.77064962114079,259.2567892883543,18147.9752501848,64689.1525433742,1.0571367001770586,2523.873112031749,186.74287360100394,-1.6813695932036228,0.518751291375408,1082757.8249282048
72.06379267842192,260.84461891732377,18259.123324212665,65474.07941761509,1.0484759333695994,2564.7873245754176,186.73845572295636,-1.6827998467040328,0.518824552386369,1087472.2504703389
72.35813306152474,262.44234011948856,18370.9638083642,66268.57488865063,1.0398677814358623,2606.367130961248,186.7267374403405,-1.6842179840190377,0.5188980792453388,1092206.6148732568
72.65367566085732,264.0500154557683,18483.50108190378,67072.7559624569,1.0313122650165298,2648.623387469578,186.70778860967658,-1.685624069022686,0.5189718730717181,1096961.0008702958
72.95042538680184,265.6677078907246,18596.739552350722,67886.74107871384,1.0228093973343484,2691.567127800224,186.68167944126006,-1.6870181662507968,0.5190459349848622,1101735.4915343241
73.24838716979713,267.2954807952422,18710.683655666955,68710.65012839902,1.0143591843168775,2735.209565976349,186.64848047255407,-1.6884003408759178,0.519120266104121,1106530.1702791427
73.54756596041992,268.9333979492206,18825.33785644544,69544.60447159345,1.0059616247191714,2779.5620992956815,186.6082625420213,-1.689770658682586,0.5191948675488698,1111345.1208608644
73.84796672946747,270.58152354429006,18940.706648100306,70388.72695550871,0.9976167102462661,2824.6363113302355,186.56109676339182,-1.6911291860428883,0.5192697404385422,1116180.4273793173
74.1495944680395,272.2399221865396,19056.794553057774,71243.14193273244,0.98932442567549,2870.4439749750213,186.50705450037853,-1.6924759898923387,0.5193448858926655,1121036.1742794346
74.45245418762204,273.90865889927426,19173.606122949197,72107.97527970305,0.9810847489784524,2916.997055546968,186.4462073418351,-1.693811137706069,0.5194203050308948,1125912.4463526797
74.75655092017027,275.5877991257744,19291.145938804206,72983.35441540233,0.9728976514428154,2964.307713934392,186.37862707736696,-1.6951346974753274,0.519495998973041,1130809.3287384508
75.06188971819161,277.2774087320681,19409.418611244768,73869.40832027451,0.9647630977937165,3012.388309798074,186.3043856733925,-1.6964467376842984,0.5195719688391165,1135726.9069254925
75.36847565483063,278.97755400978457,19528.42878068492,74766.26755541094,0.9566810463145099,3061.251404825014,186.2235552496529,-1.6977473272872732,0.5196482157493514,1140665.2667533369
75.67631382395271,280.68830167896056,19648.181117527238,75674.06428193496,0.9486514489673723,3110.909766035251,186.1362080561827,-1.6990365356861152,0.519724740824234,1145624.4944137235
75.98540934022898,282.4097188908887,19768.68032236221,76592.93228063625,0.9406742515133161,3161.376369143016,186.04241645073282,-1.7003144327080577,0.5198015451845421,1150604.6764520414
76.29576733922069,284.1418732309803,19889.931126168623,77523.00697184405,0.9327493936316941,3212.6644019728133,185.94225287665085,-1.7015810885838294,0.5198786299513751,1155605.8997687614
76.60739297746542,285.884832721658,20011.938290516056,78464.4254355496,0.9248768090390889,3264.7872679317334,185.83578984121678,-1.7028365739261169,0.5199559962461835,1160628.251620899
76.92029143256225,287.6386658252586,20134.7066077681,79417.32643177075,0.9170564256076431,3317.7585895384186,185.72309989443733,-1.7040809597083526,0.5200336451908014,1165671.81962346
77.23446790325794,289.40344144696166,20258.240901287318,80381.8504211695,0.9092881654827183,3371.592212009987,185.60425560829586,-1.7053143172438427,0.5201115779074816,1170736.691750904
77.5499276095328,291.1792289377336,20382.546025641353,81358.13958592029,0.9015719451998954,3426.3022069076133,185.47932955645672,-1.706536718165215,0.5201897955189181,1175822.9563386017
77.86667579268831,292.9660980972999,20507.62686681099,82346.33785083886,0.893907675801234,3481.9028758420845,185.34839429442752,-1.7077482344042196,0.5202682991482825,1180930.702084321
78.18471771543376,294.7641191771309,20633.488342399163,83346.59090476701,0.88629526295081,3538.4087542398684,185.2115223401716,-1.7089489381718521,0.5203470899192533,1186060.0180496986
78.50405866197318,296.57336288344766,20760.135401841337,84359.04622221921,0.8787346070494854,3595.8346151708693,185.06878615517536,-1.7101389019388122,0.520426168956045,1191210.9936617147
78.82470393809406,298.39390038025704,20887.573026617993,85383.85308530023,0.8712256033488357,3654.1954732391832,184.92025812596438,-1.7113181984163042,0.5205055373834369,1196383.7187142002
79.14665887125501,300.22580329237525,21015.806230466267,86421.1626058726,0.8637681420643729,3713.50658853734,184.76601054607136,-1.7124869005371557,0.5205851963268076,1201578.283369322
79.4699288106744,302.0691437084943,21144.840059594604,87471.12774800902,0.8563621084878145,3773.783470665486,184.60611559844784,-1.7136450814372823,0.5206651469121635,1206794.7781590887
79.79451912741875,303.9239941843327,21274.67959290329,88533.90335075886,0.8490073830982204,3835.041882816306,184.44064533831374,-1.7147928144375195,0.520745390266159,1212033.293986852
80.12043521449284,305.79042774572173,21405.329942200522,89609.64615114263,0.8417038416725597,3897.29784592715,184.26967167645518,-1.715930173025743,0.5208259275161304,1217293.9221288327
80.44768248692873,307.66851789173757,21536.79625242163,90698.5148074431,0.834451355395248,3960.5676428999345,184.09326636295896,-1.7170572308393333,0.5209067597901236,1222576.754235634
80.776266381876,309.55833859786037,21669.083701850224,91800.66992278624,0.8272497909666976,4024.867822890375,183.91150097138058,-1.71817406164798,0.5209878882169214,1227881.8823337725
81.10619235869149,311.45996431915023,21802.197502340518,92916.27406900827,0.8200990107109163,4090.2152056673317,183.72444688334448,-1.7192807393368066,0.5210693139260696,1233209.3988271991
81.43746589903093,313.37346999345425,21936.1428995418,94045.49181082175,0.8129988726820617,4156.626886043917,183.5321752735712,-1.7203773378898402,0.5211510380479103,1238559.3964988566
81.77009250693958,315.29893104462803,22070.925173123964,95188.48973027337,0.8059492307700167,4224.120238380951,183.33475709532863,-1.7214639313737936,0.521233061713601,1243931.9685122157
82.10407770894315,317.23642338577883,22206.54963700452,96345.4364515021,0.7989499348049234,4292.712921164213,183.13226306630474,-1.7225405939221812,0.5213153860551436,1249327.2084128188
82.43942705414061,319.18602342254013,22343.021639577808,97516.50266580668,0.7920008306606353,4362.422881657014,182.9247636548954,-1.7236073997197654,0.521398012205414,1254745.210129854
82.77614611429574,321.1478080563599,22480.346563945193,98701.86115701552,0.7851017603571278,4433.268360628711,182.71232906690292,-1.7246644229873156,0.5214809412981827,1260186.06797771
83.11424048393006,323.12185468781655,22618.52982814716,99901.68682717139,0.7782525621618154,4505.267897160906,182.49502923264495,-1.7257117379666949,0.521564174468145,1265649.8766575505
83.45371578041505,325.1082412199297,22757.57688539508,101116.15672251309,0.7714530706898587,4578.440333532217,182.2729337944669,-1.7267494189062522,0.5216477128509442,1271136.7312588808
83.79457764406654,327.10704606150216,22897.49322430515,102345.45005978123,0.764703117003329,4652.804820183478,182.04611209465412,-1.7277775400465418,0.5217315575832056,1276646.727261149
84.13683173823773,329.1183481305873,23038.28436914111,103589.7482529138,0.7580025287089178,4728.380820763967,181.81463316372358,-1.7287961756063872,0.5218157098025431,1282179.9605353242
84.48048374941364,331.1422268578571,23179.955880049998,104849.23493998991,0.7513511300549219,4805.188117260548,181.5785657091195,-1.729805399769217,0.5219001706475939,1287736.5273454972
84.82553938730487,333.17876219002767,23322.513353301936,106124.09601052628,0.7447487420269755,4883.246815210687,181.3379781042894,-1.7308052866697188,0.5219849412580402,1293316.5243504746
85.17200438494353,335.22803459331965,23465.962421532375,107414.5196331162,0.7381951824425893,4962.577349001276,181.0929383781378,-1.7317959103808098,0.5220700227746331,1298920.0486054025
85.51988449877798,337.2901250569354,23610.308753985475,108720.69628340309,0.7316902660445539,5043.200487253996,180.84351420485254,-1.7327773449009012,0.5221554163392159,1304547.1975633765
85.86918550876794,339.36511509655884,23755.558056759117,110042.81877239709,0.7252338045931805,5125.137338298927,180.58977289410228,-1.7337496641414725,0.5222411230947455,1310198.0690770543
86.21991321848154,341.45308675788925,23901.71607305225,111381.08227514544,0.7188256069573361,5208.409355738255,180.3317813815945,-1.7347129419149465,0.5223271441853186,1315872.7614003015
86.57207345519107,343.55412262019064,24048.788583413345,112735.68435974902,0.7124654792043276,5293.038344100778,180.06960621999164,-1.7356672519228495,0.5224134807561889,1321571.3731898167
86.92567206997019,345.66830579987044,24196.781405990932,114106.8250167387,0.7061532246885859,5379.046464589358,179.8033135701812,-1.7366126677442781,0.5225001339537922,1327294.0035067801
87.28071493779036,347.79571995407815,24345.70039678547,115494.7066888091,0.6998886441391757,5466.45624092232,179.53296919289122,-1.7375492628246463,0.5225871049257678,1333040.7518184897
87.63720795761958,349.9364492843358,24495.55144990351,116899.53430092176,0.6936715357460929,5555.290565271045,179.25863844064736,-1.7384771104647245,0.5226743948209771,1338811.718000035
87.99515705251966,352.0905785401442,24646.34049781009,118321.5152907437,0.6875016952455044,5645.572704294477,178.98038625007226,-1.7393962838099464,0.5227620047895325,1344607.0023359489
88.35456816974497,354.25819302272276,24798.07351159059,119760.85963953589,0.6813789160034813,5737.326305272795,178.69827713450024,-1.740306855840035,0.5228499359828105,1350426.7055218802
88.71544728084056,356.43937858870515,24950.756501209362,121217.77990337179,0.6753029890987403,5830.575402341396,178.412375176926,-1.7412088993588755,0.5229381895534699,1356270.928666261
89.07780038174252,358.6342216538625,25104.395515770375,122692.49124474083,0.6692737034041741,5925.344422827517,178.12274402327165,-1.7421024869846702,0.5230267666554742,1362139.7732920055
89.44163349287687,360.84280919685546,25258.996643779883,124185.21146454224,0.6632908456671757,6021.658193690306,177.82944687596742,-1.7429876911403628,0.5231156684441116,1368033.34133819
89.80695265925928,363.06522876301403,25414.566013410982,125696.16103447262,0.6573542005887573,6119.541948066521,177.5325464878386,-1.743864584044329,0.5232048960760134,1373951.7351617427
90.17376395059641,365.3015684681524,25571.10979277067,127225.56312981744,0.65146355090145,6219.0213319239165,177.23210515629444,-1.7447332377013371,0.5232944507091726,1379895.0575391634
90.54207346138614,367.55191700239965,25728.634190167977,128773.64366263816,0.6456186774460322,6320.122410823257,176.92818471781308,-1.745593723893763,0.523384333502962,1385863.4116682222
90.91188731101914,369.8163636340645,25887.145454384514,130340.63131537188,0.639819359247045,6422.871676791477,176.62084654271723,-1.7464461141730685,0.5234745456181542,1391856.9011696833
91.28321164387984,372.09499821351994,26046.649874946397,131926.75757483862,0.634065373587137,6527.296055307217,176.31015153023463,-1.7472904798515239,0.523565088216936,1397875.6300890164
91.65605262944956,374.3879111771267,26207.15378239887,133532.25676667463,0.628356496080188,6633.422912401406,175.99616010383696,-1.7481268919941932,0.5236559624629276,1403919.7028981466
92.03041646240858,376.69519355116927,26368.663548581848,135157.36609017832,0.6226925007432832,6741.280061873807,175.6789322068526,-1.7489554214111562,0.5237471695211988,1409989.2244971844
92.40630936273838,379.01693695579894,26531.185586905925,136802.32565356814,0.617073160067558,6850.89577262784,175.35852729835204,-1.7497761386499704,0.523838710558292,1416084.3002161602
92.78373757582618,381.3532336090843,26694.726352635902,138467.3785097336,0.6114982450876728,6962.298776126179,175.0350043492821,-1.750589113988391,0.5239305867422293,1422205.0358167964
93.16270737256792,383.7041763310226,26859.292343171583,140152.770692375,0.6059675254502811,7075.518273968039,174.70842183886737,-1.751394417427312,0.5240227992425295,1428351.5374942545
93.54322504947285,386.06985854759154,27024.89009833141,141858.75125259688,0.6004807694813002,7190.583945591016,174.37883775126008,-1.752192118683943,0.52411534923023,1434523.9118789078
93.92529692876738,388.4503742948308,27191.526200638156,143585.572295951,0.5950377442520222,7307.525956098891,174.04630957243558,-1.75298228718521,0.5242082378778925,1440722.2660381033
94.30892935850123,390.84581822296025,27359.207275607216,145333.48901994133,0.5896382156440474,7426.374964218314,173.7108942873266,-1.753764992061393,0.5243014663596284,1446946.7074779603
94.69412871265222,393.25628560051837,27527.939992036285,147102.7597519826,0.5842819484130952,7547.162130385433,173.37264837719184,-1.7545403021399721,0.5243950358511054,1453197.3441451478
95.08090139123244,395.6818723185349,27697.731062297444,148893.64598782972,0.5789687062516624,7669.919124965391,173.03162781721443,-1.7553082859397018,0.5244889475295664,1459474.284428686
95.46925382039396,398.1226748947268,27868.587242630874,150706.41243047407,0.5736982519559524,7794.678136606302,172.68788810604678,-1.75606901166489,0.5245832025738386,1465777.6371617361
95.85919245253662,400.5787904777345,28040.515333441417,152541.3270295269,0.5684703470607337,7921.471880730771,172.34148413598095,-1.7568225471999033,0.524677802164355,1472107.5116234296
96.25072376641471,403.05031685137857,28213.5221795965,154398.661021078,0.5632847525430169,8050.333608166108,171.99247038449224,-1.7575689601038609,0.5247727474831592,1478464.0175406768
96.64385426724405,405.5373524389282,28387.614670724975,156278.68896803094,0.5581412284465259,8181.297113916069,171.64090078282862,-1.7583083176055383,0.5248680397139229,1484847.265089982
97.03859048681124,408.03999630744715,28562.7997415213,158181.68880097047,0.5530395340482235,8314.396746076978,171.28682874739596,-1.7590406865984844,0.524963680041961,1491257.364899295
97.43493898358136,410.5583481721428,28739.084372049998,160107.94185951113,0.5479794279143004,8449.667414899417,170.93030717861586,-1.7597661336363182,0.5250596696542353,1497694.4280498382
97.83290634280736,413.09250840074276,28916.47558805199,162057.73293415087,0.5429606679550856,8587.144601998903,170.57138845997815,-1.7604847249282278,0.5251560097393744,1504158.566077961
98.2324991766387,415.6425780179012,29094.980461253082,164031.3503086384,0.5379830114788863,8726.864369717197,170.210124457279,-1.7611965263346536,0.5252527014876793,1510649.8909769796
98.63372412423236,418.2086587096496,29274.606109675475,166029.08580287118,0.5330462152447368,8868.86337063779,169.8465665180399,-1.7619016033631643,0.5253497460911416,1517168.515199062
99.03658785186235,420.79085282786565,29455.359697950596,168051.23481631026,0.5281500355141205,9013.178857256737,169.48076547110458,-1.7626000211645034,0.5254471447434466,1523714.5516570818
99.44109705303096,423.38926339478195,29637.248437634735,170098.0963719354,0.5232942281016292,9159.848691812542,169.11277162640832,-1.7632918445288315,0.5255448986399884,1530288.1137265046
99.84725844857901,426.0039941075175,29820.279587526224,172169.97316073265,0.5184785484246061,9308.911356276716,168.7426347749151,-1.7639771378821307,0.5256430089778819,1536889.3152472586
100.25507878679889,428.635149342656,30004.46045398592,174267.1715867405,0.5137027515517374,9460.405962508989,168.37040418871436,-1.7646559652827856,0.525741476955967,1543518.2705256473
100.66456484354596,431.28283416084105,30189.798391258875,176390.0018126369,0.5089665922506579,9614.372262578341,167.9961286212796,-1.765328390418335,0.5258403037748232,1550175.0943362417
101.07572342235055,433.9471543113849,30376.300801796944,178538.77780587057,0.5042698250345836,9770.850659253281,167.6198563078815,-1.7659944766023825,0.52593949063678,1556859.901923776
101.48856135453224,436.62821623698164,30563.975136588713,180713.8173854193,0.49961220420782937,9929.882216664873,167.24163496614074,-1.7666542867716846,0.5260390387459217,1563572.8090050842
101.90308549931252,439.3261270783926,30752.82889548748,182915.44226907217,0.4949934839104498,10091.508671143836,166.86151179673217,-1.76730788348338,0.5261389493080959,1570313.931771014
102.31930274392923,442.0409946791774,30942.86962754242,185143.97812130256,0.4904134181618877,10255.772442235859,166.4795334842283,-1.7679553289123853,0.5262392235309239,1577083.3868883587
102.73722000375005,444.77292759045565,31134.104931331894,187399.75460172677,0.4858717609036677,10422.716643897034,166.09574619807856,-1.768596684848938,0.5263398626238072,1583881.2915017898
103.15684422238874,447.522035075715,31326.54245530005,189683.10541416967,0.4813682660411174,10592.385095873753,165.7101955937171,-1.7692320126962913,0.5264408677979373,1590707.7632358188
103.57818237181961,450.288427115641,31520.18989809487,191994.36835632208,0.47690268748417325,10764.822335268387,165.32292681380014,-1.7698613734685527,0.5265422402663027,1597562.920196743
104.00124145249383,453.072214412989,31715.055008909232,194333.8853700151,0.47247477918724656,10940.073628295173,164.9339844895646,-1.7704848277886682,0.5266439812436932,1604446.8809746134
104.42602849345485,455.87350839748126,31911.14558782369,196702.0025921049,0.46808429518818695,11118.184982228324,164.54341274230663,-1.771102435886541,0.5267460919467106,1611359.7646451928
104.85255055245652,458.692421230754,32108.469486152782,199099.07040599477,0.4637309896463213,11299.203157547045,164.15125518497354,-1.771714257597296,0.5268485735937727,1618301.690771955
105.28081471607963,461.52906581132646,32307.03460679285,201525.44349377998,0.45941461687961754,11483.175680278866,163.75755492386648,-1.7723203523596642,0.5269514274051199,1625272.7794080628
105.71082809984908,464.3835557796048,32506.848904572336,203981.48088903248,0.45513493140096956,11670.15085454546,163.3623545604528,-1.7729207792145125,0.5270546546028212,1632273.1510983512
106.14259784835335,467.2560055229347,32707.920386605427,206467.54603024584,0.4508916879535916,11860.17777531501,162.96569619327707,-1.77351559680349,0.5271582564107806,1639302.9268813527
106.57613113536237,470.14653018067594,32910.25711264731,208984.0068149248,0.4466846415455763,12053.306341362859,162.5676214199749,-1.774104863367803,0.5272622340547413,1646362.2282912948
107.01143516394716,473.0552456493205,33113.86719545243,211531.23565434627,0.442513547483595,12249.587268445212,162.16817133938133,-1.7746886367471126,0.5273665887622911,1653451.1773601265
107.44851716659853,475.9822685876038,33318.758801132266,214109.60952895205,0.4383781614058218,12449.07210268838,161.76738655373697,-1.7752669743785443,0.5274713217628706,1660569.896619531
107.88738440534875,478.92771642170857,33524.9401495196,216719.51004447453,0.43427823931395426,12651.81323419862,161.36530717097486,-1.7758399332958212,0.5275764342877778,1667718.5091029862
108.32804417189114,481.8917073505555,33732.41951453889,219361.3234888017,0.4302135376043572,12857.863910894137,160.96197280708577,-1.776407570128515,0.5276819275701636,1674897.1383477906
108.77050378770174,484.87436035102587,33941.20522457181,222035.44088943876,0.42618381309855263,13067.278252564633,160.55742258857978,-1.7769699411013946,0.5277878028450407,1682105.9083971262
109.21477060416012,487.8757951832553,34151.30566282787,224742.25807170977,0.42218882307287176,13280.111265160807,160.15169515502177,-1.777527102033889,0.5278940613492848,1689344.943802104
109.66085200267275,490.8961323959803,34362.72926771862,227482.1757176873,0.41822832528731013,13496.418855319256,159.7448286616402,-1.7780791083396532,0.5280007043216437,1696614.3696238552
110.10875539479508,493.9354933319104,34575.48453323373,230255.59942583495,0.41430207801363367,13716.257845124732,159.33686078200918,-1.7786260150262374,0.5281077330027337,1703914.3114355986
110.55848822235389,496.9940001331368,34789.58000931958,233062.93977138193,0.410409840062732,13939.685987114422,158.92782871080036,-1.7791678766948558,0.5282151486350455,1711244.8953247145
111.0100579575724,500.0717757465956,35005.02430226169,235904.61236745317,0.4065513708112085,14166.761979529454,158.51776916659767,-1.7797047475402514,0.5283229524629469,1718606.247894863
111.46347210319344,503.1689439295522,35221.82607506865,238781.0379269353,0.40272643022726173,14397.545481815334,158.106718394778,-1.780236681350656,0.5284311457326833,1725998.4962680712
111.9187381926046,506.28562925513575,35439.9940478595,241692.64232511245,0.39893477889583223,14632.0971303774,157.6947121704504,-1.7807637315078446,0.5285397296923806,1733421.7680868537
112.37586378996244,509.4219571179031,35659.536998253214,244639.8566630627,0.3951761780430541,14870.478554593963,157.28178580145337,-1.7812859509872718,0.5286487055920466,1740876.1915163165
112.83485649031961,512.5780537394585,35880.46376176209,247623.11733184825,0.3914503895599875,15112.75239309331,156.86797413140428,-1.7818033923583045,0.5287580746835705,1748361.8952463097
113.29572391975006,515.7540461740964,36102.783232186746,250642.8660774795,0.3877571760256869,15358.9823102965,156.45331154280393,-1.7823161077845353,0.5288678382207279,1755879.0084935497
113.75847373547622,518.9500623144953,36326.504362014675,253699.5500666855,0.384096300729581,15609.233013232262,156.03783196018648,-1.7828241490241727,0.5289779974591748,1763427.661003772
114.2231136259953,522.1662308974217,36551.636162819515,256793.6219534648,0.3804675276932203,15863.570268626943,155.62156885332234,-1.783327567430524,0.5290885536564589,1771007.9830538728
114.68965131120846,525.4026815095411,36778.18770566788,259925.5399465185,0.37687062169130175,16122.060920276095,155.2045552404542,-1.783826413952541,0.5291995080720089,1778620.1054540947
115.15809454254835,528.6595445932232,37006.168121525625,263095.76787746616,0.37330534827209955,16384.772906699814,154.78682369158145,-1.784320739135457,0.529310861967139,1786264.1595501872
115.62845110310715,531.9369514523856,37235.586601667,266304.7752698962,0.36977147377727104,16651.775279087724,154.3684063317838,-1.7848105931214802,0.5294226166050453,1793940.2772255768
116.10072880776735,535.2350342584,37466.452398088,269553.03740928567,0.3662687653610181,16923.138219539527,153.94933484457977,-1.7852960256505743,0.5295347732508104,1801648.5909035818
116.57493550333068,538.5539260560247,37698.774823921725,272841.03541376366,0.3627969910086553,17198.933059603452,153.52964047532038,-1.7857770860612976,0.5296473331713991,1809389.2335495946
117.05107906864887,541.8937607693894,37932.56325385725,276169.256305753,0.35935591955456864,17479.23229911958,153.10935403461392,-1.7862538232917093,0.529760297635655,1817162.338673297
117.52916741475366,545.254673208012,38167.82712456084,279538.1930844839,0.3559453206995967,17764.10962537144,152.68850590178266,-1.786726285880347,0.529873667914305,1824968.040330863
118.00920848498966,548.6367990728767,38404.57593510137,282948.34479941375,0.35256496502781515,18053.63993255328,152.26712602834488,-1.7871945219672618,0.5299874452799509,1832806.4731272077
118.49121025514559,552.0402749625384,38642.81924737769,286400.21662453574,0.34921462402276926,18347.89934155532,151.84524394152476,-1.7876585792951176,0.530101631007073,1840677.7722182097
118.97518073358614,555.4652383792742,38882.566686549195,289894.3199336001,0.34589407008314715,18646.965220073616,151.4228887477849,-1.7881185052103428,0.530216226372022,1848582.0733129461
119.4611279613864,558.9118277352895,39123.82794147027,293431.1723762743,0.3426030765378931,18950.916203051136,151.00008913638126,-1.7885743466643511,0.5303312326530243,1856519.5126759657
119.9490600124645,562.380182358957,39366.612765126985,297011.2979552234,0.33934141766079706,19259.832213452675,150.57687338293755,-1.789026150214803,0.53044665113017,1864490.2271295388
120.43898499371632,565.8704425011061,39610.93097507743,300635.2271041474,0.33610886868454787,19573.79448338154,150.15326935303736,-1.7894739620269302,0.5305624830854148,1872494.3540559355
120.93091104514907,569.3827493413497,39856.79245389448,304303.49676676677,0.3329052058142792,19892.88557554167,149.72930450583522,-1.789917827874911,0.5306787298025788,1880532.0313996898
121.42484634001818,572.9172449944735,40104.20714961315,308016.6504767979,0.32973020624059,20217.18940505347,149.3050058976778,-1.7903577931432908,0.5307953925673374,1888603.3976699156
121.92079908496196,576.4740725168524,40353.18507617967,311775.23843889113,0.326583648152084,20546.791261625942,148.88040018574165,-1.7907939028284532,0.530912472667221,1896708.5919425883
122.4187775201385,580.053375912925,40603.73631390475,315579.81761057687,0.32346531074740975,20881.777832093543,148.45551363168028,-1.7912262015401375,0.5310299713916091,1904847.7538628622
122.91878991936164,583.6553001417035,40855.87100991925,319430.95178520604,0.32037497424683165,21222.237223321765,148.03037210528234,-1.7916547335030009,0.5311478900317279,1913021.0236473726
123.42084459023985,587.2799911233479,41109.59937863435,323329.21167592955,0.3173124199033151,21568.258985490214,147.6050010881358,-1.792079542558223,0.5312662298806425,1921228.5420865882
123.92494987431354,590.927595745772,41364.93170220404,327275.1750006924,0.31427743001316555,21919.934135756124,147.17942567730083,-1.7925006721651537,0.5313849922332559,1929470.4505471345
124.43111414719291,594.5982618712962,41621.87833099074,331269.4265682725,0.31126978792621474,22277.3551823061,146.75367058898678,-1.7929181654029949,0.5315041783862988,1937746.8909741296
124.93934581869863,598.2921383433653,41880.44968403557,335312.55836539436,0.3082892780555517,22640.616148804063,146.32776016223235,-1.7933320649725295,0.5316237896383302,1946058.005893563
125.44965333300051,602.0093749932955,42140.656249530686,339405.16964489396,0.3053356858868355,23009.812599238503,145.90171836258938,-1.793742413197879,0.531743827289727,1954403.9384146468
125.96204516875838,605.7501226470825,42402.50858529578,343547.867014979,0.3024087979871735,23385.041663178486,145.47556878580662,-1.7941492520283027,0.5318642926426775,1962784.832232198
126.47652983926183,609.5145331322451,42666.01731925716,347741.2645295738,0.2995084020135929,23766.402061442885,145.04933466151468,-1.7945526230400255,0.5319851870011809,1971200.831629006
126.99311589257333,613.3027592847385,42931.19314993169,351985.9837797944,0.29663428672109143,24153.994132192733,144.62303885690739,-1.7949525674381013,0.5321065116710348,1979652.0814782544
127.51181191166911,617.1149549558925,43198.046846912475,356282.6539865216,0.29378624197030523,24547.919857449644,144.19670388042294,-1.7953491260583077,0.532228267959832,1988138.727245906
128.03262651458235,620.9512750194272,43466.5892513599,360631.9120941429,0.2909640587347674,24948.28289005067,143.77035188541808,-1.7957423393690684,0.532350457176952,1996660.9149931264
128.5555683545453,624.811875378495,43736.831276494646,365034.4028654189,0.2881675291078026,25355.188581043956,143.34400467384089,-1.796132247473405,0.5324730806335534,2005218.7913786925
129.08064612013462,628.6969129727935,44008.783908095545,369490.7789775378,0.28539644630903166,25768.744007536177,142.91768369989447,-1.7965188901109168,0.5325961396425678,2013812.503661448
129.60786853541498,632.6065457857152,44282.45820500006,374001.70111933455,0.2826506046905212,26189.058000994923,142.4914100736952,-1.7969023066597862,0.5327196355186916,2022442.1997027379
130.13724436008312,636.5409328515466,44557.86529960826,378567.838089702,0.2799297997425768,26616.241176015334,142.0652045649238,-1.797282536138805,0.5328435695783769,2031108.0279688458
130.66878238961513,640.5002342627392,44835.016398391745,383189.86689723475,0.27723382809917096,27050.40595956094,141.63908760646453,-1.7976596172094317,0.5329679431398249,2039810.1375334866
131.20249145541143,644.4846111772123,45113.92278240486,387868.47286107315,0.27456248754304474,27491.666620681837,141.21307929803717,-1.7980335881778633,0.5330927575229776,2048548.6780802605
131.73838042494404,648.4942258257198,45394.59580780039,392604.3497130007,0.27191557701046437,27940.13930072196,140.7871994098166,-1.7984044869971338,0.5332180140495055,2057323.7999051448
132.2764582019028,652.529241519259,45677.04690634813,397398.1997007823,0.26929289659565947,28395.94204402056,140.36146738604177,-1.7987723512692284,0.5333437140428043,2066135.653918971
132.81673372634506,656.5898226565542,45961.287585958795,402250.73369279795,0.26669424755492716,28859.194829119824,139.9359023486105,-1.7991372182472198,0.5334698588279811,2074984.3916499561
133.35921597484298,660.6761347315722,46247.329431210055,407162.67128393607,0.2641194323104366,29330.01960048217,139.5105231006625,-1.7994991248374217,0.5335964497318475,2083870.1652461963
133.9039139606333,664.7883443411001,46535.18410387701,412134.74090279726,0.2615682544537244,29808.540300729415,139.08534813014808,-1.7998581076015578,0.5337234880829098,2092793.1274782014
134.45083673376595,668.9266191923763,46824.86334346634,417167.6799202141,0.25904051874889084,30294.88290340947,138.66039561338155,-1.800214202758946,0.533850975211356,2101753.4317414104
134.99999338125616,673.0911281107954,47116.37896775568,422262.2347591287,0.25653603113549384,30789.175446303234,138.23568341857762,-1.8005674461887018,0.533978912449051,2110751.232058766
135.5513930272345,677.2820410476438,47409.74287333507,427419.1610057879,0.25405459873117364,31291.54806527565,137.81122910937387,-1.80091787343195,0.534107301129521,2119786.6830832516
136.10504483309768,681.4995290878945,47704.967036152615,432639.22352230985,0.25159602983399776,31802.13302868231,137.38704994833634,-1.8012655196940506,0.534236142587946,2128859.940100447
136.66095799766242,685.7437644580771,48002.0635120654,437923.19656065776,0.24916013392452188,32321.064772342903,136.96316290044533,-1.8016104198468414,0.5343654381611467,2137971.159031127
137.21914175731732,690.0149205341851,48301.04443739296,443271.86387798993,0.24674672166759914,32848.479935086114,136.5395846365652,-1.801952608430884,0.5344951891875758,2147120.496433837
137.77960538617657,694.3131718496509,48601.92202947556,448686.0188534389,0.24435560491392416,33384.51739487899,136.11633153689468,-1.8022921196577264,0.5346253970073049,2156308.10950749
138.34235819623322,698.6386941033687,48904.70858723581,454166.46460631565,0.24198659670133088,33929.31830554803,135.6934196943987,-1.8026289874121701,0.5347560629620125,2165534.15609396
138.90740953751546,702.9916641677956,49209.416491745695,459714.01411579025,0.23963951125583297,34483.02613410528,135.2708649182187,-1.8029632452545503,0.5348871883949748,2174798.794680731
139.4747687982408,707.3722600970893,49516.05820679625,465329.49034201604,0.23731416399243707,35045.7866986842,134.84868273706496,-1.8032949264230203,0.5350187746510497,2184102.1844034996
140.04444540497266,711.7806611353188,49824.64627947232,471013.7263487602,0.23501037151571427,35617.74820709981,134.42688840258617,-1.8036240638358418,0.5351508230766684,2193444.485048828
140.6164488227759,716.2170477247064,50135.19334072945,476767.56542750273,0.23272795162015852,36199.06129603993,134.00549689272214,-1.8039506900936881,0.535283335019821,2202825.8570567756
141.19078855537575,720.6816015139915,50447.71210597941,482591.8612231461,0.23046672329029147,36789.87907090232,133.58452291502726,-1.8042748374819435,0.5354163118300443,2212246.4615235864
141.76747414531476,725.1745053668076,50762.21537567653,488487.47786120436,0.2282265067005752,37390.357146282964,133.1639809099779,-1.8045965379730142,0.5355497548584054,2221706.460204345
142.34651517411072,729.695943370118,51078.71603590826,494455.29007655435,0.22600712321511518,38000.653687128855,132.7438850542568,-1.8049158232286393,0.5356836654574928,2231206.01551565
142.92792126241733,734.246100842739,51397.22705899173,500496.1833438014,0.2238083953871451,38620.92945056869,132.3242492640129,-1.8052327246022082,0.5358180449814012,2240745.290538329
143.51170207018305,738.825164343902,51717.76150407314,506611.0540092197,0.2216301469583233,39251.347828427104,131.90508719810023,-1.805547273141077,0.5359528947857173,2250324.4490201287
144.0978672968121,743.4333216818924,52040.332517732466,512800.80942433083,0.2194722028578281,39892.07489043832,131.48641226129206,-1.8058594995888912,0.5360882162275042,2259943.6553784376
144.68642668132452,748.070761922737,52364.95333459159,519066.3680811079,0.2173343892012693,40543.279428167254,131.06823760747233,-1.806169434387904,0.5362240106652927,2269603.0747029935
145.2773900025197,752.7376753989785,52691.637277928494,525408.6597488702,0.21521653328940638,41205.1329996544,130.65057614280158,-1.806477107681301,0.5363602794590594,2279302.8727586498
145.8707670791379,757.4342537184913,53020.39776029439,531828.6256128337,0.2131184636066969,41877.80997479053,130.23344052886085,-1.8067825493155227,0.5364970239702187,2289043.2159881084
146.46656777002258,762.1606897733648,53351.24828413553,538327.2184143651,0.21104000981966964,42561.48758143612,129.81684318577044,-1.8070857888425855,0.5366342455616024,2298824.2715146667
147.06480197428607,766.9171777488702,53684.202442420916,544905.4025929888,0.20898100277511983,43256.34595230066,129.40079629528202,-1.8073868555224029,0.5367719455974493,2308646.2071450166
147.6654796314726,771.7039131324698,54019.273919272884,551564.1544301043,0.2069412744981514,43962.56817258765,128.98531180384924,-1.8076857783251041,0.5369101254433855,2318509.191372005
148.26861072172434,776.5210927229068,54356.476490603476,558304.462194495,0.20492065819005068,44680.34032842408,128.57040142567055,-1.8079825859333534,0.5370487864664117,2328413.393377441
148.87420526594576,781.3689146393468,54695.82402475428,565127.3262896007,0.2029189882260138,45409.85155608205,128.15607664570936,-1.808277306744663,0.5371879300348854,2338358.9830348785
149.48227332597207,786.2475783306098,55037.33048314269,572033.7594026361,0.2009361001527114,46151.29409201221,127.74234872268538,-1.8085699688737051,0.5373275575185059,2348346.1309124604
150.0928250047352,791.1572845844466,55381.00992091127,579024.7866555101,0.19897183068571803,46904.86332369445,127.32922869204373,-1.8088606001546201,0.5374676702882974,2358375.0082757305
150.70587044643216,796.098235536897,55726.87648758279,586101.4457576176,0.19702601770679362,47670.75784132546,126.91672736889679,-1.8091492281433217,0.5376082697165927,2368445.7870904785
151.32141983669246,801.0706346817013,56074.94442771909,593264.7871604912,0.19509850026103223,48449.17949035231,126.50485535094055,-1.8094358801197938,0.5377493571770164,2378558.6400255733
151.93948340274915,806.0746868798067,56425.228081586465,600515.8742143878,0.19318911855386997,49240.333424872,126.09362302134534,-1.8097205830903893,0.5378909340444669,2388713.7404558533
152.5600714136078,811.1105983689188,56777.74188582431,607855.7833267675,0.19129771394796957,50044.428161904,125.68304055161919,-1.8100033637901145,0.5380330016950992,2398911.2624649857
153.18319418021622,816.1785767730712,57132.500374114985,615285.6041226337,0.18942412896000074,50861.67563655338,125.27311790445296,-1.8102842486849178,0.5381755615063144,2409151.380848338
153.80886205563766,821.2788311124076,57489.51817786853,622806.4396070722,0.18756820725724527,51692.29125808314,124.8638648365248,-1.8105632639739655,0.5383186148567325,2419434.271115904
154.4370854352215,826.4115718129589,57848.81002690712,630419.4063296693,0.1857297936541157,52536.49396690239,124.45529090128639,-1.8108404355919097,0.5384621631261761,2429760.109495194
155.06787475677658,831.5770107164634,58210.39075015244,638125.6345509023,0.18390873410856742,53394.50629249271,124.04740545172416,-1.8111157892111551,0.5386062076956517,2440129.072934162
155.70124050074355,836.7753610902743,58574.2752763192,645926.2684106007,0.18210487571839779,54266.55441228259,123.6402176430948,-1.8113893502441174,0.5387507499473339,2450541.339104124
156.33719319037067,842.0068376373614,58940.4786346153,653822.4660985109,0.18031806671742917,55152.86821149219,123.23373643563033,-1.8116611438454688,0.5388957912645436,2460997.0864027278
156.9757433918875,847.2716565063645,59309.01595544552,661815.400026926,0.17854815647159836,56053.68134395641,122.82797059722112,-1.8119311949143844,0.5390413330317338,2471496.493956892
157.6169017146811,852.5700353017335,59679.90247112134,669906.2570054552,0.17679499547494074,56969.231293948505,122.42292870606919,-1.81219952809677,0.5391873766344646,2482039.741625783
158.26067881147094,857.9021930939297,60053.153516575076,678096.2384179229,0.1750584353454842,57899.759439016074,122.0186191533182,-1.8124661677874911,0.5393339234593872,2492627.010003777
158.9070853784879,863.268350429725,60428.78453008075,686386.5604014772,0.17333832882104225,58845.51111385247,121.61505014565445,-1.8127311381325877,0.5394809748942231,2503258.480423482
159.556132155651,868.6687293425572,60806.811053979,694778.4540278701,0.17163452975492413,59806.73567521309,121.21222970788324,-1.8129944630314823,0.5396285323277465,2513934.334958728
160.2078299267449,874.1035533629581,61187.24873540707,703273.1654869603,0.16994689311156072,60783.68656789638,120.81016568547928,-1.813256166139174,0.5397765971497597,2524654.756427567
160.86218951960086,879.5730475290836,61570.113327035855,711871.9562725121,0.16827527496203834,61776.62139181257,120.40886574710915,-1.8135162708684296,0.5399251707510753,2535419.928395335
161.5192218062756,885.0774383972947,61955.42068781063,720576.1033702361,0.1666195324795621,62785.80197014845,120.00833738712981,-1.8137748003919625,0.5400742545234967,2546230.035177674
162.17893770323238,890.6169540528331,62343.186783698315,729386.8994481685,0.1649795239348363,63811.49441865375,119.60858792805915,-1.8140317776445984,0.5402238498597947,2557085.261843594
162.84134817152116,896.1918241205567,62733.42768843897,738305.6530493605,0.16335510869137715,64853.969216061654,119.20962452302246,-1.8142872253254323,0.5403739581536873,2567985.794218518
163.50646421696263,901.8022797757843,63126.1595843049,747333.6887869843,0.16174614720074523,65913.50127567053,118.81145415817073,-1.8145411658999795,0.5405245807998189,2578931.8188873953
164.1742968903298,907.4485537551918,63521.39876286343,756472.347541793,0.16015250099771852,66990.37001809539,118.41408365507532,-1.814793621602309,0.5406757191937379,2589923.5231977697
164.84485728753228,913.130880367805,63919.161625746354,765722.9866620335,0.1585740326953943,68084.85944521657,118.01751967309455,-1.8150446144371686,0.5408273747318746,2600961.0952628944
165.51815654979927,918.8494955060398,64319.46468542279,775086.9801657589,0.15701060598023858,69197.25821533904,117.62176871171908,-1.815294166182102,0.5409795488115219,2612044.7239648276
166.19420586386664,924.6046366568385,64722.32456597869,784565.7189456479,0.15546208560706987,70327.85971959063,117.2268371128887,-1.815542298389551,0.5411322428308143,2623174.5989575936
166.8730164621619,930.3965429129856,65127.758003908995,794160.6109765278,0.15392833739396078,71476.96215956987,116.83273106327769,-1.815789032388945,0.5412854581886988,2634350.910670309
167.55459962298968,936.2254549843734,65535.78184890614,803873.0815252011,0.15240922821712044,72644.8686262677,116.43945659656417,-1.816034389288781,0.5414391962849125,2645573.850310318
168.23896667072123,942.0916152094137,65946.41306465896,813704.5733629657,0.15090462600570634,73831.88718029014,116.04701959566938,-1.816278389978692,0.5415934585199629,2656843.609866399
168.92612897598124,947.9952675665097,66359.66872965568,823656.5469807063,0.14941439973659396,75038.33093339225,115.65542579497465,-1.8165210551315034,0.5417482462951053,2668160.382111917
169.61609795583735,953.9366576856291,66775.56603799404,833730.4808066565,0.1479384194290928,76264.51813135324,115.26468078251062,-1.816762405205277,0.5419035610123157,2679524.360608031
170.3088850739885,959.9160328599467,67194.12230019626,843927.871426813,0.14647655613962218,77510.77223820907,114.87479000212406,-1.8170024604453419,0.5420594040742697,2690935.739706877
171.00450184095757,965.9336420576012,67615.35494403208,854250.2338081065,0.1450286819563355,78777.42202187351,114.48575875561676,-1.817241240886312,0.5422157768843161,2702394.714554822
171.70295981428106,971.9897359335096,68039.28151534568,864699.1015242653,0.1435946699937122,80064.80164115842,114.09759220486339,-1.8174787663540968,0.5423726808464584,2713901.4810956717
172.40427059870194,978.0845668412886,68465.9196788902,875276.0269844902,0.14217439438710494,81373.25073422653,113.7102953739018,-1.8177150564678901,0.5425301173653219,2725456.236073929
173.1084458463611,984.2183888452437,68895.28721916706,885982.5816649048,0.14076773028725492,82703.11450849206,113.32387315100175,-1.8179501306421566,0.5426880878461358,2737059.1770380316
173.81549725699284,990.3914577324782,69327.40204127347,896820.3563429058,0.13937455385476555,84054.74383200362,112.93833029070645,-1.8181840080885951,0.5428465936947038,2748710.502343653
174.52543657811847,996.6040310250664,69762.28217175465,907790.9613343477,0.13799474225454955,85428.49532632156,112.5536714158527,-1.818416707818097,0.543005636317381,2760410.411156976
175.23827560524023,1002.8563679923136,70199.94575946196,918896.0267336415,0.13662817365024454,86824.73146091947,112.16990101956623,-1.8186482486426883,0.5431652171210493,2772159.1034579724
175.9540261820395,1009.148729663138,70640.41107641967,930137.2026568562,0.13527472719859443,88243.82064914196,111.78702346723227,-1.8188786491774582,0.5433253375130886,2783956.7800437463
176.67270020057217,1015.4813788385117,71083.69651869581,941516.1594877515,0.13393428304381,89686.13734573028,111.4050429984442,-1.8191079278424753,0.5434859989013541,2795803.6425318425
177.39430960146683,1021.8545801040124,71529.82060728087,953034.5881268715,0.13260672231190052,91152.06214595359,111.02396372892775,-1.81933610286469,0.5436472026941475,2807699.8933635917
178.1188663741218,1028.2685998424422,71978.80198897095,964694.2002436471,0.131291927104987,92641.98188636263,110.64378965244369,-1.8195631922798254,0.543808950300193,2819645.7358074416
178.8463825569066,1034.723706246558,72430.65943725906,976496.7285316276,0.12998978049559004,94156.28974720546,110.264524642666,-1.819789213934253,0.5439712431286112,2831641.373962361
179.57687023736062,1041.220169331944,72885.41185323607,988443.9269669587,0.12870016652088814,95695.38535651685,109.88617245503441,-1.820014185486853,0.5441340825888883,2843687.012761197
180.3103415523931,1047.7582609499032,73343.07826649322,1000537.5710698776,0.12742297017697288,97259.6748959174,109.50873672858926,-1.8202381244108663,0.5442974700908507,2855782.8579740543
181.0468086884869,1054.3382548004918,73803.67783603442,1012779.4581695138,0.1261580774130781,98849.57120815551,109.13222098778027,-1.8204610479957286,0.5444614070446381,2867929.1162117375
181.78628388189935,1060.9604264456223,74267.22985119355,1025171.4076718942,0.12490537512579923,100465.4939064074,108.7566286442553,-1.8206829733488907,0.5446258948606733,2880125.994929147
182.52877941886663,1067.6250533222835,74733.75373255985,1037715.261331281,0.1236647511532944,102107.86948537664,108.3819629986252,-1.8209039173976311,0.544790934949638,2892373.702428729
183.2743076358061,1074.3324147558378,75203.26903290865,1050412.883524804,0.12243609426947827,103777.13143421158,108.0082272422084,-1.821123896890846,0.5449565287224438,2904672.447863898
184.02288091952366,1081.0827919734527,75675.7954381417,1063266.1615305357,0.12121929417819738,105473.7203512857,107.63542445875102,-1.821342928400835,0.5451226775902005,2917022.4412425365
184.77451170741801,1087.8764681175971,76151.3527682318,1076277.0058089225,0.12001424150740346,107198.08406085364,107.26355762612825,-1.8215610283250645,0.545289382964192,2929423.89343045
185.52921248768808,1094.7137282596605,76629.96097817623,1089447.3502877108,0.11882082780331377,108950.67773162726,106.89262961802157,-1.8217782128879234,0.5454566462558437,2941877.0161548685
186.286995799539,1101.5948594136496,77111.64015895547,1102779.1526503395,0.11763894552456924,110731.96399729332,106.5226432055775,-1.8219944981424618,0.5456244688766956,2954382.0220079278
187.0478742333926,1108.5201505500254,77596.41053850178,1116274.3946279446,0.11646848803638066,112542.41307901817,106.15360105904239,-1.8222098999721184,0.5457928522383717,2966939.124450225
187.81186043109574,1115.4898926096098,78084.29248267268,1129935.082294893,0.1153093496046759,114382.50290995653,105.78550574937822,-1.8224244340924338,0.5459617977525519,2979548.537814339
188.5789670861288,1122.5043785175965,78575.30649623176,1143763.2463679474,0.11416142539024471,116252.71926180269,105.41835974985732,-1.8226381160527434,0.546131306830939,2992210.4773083534
189.34920694381933,1129.5639031976984,79069.4732238389,1157760.9425091783,0.11302461144287536,118153.55587342937,105.05216543763551,-1.8228509612378705,0.5463013808852311,3004925.1590194628
190.12259280155183,1136.6687635863636,79566.81345104545,1171930.25163252,0.11189880469549793,120085.5145816278,104.6869250953067,-1.8230629848697926,0.5464720213270919,3017692.7999175196
190.89913750898154,1143.8192586471134,80067.34810529793,1186273.2802141283,0.11078390295832446,122049.10545400086,104.32264091243579,-1.8232742020092996,0.5466432295681187,3030513.617858644
191.67885396824605,1151.015689384963,80571.09825694741,1200792.1606065058,0.10967980491299469,124044.84692403112,103.95931498707345,-1.8234846275576375,0.546815007019811,3043387.831588801
192.46175513418228,1158.258358861032,81078.08512027224,1215489.0513566637,0.10858641010671247,126073.26592837754,103.5969493272471,-1.8236942762581378,0.5469873550935407,3056315.660747462
193.24785401454,1165.5475722071712,81588.33005450199,1230366.1375279971,0.10750361894639887,128134.89804641505,103.23554585243639,-1.8239031626978375,0.5471602752005187,3069297.3258712147
194.0371636701987,1172.883636640741,82101.85456485188,1245425.6310262056,0.10643133269284501,130230.28764207166,102.87510639502752,-1.8241113013090746,0.5473337687517648,3082333.048397424
194.82969721538322,1180.2668614794798,82618.68030356358,1260669.7709291794,0.1053694534548723,132359.98800798832,102.51563270174944,-1.8243187063710828,0.5475078371580744,3095423.0506678782
195.62546781788376,1187.6975581565155,83138.82907095608,1276100.82382101,0.10431788418349504,134524.56151205525,102.15712643508908,-1.8245253920115663,0.5476824818299895,3108567.555932499
196.4244886992737,1195.1760402354632,83662.32281648242,1291721.0841300476,0.1032765286660949,136724.57974634552,101.79958917468952,-1.824731372208258,0.5478577041777613,3121766.7883530264
197.22677313512787,1202.7026234256282,84189.18363979398,1307532.8744711042,0.10224529152060395,138960.62367849276,101.4430224187293,-1.8249366607904716,0.5480335056113221,3135020.973006703
198.03233445524572,1210.277625597363,84719.43379181542,1323538.5459919479,0.10122407818969179,141233.28380556498,101.08742758528182,-1.8251412714406343,0.5482098875402495,3148330.3358900426
198.84118604387098,1217.9013667974968,85253.09567582478,1339740.478723963,0.10021279493496896,143543.160310453,100.73280601365823,-1.8253452176958085,0.548386851373736,3161695.103922542
199.65334133991504,1225.5741692649078,85790.19184854355,1356141.0819371862,0.09921134883119705,145890.8632208338,100.37915896573097,-1.8255485129491982,0.5485643985205519,3175115.5049504526
200.4688138371785,1233.296357446185,86330.74502123296,1372742.794499644,0.09821964776051448,148277.01257073614,100.02648762724087,-1.825751170451646,0.548742530389015,3188591.767750522
201.28761708457782,1241.068258011449,86874.77806080143,1389548.0852412004,0.09723760040666925,150702.23856477143,99.67479310908423,-1.825953203313111,0.5489212483869552,3202124.1220338237
202.10976468636883,1248.8901998702504,87422.31399091752,1406559.4533217899,0.0962651162492702,153167.18174504823,99.32407644858468,-1.8261546245041371,0.5491005539216798,3215712.7984495275
202.93527030237354,1256.7625141876147,87973.37599313303,1423779.4286042333,0.09530210555804891,155672.4931608353,98.9743386107461,-1.8263554468573084,0.5492804483999396,3229358.028588736
203.76414764820552,1264.685534400167,88527.98740801169,1441210.572031554,0.094348479387141,158218.83454100246,98.62558048949083,-1.8265556830686909,0.5494609332278961,3243060.0449882867
204.59641049550012,1272.6595962324436,89086.17173627105,1458855.4760090718,0.09340414956937473,160806.878469305,98.27780290887674,-1.826755345699256,0.5496420098110839,3256819.0811346387
205.43207267214228,1280.6850377132873,89647.95263993011,1476716.76479112,0.09246902871058073,163437.30856253562,97.93100662430076,-1.8269544471763008,0.5498236795543765,3270635.3714677254
206.27114806249475,1288.7621991923472,90213.3539434643,1494797.0948724654,0.09154303018392003,166110.81965159994,97.5851923236855,-1.8271529997948455,0.5500059438619505,3284509.151384802
207.11365060763143,1296.8914233567498,90782.39963497249,1513099.1553846502,0.09062606812422398,168828.11796557807,97.24036062864775,-1.8273510157190223,0.5501888041372494,3298440.657244391
207.95959430556738,1305.0730552478535,91355.11386734975,1531625.668497115,0.08971805742235688,171589.92131879472,96.89651209565292,-1.8275485069834545,0.5503722617829505,3312430.1263701613
208.80899321149212,1313.3074422781542,91931.5209594708,1550379.389823305,0.08881891371959391,174396.95930096865,96.55364721715169,-1.827745485494615,0.5505563182009252,3326477.797054873
209.6618614380015,1321.5949342482909,92511.64539738036,1569363.1088317148,0.08792855340202112,177249.973470476,96.21176642270224,-1.8279419630321772,0.5507409747922027,3340583.9085642877
210.51821315533473,1329.9358833642248,93095.51183549574,1588579.6492620863,0.08704689359495002,180149.71755080117,95.87087008007528,-1.8281379512503544,0.5509262329569375,3354748.7011411763
211.3780625916081,1338.3306442545027,93683.14509781518,1608031.8695466213,0.08617385215735662,183096.95763019874,95.53095849634448,-1.8283334616792208,0.551112094094367,3368972.4160092585
212.2414240330523,1346.7795739876765,94274.57017913736,1627722.6632364371,0.08530934767633869,186092.47236464292,95.19203191896169,-1.828528505726025,0.5512985596027786,3383255.2953772154
213.10831182424795,1355.2830320898302,94869.81224628811,1647654.9594332045,0.08445329946159577,189137.05318409964,94.85409053681671,-1.8287230946764876,0.5514856308794678,3397597.582442665
213.97874036836654,1363.8413805622772,95468.8966393594,1667831.7232261896,0.08360562753992708,192231.50450220116,94.51713448128156,-1.8289172396960898,0.5516733093207058,3411999.5213962295
214.85272412740864,1372.4549838993594,96071.84887295516,1688255.9561345882,0.08276625264975446,195376.64392935016,94.1811638272406,-1.8291109518313449,0.551861596321698,3426461.3574255574
215.73027762244251,1381.1242091063716,96678.69463744601,1708930.6965552827,0.08193509623566819,198573.30248932124,93.8461785941066,-1.8293042420110615,0.5520504932765449,3440983.3367193523
216.61141543384835,1389.849425717651,97289.45980023556,1729859.0202161681,0.08111208044299245,201822.32483943552,93.5121787468212,-1.8294971210475939,0.552240001578209,3455565.706471496
217.49615220155852,1398.631005814798,97904.17040703587,1751044.0406350533,0.08029712811237474,205124.5694943322,93.17916419684094,-1.8296895996380753,0.55243012261847,3470208.714885105
218.38450262530188,1407.4693240450358,98522.85268315251,1772488.9095842012,0.07949016277439837,208480.90905342638,92.84713480310944,-1.829881688365645,0.5526208577878882,3484912.611176655
219.27648146484606,1416.3647576396734,99145.53303477714,1794196.8175604928,0.07869110864422212,211892.23043208942,92.51609037301715,-1.830073397700661,0.5528122084757636,3499677.645580073
220.17210354024547,1425.3176864327631,99772.23805029342,1816170.9942615095,0.07789989061623863,215359.4350966443,92.18603066334455,-1.8302647380018993,0.5530041760701003,3514504.06935092
221.07138373208622,1434.3284928798573,100402.99450159002,1838414.7090673659,0.07711643425876148,218883.4393032031,91.85695538119397,-1.8304557195177449,0.5531967619575635,3529392.1347705293
221.97433698173188,1443.3975620769068,101037.82934538348,1860931.271528466,0.07634066580873679,222465.1743404264,91.52886418490755,-1.8306463523873653,0.5533899675234397,3544342.095150155
222.8809782915746,1452.5252817793423,101676.76972455396,1883724.0318593609,0.07557251216647634,226105.58677628494,91.20175668497068,-1.8308366466418775,0.5535837941515958,3559354.204835209
223.79132272528238,1461.7120424212558,102319.8429694879,1906796.3814385629,0.07481190089041999,229805.6387088551,90.87563244490364,-1.831026612205501,0.5537782432244427,3574428.7192094377
224.70538540805046,1470.9582371347533,102967.07659943274,1930151.7533145766,0.07405876019192147,233566.3080212439,90.55049098213968,-1.8312162588966983,0.5539733161228895,3589565.894699163
225.62318152685057,1480.2642617694266,103618.49832385987,1953793.6227180788,0.07331301893006217,237388.5886406879,90.22633176889072,-1.8314055964293061,0.5541690142263058,3604765.9887774927
226.54472633068625,1489.6305149120217,104274.13604384151,1977725.5075805215,0.07257460660648762,241273.49080192688,89.90315423299938,-1.8315946344136511,0.5543653389124781,3620029.2599686272
227.47003513084417,1499.0573979062033,104934.01785343423,2001950.9690589816,0.07184345336027374,245222.04131488214,89.58095775877953,-1.8317833823576586,0.5545622915575685,3635355.967852106
228.3991233011495,1508.5453148725028,105598.17204107519,2026473.6120675465,0.07111948996281796,249235.28383674187,89.25974168784435,-1.8319718496679482,0.5547598735360755,3650746.3730671112
229.3320062782196,1518.0946727283865,106266.62709098705,2051297.0858151552,0.0704026478127586,253314.27914850367,88.93950531992195,-1.8321600456509173,0.5549580862207899,3666200.7373167584
230.26869956172317,1527.7058812085245,106939.41168459671,2076425.0843501787,0.06969285893091863,257460.1054360768,88.62024791365874,-1.832347979513814,0.5551569309827513,3681719.323372464
231.20921871463634,1537.3793528851686,107616.5547019618,2101861.347111581,0.06899005595527913,261673.85857598291,88.30196868741118,-1.8325356603657978,0.5553564091912075,3697302.3950782707
232.1535793635,1547.1155031886867,108298.08522320807,2127609.659486863,0.06829417213598042,265956.65242574835,87.98466682002653,-1.8327230972189927,0.5555565222135714,3712950.2173551894
233.10179719868208,1556.914750428295,108984.03252998066,2153673.8533769757,0.06760514133034769,270309.61911908287,87.66834145161027,-1.8329102989895245,0.5557572714153773,3728663.0562056275
234.0538879746365,1566.7775158128995,109674.42610690297,2180057.807768057,0.0669228979979477,274733.909365886,87.35299168428384,-1.8330972744985519,0.5559586581602378,3744441.1787177585
235.00986751016575,1576.7042234721252,110369.29564304877,2206765.449310269,0.06624737719567138,279230.69275719114,87.0386165829298,-1.8332840324732818,0.5561606838097994,3760284.853069953
235.9697516886819,1586.695300477475,111068.67103342325,2233800.7529036854,0.06557851457284654,283801.15807510493,86.7252151759274,-1.8334705815479784,0.556363349723701,3776194.348535186
236.93355645847333,1596.7511768636991,111772.58238045895,2261167.742291503,0.06491624636637518,288446.5136078584,86.41278645587492,-1.8336569302649601,0.5565666572595276,3792169.935485537
237.90129783296783,1606.8722856502764,112481.05999551935,2288870.490660425,0.06426050939590272,293167.9874700092,86.10132938030316,-1.8338430870755835,0.5567706077727659,3808211.885396628
238.8729918909995,1617.0590628630891,113194.13440041624,2316913.1212484953,0.06361124105901347,297966.82792791544,85.79084287237714,-1.8340290603412208,0.5569752026167614,3824320.4708521334
239.84865477707416,1627.3119475562276,113911.83632893593,2345299.807960322,0.06296837932645678,302844.3037305411,85.48132582158821,-1.834214858334224,0.5571804431426721,3840495.9655482555
240.8283027016403,1637.631381834025,114634.19672838175,2374034.7759900396,0.06233186273739802,307801.70444571576,85.17277708443407,-1.8344004892388788,0.5573863306994244,3856738.6442982946
241.81195194135708,1648.0178108732052,115361.24676112436,2403122.302451784,0.06170163039470111,312840.3408018974,84.86519548508954,-1.8345859611523512,0.5575928666336663,3873048.7830371773
242.79961883936332,1658.4716829451966,116093.01780616376,2432566.717017906,0.06107762196024069,317961.54503554513,84.55857981606792,-1.8347712820856183,0.5578000522897228,3889426.658825993
243.79131980555178,1668.9934494386634,116829.54146070644,2462372.4025651715,0.0604597776502396,323166.6712442192,84.25292883887059,-1.8349564599643962,0.5580078890095497,3905872.549856621
244.78707131684013,1679.5835648821605,117570.84954175123,2492543.795828773,0.05984803823063838,328457.0957454562,83.94824128462804,-1.8351415026300528,0.5582163781326885,3922386.735456305
245.78688991744548,1690.242486966988,118316.97408768916,2523085.3880644534,0.05924234501249231,333834.21744155046,83.6445158547302,-1.835326417840508,0.5584255209962163,3938969.496092286
246.7907922191573,1700.970676570189,119067.94735991323,2554001.725718695,0.058642639847398745,339299.4581903117,83.34175122144887,-1.835511213271136,0.5586353189347055,3955621.1133764056
247.79879490161656,1711.7685977777787,119823.8018444445,2585297.4111072994,0.05804886512295077,344854.2631819379,83.03994602854762,-1.8356958965156416,0.5588457732801719,3972341.870069818
248.81091471259063,1722.636717908093,120584.57025356652,2616977.1031021536,0.05746096375822296,350500.10132204986,82.7390988918854,-1.8358804750869409,0.559056885362029,3989132.050087628
249.82716846825278,1733.5755075353527,121350.28552747468,2649045.517826544,0.056878879199284194,356238.4656210327,82.43920840000884,-1.8360649564180238,0.5592686565070397,4005991.9385036076
250.84757305345937,1744.585440513368,122120.98083593576,2681507.4293589126,0.056302555414741766,362070.8735897542,82.14027311473687,-1.836249347862808,0.5594810880392718,4022921.8215548717
251.87214542203353,1755.6669939994836,122896.68957996384,2714367.6704454357,0.05573193689131126,367998.8676418104,81.84229157173476,-1.8364336566969905,0.559694181280046,4039921.986646667
252.9009025970453,1766.8206484786565,123677.44539350596,2747631.13322122,0.05516696862941857,374024.0155023512,81.5452622810803,-1.8366178901188779,0.5599079375478908,4056992.7223570957
253.93386167109296,1778.046887787716,124463.28214514013,2781302.769940366,0.05460759613883088,380147.91062362003,81.24918372782187,-1.8368020552502184,0.5601223581584924,4074134.3184418655
254.97103980658997,1789.3461991398585,125254.2339397901,2815387.59371515,0.05405376543431423,386372.1726073432,80.9540543725258,-1.8369861591370191,0.5603374444246481,4091347.0658391286
256.0124542360482,1800.7190731492778,126050.33512044945,2849890.679264143,0.053505423031323135,392698.4476340277,80.6598726518171,-1.837170208750353,0.5605531976562135,4108631.256674261
257.0581222623653,1812.1660038560124,126851.62026992087,2884817.1636696253,0.05296251594171755,399128.4088993277,80.3666369789108,-1.837354210987162,0.5607696191600591,4125987.1842647116
258.10806125910995,1823.687488750949,127658.12421256643,2920172.247144196,0.052424991669510805,405663.7570575548,80.07434574413583,-1.8375381726710445,0.560986710240015,4143415.1431248127
259.1622886708138,1835.2840288010796,128469.88201607557,2955961.1938070133,0.05189279820664357,412306.2206725099,79.78299731544935,-1.8377221005530409,0.5612044721968255,4160915.428970709
260.220822013259,1846.9561284748872,129286.92899324211,2992189.3324693795,0.051365884028789874,419057.55667568103,79.49259003894444,-1.8379060013124056,0.561422906328098,4178488.338725207
261.2836788737707,1858.7042957679682,130109.30070375778,3028862.05743011,0.05084419809119038,425919.5508319903,79.20312223934864,-1.8380898815573687,0.5616420139282512,4196134.170522706
262.35087691150665,1870.5290422288185,130937.0329560173,3065984.8292806055,0.05032768982451582,432894.0182131655,78.91459222051591,-1.8382737478258977,0.5618617962884671,4213853.223714087
263.422433857754,1882.4308829848858,131770.161808942,3103563.175720024,0.04981630913075666,439982.8036789239,78.6269982659085,-1.8384576065864364,0.5620822546966371,4231645.798871726
264.4983675162225,1894.4103367686935,132608.72357380853,3141602.6923800427,0.0493100063791469,447187.78236602567,78.34033863907494,-1.838641464238652,0.5623033904373156,4249512.197794426
265.5786957633383,1906.467925944251,133452.75481609756,3180109.043660084,0.04880873240211321,454510.86018535745,78.05461158411812,-1.83882532711416,0.5625252047916667,4267452.723512388
266.6634365485445,1918.6041765336934,134302.29235735853,3219087.963572878,0.04831243849125154,461953.97432721505,77.76981532615531,-1.8390092014772499,0.5627476990374143,4285467.680292269
267.75260789459713,1930.8196182440668,135157.37327708467,3258545.25660024,0.04782107639333504,469519.09377484716,77.485948071772,-1.8391930935255945,0.5629708744487882,4303557.373642187
268.8462278978656,1943.1147844943441,136018.0349146041,3298486.7985594505,0.047334598306349625,477208.21982645296,77.20300800946855,-1.839377009390959,0.5631947322964752,4321722.110316775
269.94431472863135,1955.4902124426278,136884.31487098394,3338918.5374802225,0.04685295687555887,485023.3866257337,76.92099331009943,-1.8395609551398935,0.5634192738475621,4339962.198322234
271.0468866313928,1967.946443013606,137756.25101095243,3379846.4944926063,0.04637610518959557,492966.6617011931,76.63990212730525,-1.8397449367744287,0.5636445003654911,4358277.946921467
272.15396192516647,1980.4840209261722,138633.88146483205,3421276.7647256437,0.045903996776583904,501040.1465142585,76.35973259793815,-1.8399289602327507,0.5638704131099987,4376669.666639161
273.26555900379253,1993.1034947212845,139517.2446304899,3463215.5182171836,0.04543658560028851,509245.9770164274,76.08048284248022,-1.8401130313898768,0.5640970133370695,4395137.669266944
274.3816963362378,2005.8054167900007,140406.37917530004,3505669.000834746,0.04497382605629361,517586.3242155361,75.80215096545608,-1.840297156058322,0.5643243022988813,4413682.267868489
275.5023924669064,2018.5903434018035,141301.32403812624,3548643.5352079608,0.04451567296820731,526063.3947513774,75.5247350558367,-1.8404813399887532,0.5645522812437496,4432303.776784762
276.62766601594586,2031.4588347330703,142202.1184313149,3592145.521672235,0.04406208158389694,534679.4314807272,75.24823318743897,-1.840665588870642,0.5647809514160773,4451002.5116391815
277.7575356795551,2044.4114548957727,143108.8018427041,3636181.439224059,0.04361300757175176,543436.7140719835,74.97264341931795,-1.840849908332905,0.5650103140562994,4469778.789342812
278.8920202302981,2057.4487719664517,144021.41403765162,3680757.8464882425,0.04316840701697181,552337.5596096099,74.69796379615211,-1.8410343039445403,0.5652403704008286,4488632.928099658
280.0311385174138,2070.571358015347,144939.9950610743,3725881.382696821,0.042728236417887,561384.3232084608,74.42419234862342,-1.8412187812152523,0.5654711216820045,4507565.247411887
281.17490946713036,2083.7797891357973,145864.5852395058,3771558.7686801488,0.04229245268230218,570579.3986382266,74.15132709379023,-1.8414033455960725,0.5657025691280346,4526576.068085136
282.3233520829773,2097.07464547382,146795.2251831674,3817796.8078700313,0.04186101312387164,579925.2189581036,73.87936603545555,-1.841588002479972,0.5659347139629407,4545665.712233769
283.47648544610456,2110.4565112579867,147731.95578805907,3864602.3873154214,0.04143387545849866,589424.2571619357,73.60830716452737,-1.8417727572024658,0.5661675574065088,4564834.503286263
284.63432871559814,2123.925974829473,148674.8182380631,3911982.478710418,0.041010997800764414,599079.0268339117,73.33814845937451,-1.8419576150422117,0.5664011006742282,4584082.765990532
285.79690112879626,2137.4836286723516,149623.85400706463,3959944.139434956,0.040592338660383864,608892.0828150277,73.06888788617613,-1.842142581221599,0.5666353449772359,4603410.826419256
286.9642220016129,2151.130069444147,150579.10486109028,4008494.51360838,0.04017785693868791,618866.0218805439,72.8005233992655,-1.8423276609073338,0.5668702915222679,4622819.011975339
288.1363107288559,2164.8658980065597,151540.6128604592,4057640.833155722,0.03976751192513456,629003.4834285146,72.5330529414688,-1.8425128592110158,0.5671059415115955,4642307.6513972785
289.31318678455096,2178.6917194564976,152508.42036195484,4107390.418887385,0.039361263293845115,639307.1501796612,72.26647444443724,-1.8426981811897063,0.5673422961429762,4661877.0747646205
290.49486972226237,2192.60814315729,153482.57002101032,4157750.6815918824,0.03895907110016874,649779.7488887059,72.00078582897491,-1.8428836318464934,0.5675793566095924,4681527.613503376
291.6813791754216,2206.6157827702145,154463.10479391503,4208729.123142268,0.03856089577727174,660424.0510674429,71.73598500535948,-1.8430692161310462,0.5678171240999996,4701259.600391562
292.8727348576512,2220.7152562861916,155450.06794003342,4260333.337615916,0.03816669813275573,671242.8737196313,71.4720698736594,-1.8432549389401642,0.5680555997980652,4721073.369564659
294.0689565630934,2234.9071860577733,156443.50302404413,4312571.012428242,0.03777643934530072,682239.0800879936,71.20903832404458,-1.8434408051183202,0.5682947848829141,4740969.256521159
295.27006416673674,2249.192198831331,157443.45391819318,4365449.929480189,0.037390080961336,693415.5804134464,70.9468882370929,-1.8436268194581957,0.5685346805288707,4760947.598128069
296.4760776247497,2263.570925779561,158449.9648045693,4418977.966320095,0.03700758489173534,704775.3327068595,70.68561748409059,-1.843812986701213,0.5687752879054044,4781008.732626541
297.68701697481066,2278.0440025341863,159463.08017739304,4473163.097319622,0.03662891340853991,716321.343533441,70.42522392732795,-1.8439993115380529,0.5690166081770682,4801152.999637431
298.90290233643884,2292.612069218897,160482.84484532278,4528013.394864122,0.036254029141707375,728056.6688100016,70.16570542039119,-1.844185798609176,0.5692586425034427,4821380.740166889
300.12375391133236,2307.275770482624,161509.30393378367,4583537.03055792,0.03588289507588493,739984.4146153717,69.90705980844733,-1.844372452505332,0.569501392039079,4841692.296612049
301.34959198370143,2322.0357555329883,162542.50288730918,4639742.276444114,0.03551547454721012,752107.7380140679,69.64928492852587,-1.844559277768061,0.5697448579334397,4862088.0127666565
302.5804369206064,2336.892678170053,163582.4874719037,4696637.506239549,0.03515173124013616,764429.8478935213,69.39237860979524,-1.8447462788901954,0.569989041330841,4882568.233826763
303.81630917229404,2351.8471968202966,164629.30377742078,4754231.19658483,0.03479162918428374,776954.0058150274,69.13633867383497,-1.8449334603163468,0.5702339433703945,4903133.3063964
305.0572292725406,2366.899974570922,165682.99821996453,4812531.928309971,0.03443513275131625,789683.5268787273,68.88116293490206,-1.8451208264433956,0.5704795651859469,4923783.578493364
306.30321783899103,2382.051679204353,166743.61754430473,4871548.38771533,0.03408220665184233,802621.7806027416,68.62684920019431,-1.8453083816209679,0.5707259079060227,4944519.399554935
307.55429557350215,2397.3029832330444,167811.20882631312,4931289.367868464,0.0337328159323421,815772.1918167741,68.37339527010819,-1.8454961301519113,0.5709729726537651,4965341.120443663
308.8104832624847,2412.6545639345272,168885.8194754169,4991763.769916817,0.033386925972119286,829138.2415703618,68.12079893849275,-1.8456840762927573,0.5712207605468747,4986249.093453136
310.071801777252,2428.107103386782,169967.49723707474,5052980.604416744,0.033044502480276856,842723.4680561019,67.86905799289893,-1.84587222425419,0.5714692726975521,5007243.672313862
311.3382720743652,2443.6612885038166,171056.29019526715,5114948.992678631,0.032705511492718685,856531.4675479914,67.61817021482484,-1.8460605782014974,0.5717185102124385,5028325.212199086
312.60991519597934,2459.3178110715394,172152.24677500775,5177678.168128616,0.03236991936917561,870565.8953551718,67.36813337995746,-1.8462491422550227,0.5719684741925524,5049494.069730628
313.8867522701967,2475.0773677839625,173255.41574487736,5241177.477687294,0.032037692790254244,884830.4667914022,67.11894525840823,-1.84643792049061,0.5722191657332361,5070750.60298484
315.16880451141566,2490.9406602796216,174365.84621957352,5305456.383165085,0.03170879875451194,899328.9581603943,66.87060361494679,-1.8466269169400422,0.5724705859240873,5092095.171498486
316.4560932206841,2506.9083951783177,175483.58766248223,5370524.462674957,0.031383204575554574,914065.2077573668,66.62310620922901,-1.846816135591473,0.5727227358489044,5113528.136274708
317.74863978605094,2522.9812841180906,176608.68988826635,5436391.412062284,0.031060877879159586,929043.1168870077,66.37645079602272,-1.8470055803898577,0.5729756165856246,5135049.859788944
319.0464656829251,2539.1600437925695,177741.20306547987,5503067.046352663,0.03074178660042097,944266.6508982343,66.13063512542767,-1.847195255237374,0.5732292292062617,5156660.705994986
320.3495924744301,2555.44539598853,178881.1777191971,5570561.3012172,0.0304258989809195,959739.8402358769,65.88565694309298,-1.8473851639938383,0.5734835747768459,5178361.0403309595
321.6580418117634,2571.8380676237866,180028.66473366506,5638884.2344559925,0.03011318356591578,975466.7815096761,65.64151399043044,-1.84757531047712,0.5737386543573617,5200151.229725375
322.9718354345535,2588.338790785333,181183.7153549733,5708046.02749967,0.0298036092015673,991451.6385807991,65.39820400482427,-1.847765698463545,0.5739944690016896,5222031.64260316
324.2909951712251,2604.9483027678616,182346.3811937503,5778056.986929742,0.029497145032167382,1007698.6436662759,65.15572471983639,-1.8479563316882992,0.5742510197575403,5244002.648891805
325.61554293936007,2621.6673461125115,183516.7142278758,5848927.546017344,0.02919376049740843,1024212.0984615146,64.91407386540902,-1.8481472138458233,0.5745083076663966,5266064.620027455
326.94550074605905,2638.496668645905,184694.76680521335,5920668.266280873,0.028893425329668338,1040996.3752812408,64.6732491680638,-1.8483383485902034,0.5747663337634479,5288217.928961005
328.2808906883116,2655.437023519577,185880.5916463704,5993289.839063134,0.028596109551318107,1058055.9182192665,64.43324835109634,-1.848529739535561,0.575025099077531,5310462.95016434
329.6217349533605,2672.489169249618,187074.24184747325,6066803.087127514,0.02830178347205371,1075395.2443272162,64.19406913476811,-1.8487213902564272,0.5752846046310685,5332800.05963648
330.9680558190716,2689.65386975668,188275.7708829676,6141218.966273993,0.02801041768624957,1093018.944812672,63.95570923649491,-1.8489133042881238,0.5755448514400012,5355229.634909807
332.3198756543014,2706.931894406244,189485.23260843707,6216548.566974853,0.02772198307033519,1110931.6862569407,63.718166371032154,-1.8491054851271331,0.5758058405137318,5377752.055056274
333.6772169192729,2724.324018049278,190702.68126344946,6292803.11603079,0.027436450780192734,1129138.2118529216,63.481438250655906,-1.8492979362314634,0.5760675728550582,5400367.70069373
335.0401021659456,2741.8310210631275,191928.17147441892,6369993.978247071,0.02715379224857799,1147643.3426632087,63.24552258534197,-1.8494906610210133,0.576330049460112,5423076.953992168
336.4085540383921,2759.453689392784,193161.75825749486,6448132.658130546,0.026873979182562374,1166451.9788989215,63.01041708294066,-1.8496836628779239,0.5765932713182962,5445880.198680066
337.78259527317124,2777.1928145924167,194403.49702146917,6527230.801607283,0.02659698356099752,1185569.1012194827,62.77611944934947,-1.8498769451469341,0.5768572394122189,5468777.820050679
339.1622486997101,2795.049193867315,195653.44357071206,6607300.197761712,0.026322777632000277,1204999.7720538385,62.542627388681595,-1.850070511135728,0.5771219547176343,5491770.204968485
340.54753724068127,2813.023630116081,196911.6541081257,6688352.780596818,0.026051333910460172,1224749.1369433021,62.30993860343187,-1.8502643641152776,0.5773874182033747,5514857.741875537
341.93848391238146,2831.1169319731457,198178.1852381202,6770400.630815961,0.02578262517556849,1244822.4259064507,62.07805079464038,-1.8504585073201802,0.5776536308312912,5538040.82079785
343.33511182511836,2849.329913851705,199453.09396961934,6853455.977627006,0.025516624468367045,1265224.9548265336,61.846961662051534,-1.850652943948992,0.5779205935561849,5561319.833351922
344.73744418359155,2867.6633959868896,200736.43771908226,6937531.200568186,0.025253305089319618,1285962.126861569,61.61666890427183,-1.8508476771645601,0.5781883073257477,5584695.1727511585
346.14550428727966,2886.118204479336,202028.2743135535,7022638.831356717,0.02499264059590323,1307039.4338776683,61.38717021892357,-1.8510427100943447,0.5784567730804957,5608167.233812389
347.5593155308245,2904.695171339035,203328.66199373244,7108791.555759861,0.024734604800221206,1328462.4579058385,61.15846330279704,-1.8512380458307414,0.5787259917537042,5631736.412962355
348.9789014044241,2923.3951345296173,204637.6594170732,7196002.215489442,0.02447917176663531,1350236.8726228238,60.93054585199815,-1.8514336874313984,0.5789959642713456,5655403.108244328
350.4042854942208,2942.218938012902,205955.32566090315,7284283.810119279,0.024226315809419686,1372368.4448561757,60.7034155620948,-1.851629637919527,0.5792666915520241,5679167.719324654
351.8354914826911,2961.167431793793,207281.7202255655,7373649.499026191,0.023976011490435024,1394863.0361140466,60.4770701282602,-1.8518259002842083,0.5795381745069086,5703030.647499326
353.2725431490433,2980.2414719656044,208616.9030375923,7464112.603355268,0.023728233616821803,1417726.604140211,60.251507245412995,-1.852022477480702,0.5798104140396709,5726992.295700684
354.7154643696098,2999.4419207556516,209960.9344528956,7555686.6080088755,0.023482957238714793,1440965.20449452,60.02672460835537,-1.8522193724307412,0.5800834110464199,5751053.068504029
356.16427911824513,3018.769646571257,211313.87525998798,7648385.163660402,0.023240157646976706,1464584.99215939,59.802719911908405,-1.8524165880228325,0.5803571664156364,5775213.372134339
357.61901146672164,3038.2255240460477,212675.78668322333,7742222.0887924675,0.02299981037095234,1488592.2231726022,59.57949085104505,-1.8526141271125431,0.5806316810281094,5799473.6144729275
359.0796855851335,3057.810434086723,214046.73038607062,7837211.37176069,0.022761891176241108,1512993.2562870528,59.35703512101999,-1.8528119925227915,0.5809069557568651,5823834.205064262
360.5463257422955,3077.525263920082,215426.76847440575,7933367.172882355,0.02252637606249017,1537794.554657638,59.13535041749767,-1.853010187044131,0.5811829914671094,5848295.555122683
362.01895630614774,3097.37090714048,216815.9634998336,8030703.826551063,0.022293241261206315,1563002.687555936,58.914434436678015,-1.8532087134350304,0.5814597890161586,5872858.077539229
363.4976017441576,3117.3482637576,218214.378463032,8129235.843377093,0.022062463233587504,1588624.3321129663,58.69428487541921,-1.8534075744221459,0.5817373492533717,5897522.186888406
364.9822866237305,3137.458240244689,219622.07681712823,8228977.912354564,0.02183401866837251,1614666.275090716,58.47489943135847,-1.8536067727005996,0.5820156730200872,5922288.299435117
366.47303561261623,3157.701749587092,221039.12247109643,8329944.903054847,0.021607884479710304,1641135.414682648,58.25627580303038,-1.853806310934245,0.5822947611495592,5947156.83314151
367.9698734793161,3178.0797113311546,222465.57979318083,8432151.867846895,0.021384037805048318,1668038.7623437832,58.0384116899834,-1.8540061917559303,0.5825746144668866,5972128.207673838
369.4728250934993,3198.5930516336107,223901.51361435273,8535614.044145385,0.021162456003038208,1695383.4446509718,57.82130479289319,-1.8542064177677617,0.5828552337889497,5997202.84440948
370.981915426413,3219.2427033112444,225346.9892317871,8640346.856685987,0.020943116651461282,1723176.7051935873,57.6049528136748,-1.854406991541362,0.5831366199243455,6022381.166443852
372.49716955129867,3240.029605891009,226802.07241237062,8746365.919828892,0.020725997545171595,1751425.9064953567,57.38935345559202,-1.8546079156181219,0.5834187736733174,6047663.598597423
374.01861264380574,3260.954705660473,228266.8293962331,8853687.03989042,0.02051107669405777,1780138.531967687,57.174504423365036,-1.8548091925094528,0.5837016958276937,6073050.5674226945
375.5462699824144,3282.018955718763,229741.32690031343,8962326.217503738,0.02029833232102201,1809322.1878952133,56.96040342327535,-1.8550108246970325,0.5839853871708174,6098542.501211317
377.08016694885254,3303.2233160277933,231225.63212194553,9072299.65000808,0.02008774285997809,1838984.6054538263,56.74704816326963,-1.8552128146330493,0.5842698484774813,6124139.830001122
378.6203290285191,3324.5687534640033,232719.81274248022,9183623.73386797,0.019879286953865982,1869133.6427619392,56.53443635306022,-1.8554151647404429,0.584555080513864,6149842.985583263
380.16678181090424,3346.0562418703907,234223.93693092736,9296315.067121506,0.01967294345268537,1899777.2869653557,56.32256570422503,-1.8556178774131387,0.5848410840374549,6175652.401509288
381.7195509900193,3367.686762109071,235738.07334763496,9410390.451859439,0.019468691411545423,1930923.6563565484,56.1114339303042,-1.8558209550162825,0.5851278597969967,6201568.513098389
383.2786623648212,3389.4613021141527,237262.29114799068,9525866.89673425,0.01926651008873285,1962581.002528606,55.90103874689577,-1.8560243998864716,0.5854154085324128,6227591.757444562
384.84414183963906,3411.380856945032,238796.65998615226,9642761.619500069,0.01906637894379721,1994757.7125645755,55.69137787174947,-1.8562282143319822,0.5857037309747453,6253722.573423793
386.41601542460893,3433.446428840198,240341.25001881388,9761092.049584338,0.018868277635652422,2027462.3112628958,55.4824490248575,-1.8564324006329889,0.5859928278460804,6279961.40170138
387.994309236103,3455.6590272713556,241896.1319089949,9880875.830690576,0.01867218602069623,2060703.4633992482,55.274249928544755,-1.8566369610417892,0.5862826998594901,6306308.684739173
389.5790494971651,3478.019668998033,243461.3768298623,10002130.823433446,0.018478084150945914,2094489.9760256552,55.06677830755661,-1.8568418977830214,0.586573347718961,6332764.866802917
391.17026253794313,3500.5293781225587,245037.0564685791,10124875.108005915,0.018285952272191333,2128830.800807241,54.8600318891453,-1.8570472130538747,0.5868647721193256,6359330.393969534
392.76797479613134,3523.189186145576,246623.24303019032,10249126.986879794,0.01809577082216349,2163735.036397562,54.654008403153675,-1.857252909024303,0.587156973746197,6386005.71413458
394.3722128174065,3546.000132021885,248220.00924153195,10374904.987538923,0.017907520428720555,2199211.9308527824,54.448705582098285,-1.857458987837234,0.5874499532759034,6412791.277019596
395.9830032558703,3568.963262216786,249827.428355175,10502227.865246287,0.017721181908049676,2235270.8840856142,54.244121161250106,-1.8576654516087725,0.5877437113754169,6439687.534179566
397.6003728744893,3592.0796307628025,251445.57415339618,10631114.605844833,0.017536736262885447,2271921.4503594623,54.040252878714135,-1.857872302428401,0.5880382487022897,6466694.939010329
399.2243485455442,3615.3502993169604,253074.52095218725,10761584.428593343,0.017354164680743512,2309173.340823729,53.83709847550638,-1.8580795423591834,0.5883335659045843,6493813.946756152
400.85495725107404,3638.776337218421,254714.34360528947,10893656.789036654,0.017173448532171013,2347036.426090605,53.63465569563034,-1.858287173437959,0.5886296636208088,6521045.014517218
402.49222608332184,3662.358821546551,256365.11750825858,11027351.38191109,0.016994569369012738,2385520.738854182,53.43292228615133,-1.8584951976755324,0.5889265424798453,6548388.601257137
404.13618224518984,3686.098837179575,258026.91860257025,11162688.144086333,0.016817508922692122,2424636.4765527756,53.23189599726901,-1.858703617056872,0.5892242031008876,6575845.167810616
405.78685305068825,3709.997476853558,259699.82337974905,11299687.257542728,0.016642249102508805,2464394.004074791,53.03157458238888,-1.8589124335412899,0.5895226460933696,6603415.176891022
407.4442659253905,3734.055841221923,261383.90888553462,11438369.152385637,0.016468771993950915,2504803.856509153,52.831955798191906,-1.859121649062633,0.5898218720568993,6631099.093098058
409.1084484068856,3758.275038915371,263079.252724076,11578754.509896474,0.01629705985702333,2545876.7419408024,52.63303740470314,-1.8593312655294605,0.5901218815811926,6658897.382925386
410.779428145241,3782.6561866023944,264785.9330621676,11720864.26562194,0.016127095124590065,2587623.5442923317,52.434817165357835,-1.859541284825227,0.5904226752460027,6686810.5147684235
412.45723290345813,3807.2004090501296,266504.02863350906,11864719.612500533,0.01595886040073277,2630055.32621208,52.2372928470674,-1.8597517088084592,0.5907242536210562,6714838.958932026
414.14189055793577,3831.9088391857877,268233.61874300515,12010342.00402801,0.015792338459123464,2673183.3320098217,52.040462220282926,-1.8599625393129289,0.5910266172659828,6742983.187638296
415.83342909892974,3856.7826181584724,269974.78327109304,12157753.157461267,0.015627512241412615,2717018.990640542,51.84432305905795,-1.8601737781478243,0.5913297667302491,6771243.6750343265
417.5318766310229,3881.822895401619,271727.6026781133,12306975.057062397,0.01546436485563116,2761573.9187374474,51.64887314110943,-1.8603854270979228,0.5916337025530907,6799620.897200125
419.2372613735897,3907.0308286958098,273492.1580087067,12458029.957381966,0.015302879574607735,2806859.92369462,51.45411024787744,-1.8605974879237532,0.5919384252634443,6828115.332156446
420.9496116612624,3932.4075842320663,275268.5308962446,12610940.386582537,0.015143039834400442,2852889.0068003,51.260032164584175,-1.8608099623617647,0.5922439353798827,6856727.459872636
422.66895594440695,3957.9543366758126,277056.8035673069,12765729.149804182,0.014984829232741956,2899673.3664218592,51.066636680290316,-1.861022852124484,0.5925502334105432,6885457.762274672
424.39532278959246,3983.672269231164,278857.0588461815,12922419.332570275,0.014828231527499824,2947225.401242867,50.873921587951095,-1.861236158900677,0.592857319853064,6914306.723253057
426.12874088006714,4009.5625737058035,280669.3801594062,13081034.304235607,0.014673230635150433,2995557.713553469,50.681884684470994,-1.8614498843555065,0.593165195194512,6943274.82867085
427.869239016232,4035.626450576307,282493.8515403415,13241597.721476613,0.014519810629267261,3044683.1125947004,50.49052377075718,-1.861664030130684,0.593473859911321,6972362.566371645
429.61684611612395,4061.8651090541043,284330.5576337873,13404133.531825194,0.01436795573902232,3094614.617957959,50.2998366517713,-1.8618785978446253,0.5937833144692197,7001570.426187718
431.37159121589406,4088.279767151841,286179.5837006289,13568665.977245338,0.014217650347701961,3145365.4630401228,50.109821136580415,-1.862093589092598,0.5940935593231682,7030898.89994808
433.1335034702872,4114.871651750279,288041.01562251954,13735219.597753752,0.01406887899123626,3196949.0985554336,49.920475038407076,-1.8623090054468703,0.5944045949172865,7060348.481486567
434.9026121531318,4141.641998665825,289914.93990660773,13903819.235085728,0.013921626356741318,3249379.1961052935,49.73179617467729,-1.8625248484568555,0.594716421684792,7089919.666650088
436.67894665782273,4168.5920527184735,291801.4436902931,14074490.036405273,0.013775877281075603,3302669.651806464,49.543782367068175,-1.8627411196492565,0.5950290400479272,7119612.953306767
438.46253649781113,4195.723067800355,293700.6147460249,14247257.458061395,0.013631616749409233,3356834.589979018,49.356431441554264,-1.8629578205282062,0.5953424504178986,7149428.841354198
440.2534113070917,4223.036306944759,295612.5414861332,14422147.269390063,0.013488829893806745,3411888.366894739,49.16974122845265,-1.863174952575404,0.5956566531948015,7179367.832727653
442.05160084069996,4250.533042395817,297537.31296770717,14599185.556563789,0.013347501991822238,3467845.5745873484,48.9837095624667,-1.863392517250257,0.5959716487675617,7209430.431408468
443.85713497520334,4278.21455567862,299475.0188975034,14778398.726487705,0.013207618465108248,3524721.0447250856,48.798334282729414,-1.8636105159900114,0.5962874375138623,7239617.1434323145
445.6700437091994,4306.082137669964,301425.74963689747,14959813.510744099,0.013069164878036884,3582529.852547065,48.61361323284497,-1.8638289502098853,0.5966040198000795,7269928.476897596
447.4903571638102,4334.137088669567,303389.5962068697,15143456.969584862,0.012932126936334233,3641287.3208641196,48.42954426093004,-1.8640478213031992,0.596921395981215,7300364.941973785
449.3181055831888,4362.3807184719935,305366.65029303957,15329356.495974038,0.01279649048572663,3701009.0241256966,48.246125219653216,-1.864267130641507,0.5972395664008292,7330927.050909952
451.1533193350187,4390.814346439024,307357.00425073167,15517539.819679232,0.012662241510600034,3761710.792553277,48.063353966273716,-1.8644868795747171,0.597558531390975,7361615.318043183
452.9960289110155,4419.439301572586,309360.75111008104,15708035.011413302,0.012529366132671872,3823408.716341721,47.88122836267994,-1.8647070694312216,0.5978782912721317,7392430.259807041
454.8462649274395,4448.256922588407,311377.98458118853,15900870.487027928,0.012397850609674492,3886119.1499299016,47.69974627542561,-1.8649277015180172,0.5981988463531356,7423372.394740194
456.7040581256001,4477.268557990082,313408.79905930575,16096075.011757705,0.012267681334051529,3949858.7163412003,47.51890557576595,-1.865148777120825,0.5985201969311191,7454442.243494928
458.569439372369,4506.475566143844,315453.28963006905,16293677.704517126,0.012138844831665909,4014644.3115955074,47.33870413969256,-1.8653702975042092,0.5988423432914369,7485640.328845779
460.44243966068893,4535.879315353812,317511.55207476683,16493708.042249734,0.01201132776052025,4080493.109193503,47.15913984796781,-1.8655922639116966,0.5991652857076075,7516967.175698126
462.32309011009426,4565.481183937993,319583.6828756595,16696195.864331795,0.011885116909488524,4147422.564674946,46.980210586157476,-1.8658146775658873,0.5994890244412414,7548423.311096946
464.2114219672244,4595.282560304734,321669.7792213314,16901171.377029102,0.011760199197060082,4215450.4202515315,46.8019142446633,-1.8660375396685713,0.5998135597419785,7580009.264235479
466.1074666063448,4625.2848430298745,323769.9390120912,17108665.15800928,0.011636561670094974,4284594.709516051,46.624248718754096,-1.866260851400838,0.6001388918474222,7611725.566464002
468.01125552986446,4655.489440934425,325884.26086540974,17318708.160909005,0.011514191502591203,4354873.762228729,46.44721190859668,-1.8664846139231863,0.6004650209830693,7643572.751298551
469.92282036886496,4685.897773162997,328012.84412140975,17531331.719958317,0.011393075994462851,4426306.209182536,46.27080171928493,-1.8667088283756335,0.6007919473622505,7675551.354429842
471.8421928836232,4716.511269262722,330155.7888483905,17746567.554660928,0.011273202570330144,4498910.987148127,46.09501606086875,-1.8669334958778183,0.6011196711860618,7707661.9137320705
473.76940496413624,4747.3313692628,332313.195848396,17964447.774532035,0.011154558778320785,4572707.343900015,45.919852848382575,-1.8671586175291084,0.6014481926432964,7739904.969271763
475.70448863065684,4778.3595237548125,334485.16666283685,18185004.883895516,0.011037132288881837,4647714.843325665,45.74531000187178,-1.8673841944087035,0.6017775119103876,7772281.063316802
477.64747603422165,4809.597193973516,336671.80357814615,18408271.78673887,0.010920910893603416,4723953.370618146,45.57138544641948,-1.867610227575733,0.6021076291513354,7804790.7403453225
479.5983994571874,4841.0458518783835,338873.20963148685,18634281.791628685,0.010805882504052872,4801443.137554333,45.39807711217192,-1.8678367180693578,0.6024385445176448,7837434.547054756
481.55729131376324,4872.706980235672,341089.488616497,18863068.616685815,0.010692035150620267,4880204.68785959,45.22538293436371,-1.8680636669088693,0.6027702581482637,7870213.0323707955
483.5241841505552,4904.582072701322,343320.7450890926,19094666.394622855,0.010579356981374098,4960258.902660987,45.053300853341355,-1.868291075093783,0.6031027701695146,7903126.74745657
485.4991106471031,4936.672633904351,345567.08437330456,19329109.677842554,0.010467836260928174,5041627.006029731,44.88182881458689,-1.8685189436039358,0.6034360806950307,7936176.245721701
487.4821036164256,4968.980179530991,347828.6125671694,19566433.443599507,0.010357461369318845,5124330.570614878,44.710964768740226,-1.8687472733995767,0.6037701898256949,7969362.082831474
489.47319600556085,5001.506236409415,350105.43654865905,19806673.09922468,0.010248220800893049,5208391.523369367,44.540706671621564,-1.868976065421461,0.6041050976495701,8002684.816715968
491.47242089612064,5034.252342595282,352397.66398166976,20049864.487415414,0.010140103163206184,5293832.151370573,44.37105248425191,-1.8692053205909394,0.6044408042418428,8036145.007579375
493.47981150483645,5067.22004745783,354705.40332204814,20296043.891589366,0.010033097175930834,5380675.10773607,44.20200017287381,-1.8694350398100452,0.604777309664752,8069743.217909218
495.4954011841087,5100.410911766635,357028.76382366446,20545248.041304335,0.00992719166977568,5468943.41763663,44.03354770897148,-1.8696652239615859,0.6051146139675314,8103480.012485599
497.5192234225667,5133.826507779223,359367.85554454563,20797514.117745858,0.00982237558541411,5558660.484408383,43.86569306928935,-1.8698958739092242,0.6054527171863429,8137355.9583906345
499.5513118456211,5167.468419329201,361722.7893530441,21052879.75928103,0.009718637972423378,5649850.095764968,43.69843423585085,-1.8701269904975653,0.6057916193442128,8171371.625017774
501.5917002160248,5201.338241915195,364093.67693406367,21311383.067081448,0.009615967988233408,5742536.430112031,43.53176919597613,-1.8703585745522402,0.6061313204509744,8205527.584081241
503.64042243442935,5235.437582790384,366480.6307953269,21573062.610814493,0.009514354897085795,5836744.062965173,43.36569594229959,-1.8705906268799863,0.6064718205031985,8239824.409625421
505.69751253995474,5269.768061052927,368883.7642737049,21837957.434405923,0.009413788069002057,5932497.973473818,43.200212472785836,-1.8708231482687288,0.6068131194841357,8274262.678034456
507.76300471075086,5304.331307736929,371303.1915415851,22106107.06187207,0.009314256978762097,6029823.551051832,43.03531679074598,-1.8710561394876577,0.6071552173636507,8308842.968041711
509.83693326456716,5339.128965904228,373739.02761329594,22377551.503224477,0.009215751204892007,6128746.602117321,42.871006904853004,-1.8712896012873106,0.6074981140981655,8343565.860739369
511.9193326593189,5374.162690736833,376191.38835157827,22652331.260446586,0.00911826042866159,6229293.356942911,42.70728082915652,-1.871523534399643,0.6078418096305926,8378431.939587985
514.0102374936658,5409.434149630244,378660.39047411707,22930487.33354505,0.00902177443309093,6331490.476619056,42.544136583096545,-1.8717579395381068,0.6081863038902726,8413441.790426223
516.1096825075838,5444.945022287366,381146.15156011557,23212061.22667436,0.008926283101966725,6435365.060131313,42.38157219151755,-1.8719928173977263,0.6085315967929212,8448596.0014805
518.2177025829392,5480.697000813168,383648.7900569218,23497094.95433677,0.008831776418867867,6540944.651553916,42.21958568468139,-1.8722281686551674,0.6088776882405584,8483895.163374664
520.3343327440741,5516.691789810259,386168.4252867181,23785631.04765972,0.008738244466199812,6648257.247361951,42.05817509827955,-1.872463993968811,0.6092245781214531,8519339.869139856
522.459608158385,5552.931106475037,388705.1774532526,24077712.56074917,0.008645677424238492,6757331.3038632395,41.89733847344525,-1.8727002939788242,0.6095722663100629,8554930.714224257
524.5935641369081,5589.416680694723,391259.1676486306,24373383.077121787,0.008554065570182996,6868195.744752565,41.737073856764695,-1.8729370693072274,0.6099207526669703,8590668.296502963
526.7362361349025,5626.150255145043,393830.517860153,24672686.716215495,0.008463399277217459,6980879.968789747,41.57737930028836,-1.8731743205579656,0.6102700370388274,8626553.216287808
528.8876597524456,5663.133585388891,396419.3509772224,24975668.139981557,0.008373669013581341,7095413.857604411,41.418252861540736,-1.8734120483169727,0.6106201192582916,8662586.076337393
531.04787073502,5700.368439975561,399025.7907982893,25282372.559556138,0.008284865341648974,7211827.783628409,41.259692603530574,-1.8736502531522388,0.6109709991439698,8698767.481866984
533.2169049741098,5737.856600540925,401649.9620378647,25592845.7420151,0.008196978917017475,7330152.618158978,41.10169659476001,-1.8738889356138768,0.6113226765003594,8735098.040558558
535.3947985077924,5775.599861908248,404291.9903335774,25907134.017210625,0.008110000487603653,7450419.739553952,40.94426290923379,-1.8741280962341818,0.611675151117784,8771578.362570781
537.5815875213441,5813.600032190031,406952.0022533022,26225284.28469373,0.00802392089274891,7572661.041562279,40.787389626467174,-1.8743677355276986,0.6120284227723432,8808209.060549207
539.7773083478378,5851.858932890478,409630.1253023335,26547344.02072049,0.007938731062333074,7696908.941790875,40.63107483149409,-1.8746078539912823,0.6123824912258491,8844990.749636354
541.9819974687434,5890.378399008782,412326.48793061473,26873361.28534429,0.007854422015896579,7823196.390310546,40.47531661487457,-1.8748484521041546,0.6127373562257665,8881924.047481831
544.1956915145405,5929.160279143398,415041.21954003786,27203384.729596928,0.007770984861770632,7951556.878403904,40.32011307270172,-1.8750895303279727,0.6130930175051632,8919009.57425265
546.4184272653229,5968.206435596979,417774.4504917885,27537463.60275637,0.007688410796215963,8082024.447456416,40.16546230660814,-1.8753310891068788,0.6134494747826456,8956247.952643419
548.6502416514113,6007.518744482232,420526.31211375626,27875647.759704825,0.007606691102569575,8214633.697993858,40.01136242377213,-1.8755731288675643,0.6138067277623025,8993639.807886677
550.8911717539631,6047.099095828524,423296.93670799665,28217987.66837641,0.0075258171503997506,8349419.798867926,39.8578115369235,-1.8758156500193242,0.614164776133654,9031185.767763156
553.1412548055949,6086.949393689528,426086.45755826693,28564534.4172981,0.007445780394668719,8486418.496593421,39.70480776434842,-1.876058652954113,0.6145236195715875,9068886.462612282
555.4005281909976,6127.071556251538,428895.00893760764,28915339.723221835,0.007366572374903638,8625666.12483824,39.55234922989457,-1.876302138046602,0.6148832577363093,9106742.525342545
557.6690294475545,6167.467515942675,431722.7261159873,29270455.93885061,0.007288184714375385,8767199.614069313,39.40043406297552,-1.8765461056542296,0.6152436902732812,9144754.591441898
559.9467962659712,6208.139219543102,434569.7453680171,29629936.060661007,0.0072106091192848665,8911056.501357615,39.24906039857455,-1.8767905561172595,0.6156049168131739,9182923.298988398
562.2338664908981,6249.088628295965,437436.2039807175,29993833.73682043,0.007133837377957385,9057274.94034367,39.098226377248395,-1.8770354897588302,0.6159669369718046,9221249.288660679
564.5302781215609,6290.317718019303,440322.2402613512,30362203.275202576,0.007057861360044491,9205893.711367132,38.94793014513048,-1.877280906885007,0.6163297503500882,9259733.203748584
566.8360693123872,6331.828479218743,443227.993545312,30735099.65150046,0.006982673015733591,9356952.231762404,38.798169853933864,-1.8775268077848333,0.616693356533978,9298375.69016373
569.1512783736481,6373.622917201306,446153.6042040914,31112578.51744121,0.00690826437496473,9510490.566324204,38.648943660953435,-1.8777731927303822,0.6170577550944174,9337177.396450311
571.4759437720892,6415.7030521898905,449099.21365329233,31494696.209099792,0.0068346275466552205,9666549.437944261,38.50024972906833,-1.8780200619768048,0.6174229455872833,9376138.973795744
573.8101041315726,6458.070919438834,452064.9643607184,31881509.755316444,0.0067617547179313646,9825170.238423346,38.352086226743296,-1.8782674157623758,0.6177889275533313,9415261.076041479
576.153798233714,6500.728569350228,455050.99985451595,32273076.886216234,0.006689638153367769,9986395.039460385,38.20445132803065,-1.878515254308546,0.6181557005181475,9454544.359693749
578.5070650185337,6543.678067591392,458057.46473139746,32669456.04183534,0.006618270194233528,10150266.603823008,38.05734321257082,-1.8787635778199892,0.6185232639920959,9493989.483934527
580.8699435851,6586.921495213112,461084.5046649179,33070706.380852036,0.006547643257745891,10316828.39670087,37.910760065593124,-1.8790123864846433,0.6188916174702621,9533597.110632388
583.2424731921762,6630.460948768805,464132.26641381637,33476887.789424792,0.00647774983633104,10486124.597245581,37.764700077916515,-1.8792616804737623,0.6192607604324067,9573367.904353391
585.6246932588787,6674.298540434811,467200.89783043676,33888060.890140764,0.006408582496891646,10658200.110300897,37.61916144594905,-1.879511459941957,0.6196306923429125,9613302.532372192
588.016643365328,6718.436398131469,470290.54786920286,34304287.051072665,0.00634013388008171,10833100.57832495,37.47414237168805,-1.879761725027242,0.6200014126507334,9653401.664683009
590.4183632533085,6762.876665645257,473401.366595168,34725628.39494796,0.006272396699588139,11010872.393508747,37.32964106271919,-1.8800124758510766,0.6203729207893456,9693665.97401073
592.8298928269242,6807.621502751799,476533.5051926259,35152147.80842989,0.006205363741419363,11191562.710093416,37.185655732216034,-1.880263712518412,0.6207452161766975,9734096.135821989
595.2512721532684,6852.673085340058,479687.11597380403,35583908.95151444,0.006139027863200442,11375219.456890572,37.04218459893826,-1.880515435117729,0.6211182982151604,9774692.828336436
597.6825414630849,6898.03360553731,482862.3523876117,36020976.26704104,0.0060733819934751946,11561891.350007635,36.8992258872305,-1.880767643721082,0.6214921662914783,9815456.732537882
600.1237411514394,6943.705271835253,486059.36902846774,36463414.9903215,0.006008419131014828,11751627.905782769,36.75677782702042,-1.8810203383841424,0.6218668197767234,9856388.53218562
602.5749117783845,6989.690309216978,489278.32164518844,36911291.15888588,0.005944132344133349,11944479.453931723,36.6148386538168,-1.881273519146235,0.6222422580262441,9897488.913825637
605.0360940696422,7035.990959285197,492519.3671499638,37364671.622350745,0.0058805147700091934,12140497.150911767,36.473406608706696,-1.8815271860303793,0.6226184803796198,9938758.566802105
607.5073289172761,7082.609480391273,495782.6636273891,37823624.05240653,0.005817559614013672,12339732.993504241,36.33247993835328,-1.8817813390433322,0.6229954861606137,9980198.183268726
609.9886573803675,7129.5481477652975,499068.37034357083,38288216.95292797,0.005755260149045765,12542239.832620356,36.192056894992746,-1.8820359781756226,0.6233732746771263,10021808.458200116
612.4801206857047,7176.809253647409,502376.6477553186,38758519.67021075,0.00569360971487307,12748071.387334723,36.052135736430934,-1.882291103401593,0.6237518452211481,10063590.08940343
614.9817602284633,7224.3951074199285,505707.657519395,39234602.40333197,0.005632601717479325,12957282.25914843,35.91271472604001,-1.8825467146794335,0.6241311970687173,10105543.777529828
617.4936175728961,7272.308035740699,509061.5625018489,39716536.21463931,0.005572229628418004,13169927.946487194,35.7737921327547,-1.8828028119512248,0.6245113294798716,10147670.2260861
620.0157344530195,7320.550382677341,512438.52678741387,40204393.04036787,0.005512486984172285,13386064.859437011,35.63536623106854,-1.8830593951429702,0.6248922416986042,10189970.141446237
622.5481527733132,7369.124509842828,515838.71568899794,40698245.70138989,0.005453367385520855,13605750.33472305,35.497435301029284,-1.8833164641646345,0.6252739329528219,10232444.232863227
625.0909146094123,7418.0327965319,519262.295757233,41198167.914094426,0.005394864496910069,13829042.650933595,35.35999762823463,-1.88357401891018,0.6256564024542988,10275093.21248072
627.6440622088088,7467.277639858729,522709.43479011103,41704234.301402345,0.0053369720458319725,14056001.043994846,35.223051503827456,-1.8838320592576003,0.6260396493986362,10317917.795344852
630.2076379915482,7516.861454895516,526180.3018426861,42216520.40391504,0.005279683822208445,14286685.722899199,35.086595224491106,-1.8840905850689569,0.6264236729652164,10360918.699415982
632.7816845509419,7566.786674812462,529675.0672368723,42735102.69120318,0.005222993677780966,14521157.885693261,34.950627092443895,-1.884349596190415,0.6268084723171661,10404096.645580713
635.3662446542716,7617.055751018637,533193.9025713046,43260058.57323176,0.005166895525506492,14759479.735727444,34.81514541543378,-1.8846090924522745,0.6271940466013091,10447452.357663745
637.961361243495,7667.671153303962,536736.9807312773,43791466.41192573,0.00511138333895913,15001714.498172589,34.68014850673306,-1.8848690736690057,0.6275803949481285,10490986.562439801
640.5670774359685,7718.635369982573,540304.4758987802,44329405.53288047,0.005056451151737285,15247926.436809102,34.54563468513213,-1.8851295396392853,0.6279675164717275,10534699.989645768
643.1834365251566,7769.950908037064,543896.5635625945,44873956.23721325,0.005002093056876813,15498180.87109066,34.41160227493357,-1.885390490146023,0.6283554102697859,10578593.371992696
645.8104819813553,7821.620293264047,547513.4205284833,45425199.81356247,0.004948303206269609,15752544.19348919,34.278049605946066,-1.885651924956404,0.628744075423527,10622667.445177969
648.4482574524086,7873.646070420724,551155.2249294507,45983218.55023266,0.004895075810087951,16011083.887123981,34.144975013477826,-1.88591384382191,0.6291335109976699,10666922.947897376
651.0968067644413,7926.030803372894,554822.1562361026,46548095.74749174,0.004842405136214105,16273868.543681823,34.012376838329814,-1.8861762464783607,0.6295237160403999,10711360.62185749
653.7561739225822,7978.777075243873,558514.3952670711,47119915.730016634,0.0047902855096756975,16540967.88163025,33.88025342678911,-1.8864391326459424,0.6299146895833263,10755981.211787835
656.4264031116979,8031.8874885647865,562232.124199535,47698763.859493874,0.004738711312086317,16812452.764730975,33.74860313062158,-1.886702502029237,0.6303064306414474,10800785.46545327
659.1075386971215,8085.364665425888,565975.5265798122,48284726.54737321,0.004687676981091687,17088395.220856596,33.61742430706505,-1.8869663543172557,0.6306989382131121,10845774.13366626
661.7996252253977,8139.211247629362,569744.7873340554,48877891.26778121,0.004637177009820893,17368868.46111793,33.48671531882152,-1.8872306891834714,0.6310922112799859,10890947.970299449
664.502707425019,8193.429896843123,573540.0927790186,49478346.57059103,0.004587205946343104,17653946.899304464,33.356474534049575,-1.8874955062858456,0.6314862488070152,10936307.732298063
667.216830207165,8248.023294755825,577361.6306329077,50086182.09465288,0.004537758393129558,17943706.171644107,33.22670032635707,-1.8877608052668622,0.6318810497423937,10981854.179692375
669.9420386664559,8302.994143233378,581209.5900263365,50701488.58118993,0.004488829006520452,18238223.15688902,33.09739107479249,-1.8880265857535543,0.6322766130175237,11027588.075610403
672.6783780816976,8358.345164476446,585084.1615133513,51324357.88735624,0.004440412496197243,18537575.996730126,32.96854516383729,-1.8882928473575378,0.6326729375469895,11073510.186290475
675.4258939166356,8414.079101179352,588985.5370825547,51954882.99996285,0.004392503624659895,18841844.116547767,32.84016098339748,-1.8885595896750376,0.633070022228521,11119621.281093942
678.1846318207054,8470.198716690118,592913.9101683083,52593158.04937123,0.004345097206709251,19151108.2465026,32.7122369287953,-1.8888268122869212,0.6334678659429602,11165922.132517818
680.9546376297991,8526.706795172055,596869.4756620438,53239278.323560566,0.004298188108934216,19465450.442974523,32.58477140076026,-1.8890945147587213,0.6338664675542311,11212413.516207714
683.7359573670229,8583.60614176639,600852.4299236473,53893340.28236538,0.004251771249204047,19784954.110352512,32.45776280542061,-1.8893626966406725,0.6342658259093124,11259096.21097059
686.5286372434575,8640.89958275621,604862.9707929348,54555441.5718881,0.004205841596165567,20109704.02318252,32.33120955429464,-1.8896313574677366,0.6346659398381989,11305970.9987876
689.3327236589342,8698.589965731984,608901.2976012389,55225681.039092034,0.004160394168744994,20439786.348680746,32.2051100642811,-1.889900496759629,0.6350668081538786,11353038.664827159
692.1482632028006,8756.680159758102,612967.6111830671,55904158.746570505,0.00411542403565481,20775288.669615258,32.079462757650255,-1.8901701140208507,0.635468429652303,11400299.997457845
694.9753026546969,8815.17305554094,617062.1138878658,56590975.987499505,0.004070926314905264,21116300.00756454,31.954266062034467,-1.890440208740716,0.6358708031123546,11447755.78826151
697.8138889853277,8874.071565598102,621185.0095918671,57286235.30077255,0.0040268961733207,21462910.846557308,31.82951841041894,-1.8907107803933814,0.6362739272958253,11495406.83204627
700.6640693572513,8933.378624429313,625336.5037100519,57990040.4863248,0.003983328826060337,21815213.157102417,31.705218241131565,-1.8909818284378708,0.6366778009473826,11543253.926859822
703.5258911256572,8993.09718868838,629516.8032081866,58702496.62064263,0.0039402195361438975,22173300.42061199,31.58136399783349,-1.891253352318106,0.6370824227945504,11591297.874002544
706.3994018391558,9053.23023735672,633726.1166149704,59423710.07246558,0.003897563613981682,22537267.654226847,31.45795412950903,-1.8915253514629353,0.6374877915476755,11639539.478040818
709.2846492405627,9113.780771918095,637964.6540342666,60153788.51867975,0.003855356416909313,22907211.43604885,31.334987090455986,-1.8917978252861594,0.6378939058999094,11687979.546820248
712.1816812677006,9174.751816535061,642232.6271574543,60892840.9604101,0.003813593348726741,23283229.9307897,31.212461340274814,-1.892070773186558,0.6383007645271799,11736618.89147918
715.0905460541917,9236.146418226564,646530.2492758596,61640977.739307545,0.00377226985924192,23665422.91583959,31.09037534385889,-1.892344194547923,0.6387083660881689,11785458.326462058
718.0112919302524,9297.967647046937,650857.7352932856,62398310.55403607,0.003731381443818872,24053891.807764072,30.96872757138391,-1.8926180887390778,0.6391167092242875,11834498.669532826
720.9439674235058,9360.218596266643,655215.301738665,63164952.47696666,0.00369092364292994,24448739.689238295,30.84751649829732,-1.8928924551139144,0.6395257925596598,11883740.741788633
723.8886212597816,9422.90238255415,659603.1667787905,63941017.9710721,0.003650892041712556,24850071.336421683,30.726740605307533,-1.8931672930114116,0.6399356147010908,11933185.367673302
726.845302363929,9486.022146159445,664021.5502311612,64726622.90703238,0.0036112822695302123,25257993.24678378,30.60639837837338,-1.8934426017556694,0.6403461742380567,11982833.374991057
729.8140598606233,9549.581051098845,668470.6735769191,65521884.580547914,0.003572089999537747,25672613.667386092,30.48648830869319,-1.893718380655931,0.6407574697426757,12032685.5949201
732.7949430751911,9613.582285341601,672950.759973912,66326921.72986987,0.0035333109482506776,26094042.623630658,30.367008892693697,-1.8939946290066163,0.6411694997696957,12082742.862026544
735.7880015344241,9678.0290609977,677462.0342698391,67141854.55354197,0.0034949408751188634,26522391.948479094,30.24795863201895,-1.8942713460873435,0.6415822628564694,12133006.014278123
738.7932849674047,9742.924614507341,682004.7230155139,67966804.72836307,0.003456975582104204,26957775.312152974,30.129336033519103,-1.8945485311629597,0.6419957575229411,12183475.893058108
741.8108433063264,9808.272206831776,686579.0544782244,68801895.42756833,0.003419410913262515,27400308.25232095,30.011139609239347,-1.894826183483568,0.6424099822716265,12234153.343179153
744.8407266873324,9874.075123645975,691185.2586552182,69647251.33923787,0.0033822427543292793,27850108.20478417,29.893367876408067,-1.8951043022845515,0.6428249355875966,12285039.212897426
747.882985451344,9940.336675532571,695823.56728728,70502998.6849285,0.0033454670323095617,28307294.534663957,29.77601935742562,-1.895382886786607,0.6432406159384629,12336134.353926575
750.9376701448925,10007.060198177356,700494.2138724149,71369265.23853438,0.0033090797150719105,28771988.568101957,29.65909257985288,-1.895661936195767,0.6436570217743627,12387439.621451763
754.0048315209684,10074.249052566642,705197.433679665,72246180.34538355,0.0032730768109460037,29244313.624483243,29.54258607639912,-1.8959414497034301,0.6440741515279436,12438955.87414398
757.0845205398577,10141.906625185879,709933.4637630115,73133874.94156511,0.0032374543683244064,29724395.049186643,29.426498384910623,-1.896221426486388,0.6444920036143487,12490683.974174138
760.1767883699932,10210.036328220092,714702.5429754065,74032481.57349701,0.0032022084752680335,30212360.24687481,29.31082804835845,-1.8965018657068509,0.6449105764312073,12542624.78722744
763.2816863887966,10278.641599755685,719504.9119828979,74942134.41773124,0.00316733525911559,30708338.715329543,29.19557361482696,-1.8967827665124788,0.6453298683586186,12594779.182517575
766.3992661835431,10347.725903984256,724340.8132788979,75862969.30100796,0.0031328308860965825,31212462.079845984,29.080733637501282,-1.8970641280364062,0.6457498777591444,12647148.032801282
769.5295795522112,10417.292731407666,729210.4911985366,76795123.72055104,0.0030986915609482767,31724864.128189243,28.966306674655453,-1.897345949397273,0.6461706029777976,12699732.214392703
772.6726785043468,10487.345599045,734114.19193315,77738736.86461656,0.003064913526536259,32245680.846127063,28.85229128964012,-1.8976282296992495,0.6465920423420302,12752532.607177936
775.8286152619212,10557.888050640971,739052.163544868,78693949.63329098,0.0030314930634787714,32775050.45354493,28.738686050870424,-1.8979109680320652,0.6470141941617256,12805550.094629506
778.997442260208,10628.92365687634,744024.6559813438,79660904.65954995,0.002998426489774536,33313113.441157132,28.625489531813347,-1.8981941634710382,0.6474370567291929,12858785.563821157
782.1792121486496,10700.456015579739,749031.9210905817,80639746.33057207,0.0029657101604343263,33860012.607818834,28.51270031097541,-1.898477815077102,0.6478606283191555,12912239.905442465
785.3739777917274,10772.488751941162,754074.2126358814,81630620.80931431,0.002933340467116123,34415893.09845122,28.4003169718904,-1.8987619218968352,0.6482849071887473,12965914.013813494
788.5817922698491,10845.025518727542,759151.786310928,82633676.05635794,0.0029013138377636527,34980902.442592345,28.288338103106376,-1.899046482962489,0.648709891577504,13019808.786899788
791.802708880225,10918.069996499662,764264.8997549764,83649061.85201772,0.0028696267362486034,35555190.59357879,28.176762298173234,-1.8993314972920148,0.6491355797073644,13073925.126327122
795.0367811377564,10991.625893831057,769413.812568174,84676929.81872633,0.0028382756620162148,36138909.968372785,28.06558815562998,-1.899616963889097,0.6495619697826573,13128263.937396491
798.284062775918,11065.696947528442,774598.7863269909,85717433.44369094,0.002807257149734403,36732215.488042094,27.95481427899204,-1.8999028817431765,0.6499890599901059,13182826.129099
801.5446077476607,11140.286922854297,779820.0845998008,86770728.10183375,0.0027765677689461352,37335264.61890817,27.844439276738182,-1.900189249829485,0.6504168484988213,13237612.614131076
804.8184702263017,11215.399613750866,785077.9729625606,87836971.0790095,0.0027462041237253385,37948217.41436734,27.734461762297762,-1.9004760671090701,0.6508453334602997,13292624.30890948
808.1057046064274,11291.03884306618,790372.7190146326,88916321.59551181,0.0027161628523360553,38571236.55740132,27.624880354037675,-1.9007633325288285,0.6512745130084281,13347862.133586545
811.4063655047908,11367.208462781695,795704.5923947187,90008940.82986525,0.0026864406268950008,39204487.403784096,27.51569367524953,-1.9010510450215312,0.6517043852594733,13403327.012065291
814.7205077612288,11443.912354242104,801073.8647969472,91114991.94291568,0.002657034153037252,39848138.02600233,27.406900354136205,-1.9013392035058576,0.652134948312094,13459019.872014917
818.0481864395686,11521.154428386708,806480.8099870696,92234640.1022122,0.002627940169585317,40502359.257894486,27.298499023798946,-1.9016278068864234,0.6525662002473345,13514941.644886058
821.3894568285373,11598.938625982604,811925.7038187823,93368052.50668855,0.0025991554482214206,41167324.74002351,27.19048832222427,-1.9019168540538116,0.6529981391286312,13571093.26592615
824.7443744426906,11677.268917860134,817408.8242502094,94515398.41165356,0.002570676793162841,41843210.96579814,27.082866892270353,-1.9022063438846013,0.6534307630018132,13627475.674195087
828.1129950233286,11756.149305149813,822930.4513604869,95676849.15408319,0.0025425010408405614,42530197.32834877,26.97563338165407,-1.9024962752414014,0.6538640698951093,13684089.812580647
831.495374539425,11835.583819521433,828490.8673665003,96852578.17822716,0.0025146250595809365,43228466.168175764,26.868786442937328,-1.9027866469728774,0.6542980578191482,13740936.627814192
834.8915691885506,11915.576523424823,834090.3566397376,98042761.06152716,0.0024870457492905665,43938202.82157859,26.76232473351412,-1.9030774579137875,0.6547327247669716,13798017.070486227
838.3016353978172,11996.131510332985,839729.205723309,99247575.54085977,0.0024597600411440748,44659595.669884436,26.65624691559659,-1.903368706885009,0.6551680687140335,13855332.095062312
841.7256298248094,12077.252904986788,845407.7033490752,100467201.5390966,0.002432764897275059,45392836.18948245,26.550551656201698,-1.9036603926935736,0.6556040876182119,13912882.659898793
845.1636093585217,12158.94486364167,851126.1404549169,101701821.19199158,0.00240605731047005,46138119.0026805,26.445237627137942,-1.9039525141326963,0.6560407794198173,13970669.727258595
848.6156311203133,12241.211574316667,856884.8102021667,102951618.87540409,0.002379634303865318,46895641.92940061,26.340303504991397,-1.9042450699818114,0.656478142041597,14028694.26332733
852.0817524648508,12324.057257045071,862684.007993155,104216781.23285119,0.0023534929306467736,47665606.0397206,26.235747971112257,-1.9045380590066001,0.6569161733887541,14086957.2382292
855.5620309810639,12407.48616412732,868524.0314889124,105497497.20340212,0.0023276302737527065,48448215.70728111,26.131569711601152,-1.9048314799590274,0.657354871348949,14145459.626043111
859.0565244930964,12491.502580385708,874405.1806269996,106793958.04991253,0.0023020434455794927,49243678.66356824,26.027767417295568,-1.905125331577371,0.6577942337923184,14204202.404818704
862.5652910612761,12576.110823421552,880327.7576395086,108106357.3876121,0.0022767295876900497,50052206.053091854,25.924339783755865,-1.905419612586258,0.6582342585714827,14263186.556592736
866.0883889830733,12661.31524387401,886292.0670711808,109434891.21303767,0.0022516858705252454,50874012.48946705,25.821285511251684,-1.9057143216966972,0.6586749435215635,14322413.067405228
869.6258767940727,12747.12022568126,892298.4157976882,110779757.93332598,0.0022269094931180516,51709316.112419374,25.71860330474799,-1.9060094576061122,0.6591162864601972,14381882.927315863
873.1778132689391,12833.530186343503,898347.1130440453,112141158.39586297,0.002202397682810552,52558338.645724565,25.616291873891466,-1.9063050189983746,0.6595582851875477,14441597.130420275
876.744257422404,12920.549577188536,904438.4704031976,113519295.91830426,0.002178147694973588,53421305.45610444,25.514349932996318,-1.9066010045438408,0.6600009374863263,14501556.674866688
880.3252685102414,13008.18288363907,910572.8018547349,114914376.31895919,0.002154156812729242,54298445.6130871,25.41277620103049,-1.9068974128993854,0.660444241121807,14561762.562872378
883.9209060302464,13096.434625482198,916750.4237837539,116326607.94754812,0.0021304223466760332,55189991.94985047,25.31156940160196,-1.907194242708437,0.6608881938418452,14622215.800740184
887.5312297232351,13185.309357141454,922971.6549999018,117756201.71634497,0.002106941634616676,56096181.125070095,25.210728262944365,-1.907491492601011,0.6613327933768944,14682917.398875356
891.1562995740297,13274.811667950613,929236.8167565429,119203371.13169537,0.0020837120412886085,57017253.68577865,25.110251517903148,-1.9077891611937456,0.6617780374400293,14743868.37180219
894.7961758124585,13364.946182429943,935546.232770096,120668332.3259269,0.0020607309580970954,57953454.13126108,25.01013790392164,-1.9080872470899437,0.6622239237269651,14805069.738180887
898.4509189143497,13455.717560564466,941900.2292395126,122151304.08964771,0.0020379958028509844,58905030.97799724,24.910386163027002,-1.9083857488796,0.6626704499160787,14866522.520824319
902.1205896025469,13547.130498084874,948299.1348659412,123652507.90444955,0.002015504019500933,59872236.825676285,24.810995041815946,-1.9086846651394447,0.6631176136684311,14928227.74671516
905.8052488479112,13639.189726750288,954743.2808725202,125172167.97600602,0.0019932530778803033,60855328.42429131,24.71196329144077,-1.9089839944329756,0.6635654126277919,14990186.447022775
909.504957870337,13731.900014633535,961233.0010243474,126710511.26758187,0.0019712404734485186,61854566.74233935,24.613289667595186,-1.9092837353104988,0.6640138444206631,15052399.657120384
913.2197781397623,13825.2661664085,967768.6316485951,128267767.53395078,0.0019494637270369832,62870217.03613936,24.51497293050035,-1.9095838863091656,0.6644629066563039,15114868.416602079
916.9497713772015,13919.29302364023,974350.5116548161,129844169.3557374,0.001927920384597379,63902548.92029428,24.41701184489033,-1.9098844459530082,0.664912596926758,15177593.769300256
920.6949995557645,14013.98546507696,980978.9825553872,131439952.17417522,0.0019066080169525164,64951836.43930648,24.319405179998164,-1.9101854127529814,0.6653629128068788,15240576.763302805
924.4555249016813,14109.348406944508,987654.3884861155,133055354.32629184,0.0018855242195496137,66018358.14037013,24.222151709541723,-1.9104867852069978,0.6658138518543579,15303818.45097039
928.2314098953468,14205.38680324346,994377.0762270422,134690617.08053422,0.001864666612215894,67102397.14736455,24.12525021170925,-1.9107885617999711,0.6662654116097575,15367319.888954088
932.022717272352,14302.105646048307,1001147.3952233815,136345984.6728245,0.0018440328389166662,68204241.23605837,24.02869946914525,-1.9110907410038522,0.6667175895965356,15431082.138212765
935.8295100245292,14399.50996580925,1007965.6976066475,138021704.34306377,0.0018236205675157139,69324182.91055252,23.93249826893607,-1.9113933212776684,0.6671703833210776,15495106.264030721
939.6518514009916,14497.604831656156,1014832.3382159309,139718026.37208006,0.0018034274895380878,70462519.4809764,23.836645402596016,-1.911696301067567,0.6676237902727304,15559393.336035227
943.4898049091958,14596.395351705485,1021747.674619384,141435204.11903942,0.0017834513199351018,71619553.14246659,23.741139666052565,-1.9119996788068536,0.6680778079238332,15623944.428214448
947.3434343159885,14695.886673369181,1028712.0671358426,143173494.05930874,0.001763689796851739,72795591.05543746,23.645979859632384,-1.9123034529160337,0.6685324337297514,15688760.61893509
951.2128036486706,14796.083983666358,1035725.8788566451,144933155.82278916,0.0017441406813962603,73990945.4271748,23.551164788046794,-1.9126076218028532,0.6689876651289097,15753842.990960376
955.0979771960531,14896.992509537205,1042789.4756676044,146714452.23271623,0.0017248017574121328,75205933.59476659,23.456693260377737,-1.9129121838623409,0.6694434995428309,15819192.631467836
958.9990195095365,14998.617518159937,1049903.2262711956,148517649.3449459,0.0017056708312520816,76440878.10940258,23.36256409006308,-1.9132171374768503,0.6698999343761673,15884810.632067531
962.9159954041778,15100.964317269829,1057067.502208888,150343016.4877158,0.0016867457315544432,77696106.82205407,23.268776094882426,-1.9135224810161033,0.6703569670167435,15950698.088820042
966.8489699597617,15204.038255480871,1064282.677883661,152190826.30189624,0.0016680243090217016,78971952.97056152,23.175328096942902,-1.9138282128372306,0.6708145948355897,16016856.102254566
970.7980085218929,15307.844722610416,1071549.1305827291,154061354.7817432,0.0016495044362011076,80268755.26815888,23.082218922664506,-1.914134331284819,0.6712728151869849,16083285.777387308
974.7631767030753,15412.389150006022,1078867.2405004215,155954881.3161452,0.0016311840072675316,81586857.99344695,22.989447402765848,-1.91444083469095,0.671731625408492,16149988.223739723
978.7445403838042,15517.677010875146,1086237.3907612602,157871688.73038158,0.0016130609378083955,82926611.08184838,22.89701237224977,-1.914747721375249,0.6721910228210046,16216964.55535692
982.7421657136548,15623.713820617291,1093659.9674432103,159812063.32839006,0.0015951331646107492,84288370.21856253,22.80491267038903,-1.9150549896449256,0.6726510047287841,16284215.890826046
986.7561191123922,15730.505137159278,1101135.3596011496,161776294.9355629,0.0015773986454503516,85672496.9330541,22.713147140711754,-1.9153626377948223,0.6731115684195046,16351743.353294991
990.786467271067,15838.056561292748,1108663.9592904923,163764676.94206035,0.001559855358882896,87079358.69508801,22.62171463098705,-1.9156706641074575,0.6735727111642973,16419548.070490893
994.8332771531275,15946.373737014674,1116246.1615910272,165777506.34666216,0.0015425013040372367,88509329.01234667,22.530613993210693,-1.915979066853073,0.6740344302177941,16487631.174738897
998.8966159955247,16055.46235187038,1123882.3646309266,167815083.80115438,0.0015253345004106738,89962787.5296474,22.43984408359072,-1.9162878442896778,0.6744967228181726,16555993.802980786
1002.9765513098406,16165.328137299777,1131572.9696109844,169877713.6552704,0.001508352987666172,91440120.12979709,22.34940376253283,-1.9165969946630965,0.6749595861872044,16624637.096794043
1007.0731508834047,16275.97686898596,1139318.3808290171,171965704.00217593,0.001491554825431635,92941719.03609854,22.259291894626124,-1.9169065162070185,0.6754230175303018,16693562.20241067
1011.1864827804136,16387.414367206613,1147119.005704463,174079366.72451404,0.0014749380931011432,94467982.91654071,22.169507348628695,-1.91721640714304,0.6758870140365647,16762770.27073608
1015.3166153430743,16499.646497188736,1154975.2548032114,176219017.54102576,0.0014585008896380708,96019316.9897083,22.080048997453158,-1.9175266656807188,0.6763515728788343,16832262.457368404
1019.4636171927317,16612.679169465733,1162887.5418626014,178384976.053734,0.0014422413333801986,97596133.13242441,21.990915718152152,-1.9178372900176166,0.6768166912137379,16902039.922617495
1023.6275572310125,16726.518340237653,1170856.2838166358,180577565.7957139,0.0014261575618467037,99198849.98916648,21.90210639190402,-1.918148278339352,0.6772823661817444,16972103.831524234
1027.808504640962,16841.170011734077,1178881.9008213854,182797114.2794447,0.001410247731547074,100827893.0832763,21.813619903998497,-1.9184596288196487,0.6777485949072153,17042455.35387974
1032.0065288882056,16956.64023258045,1186964.8162806313,185043953.04576677,0.0013945100177918236,102483694.93000458,21.725455143821964,-1.918771339620383,0.6782153744984545,17113095.664244916
1036.2216997220976,17072.93509816688,1195105.4568716816,187318417.713432,0.0013789426145051338,104166695.15140751,21.63761100484334,-1.9190834088916393,0.6786827020477704,17184025.941969883
1040.4540871768727,17190.060751019937,1203304.2525713956,189620848.0292625,0.0013635437340393233,105877340.59313016,21.5500863845996,-1.9193958347717546,0.6791505746315221,17255247.37121338
1044.7037615728227,17308.02338117797,1211561.6366824578,191951587.91893747,0.0013483116069910727,107616085.4431175,21.4628801846812,-1.9197086153873735,0.679618989310179,17326761.140962634
1048.9707935174565,17426.829226568836,1219878.0458598186,194310985.53839287,0.0013332444820195295,109383391.35226765,21.37599131071788,-1.920021748853499,0.6800879431283793,17398568.445052937
1053.2552539066778,17546.484573391128,1228253.9201373789,196699393.32586113,0.0013183406256661414,111179727.55707337,21.289418672364096,-1.9203352332735437,0.6805574331149862,17470670.482187495
1057.5572139259536,17666.995756498032,1236689.7029548623,199117168.05454263,0.0013035983221763104,113005571.00427322,21.203161183284877,-1.9206490667393847,0.6810274562831446,17543068.455957178
1061.8767450515106,17788.36915978494,1245185.8411849458,201564670.88593823,0.0012890158733227166,114861406.47756071,21.11721776114108,-1.9209632473314113,0.6814980096303458,17615763.574860696
1066.2139190515134,17910.61121657959,1253742.7851605713,204042267.42382535,0.00127459159823045,116747726.72636668,21.031587327575295,-1.9212777731185853,0.6819690901384823,17688757.052324474
1070.5688079872618,18033.728410035732,1262360.9887025012,206550327.76890576,0.0012603238332038118,118665032.5967638,20.946268808197292,-1.9215926421584897,0.6824406947739137,17762050.10672286
1074.94148421438,18157.727273529592,1271040.9091470714,209089226.57411757,0.0012462109315548595,120613833.16451658,20.86126113256984,-1.9219078524973834,0.6829128204875263,17835643.961398203
1079.33202038403,18282.614391060168,1279783.0073742117,211659343.1006407,0.001232251263433563,122594645.87032735,20.776563234194143,-1.9222234021702598,0.6833854642147985,17909539.84468133
1083.7404894441142,18408.39639765221,1288587.7478356548,214261061.27457973,0.0012184432156596909,124607996.65729661,20.69217405049558,-1.9225392892008983,0.683858622875865,17983738.98991181
1088.1669646404791,18535.079979762457,1297455.598583372,216894769.74434403,0.001204785191556344,126654420.11064228,20.608092522809468,-1.922855511601921,0.6843322933755798,18058242.63545831
1092.611519518147,18662.67187568976,1306387.0312982833,219560861.93874595,0.001191275610785061,128734459.5997243,20.52431759636648,-1.9231720673748478,0.6848064726035814,18133052.024739355
1097.0742279225274,18791.178875987796,1315382.5213191458,222259736.1257994,0.0011779129091826182,130848667.42239271,20.440848220278575,-1.923488954510157,0.6852811574343691,18208168.406243786
1101.5551640006504,18920.60782388164,1324442.5476717148,224991795.47225136,0.001164695538599376,132997604.95171517,20.357683347524468,-1.9238061709873375,0.6857563447273574,18283593.033551563
1106.0544022023878,19050.9656156872,1333567.593098104,227757448.10383612,0.0011516219667392687,135181842.7851082,20.274821934935584,-1.924123714774948,0.6862320313269534,18359327.165354375
1110.5720172817048,19182.259201234763,1342758.1440864333,230557107.1662856,0.001138690677001289,137401960.89593142,20.19226294318153,-1.9244415838306776,0.6867082140626266,18435372.06547678
1115.1080842978924,19314.49558429531,1352014.6909006718,233391190.88707563,0.0011259001683225965,139658548.78756145,20.11000533675593,-1.9247597761014008,0.6871848897489758,18511729.002896976
1119.6626786168192,19447.68182301064,1361337.7276107448,236260122.6379405,0.001113248955023133,141952205.65000463,20.028048083962094,-1.9250782895232375,0.687662055185803,18588399.251767956
1124.2358759121746,19581.82503032663,1370727.752122864,239164330.99814838,0.0011007355666517945,144283540.5190774,19.946390156898975,-1.9253971220216135,0.6881397071581858,18665384.091438476
1128.8277521667394,19716.932374430624,1380185.2662101437,242104249.81856868,0.0010883585478340585,146653172.4382134,19.865030531446596,-1.9257162715113187,0.6886178424365497,18742684.806474496
1133.4383836736417,19853.01107919178,1389710.7755434245,245080318.28651527,0.0010761164581211619,149061730.6229201,19.783968187252043,-1.9260357358965687,0.6890964577767438,18820302.68668039
1138.0678470376183,19990.068424604997,1399304.7897223497,248092980.99138764,0.0010640078718407583,151509854.62793797,19.703202107715327,-1.9263555130710652,0.6895755499201153,18898239.027120218
1142.716219176299,20128.111747238974,1408967.8223067282,251142687.99113092,0.0010520313779489956,153998194.5171567,19.622731279975,-1.9266756009180588,0.6900551155935863,18976495.128139414
1147.3835773214787,20267.14844068736,1418700.3908481153,254229894.87950206,0.0010401855798840955,156527411.03631395,19.542554694894015,-1.9269959973104058,0.6905351515097302,19055072.29538626
1152.0699990204018,20407.18595602379,1428503.0169216653,257355062.85416877,0.001028469095421351,159098175.7885374,19.462671347045607,-1.9273167001106364,0.691015654366848,19133971.839833546
1156.775562137044,20548.23180226032,1438376.2261582224,260518658.78563985,0.0010168805565295741,161711171.4127658,19.38308023469929,-1.9276377071710145,0.6914966208490503,19213195.077800233
1161.5003448534185,20690.293546810233,1448320.5482767164,263721155.28705752,0.001005418609228901,164367091.76511416,19.30378035980641,-1.9279590163335998,0.6919780476263344,19292743.330973472
1166.2444256708661,20833.378815953856,1458336.51711677,266963030.78483328,0.0009940819134500532,167066642.10320753,19.224770727986307,-1.9282806254303155,0.692459931354668,19372617.926430397
1171.007883411364,20977.495295308636,1468424.6706716046,270244769.5901618,0.000982869142894948,169810539.27355123,19.146050348512006,-1.928602532283007,0.6929422686760656,19452820.19666021
1175.7907972188264,21122.65073030255,1478585.5511211785,273566861.9714057,0.0009717789848987128,172599511.90197334,19.06761823429642,-1.92892473470351,0.6934250562186755,19533351.479586132
1180.593246560433,21268.852926652075,1488819.7048656452,276929804.22738594,0.0009608101402930041,175434300.58720982,18.989473401877987,-1.929247230493715,0.693908290596861,19614213.11858782
1185.4153112279428,21416.109750843392,1499127.6825590373,280334098.76156014,0.0009499613232707178,178315658.09765926,18.911614871406744,-1.9295700174456307,0.6943919684112829,19695406.462523576
1190.2570713390126,21564.42913061748,1509510.0391432235,283780254.15711296,0.0009392312612520323,181244349.5713715,18.834041666630466,-1.9298930933414533,0.6948760862489887,19776932.865752555
1195.118607338542,21713.81905545979,1519967.3338821852,287268785.2529852,0.0009286186947517198,184221152.71933478,18.756752814880365,-1.9302164559536295,0.6953606406834929,19858793.688157506
1200.0,21864.28757709312,1530500.1303965184,290800213.2208204,0.0009181223772478241,187246858.03209,18.679747347057404,-1.9305401030449272,0.6958456282748704,19940990.29516714
